solid OpenSCAD_Model
  facet normal 0.881921 0.471398 0
    outer loop
      vertex 9.82076 4.84306 7
      vertex 9.48298 5.475 0
      vertex 9.48298 5.475 7
    endloop
  endfacet
  facet normal 0.881921 0.471398 0
    outer loop
      vertex 9.48298 5.475 0
      vertex 9.82076 4.84306 7
      vertex 9.82076 4.84306 0
    endloop
  endfacet
  facet normal 0.995176 0.0981086 0
    outer loop
      vertex 10.9266 0.716164 7
      vertex 10.8563 1.42926 0
      vertex 10.8563 1.42926 7
    endloop
  endfacet
  facet normal 0.995176 0.0981086 0
    outer loop
      vertex 10.8563 1.42926 0
      vertex 10.9266 0.716164 7
      vertex 10.9266 0.716164 0
    endloop
  endfacet
  facet normal 0.999467 0.0326567 0
    outer loop
      vertex 10.95 0 7
      vertex 10.9266 0.716164 0
      vertex 10.9266 0.716164 7
    endloop
  endfacet
  facet normal 0.999467 0.0326567 0
    outer loop
      vertex 10.9266 0.716164 0
      vertex 10.95 0 7
      vertex 10.95 0 0
    endloop
  endfacet
  facet normal 0.986648 0.162864 0
    outer loop
      vertex 10.8563 1.42926 7
      vertex 10.7396 2.13624 0
      vertex 10.7396 2.13624 7
    endloop
  endfacet
  facet normal 0.986648 0.162864 0
    outer loop
      vertex 10.7396 2.13624 0
      vertex 10.8563 1.42926 7
      vertex 10.8563 1.42926 0
    endloop
  endfacet
  facet normal -0.63439 -0.773013 0
    outer loop
      vertex -7.21984 -8.23265 0
      vertex -6.66594 -8.68722 7
      vertex -7.21984 -8.23265 7
    endloop
  endfacet
  facet normal -0.63439 -0.773013 -0
    outer loop
      vertex -6.66594 -8.68722 7
      vertex -7.21984 -8.23265 0
      vertex -6.66594 -8.68722 0
    endloop
  endfacet
  facet normal 0.582471 -0.812852 0
    outer loop
      vertex 6.08349 -9.10459 0
      vertex 6.66594 -8.68722 7
      vertex 6.08349 -9.10459 7
    endloop
  endfacet
  facet normal 0.582471 -0.812852 0
    outer loop
      vertex 6.66594 -8.68722 7
      vertex 6.08349 -9.10459 0
      vertex 6.66594 -8.68722 0
    endloop
  endfacet
  facet normal 0.999467 -0.0326567 0
    outer loop
      vertex 10.9266 -0.716164 7
      vertex 10.95 0 0
      vertex 10.95 0 7
    endloop
  endfacet
  facet normal 0.999467 -0.0326567 0
    outer loop
      vertex 10.95 0 0
      vertex 10.9266 -0.716164 7
      vertex 10.9266 -0.716164 0
    endloop
  endfacet
  facet normal -0.528074 0.849198 0
    outer loop
      vertex -5.475 9.48298 0
      vertex -6.08349 9.10459 7
      vertex -5.475 9.48298 7
    endloop
  endfacet
  facet normal -0.528074 0.849198 0
    outer loop
      vertex -6.08349 9.10459 7
      vertex -5.475 9.48298 0
      vertex -6.08349 9.10459 0
    endloop
  endfacet
  facet normal -0.290282 -0.956941 0
    outer loop
      vertex -3.51976 -10.3689 0
      vertex -2.83407 -10.5769 7
      vertex -3.51976 -10.3689 7
    endloop
  endfacet
  facet normal -0.290282 -0.956941 -0
    outer loop
      vertex -2.83407 -10.5769 7
      vertex -3.51976 -10.3689 0
      vertex -2.83407 -10.5769 0
    endloop
  endfacet
  facet normal 0.812852 0.582471 0
    outer loop
      vertex 9.10459 6.08349 7
      vertex 8.68722 6.66594 0
      vertex 8.68722 6.66594 7
    endloop
  endfacet
  facet normal 0.812852 0.582471 0
    outer loop
      vertex 8.68722 6.66594 0
      vertex 9.10459 6.08349 7
      vertex 9.10459 6.08349 0
    endloop
  endfacet
  facet normal -0.582471 0.812852 0
    outer loop
      vertex -6.08349 9.10459 0
      vertex -6.66594 8.68722 7
      vertex -6.08349 9.10459 7
    endloop
  endfacet
  facet normal -0.582471 0.812852 0
    outer loop
      vertex -6.66594 8.68722 7
      vertex -6.08349 9.10459 0
      vertex -6.66594 8.68722 0
    endloop
  endfacet
  facet normal 0.412545 0.910937 -0
    outer loop
      vertex 4.84306 9.82076 0
      vertex 4.8125 9.8346 7
      vertex 4.84306 9.82076 7
    endloop
  endfacet
  facet normal 0.412545 0.910937 0
    outer loop
      vertex 4.8125 9.8346 7
      vertex 4.84306 9.82076 0
      vertex 4.8125 9.8346 0
    endloop
  endfacet
  facet normal -0.683597 0.72986 0
    outer loop
      vertex -7.21984 8.23265 0
      vertex -7.74282 7.74282 7
      vertex -7.21984 8.23265 7
    endloop
  endfacet
  facet normal -0.683597 0.72986 0
    outer loop
      vertex -7.74282 7.74282 7
      vertex -7.21984 8.23265 0
      vertex -7.74282 7.74282 0
    endloop
  endfacet
  facet normal 0.72986 0.683597 0
    outer loop
      vertex 8.23265 7.21984 7
      vertex 7.74282 7.74282 0
      vertex 7.74282 7.74282 7
    endloop
  endfacet
  facet normal 0.72986 0.683597 0
    outer loop
      vertex 7.74282 7.74282 0
      vertex 8.23265 7.21984 7
      vertex 8.23265 7.21984 0
    endloop
  endfacet
  facet normal 0.528074 0.849198 -0
    outer loop
      vertex 6.08349 9.10459 0
      vertex 5.475 9.48298 7
      vertex 6.08349 9.10459 7
    endloop
  endfacet
  facet normal 0.528074 0.849198 0
    outer loop
      vertex 5.475 9.48298 7
      vertex 6.08349 9.10459 0
      vertex 5.475 9.48298 0
    endloop
  endfacet
  facet normal 0.956941 -0.290282 0
    outer loop
      vertex 10.3689 -3.51976 7
      vertex 10.5769 -2.83407 0
      vertex 10.5769 -2.83407 7
    endloop
  endfacet
  facet normal 0.956941 -0.290282 0
    outer loop
      vertex 10.5769 -2.83407 0
      vertex 10.3689 -3.51976 7
      vertex 10.3689 -3.51976 0
    endloop
  endfacet
  facet normal 0.582471 0.812852 -0
    outer loop
      vertex 6.66594 8.68722 0
      vertex 6.08349 9.10459 7
      vertex 6.66594 8.68722 7
    endloop
  endfacet
  facet normal 0.582471 0.812852 0
    outer loop
      vertex 6.08349 9.10459 7
      vertex 6.66594 8.68722 0
      vertex 6.08349 9.10459 0
    endloop
  endfacet
  facet normal -0.0981086 -0.995176 0
    outer loop
      vertex -1.42926 -10.8563 0
      vertex -0.716164 -10.9266 7
      vertex -1.42926 -10.8563 7
    endloop
  endfacet
  facet normal -0.0981086 -0.995176 -0
    outer loop
      vertex -0.716164 -10.9266 7
      vertex -1.42926 -10.8563 0
      vertex -0.716164 -10.9266 0
    endloop
  endfacet
  facet normal 0.97388 0.227062 0
    outer loop
      vertex 10.7396 2.13624 7
      vertex 10.5769 2.83407 0
      vertex 10.5769 2.83407 7
    endloop
  endfacet
  facet normal 0.97388 0.227062 0
    outer loop
      vertex 10.5769 2.83407 0
      vertex 10.7396 2.13624 7
      vertex 10.7396 2.13624 0
    endloop
  endfacet
  facet normal -0.812852 0.582471 0
    outer loop
      vertex -9.10459 6.08349 0
      vertex -8.68722 6.66594 7
      vertex -8.68722 6.66594 0
    endloop
  endfacet
  facet normal -0.812852 0.582471 0
    outer loop
      vertex -8.68722 6.66594 7
      vertex -9.10459 6.08349 0
      vertex -9.10459 6.08349 7
    endloop
  endfacet
  facet normal 0.412724 -0.910856 0
    outer loop
      vertex 4.19038 -10.1165 0
      vertex 4.84306 -9.82076 7
      vertex 4.19038 -10.1165 7
    endloop
  endfacet
  facet normal 0.412724 -0.910856 0
    outer loop
      vertex 4.84306 -9.82076 7
      vertex 4.19038 -10.1165 0
      vertex 4.84306 -9.82076 0
    endloop
  endfacet
  facet normal 0.935908 -0.352246 0
    outer loop
      vertex 10.1165 -4.19038 7
      vertex 10.3689 -3.51976 0
      vertex 10.3689 -3.51976 7
    endloop
  endfacet
  facet normal 0.935908 -0.352246 0
    outer loop
      vertex 10.3689 -3.51976 0
      vertex 10.1165 -4.19038 7
      vertex 10.1165 -4.19038 0
    endloop
  endfacet
  facet normal -0.683597 -0.72986 0
    outer loop
      vertex -7.74282 -7.74282 0
      vertex -7.21984 -8.23265 7
      vertex -7.74282 -7.74282 7
    endloop
  endfacet
  facet normal -0.683597 -0.72986 -0
    outer loop
      vertex -7.21984 -8.23265 7
      vertex -7.74282 -7.74282 0
      vertex -7.21984 -8.23265 0
    endloop
  endfacet
  facet normal 0.773013 0.63439 0
    outer loop
      vertex 8.68722 6.66594 7
      vertex 8.23265 7.21984 0
      vertex 8.23265 7.21984 7
    endloop
  endfacet
  facet normal 0.773013 0.63439 0
    outer loop
      vertex 8.23265 7.21984 0
      vertex 8.68722 6.66594 7
      vertex 8.68722 6.66594 0
    endloop
  endfacet
  facet normal 0.63439 -0.773013 0
    outer loop
      vertex 6.66594 -8.68722 0
      vertex 7.21984 -8.23265 7
      vertex 6.66594 -8.68722 7
    endloop
  endfacet
  facet normal 0.63439 -0.773013 0
    outer loop
      vertex 7.21984 -8.23265 7
      vertex 6.66594 -8.68722 0
      vertex 7.21984 -8.23265 0
    endloop
  endfacet
  facet normal 0.683597 0.72986 -0
    outer loop
      vertex 7.74282 7.74282 0
      vertex 7.21984 8.23265 7
      vertex 7.74282 7.74282 7
    endloop
  endfacet
  facet normal 0.683597 0.72986 0
    outer loop
      vertex 7.21984 8.23265 7
      vertex 7.74282 7.74282 0
      vertex 7.21984 8.23265 0
    endloop
  endfacet
  facet normal -0.72986 -0.683597 0
    outer loop
      vertex -7.74282 -7.74282 0
      vertex -8.23265 -7.21984 7
      vertex -8.23265 -7.21984 0
    endloop
  endfacet
  facet normal -0.72986 -0.683597 0
    outer loop
      vertex -8.23265 -7.21984 7
      vertex -7.74282 -7.74282 0
      vertex -7.74282 -7.74282 7
    endloop
  endfacet
  facet normal -0.849198 0.528074 0
    outer loop
      vertex -9.48298 5.475 0
      vertex -9.10459 6.08349 7
      vertex -9.10459 6.08349 0
    endloop
  endfacet
  facet normal -0.849198 0.528074 0
    outer loop
      vertex -9.10459 6.08349 7
      vertex -9.48298 5.475 0
      vertex -9.48298 5.475 7
    endloop
  endfacet
  facet normal 0.97388 -0.227062 0
    outer loop
      vertex 10.5769 -2.83407 7
      vertex 10.7396 -2.13624 0
      vertex 10.7396 -2.13624 7
    endloop
  endfacet
  facet normal 0.97388 -0.227062 0
    outer loop
      vertex 10.7396 -2.13624 0
      vertex 10.5769 -2.83407 7
      vertex 10.5769 -2.83407 0
    endloop
  endfacet
  facet normal 0.995176 -0.0981086 0
    outer loop
      vertex 10.8563 -1.42926 7
      vertex 10.9266 -0.716164 0
      vertex 10.9266 -0.716164 7
    endloop
  endfacet
  facet normal 0.995176 -0.0981086 0
    outer loop
      vertex 10.9266 -0.716164 0
      vertex 10.8563 -1.42926 7
      vertex 10.8563 -1.42926 0
    endloop
  endfacet
  facet normal 0.773013 -0.63439 0
    outer loop
      vertex 8.23265 -7.21984 7
      vertex 8.68722 -6.66594 0
      vertex 8.68722 -6.66594 7
    endloop
  endfacet
  facet normal 0.773013 -0.63439 0
    outer loop
      vertex 8.68722 -6.66594 0
      vertex 8.23265 -7.21984 7
      vertex 8.23265 -7.21984 0
    endloop
  endfacet
  facet normal 0.986648 -0.162864 0
    outer loop
      vertex 10.7396 -2.13624 7
      vertex 10.8563 -1.42926 0
      vertex 10.8563 -1.42926 7
    endloop
  endfacet
  facet normal 0.986648 -0.162864 0
    outer loop
      vertex 10.8563 -1.42926 0
      vertex 10.7396 -2.13624 7
      vertex 10.7396 -2.13624 0
    endloop
  endfacet
  facet normal 0.849198 0.528074 0
    outer loop
      vertex 9.48298 5.475 7
      vertex 9.10459 6.08349 0
      vertex 9.10459 6.08349 7
    endloop
  endfacet
  facet normal 0.849198 0.528074 0
    outer loop
      vertex 9.10459 6.08349 0
      vertex 9.48298 5.475 7
      vertex 9.48298 5.475 0
    endloop
  endfacet
  facet normal -0.849198 -0.528074 0
    outer loop
      vertex -9.10459 -6.08349 0
      vertex -9.48298 -5.475 7
      vertex -9.48298 -5.475 0
    endloop
  endfacet
  facet normal -0.849198 -0.528074 0
    outer loop
      vertex -9.48298 -5.475 7
      vertex -9.10459 -6.08349 0
      vertex -9.10459 -6.08349 7
    endloop
  endfacet
  facet normal 0.0326567 -0.999467 0
    outer loop
      vertex 0 -10.95 0
      vertex 0.716164 -10.9266 7
      vertex 0 -10.95 7
    endloop
  endfacet
  facet normal 0.0326567 -0.999467 0
    outer loop
      vertex 0.716164 -10.9266 7
      vertex 0 -10.95 0
      vertex 0.716164 -10.9266 0
    endloop
  endfacet
  facet normal 0.910856 0.412724 0
    outer loop
      vertex 10.1165 4.19038 7
      vertex 9.82076 4.84306 0
      vertex 9.82076 4.84306 7
    endloop
  endfacet
  facet normal 0.910856 0.412724 0
    outer loop
      vertex 9.82076 4.84306 0
      vertex 10.1165 4.19038 7
      vertex 10.1165 4.19038 0
    endloop
  endfacet
  facet normal 0.812852 -0.582471 0
    outer loop
      vertex 8.68722 -6.66594 7
      vertex 9.10459 -6.08349 0
      vertex 9.10459 -6.08349 7
    endloop
  endfacet
  facet normal 0.812852 -0.582471 0
    outer loop
      vertex 9.10459 -6.08349 0
      vertex 8.68722 -6.66594 7
      vertex 8.68722 -6.66594 0
    endloop
  endfacet
  facet normal -0.471398 0.881921 0
    outer loop
      vertex -4.84306 9.82076 0
      vertex -5.475 9.48298 7
      vertex -4.84306 9.82076 7
    endloop
  endfacet
  facet normal -0.471398 0.881921 0
    outer loop
      vertex -5.475 9.48298 7
      vertex -4.84306 9.82076 0
      vertex -5.475 9.48298 0
    endloop
  endfacet
  facet normal -0.582471 -0.812852 0
    outer loop
      vertex -6.66594 -8.68722 0
      vertex -6.08349 -9.10459 7
      vertex -6.66594 -8.68722 7
    endloop
  endfacet
  facet normal -0.582471 -0.812852 -0
    outer loop
      vertex -6.08349 -9.10459 7
      vertex -6.66594 -8.68722 0
      vertex -6.08349 -9.10459 0
    endloop
  endfacet
  facet normal 0.956941 0.290282 0
    outer loop
      vertex 10.5769 2.83407 7
      vertex 10.3689 3.51976 0
      vertex 10.3689 3.51976 7
    endloop
  endfacet
  facet normal 0.956941 0.290282 0
    outer loop
      vertex 10.3689 3.51976 0
      vertex 10.5769 2.83407 7
      vertex 10.5769 2.83407 0
    endloop
  endfacet
  facet normal 0.849198 -0.528074 0
    outer loop
      vertex 9.10459 -6.08349 7
      vertex 9.48298 -5.475 0
      vertex 9.48298 -5.475 7
    endloop
  endfacet
  facet normal 0.849198 -0.528074 0
    outer loop
      vertex 9.48298 -5.475 0
      vertex 9.10459 -6.08349 7
      vertex 9.10459 -6.08349 0
    endloop
  endfacet
  facet normal 0.471398 0.881921 -0
    outer loop
      vertex 5.475 9.48298 0
      vertex 4.84306 9.82076 7
      vertex 5.475 9.48298 7
    endloop
  endfacet
  facet normal 0.471398 0.881921 0
    outer loop
      vertex 4.84306 9.82076 7
      vertex 5.475 9.48298 0
      vertex 4.84306 9.82076 0
    endloop
  endfacet
  facet normal 0.528074 -0.849198 0
    outer loop
      vertex 5.475 -9.48298 0
      vertex 6.08349 -9.10459 7
      vertex 5.475 -9.48298 7
    endloop
  endfacet
  facet normal 0.528074 -0.849198 0
    outer loop
      vertex 6.08349 -9.10459 7
      vertex 5.475 -9.48298 0
      vertex 6.08349 -9.10459 0
    endloop
  endfacet
  facet normal 0.935908 0.352246 0
    outer loop
      vertex 10.3689 3.51976 7
      vertex 10.1165 4.19038 0
      vertex 10.1165 4.19038 7
    endloop
  endfacet
  facet normal 0.935908 0.352246 0
    outer loop
      vertex 10.1165 4.19038 0
      vertex 10.3689 3.51976 7
      vertex 10.3689 3.51976 0
    endloop
  endfacet
  facet normal -0.812852 -0.582471 0
    outer loop
      vertex -8.68722 -6.66594 0
      vertex -9.10459 -6.08349 7
      vertex -9.10459 -6.08349 0
    endloop
  endfacet
  facet normal -0.812852 -0.582471 0
    outer loop
      vertex -9.10459 -6.08349 7
      vertex -8.68722 -6.66594 0
      vertex -8.68722 -6.66594 7
    endloop
  endfacet
  facet normal 0.683597 -0.72986 0
    outer loop
      vertex 7.21984 -8.23265 0
      vertex 7.74282 -7.74282 7
      vertex 7.21984 -8.23265 7
    endloop
  endfacet
  facet normal 0.683597 -0.72986 0
    outer loop
      vertex 7.74282 -7.74282 7
      vertex 7.21984 -8.23265 0
      vertex 7.74282 -7.74282 0
    endloop
  endfacet
  facet normal -0.72986 0.683597 0
    outer loop
      vertex -8.23265 7.21984 0
      vertex -7.74282 7.74282 7
      vertex -7.74282 7.74282 0
    endloop
  endfacet
  facet normal -0.72986 0.683597 0
    outer loop
      vertex -7.74282 7.74282 7
      vertex -8.23265 7.21984 0
      vertex -8.23265 7.21984 7
    endloop
  endfacet
  facet normal 0.910856 -0.412724 0
    outer loop
      vertex 9.82076 -4.84306 7
      vertex 10.1165 -4.19038 0
      vertex 10.1165 -4.19038 7
    endloop
  endfacet
  facet normal 0.910856 -0.412724 0
    outer loop
      vertex 10.1165 -4.19038 0
      vertex 9.82076 -4.84306 7
      vertex 9.82076 -4.84306 0
    endloop
  endfacet
  facet normal 0.227062 -0.97388 0
    outer loop
      vertex 2.13624 -10.7396 0
      vertex 2.83407 -10.5769 7
      vertex 2.13624 -10.7396 7
    endloop
  endfacet
  facet normal 0.227062 -0.97388 0
    outer loop
      vertex 2.83407 -10.5769 7
      vertex 2.13624 -10.7396 0
      vertex 2.83407 -10.5769 0
    endloop
  endfacet
  facet normal 0.72986 -0.683597 0
    outer loop
      vertex 7.74282 -7.74282 7
      vertex 8.23265 -7.21984 0
      vertex 8.23265 -7.21984 7
    endloop
  endfacet
  facet normal 0.72986 -0.683597 0
    outer loop
      vertex 8.23265 -7.21984 0
      vertex 7.74282 -7.74282 7
      vertex 7.74282 -7.74282 0
    endloop
  endfacet
  facet normal -0.471398 -0.881921 0
    outer loop
      vertex -5.475 -9.48298 0
      vertex -4.84306 -9.82076 7
      vertex -5.475 -9.48298 7
    endloop
  endfacet
  facet normal -0.471398 -0.881921 -0
    outer loop
      vertex -4.84306 -9.82076 7
      vertex -5.475 -9.48298 0
      vertex -4.84306 -9.82076 0
    endloop
  endfacet
  facet normal 0.881921 -0.471398 0
    outer loop
      vertex 9.48298 -5.475 7
      vertex 9.82076 -4.84306 0
      vertex 9.82076 -4.84306 7
    endloop
  endfacet
  facet normal 0.881921 -0.471398 0
    outer loop
      vertex 9.82076 -4.84306 0
      vertex 9.48298 -5.475 7
      vertex 9.48298 -5.475 0
    endloop
  endfacet
  facet normal 0.352246 -0.935908 0
    outer loop
      vertex 3.51976 -10.3689 0
      vertex 4.19038 -10.1165 7
      vertex 3.51976 -10.3689 7
    endloop
  endfacet
  facet normal 0.352246 -0.935908 0
    outer loop
      vertex 4.19038 -10.1165 7
      vertex 3.51976 -10.3689 0
      vertex 4.19038 -10.1165 0
    endloop
  endfacet
  facet normal 0.63439 0.773013 -0
    outer loop
      vertex 7.21984 8.23265 0
      vertex 6.66594 8.68722 7
      vertex 7.21984 8.23265 7
    endloop
  endfacet
  facet normal 0.63439 0.773013 0
    outer loop
      vertex 6.66594 8.68722 7
      vertex 7.21984 8.23265 0
      vertex 6.66594 8.68722 0
    endloop
  endfacet
  facet normal 0.162864 -0.986648 0
    outer loop
      vertex 1.42926 -10.8563 0
      vertex 2.13624 -10.7396 7
      vertex 1.42926 -10.8563 7
    endloop
  endfacet
  facet normal 0.162864 -0.986648 0
    outer loop
      vertex 2.13624 -10.7396 7
      vertex 1.42926 -10.8563 0
      vertex 2.13624 -10.7396 0
    endloop
  endfacet
  facet normal 0.290282 -0.956941 0
    outer loop
      vertex 2.83407 -10.5769 0
      vertex 3.51976 -10.3689 7
      vertex 2.83407 -10.5769 7
    endloop
  endfacet
  facet normal 0.290282 -0.956941 0
    outer loop
      vertex 3.51976 -10.3689 7
      vertex 2.83407 -10.5769 0
      vertex 3.51976 -10.3689 0
    endloop
  endfacet
  facet normal -0.63439 0.773013 0
    outer loop
      vertex -6.66594 8.68722 0
      vertex -7.21984 8.23265 7
      vertex -6.66594 8.68722 7
    endloop
  endfacet
  facet normal -0.63439 0.773013 0
    outer loop
      vertex -7.21984 8.23265 7
      vertex -6.66594 8.68722 0
      vertex -7.21984 8.23265 0
    endloop
  endfacet
  facet normal -0.0326567 -0.999467 0
    outer loop
      vertex -0.716164 -10.9266 0
      vertex 0 -10.95 7
      vertex -0.716164 -10.9266 7
    endloop
  endfacet
  facet normal -0.0326567 -0.999467 -0
    outer loop
      vertex 0 -10.95 7
      vertex -0.716164 -10.9266 0
      vertex 0 -10.95 0
    endloop
  endfacet
  facet normal -0.528074 -0.849198 0
    outer loop
      vertex -6.08349 -9.10459 0
      vertex -5.475 -9.48298 7
      vertex -6.08349 -9.10459 7
    endloop
  endfacet
  facet normal -0.528074 -0.849198 -0
    outer loop
      vertex -5.475 -9.48298 7
      vertex -6.08349 -9.10459 0
      vertex -5.475 -9.48298 0
    endloop
  endfacet
  facet normal 0.0981086 -0.995176 0
    outer loop
      vertex 0.716164 -10.9266 0
      vertex 1.42926 -10.8563 7
      vertex 0.716164 -10.9266 7
    endloop
  endfacet
  facet normal 0.0981086 -0.995176 0
    outer loop
      vertex 1.42926 -10.8563 7
      vertex 0.716164 -10.9266 0
      vertex 1.42926 -10.8563 0
    endloop
  endfacet
  facet normal 0.471398 -0.881921 0
    outer loop
      vertex 4.84306 -9.82076 0
      vertex 5.475 -9.48298 7
      vertex 4.84306 -9.82076 7
    endloop
  endfacet
  facet normal 0.471398 -0.881921 0
    outer loop
      vertex 5.475 -9.48298 7
      vertex 4.84306 -9.82076 0
      vertex 5.475 -9.48298 0
    endloop
  endfacet
  facet normal -0.227062 -0.97388 0
    outer loop
      vertex -2.83407 -10.5769 0
      vertex -2.13624 -10.7396 7
      vertex -2.83407 -10.5769 7
    endloop
  endfacet
  facet normal -0.227062 -0.97388 -0
    outer loop
      vertex -2.13624 -10.7396 7
      vertex -2.83407 -10.5769 0
      vertex -2.13624 -10.7396 0
    endloop
  endfacet
  facet normal -0.162864 -0.986648 0
    outer loop
      vertex -2.13624 -10.7396 0
      vertex -1.42926 -10.8563 7
      vertex -2.13624 -10.7396 7
    endloop
  endfacet
  facet normal -0.162864 -0.986648 -0
    outer loop
      vertex -1.42926 -10.8563 7
      vertex -2.13624 -10.7396 0
      vertex -1.42926 -10.8563 0
    endloop
  endfacet
  facet normal -0.773013 -0.63439 0
    outer loop
      vertex -8.23265 -7.21984 0
      vertex -8.68722 -6.66594 7
      vertex -8.68722 -6.66594 0
    endloop
  endfacet
  facet normal -0.773013 -0.63439 0
    outer loop
      vertex -8.68722 -6.66594 7
      vertex -8.23265 -7.21984 0
      vertex -8.23265 -7.21984 7
    endloop
  endfacet
  facet normal -0.773013 0.63439 0
    outer loop
      vertex -8.68722 6.66594 0
      vertex -8.23265 7.21984 7
      vertex -8.23265 7.21984 0
    endloop
  endfacet
  facet normal -0.773013 0.63439 0
    outer loop
      vertex -8.23265 7.21984 7
      vertex -8.68722 6.66594 0
      vertex -8.68722 6.66594 7
    endloop
  endfacet
  facet normal -0 0 1
    outer loop
      vertex -4.84306 9.82076 7
      vertex -4.8125 7.30567 7
      vertex -4.8125 9.8346 7
    endloop
  endfacet
  facet normal -0 0 1
    outer loop
      vertex -5.475 9.48298 7
      vertex -4.8125 7.30567 7
      vertex -4.84306 9.82076 7
    endloop
  endfacet
  facet normal -0 0 1
    outer loop
      vertex -6.08349 9.10459 7
      vertex -4.8125 7.30567 7
      vertex -5.475 9.48298 7
    endloop
  endfacet
  facet normal 0 0 1
    outer loop
      vertex -4.8125 7.30567 7
      vertex -6.08349 9.10459 7
      vertex -4.86124 7.27536 7
    endloop
  endfacet
  facet normal 0 0 1
    outer loop
      vertex -4.86124 7.27536 7
      vertex -6.08349 9.10459 7
      vertex -5.32666 6.94184 7
    endloop
  endfacet
  facet normal -0 0 1
    outer loop
      vertex -6.66594 8.68722 7
      vertex -5.32666 6.94184 7
      vertex -6.08349 9.10459 7
    endloop
  endfacet
  facet normal 0 0 1
    outer loop
      vertex -5.32666 6.94184 7
      vertex -6.66594 8.68722 7
      vertex -5.76928 6.5786 7
    endloop
  endfacet
  facet normal -0 0 1
    outer loop
      vertex -7.21984 8.23265 7
      vertex -5.76928 6.5786 7
      vertex -6.66594 8.68722 7
    endloop
  endfacet
  facet normal 0 0 1
    outer loop
      vertex -5.76928 6.5786 7
      vertex -7.21984 8.23265 7
      vertex -6.18718 6.18718 7
    endloop
  endfacet
  facet normal -0 0 1
    outer loop
      vertex -7.74282 7.74282 7
      vertex -6.18718 6.18718 7
      vertex -7.21984 8.23265 7
    endloop
  endfacet
  facet normal 0 0 1
    outer loop
      vertex -6.18718 6.18718 7
      vertex -7.74282 7.74282 7
      vertex -6.5786 5.76928 7
    endloop
  endfacet
  facet normal -0 0 1
    outer loop
      vertex -8.23265 7.21984 7
      vertex -6.5786 5.76928 7
      vertex -7.74282 7.74282 7
    endloop
  endfacet
  facet normal 0 0 1
    outer loop
      vertex -6.5786 5.76928 7
      vertex -8.23265 7.21984 7
      vertex -6.94184 5.32666 7
    endloop
  endfacet
  facet normal 0 0 1
    outer loop
      vertex -6.94184 5.32666 7
      vertex -8.68722 6.66594 7
      vertex -7.27536 4.86124 7
    endloop
  endfacet
  facet normal -0 0 1
    outer loop
      vertex -8.68722 6.66594 7
      vertex -6.94184 5.32666 7
      vertex -8.23265 7.21984 7
    endloop
  endfacet
  facet normal -0 0 1
    outer loop
      vertex -7.49999 4.5 7
      vertex -5.95 -4.5 7
      vertex -5.95 4.5 7
    endloop
  endfacet
  facet normal 0 0 1
    outer loop
      vertex -5.95 -4.5 7
      vertex -7.49999 4.5 7
      vertex -7.49999 -4.5 7
    endloop
  endfacet
  facet normal 0 0 1
    outer loop
      vertex 8.75 0 7
      vertex 10.95 0 7
      vertex 10.9266 0.716164 7
    endloop
  endfacet
  facet normal 0 0 1
    outer loop
      vertex 8.73127 0.572277 7
      vertex 10.9266 0.716164 7
      vertex 10.8563 1.42926 7
    endloop
  endfacet
  facet normal 0 0 1
    outer loop
      vertex 10.95 0 7
      vertex 8.75 0 7
      vertex 10.9266 -0.716164 7
    endloop
  endfacet
  facet normal 0 0 1
    outer loop
      vertex 8.67514 1.1421 7
      vertex 10.8563 1.42926 7
      vertex 10.7396 2.13624 7
    endloop
  endfacet
  facet normal -0 0 1
    outer loop
      vertex 8.73127 -0.572277 7
      vertex 10.9266 -0.716164 7
      vertex 8.75 0 7
    endloop
  endfacet
  facet normal 0 0 1
    outer loop
      vertex 8.58187 1.70704 7
      vertex 10.7396 2.13624 7
      vertex 10.5769 2.83407 7
    endloop
  endfacet
  facet normal 0 0 1
    outer loop
      vertex 10.9266 -0.716164 7
      vertex 8.73127 -0.572277 7
      vertex 10.8563 -1.42926 7
    endloop
  endfacet
  facet normal 0 0 1
    outer loop
      vertex 8.45185 2.26467 7
      vertex 10.5769 2.83407 7
      vertex 10.3689 3.51976 7
    endloop
  endfacet
  facet normal -0 0 1
    outer loop
      vertex 8.67514 -1.1421 7
      vertex 10.8563 -1.42926 7
      vertex 8.73127 -0.572277 7
    endloop
  endfacet
  facet normal 0 0 1
    outer loop
      vertex 8.28564 2.81259 7
      vertex 10.3689 3.51976 7
      vertex 10.1165 4.19038 7
    endloop
  endfacet
  facet normal 0 0 1
    outer loop
      vertex 10.8563 -1.42926 7
      vertex 8.67514 -1.1421 7
      vertex 10.7396 -2.13624 7
    endloop
  endfacet
  facet normal 0 0 1
    outer loop
      vertex 8.08395 3.34848 7
      vertex 10.1165 4.19038 7
      vertex 9.82076 4.84306 7
    endloop
  endfacet
  facet normal -0 0 1
    outer loop
      vertex 8.58187 -1.70704 7
      vertex 10.7396 -2.13624 7
      vertex 8.67514 -1.1421 7
    endloop
  endfacet
  facet normal 0 0 1
    outer loop
      vertex 7.84764 3.87003 7
      vertex 9.82076 4.84306 7
      vertex 9.48298 5.475 7
    endloop
  endfacet
  facet normal 0 0 1
    outer loop
      vertex 10.7396 -2.13624 7
      vertex 8.58187 -1.70704 7
      vertex 10.5769 -2.83407 7
    endloop
  endfacet
  facet normal 0 0 1
    outer loop
      vertex 7.57772 4.375 7
      vertex 9.48298 5.475 7
      vertex 9.10459 6.08349 7
    endloop
  endfacet
  facet normal -0 0 1
    outer loop
      vertex 8.45185 -2.26467 7
      vertex 10.5769 -2.83407 7
      vertex 8.58187 -1.70704 7
    endloop
  endfacet
  facet normal 0 0 1
    outer loop
      vertex 10.5769 -2.83407 7
      vertex 8.45185 -2.26467 7
      vertex 10.3689 -3.51976 7
    endloop
  endfacet
  facet normal 0 0 1
    outer loop
      vertex 10.9266 0.716164 7
      vertex 8.73127 0.572277 7
      vertex 8.75 0 7
    endloop
  endfacet
  facet normal 0 0 1
    outer loop
      vertex 7.27536 4.86124 7
      vertex 9.10459 6.08349 7
      vertex 8.68722 6.66594 7
    endloop
  endfacet
  facet normal 0 0 1
    outer loop
      vertex 10.8563 1.42926 7
      vertex 8.67514 1.1421 7
      vertex 8.73127 0.572277 7
    endloop
  endfacet
  facet normal 0 0 1
    outer loop
      vertex 10.7396 2.13624 7
      vertex 8.58187 1.70704 7
      vertex 8.67514 1.1421 7
    endloop
  endfacet
  facet normal 0 0 1
    outer loop
      vertex 10.5769 2.83407 7
      vertex 8.45185 2.26467 7
      vertex 8.58187 1.70704 7
    endloop
  endfacet
  facet normal 0 0 1
    outer loop
      vertex 10.3689 3.51976 7
      vertex 8.28564 2.81259 7
      vertex 8.45185 2.26467 7
    endloop
  endfacet
  facet normal 0 0 1
    outer loop
      vertex 6.94184 5.32666 7
      vertex 8.68722 6.66594 7
      vertex 8.23265 7.21984 7
    endloop
  endfacet
  facet normal 0 0 1
    outer loop
      vertex 10.1165 4.19038 7
      vertex 8.08395 3.34848 7
      vertex 8.28564 2.81259 7
    endloop
  endfacet
  facet normal 0 0 1
    outer loop
      vertex 9.82076 4.84306 7
      vertex 7.84764 3.87003 7
      vertex 8.08395 3.34848 7
    endloop
  endfacet
  facet normal 0 0 1
    outer loop
      vertex 6.5786 5.76928 7
      vertex 8.23265 7.21984 7
      vertex 7.74282 7.74282 7
    endloop
  endfacet
  facet normal 0 0 1
    outer loop
      vertex 9.48298 5.475 7
      vertex 7.57772 4.375 7
      vertex 7.84764 3.87003 7
    endloop
  endfacet
  facet normal 0 0 1
    outer loop
      vertex 9.10459 6.08349 7
      vertex 7.27536 4.86124 7
      vertex 7.57772 4.375 7
    endloop
  endfacet
  facet normal 0 0 1
    outer loop
      vertex 6.18718 6.18718 7
      vertex 7.74282 7.74282 7
      vertex 7.21984 8.23265 7
    endloop
  endfacet
  facet normal 0 0 1
    outer loop
      vertex 8.68722 6.66594 7
      vertex 6.94184 5.32666 7
      vertex 7.27536 4.86124 7
    endloop
  endfacet
  facet normal 0 0 1
    outer loop
      vertex 5.76928 6.5786 7
      vertex 7.21984 8.23265 7
      vertex 6.66594 8.68722 7
    endloop
  endfacet
  facet normal 0 0 1
    outer loop
      vertex 8.23265 7.21984 7
      vertex 6.5786 5.76928 7
      vertex 6.94184 5.32666 7
    endloop
  endfacet
  facet normal 0 0 1
    outer loop
      vertex 7.74282 7.74282 7
      vertex 6.18718 6.18718 7
      vertex 6.5786 5.76928 7
    endloop
  endfacet
  facet normal 0 0 1
    outer loop
      vertex 5.32666 6.94184 7
      vertex 6.66594 8.68722 7
      vertex 6.08349 9.10459 7
    endloop
  endfacet
  facet normal 0 0 1
    outer loop
      vertex 7.21984 8.23265 7
      vertex 5.76928 6.5786 7
      vertex 6.18718 6.18718 7
    endloop
  endfacet
  facet normal 0 0 1
    outer loop
      vertex 4.8125 7.30567 7
      vertex 6.08349 9.10459 7
      vertex 5.475 9.48298 7
    endloop
  endfacet
  facet normal 0 0 1
    outer loop
      vertex 6.66594 8.68722 7
      vertex 5.32666 6.94184 7
      vertex 5.76928 6.5786 7
    endloop
  endfacet
  facet normal 0 0 1
    outer loop
      vertex 6.08349 9.10459 7
      vertex 4.86124 7.27536 7
      vertex 5.32666 6.94184 7
    endloop
  endfacet
  facet normal 0 0 1
    outer loop
      vertex 4.8125 7.30567 7
      vertex 5.475 9.48298 7
      vertex 4.84306 9.82076 7
    endloop
  endfacet
  facet normal 0 0 1
    outer loop
      vertex 4.8125 7.30567 7
      vertex 4.84306 9.82076 7
      vertex 4.8125 9.8346 7
    endloop
  endfacet
  facet normal 0 0 1
    outer loop
      vertex 6.08349 9.10459 7
      vertex 4.8125 7.30567 7
      vertex 4.86124 7.27536 7
    endloop
  endfacet
  facet normal -0 0 1
    outer loop
      vertex 8.28564 -2.81259 7
      vertex 10.3689 -3.51976 7
      vertex 8.45185 -2.26467 7
    endloop
  endfacet
  facet normal 0 0 1
    outer loop
      vertex 10.3689 -3.51976 7
      vertex 8.28564 -2.81259 7
      vertex 10.1165 -4.19038 7
    endloop
  endfacet
  facet normal -0 0 1
    outer loop
      vertex 8.08395 -3.34848 7
      vertex 10.1165 -4.19038 7
      vertex 8.28564 -2.81259 7
    endloop
  endfacet
  facet normal 0 0 1
    outer loop
      vertex 10.1165 -4.19038 7
      vertex 8.08395 -3.34848 7
      vertex 9.82076 -4.84306 7
    endloop
  endfacet
  facet normal -0 0 1
    outer loop
      vertex 7.84764 -3.87003 7
      vertex 9.82076 -4.84306 7
      vertex 8.08395 -3.34848 7
    endloop
  endfacet
  facet normal 0 0 1
    outer loop
      vertex 9.82076 -4.84306 7
      vertex 7.84764 -3.87003 7
      vertex 9.48298 -5.475 7
    endloop
  endfacet
  facet normal -0 0 1
    outer loop
      vertex 7.57772 -4.375 7
      vertex 9.48298 -5.475 7
      vertex 7.84764 -3.87003 7
    endloop
  endfacet
  facet normal 0 0 1
    outer loop
      vertex 9.48298 -5.475 7
      vertex 7.57772 -4.375 7
      vertex 9.10459 -6.08349 7
    endloop
  endfacet
  facet normal -0 0 1
    outer loop
      vertex 7.27536 -4.86124 7
      vertex 9.10459 -6.08349 7
      vertex 7.57772 -4.375 7
    endloop
  endfacet
  facet normal 0 0 1
    outer loop
      vertex 9.10459 -6.08349 7
      vertex 7.27536 -4.86124 7
      vertex 8.68722 -6.66594 7
    endloop
  endfacet
  facet normal -0 0 1
    outer loop
      vertex 6.94184 -5.32666 7
      vertex 8.68722 -6.66594 7
      vertex 7.27536 -4.86124 7
    endloop
  endfacet
  facet normal 0 0 1
    outer loop
      vertex 8.68722 -6.66594 7
      vertex 6.94184 -5.32666 7
      vertex 8.23265 -7.21984 7
    endloop
  endfacet
  facet normal -0 0 1
    outer loop
      vertex 6.5786 -5.76928 7
      vertex 8.23265 -7.21984 7
      vertex 6.94184 -5.32666 7
    endloop
  endfacet
  facet normal 0 0 1
    outer loop
      vertex 8.23265 -7.21984 7
      vertex 6.5786 -5.76928 7
      vertex 7.74282 -7.74282 7
    endloop
  endfacet
  facet normal -0 0 1
    outer loop
      vertex 6.18718 -6.18718 7
      vertex 7.74282 -7.74282 7
      vertex 6.5786 -5.76928 7
    endloop
  endfacet
  facet normal 0 0 1
    outer loop
      vertex 7.74282 -7.74282 7
      vertex 6.18718 -6.18718 7
      vertex 7.21984 -8.23265 7
    endloop
  endfacet
  facet normal -0 0 1
    outer loop
      vertex 5.76928 -6.5786 7
      vertex 7.21984 -8.23265 7
      vertex 6.18718 -6.18718 7
    endloop
  endfacet
  facet normal 0 0 1
    outer loop
      vertex 7.21984 -8.23265 7
      vertex 5.76928 -6.5786 7
      vertex 6.66594 -8.68722 7
    endloop
  endfacet
  facet normal -0 0 1
    outer loop
      vertex 5.32666 -6.94184 7
      vertex 6.66594 -8.68722 7
      vertex 5.76928 -6.5786 7
    endloop
  endfacet
  facet normal 0 0 1
    outer loop
      vertex 6.66594 -8.68722 7
      vertex 5.32666 -6.94184 7
      vertex 6.08349 -9.10459 7
    endloop
  endfacet
  facet normal -0 0 1
    outer loop
      vertex 4.86124 -7.27536 7
      vertex 6.08349 -9.10459 7
      vertex 5.32666 -6.94184 7
    endloop
  endfacet
  facet normal 0 0 1
    outer loop
      vertex 6.08349 -9.10459 7
      vertex 4.86124 -7.27536 7
      vertex 5.475 -9.48298 7
    endloop
  endfacet
  facet normal -0 0 1
    outer loop
      vertex 4.375 -7.57772 7
      vertex 5.475 -9.48298 7
      vertex 4.86124 -7.27536 7
    endloop
  endfacet
  facet normal 0 0 1
    outer loop
      vertex 5.475 -9.48298 7
      vertex 4.375 -7.57772 7
      vertex 4.84306 -9.82076 7
    endloop
  endfacet
  facet normal -0 0 1
    outer loop
      vertex 3.87003 -7.84764 7
      vertex 4.84306 -9.82076 7
      vertex 4.375 -7.57772 7
    endloop
  endfacet
  facet normal 0 0 1
    outer loop
      vertex 4.84306 -9.82076 7
      vertex 3.87003 -7.84764 7
      vertex 4.19038 -10.1165 7
    endloop
  endfacet
  facet normal -0 0 1
    outer loop
      vertex 3.34848 -8.08395 7
      vertex 4.19038 -10.1165 7
      vertex 3.87003 -7.84764 7
    endloop
  endfacet
  facet normal 0 0 1
    outer loop
      vertex 4.19038 -10.1165 7
      vertex 3.34848 -8.08395 7
      vertex 3.51976 -10.3689 7
    endloop
  endfacet
  facet normal -0 0 1
    outer loop
      vertex 2.81259 -8.28564 7
      vertex 3.51976 -10.3689 7
      vertex 3.34848 -8.08395 7
    endloop
  endfacet
  facet normal 0 0 1
    outer loop
      vertex 3.51976 -10.3689 7
      vertex 2.81259 -8.28564 7
      vertex 2.83407 -10.5769 7
    endloop
  endfacet
  facet normal -0 0 1
    outer loop
      vertex 2.26467 -8.45185 7
      vertex 2.83407 -10.5769 7
      vertex 2.81259 -8.28564 7
    endloop
  endfacet
  facet normal 0 0 1
    outer loop
      vertex 2.26467 -8.45185 7
      vertex 2.13624 -10.7396 7
      vertex 2.83407 -10.5769 7
    endloop
  endfacet
  facet normal -0 0 1
    outer loop
      vertex 1.70704 -8.58187 7
      vertex 2.13624 -10.7396 7
      vertex 2.26467 -8.45185 7
    endloop
  endfacet
  facet normal 0 0 1
    outer loop
      vertex 1.70704 -8.58187 7
      vertex 1.42926 -10.8563 7
      vertex 2.13624 -10.7396 7
    endloop
  endfacet
  facet normal -0 0 1
    outer loop
      vertex 1.1421 -8.67514 7
      vertex 1.42926 -10.8563 7
      vertex 1.70704 -8.58187 7
    endloop
  endfacet
  facet normal 0 0 1
    outer loop
      vertex 1.1421 -8.67514 7
      vertex 0.716164 -10.9266 7
      vertex 1.42926 -10.8563 7
    endloop
  endfacet
  facet normal -0 0 1
    outer loop
      vertex 0.572277 -8.73127 7
      vertex 0.716164 -10.9266 7
      vertex 1.1421 -8.67514 7
    endloop
  endfacet
  facet normal -0 0 1
    outer loop
      vertex 0 -8.75 7
      vertex 0.716164 -10.9266 7
      vertex 0.572277 -8.73127 7
    endloop
  endfacet
  facet normal 0 0 1
    outer loop
      vertex 0 -8.75 7
      vertex 0 -10.95 7
      vertex 0.716164 -10.9266 7
    endloop
  endfacet
  facet normal 0 0 1
    outer loop
      vertex -0.572277 -8.73127 7
      vertex 0 -10.95 7
      vertex 0 -8.75 7
    endloop
  endfacet
  facet normal 0 0 1
    outer loop
      vertex -0.572277 -8.73127 7
      vertex -0.716164 -10.9266 7
      vertex 0 -10.95 7
    endloop
  endfacet
  facet normal 0 0 1
    outer loop
      vertex -1.1421 -8.67514 7
      vertex -0.716164 -10.9266 7
      vertex -0.572277 -8.73127 7
    endloop
  endfacet
  facet normal 0 0 1
    outer loop
      vertex -1.1421 -8.67514 7
      vertex -1.42926 -10.8563 7
      vertex -0.716164 -10.9266 7
    endloop
  endfacet
  facet normal 0 0 1
    outer loop
      vertex -1.70704 -8.58187 7
      vertex -1.42926 -10.8563 7
      vertex -1.1421 -8.67514 7
    endloop
  endfacet
  facet normal 0 0 1
    outer loop
      vertex -1.70704 -8.58187 7
      vertex -2.13624 -10.7396 7
      vertex -1.42926 -10.8563 7
    endloop
  endfacet
  facet normal 0 0 1
    outer loop
      vertex -2.26467 -8.45185 7
      vertex -2.13624 -10.7396 7
      vertex -1.70704 -8.58187 7
    endloop
  endfacet
  facet normal 0 0 1
    outer loop
      vertex -2.83407 -10.5769 7
      vertex -2.26467 -8.45185 7
      vertex -2.81259 -8.28564 7
    endloop
  endfacet
  facet normal 0 0 1
    outer loop
      vertex -2.26467 -8.45185 7
      vertex -2.83407 -10.5769 7
      vertex -2.13624 -10.7396 7
    endloop
  endfacet
  facet normal 0 0 1
    outer loop
      vertex -3.51976 -10.3689 7
      vertex -2.81259 -8.28564 7
      vertex -3.34848 -8.08395 7
    endloop
  endfacet
  facet normal 0 0 1
    outer loop
      vertex -2.81259 -8.28564 7
      vertex -3.51976 -10.3689 7
      vertex -2.83407 -10.5769 7
    endloop
  endfacet
  facet normal 0 0 1
    outer loop
      vertex -4.19038 -10.1165 7
      vertex -3.34848 -8.08395 7
      vertex -3.87003 -7.84764 7
    endloop
  endfacet
  facet normal 0 0 1
    outer loop
      vertex -3.34848 -8.08395 7
      vertex -4.19038 -10.1165 7
      vertex -3.51976 -10.3689 7
    endloop
  endfacet
  facet normal 0 0 1
    outer loop
      vertex -4.84306 -9.82076 7
      vertex -3.87003 -7.84764 7
      vertex -4.375 -7.57772 7
    endloop
  endfacet
  facet normal 0 0 1
    outer loop
      vertex -3.87003 -7.84764 7
      vertex -4.84306 -9.82076 7
      vertex -4.19038 -10.1165 7
    endloop
  endfacet
  facet normal 0 0 1
    outer loop
      vertex -5.475 -9.48298 7
      vertex -4.375 -7.57772 7
      vertex -4.86124 -7.27536 7
    endloop
  endfacet
  facet normal 0 0 1
    outer loop
      vertex -6.08349 -9.10459 7
      vertex -4.86124 -7.27536 7
      vertex -5.32666 -6.94184 7
    endloop
  endfacet
  facet normal 0 0 1
    outer loop
      vertex -4.375 -7.57772 7
      vertex -5.475 -9.48298 7
      vertex -4.84306 -9.82076 7
    endloop
  endfacet
  facet normal 0 0 1
    outer loop
      vertex -6.66594 -8.68722 7
      vertex -5.32666 -6.94184 7
      vertex -5.76928 -6.5786 7
    endloop
  endfacet
  facet normal 0 0 1
    outer loop
      vertex -4.86124 -7.27536 7
      vertex -6.08349 -9.10459 7
      vertex -5.475 -9.48298 7
    endloop
  endfacet
  facet normal 0 0 1
    outer loop
      vertex -7.21984 -8.23265 7
      vertex -5.76928 -6.5786 7
      vertex -6.18718 -6.18718 7
    endloop
  endfacet
  facet normal 0 0 1
    outer loop
      vertex -7.74282 -7.74282 7
      vertex -6.18718 -6.18718 7
      vertex -6.5786 -5.76928 7
    endloop
  endfacet
  facet normal 0 0 1
    outer loop
      vertex -5.32666 -6.94184 7
      vertex -6.66594 -8.68722 7
      vertex -6.08349 -9.10459 7
    endloop
  endfacet
  facet normal 0 0 1
    outer loop
      vertex -8.23265 -7.21984 7
      vertex -6.5786 -5.76928 7
      vertex -6.94184 -5.32666 7
    endloop
  endfacet
  facet normal 0 0 1
    outer loop
      vertex -5.76928 -6.5786 7
      vertex -7.21984 -8.23265 7
      vertex -6.66594 -8.68722 7
    endloop
  endfacet
  facet normal 0 0 1
    outer loop
      vertex -8.68722 -6.66594 7
      vertex -6.94184 -5.32666 7
      vertex -7.27536 -4.86124 7
    endloop
  endfacet
  facet normal 0 0 1
    outer loop
      vertex -9.10459 -6.08349 7
      vertex -7.27536 -4.86124 7
      vertex -7.49999 -4.5 7
    endloop
  endfacet
  facet normal 0 0 1
    outer loop
      vertex -6.18718 -6.18718 7
      vertex -7.74282 -7.74282 7
      vertex -7.21984 -8.23265 7
    endloop
  endfacet
  facet normal -0 0 1
    outer loop
      vertex -9.10459 6.08349 7
      vertex -7.27536 4.86124 7
      vertex -8.68722 6.66594 7
    endloop
  endfacet
  facet normal 0 0 1
    outer loop
      vertex -7.27536 4.86124 7
      vertex -9.10459 6.08349 7
      vertex -7.49999 4.5 7
    endloop
  endfacet
  facet normal 0 0 1
    outer loop
      vertex -6.5786 -5.76928 7
      vertex -8.23265 -7.21984 7
      vertex -7.74282 -7.74282 7
    endloop
  endfacet
  facet normal -0 0 1
    outer loop
      vertex -9.48298 5.475 7
      vertex -7.49999 4.5 7
      vertex -9.10459 6.08349 7
    endloop
  endfacet
  facet normal 0 0 1
    outer loop
      vertex -6.94184 -5.32666 7
      vertex -8.68722 -6.66594 7
      vertex -8.23265 -7.21984 7
    endloop
  endfacet
  facet normal -0 0 1
    outer loop
      vertex -9.82076 4.84306 7
      vertex -7.49999 4.5 7
      vertex -9.48298 5.475 7
    endloop
  endfacet
  facet normal 0 0 1
    outer loop
      vertex -7.27536 -4.86124 7
      vertex -9.10459 -6.08349 7
      vertex -8.68722 -6.66594 7
    endloop
  endfacet
  facet normal 0 0 1
    outer loop
      vertex -7.49999 4.5 7
      vertex -9.9762 4.5 7
      vertex -7.49999 -4.5 7
    endloop
  endfacet
  facet normal 0 0 1
    outer loop
      vertex -7.49999 -4.5 7
      vertex -9.48298 -5.475 7
      vertex -9.10459 -6.08349 7
    endloop
  endfacet
  facet normal 0 0 1
    outer loop
      vertex -7.49999 4.5 7
      vertex -9.82076 4.84306 7
      vertex -9.9762 4.5 7
    endloop
  endfacet
  facet normal 0 0 1
    outer loop
      vertex -9.9762 -4.5 7
      vertex -7.49999 -4.5 7
      vertex -9.9762 4.5 7
    endloop
  endfacet
  facet normal 0 -0 1
    outer loop
      vertex -9.82076 -4.84306 7
      vertex -7.49999 -4.5 7
      vertex -9.9762 -4.5 7
    endloop
  endfacet
  facet normal 0 0 1
    outer loop
      vertex -7.49999 -4.5 7
      vertex -9.82076 -4.84306 7
      vertex -9.48298 -5.475 7
    endloop
  endfacet
  facet normal 0 0 1
    outer loop
      vertex -9.9762 4.5 7
      vertex -13.75 0 7
      vertex -9.9762 -4.5 7
    endloop
  endfacet
  facet normal 0 0 1
    outer loop
      vertex -9.9762 4.5 7
      vertex -13.7536 0.111185 7
      vertex -13.75 0 7
    endloop
  endfacet
  facet normal 0 0 1
    outer loop
      vertex -9.9762 4.5 7
      vertex -13.7645 0.221894 7
      vertex -13.7536 0.111185 7
    endloop
  endfacet
  facet normal 0 0 1
    outer loop
      vertex -9.9762 4.5 7
      vertex -13.7827 0.331653 7
      vertex -13.7645 0.221894 7
    endloop
  endfacet
  facet normal 0 0 1
    outer loop
      vertex -9.9762 4.5 7
      vertex -13.8079 0.439992 7
      vertex -13.7827 0.331653 7
    endloop
  endfacet
  facet normal 0 0 1
    outer loop
      vertex -9.9762 4.5 7
      vertex -13.8402 0.546447 7
      vertex -13.8079 0.439992 7
    endloop
  endfacet
  facet normal 0 0 1
    outer loop
      vertex -9.9762 4.5 7
      vertex -13.8794 0.650561 7
      vertex -13.8402 0.546447 7
    endloop
  endfacet
  facet normal 0 0 1
    outer loop
      vertex -9.9762 4.5 7
      vertex -13.9253 0.75189 7
      vertex -13.8794 0.650561 7
    endloop
  endfacet
  facet normal 0 0 1
    outer loop
      vertex -9.9762 4.5 7
      vertex -13.9778 0.849999 7
      vertex -13.9253 0.75189 7
    endloop
  endfacet
  facet normal 0 0 1
    outer loop
      vertex -9.9762 4.5 7
      vertex -14.0365 0.944468 7
      vertex -13.9778 0.849999 7
    endloop
  endfacet
  facet normal 0 0 1
    outer loop
      vertex -9.9762 4.5 7
      vertex -14.1013 1.03489 7
      vertex -14.0365 0.944468 7
    endloop
  endfacet
  facet normal 0 0 1
    outer loop
      vertex -9.9762 4.5 7
      vertex -14.1719 1.12089 7
      vertex -14.1013 1.03489 7
    endloop
  endfacet
  facet normal 0 0 1
    outer loop
      vertex -9.9762 4.5 7
      vertex -14.2479 1.20208 7
      vertex -14.1719 1.12089 7
    endloop
  endfacet
  facet normal 0 0 1
    outer loop
      vertex -9.9762 4.5 7
      vertex -14.3291 1.27813 7
      vertex -14.2479 1.20208 7
    endloop
  endfacet
  facet normal -0 0 1
    outer loop
      vertex -14.95 4.5 7
      vertex -14.3291 1.27813 7
      vertex -9.9762 4.5 7
    endloop
  endfacet
  facet normal 0 0 1
    outer loop
      vertex -14.3291 1.27813 7
      vertex -14.95 4.5 7
      vertex -14.4151 1.3487 7
    endloop
  endfacet
  facet normal 0 0 1
    outer loop
      vertex -14.4151 1.3487 7
      vertex -14.95 4.5 7
      vertex -14.5055 1.4135 7
    endloop
  endfacet
  facet normal 0 0 1
    outer loop
      vertex -14.5055 1.4135 7
      vertex -14.95 4.5 7
      vertex -14.6 1.47224 7
    endloop
  endfacet
  facet normal 0 0 1
    outer loop
      vertex -14.6 1.47224 7
      vertex -14.95 4.5 7
      vertex -14.6981 1.52468 7
    endloop
  endfacet
  facet normal 0 0 1
    outer loop
      vertex -14.6981 1.52468 7
      vertex -14.95 4.5 7
      vertex -14.7994 1.57059 7
    endloop
  endfacet
  facet normal 0 0 1
    outer loop
      vertex -14.7994 1.57059 7
      vertex -14.95 4.5 7
      vertex -14.9036 1.60978 7
    endloop
  endfacet
  facet normal 0 0 1
    outer loop
      vertex -14.9036 1.60978 7
      vertex -14.95 4.5 7
      vertex -14.95 1.62387 7
    endloop
  endfacet
  facet normal -0 0 1
    outer loop
      vertex -13.7536 -0.111185 7
      vertex -9.9762 -4.5 7
      vertex -13.75 0 7
    endloop
  endfacet
  facet normal -0 0 1
    outer loop
      vertex -13.7645 -0.221894 7
      vertex -9.9762 -4.5 7
      vertex -13.7536 -0.111185 7
    endloop
  endfacet
  facet normal -0 0 1
    outer loop
      vertex -13.7827 -0.331653 7
      vertex -9.9762 -4.5 7
      vertex -13.7645 -0.221894 7
    endloop
  endfacet
  facet normal -0 0 1
    outer loop
      vertex -13.8079 -0.439992 7
      vertex -9.9762 -4.5 7
      vertex -13.7827 -0.331653 7
    endloop
  endfacet
  facet normal -0 0 1
    outer loop
      vertex -13.8402 -0.546447 7
      vertex -9.9762 -4.5 7
      vertex -13.8079 -0.439992 7
    endloop
  endfacet
  facet normal -0 0 1
    outer loop
      vertex -13.8794 -0.650561 7
      vertex -9.9762 -4.5 7
      vertex -13.8402 -0.546447 7
    endloop
  endfacet
  facet normal -0 0 1
    outer loop
      vertex -13.9253 -0.75189 7
      vertex -9.9762 -4.5 7
      vertex -13.8794 -0.650561 7
    endloop
  endfacet
  facet normal -0 0 1
    outer loop
      vertex -13.9778 -0.849999 7
      vertex -9.9762 -4.5 7
      vertex -13.9253 -0.75189 7
    endloop
  endfacet
  facet normal -0 0 1
    outer loop
      vertex -14.0365 -0.944468 7
      vertex -9.9762 -4.5 7
      vertex -13.9778 -0.849999 7
    endloop
  endfacet
  facet normal -0 0 1
    outer loop
      vertex -14.1013 -1.03489 7
      vertex -9.9762 -4.5 7
      vertex -14.0365 -0.944468 7
    endloop
  endfacet
  facet normal -0 0 1
    outer loop
      vertex -14.1719 -1.12089 7
      vertex -9.9762 -4.5 7
      vertex -14.1013 -1.03489 7
    endloop
  endfacet
  facet normal -0 0 1
    outer loop
      vertex -14.2479 -1.20208 7
      vertex -9.9762 -4.5 7
      vertex -14.1719 -1.12089 7
    endloop
  endfacet
  facet normal -0 0 1
    outer loop
      vertex -14.3291 -1.27813 7
      vertex -9.9762 -4.5 7
      vertex -14.2479 -1.20208 7
    endloop
  endfacet
  facet normal 0 0 1
    outer loop
      vertex -14.95 -4.5 7
      vertex -14.3291 -1.27813 7
      vertex -14.4151 -1.3487 7
    endloop
  endfacet
  facet normal 0 0 1
    outer loop
      vertex -14.95 -4.5 7
      vertex -14.4151 -1.3487 7
      vertex -14.5055 -1.4135 7
    endloop
  endfacet
  facet normal 0 0 1
    outer loop
      vertex -14.95 -4.5 7
      vertex -14.5055 -1.4135 7
      vertex -14.6 -1.47224 7
    endloop
  endfacet
  facet normal 0 0 1
    outer loop
      vertex -14.95 -4.5 7
      vertex -14.6 -1.47224 7
      vertex -14.6981 -1.52468 7
    endloop
  endfacet
  facet normal 0 0 1
    outer loop
      vertex -14.95 -4.5 7
      vertex -14.6981 -1.52468 7
      vertex -14.7994 -1.57059 7
    endloop
  endfacet
  facet normal 0 0 1
    outer loop
      vertex -14.95 -4.5 7
      vertex -14.7994 -1.57059 7
      vertex -14.9036 -1.60978 7
    endloop
  endfacet
  facet normal 0 0 1
    outer loop
      vertex -14.95 -4.5 7
      vertex -14.9036 -1.60978 7
      vertex -14.95 -1.62387 7
    endloop
  endfacet
  facet normal 0 0 1
    outer loop
      vertex -14.3291 -1.27813 7
      vertex -14.95 -4.5 7
      vertex -9.9762 -4.5 7
    endloop
  endfacet
  facet normal -0.910862 0.41271 0
    outer loop
      vertex -9.9762 4.5 0
      vertex -9.82076 4.84306 7
      vertex -9.82076 4.84306 0
    endloop
  endfacet
  facet normal -0.910862 0.41271 0
    outer loop
      vertex -9.82076 4.84306 7
      vertex -9.9762 4.5 0
      vertex -9.9762 4.5 7
    endloop
  endfacet
  facet normal -0.881921 0.471398 0
    outer loop
      vertex -9.82076 4.84306 0
      vertex -9.48298 5.475 7
      vertex -9.48298 5.475 0
    endloop
  endfacet
  facet normal -0.881921 0.471398 0
    outer loop
      vertex -9.48298 5.475 7
      vertex -9.82076 4.84306 0
      vertex -9.82076 4.84306 7
    endloop
  endfacet
  facet normal -0.412545 0.910937 0
    outer loop
      vertex -4.8125 9.8346 0
      vertex -4.84306 9.82076 7
      vertex -4.8125 9.8346 7
    endloop
  endfacet
  facet normal -0.412545 0.910937 0
    outer loop
      vertex -4.84306 9.82076 7
      vertex -4.8125 9.8346 0
      vertex -4.84306 9.82076 0
    endloop
  endfacet
  facet normal -0.910862 -0.41271 0
    outer loop
      vertex -9.82076 -4.84306 0
      vertex -9.9762 -4.5 7
      vertex -9.9762 -4.5 0
    endloop
  endfacet
  facet normal -0.910862 -0.41271 0
    outer loop
      vertex -9.9762 -4.5 7
      vertex -9.82076 -4.84306 0
      vertex -9.82076 -4.84306 7
    endloop
  endfacet
  facet normal -0.881921 -0.471398 0
    outer loop
      vertex -9.48298 -5.475 0
      vertex -9.82076 -4.84306 7
      vertex -9.82076 -4.84306 0
    endloop
  endfacet
  facet normal -0.881921 -0.471398 0
    outer loop
      vertex -9.82076 -4.84306 7
      vertex -9.48298 -5.475 0
      vertex -9.48298 -5.475 7
    endloop
  endfacet
  facet normal -0.352246 -0.935908 0
    outer loop
      vertex -4.19038 -10.1165 0
      vertex -3.51976 -10.3689 7
      vertex -4.19038 -10.1165 7
    endloop
  endfacet
  facet normal -0.352246 -0.935908 -0
    outer loop
      vertex -3.51976 -10.3689 7
      vertex -4.19038 -10.1165 0
      vertex -3.51976 -10.3689 0
    endloop
  endfacet
  facet normal 0 0 -1
    outer loop
      vertex 8.75 0 0
      vertex 10.95 0 0
      vertex 10.9266 -0.716164 0
    endloop
  endfacet
  facet normal 0 0 -1
    outer loop
      vertex 8.73127 -0.572277 0
      vertex 10.9266 -0.716164 0
      vertex 10.8563 -1.42926 0
    endloop
  endfacet
  facet normal 0 0 -1
    outer loop
      vertex 10.95 0 0
      vertex 8.75 0 0
      vertex 10.9266 0.716164 0
    endloop
  endfacet
  facet normal 0 0 -1
    outer loop
      vertex 8.67514 -1.1421 0
      vertex 10.8563 -1.42926 0
      vertex 10.7396 -2.13624 0
    endloop
  endfacet
  facet normal 0 0 -1
    outer loop
      vertex 8.73127 0.572277 0
      vertex 10.9266 0.716164 0
      vertex 8.75 0 0
    endloop
  endfacet
  facet normal 0 0 -1
    outer loop
      vertex 8.58187 -1.70704 0
      vertex 10.7396 -2.13624 0
      vertex 10.5769 -2.83407 0
    endloop
  endfacet
  facet normal -0 0 -1
    outer loop
      vertex 10.9266 0.716164 0
      vertex 8.73127 0.572277 0
      vertex 10.8563 1.42926 0
    endloop
  endfacet
  facet normal 0 0 -1
    outer loop
      vertex 8.45185 -2.26467 0
      vertex 10.5769 -2.83407 0
      vertex 10.3689 -3.51976 0
    endloop
  endfacet
  facet normal 0 0 -1
    outer loop
      vertex 8.67514 1.1421 0
      vertex 10.8563 1.42926 0
      vertex 8.73127 0.572277 0
    endloop
  endfacet
  facet normal 0 0 -1
    outer loop
      vertex 8.28564 -2.81259 0
      vertex 10.3689 -3.51976 0
      vertex 10.1165 -4.19038 0
    endloop
  endfacet
  facet normal -0 0 -1
    outer loop
      vertex 10.8563 1.42926 0
      vertex 8.67514 1.1421 0
      vertex 10.7396 2.13624 0
    endloop
  endfacet
  facet normal 0 0 -1
    outer loop
      vertex 8.08395 -3.34848 0
      vertex 10.1165 -4.19038 0
      vertex 9.82076 -4.84306 0
    endloop
  endfacet
  facet normal 0 0 -1
    outer loop
      vertex 8.58187 1.70704 0
      vertex 10.7396 2.13624 0
      vertex 8.67514 1.1421 0
    endloop
  endfacet
  facet normal 0 0 -1
    outer loop
      vertex 7.84764 -3.87003 0
      vertex 9.82076 -4.84306 0
      vertex 9.48298 -5.475 0
    endloop
  endfacet
  facet normal -0 0 -1
    outer loop
      vertex 10.7396 2.13624 0
      vertex 8.58187 1.70704 0
      vertex 10.5769 2.83407 0
    endloop
  endfacet
  facet normal 0 0 -1
    outer loop
      vertex 7.57772 -4.375 0
      vertex 9.48298 -5.475 0
      vertex 9.10459 -6.08349 0
    endloop
  endfacet
  facet normal 0 0 -1
    outer loop
      vertex 8.45185 2.26467 0
      vertex 10.5769 2.83407 0
      vertex 8.58187 1.70704 0
    endloop
  endfacet
  facet normal -0 0 -1
    outer loop
      vertex 10.5769 2.83407 0
      vertex 8.45185 2.26467 0
      vertex 10.3689 3.51976 0
    endloop
  endfacet
  facet normal 0 0 -1
    outer loop
      vertex 10.9266 -0.716164 0
      vertex 8.73127 -0.572277 0
      vertex 8.75 0 0
    endloop
  endfacet
  facet normal 0 0 -1
    outer loop
      vertex 7.27536 -4.86124 0
      vertex 9.10459 -6.08349 0
      vertex 8.68722 -6.66594 0
    endloop
  endfacet
  facet normal 0 0 -1
    outer loop
      vertex 10.8563 -1.42926 0
      vertex 8.67514 -1.1421 0
      vertex 8.73127 -0.572277 0
    endloop
  endfacet
  facet normal 0 0 -1
    outer loop
      vertex 10.7396 -2.13624 0
      vertex 8.58187 -1.70704 0
      vertex 8.67514 -1.1421 0
    endloop
  endfacet
  facet normal 0 0 -1
    outer loop
      vertex 10.5769 -2.83407 0
      vertex 8.45185 -2.26467 0
      vertex 8.58187 -1.70704 0
    endloop
  endfacet
  facet normal 0 0 -1
    outer loop
      vertex 10.3689 -3.51976 0
      vertex 8.28564 -2.81259 0
      vertex 8.45185 -2.26467 0
    endloop
  endfacet
  facet normal 0 0 -1
    outer loop
      vertex 6.94184 -5.32666 0
      vertex 8.68722 -6.66594 0
      vertex 8.23265 -7.21984 0
    endloop
  endfacet
  facet normal 0 0 -1
    outer loop
      vertex 10.1165 -4.19038 0
      vertex 8.08395 -3.34848 0
      vertex 8.28564 -2.81259 0
    endloop
  endfacet
  facet normal 0 0 -1
    outer loop
      vertex 9.82076 -4.84306 0
      vertex 7.84764 -3.87003 0
      vertex 8.08395 -3.34848 0
    endloop
  endfacet
  facet normal 0 0 -1
    outer loop
      vertex 6.5786 -5.76928 0
      vertex 8.23265 -7.21984 0
      vertex 7.74282 -7.74282 0
    endloop
  endfacet
  facet normal 0 0 -1
    outer loop
      vertex 9.48298 -5.475 0
      vertex 7.57772 -4.375 0
      vertex 7.84764 -3.87003 0
    endloop
  endfacet
  facet normal 0 0 -1
    outer loop
      vertex 9.10459 -6.08349 0
      vertex 7.27536 -4.86124 0
      vertex 7.57772 -4.375 0
    endloop
  endfacet
  facet normal 0 0 -1
    outer loop
      vertex 6.18718 -6.18718 0
      vertex 7.74282 -7.74282 0
      vertex 7.21984 -8.23265 0
    endloop
  endfacet
  facet normal 0 0 -1
    outer loop
      vertex 8.68722 -6.66594 0
      vertex 6.94184 -5.32666 0
      vertex 7.27536 -4.86124 0
    endloop
  endfacet
  facet normal 0 0 -1
    outer loop
      vertex 5.76928 -6.5786 0
      vertex 7.21984 -8.23265 0
      vertex 6.66594 -8.68722 0
    endloop
  endfacet
  facet normal 0 0 -1
    outer loop
      vertex 8.23265 -7.21984 0
      vertex 6.5786 -5.76928 0
      vertex 6.94184 -5.32666 0
    endloop
  endfacet
  facet normal 0 0 -1
    outer loop
      vertex 7.74282 -7.74282 0
      vertex 6.18718 -6.18718 0
      vertex 6.5786 -5.76928 0
    endloop
  endfacet
  facet normal 0 0 -1
    outer loop
      vertex 5.32666 -6.94184 0
      vertex 6.66594 -8.68722 0
      vertex 6.08349 -9.10459 0
    endloop
  endfacet
  facet normal 0 0 -1
    outer loop
      vertex 7.21984 -8.23265 0
      vertex 5.76928 -6.5786 0
      vertex 6.18718 -6.18718 0
    endloop
  endfacet
  facet normal 0 0 -1
    outer loop
      vertex 4.86124 -7.27536 0
      vertex 6.08349 -9.10459 0
      vertex 5.475 -9.48298 0
    endloop
  endfacet
  facet normal 0 0 -1
    outer loop
      vertex 6.66594 -8.68722 0
      vertex 5.32666 -6.94184 0
      vertex 5.76928 -6.5786 0
    endloop
  endfacet
  facet normal 0 0 -1
    outer loop
      vertex 6.08349 -9.10459 0
      vertex 4.86124 -7.27536 0
      vertex 5.32666 -6.94184 0
    endloop
  endfacet
  facet normal 0 0 -1
    outer loop
      vertex 4.375 -7.57772 0
      vertex 5.475 -9.48298 0
      vertex 4.84306 -9.82076 0
    endloop
  endfacet
  facet normal 0 0 -1
    outer loop
      vertex 5.475 -9.48298 0
      vertex 4.375 -7.57772 0
      vertex 4.86124 -7.27536 0
    endloop
  endfacet
  facet normal 0 0 -1
    outer loop
      vertex 3.87003 -7.84764 0
      vertex 4.84306 -9.82076 0
      vertex 4.19038 -10.1165 0
    endloop
  endfacet
  facet normal 0 0 -1
    outer loop
      vertex 4.84306 -9.82076 0
      vertex 3.87003 -7.84764 0
      vertex 4.375 -7.57772 0
    endloop
  endfacet
  facet normal 0 0 -1
    outer loop
      vertex 3.34848 -8.08395 0
      vertex 4.19038 -10.1165 0
      vertex 3.51976 -10.3689 0
    endloop
  endfacet
  facet normal 0 0 -1
    outer loop
      vertex 4.19038 -10.1165 0
      vertex 3.34848 -8.08395 0
      vertex 3.87003 -7.84764 0
    endloop
  endfacet
  facet normal 0 0 -1
    outer loop
      vertex 2.81259 -8.28564 0
      vertex 3.51976 -10.3689 0
      vertex 2.83407 -10.5769 0
    endloop
  endfacet
  facet normal 0 0 -1
    outer loop
      vertex 3.51976 -10.3689 0
      vertex 2.81259 -8.28564 0
      vertex 3.34848 -8.08395 0
    endloop
  endfacet
  facet normal 0 0 -1
    outer loop
      vertex 2.83407 -10.5769 0
      vertex 2.26467 -8.45185 0
      vertex 2.81259 -8.28564 0
    endloop
  endfacet
  facet normal 0 0 -1
    outer loop
      vertex 2.13624 -10.7396 0
      vertex 2.26467 -8.45185 0
      vertex 2.83407 -10.5769 0
    endloop
  endfacet
  facet normal 0 0 -1
    outer loop
      vertex 2.13624 -10.7396 0
      vertex 1.70704 -8.58187 0
      vertex 2.26467 -8.45185 0
    endloop
  endfacet
  facet normal 0 0 -1
    outer loop
      vertex 1.42926 -10.8563 0
      vertex 1.70704 -8.58187 0
      vertex 2.13624 -10.7396 0
    endloop
  endfacet
  facet normal 0 0 -1
    outer loop
      vertex 1.42926 -10.8563 0
      vertex 1.1421 -8.67514 0
      vertex 1.70704 -8.58187 0
    endloop
  endfacet
  facet normal 0 0 -1
    outer loop
      vertex 0.716164 -10.9266 0
      vertex 1.1421 -8.67514 0
      vertex 1.42926 -10.8563 0
    endloop
  endfacet
  facet normal 0 0 -1
    outer loop
      vertex 0.716164 -10.9266 0
      vertex 0.572277 -8.73127 0
      vertex 1.1421 -8.67514 0
    endloop
  endfacet
  facet normal 0 0 -1
    outer loop
      vertex 0 -10.95 0
      vertex 0.572277 -8.73127 0
      vertex 0.716164 -10.9266 0
    endloop
  endfacet
  facet normal 0 0 -1
    outer loop
      vertex 0 -10.95 0
      vertex 0 -8.75 0
      vertex 0.572277 -8.73127 0
    endloop
  endfacet
  facet normal 0 0 -1
    outer loop
      vertex 0 -10.95 0
      vertex -0.572277 -8.73127 0
      vertex 0 -8.75 0
    endloop
  endfacet
  facet normal 0 0 -1
    outer loop
      vertex -0.716164 -10.9266 0
      vertex -0.572277 -8.73127 0
      vertex 0 -10.95 0
    endloop
  endfacet
  facet normal 0 0 -1
    outer loop
      vertex -0.716164 -10.9266 0
      vertex -1.1421 -8.67514 0
      vertex -0.572277 -8.73127 0
    endloop
  endfacet
  facet normal 0 0 -1
    outer loop
      vertex -1.42926 -10.8563 0
      vertex -1.1421 -8.67514 0
      vertex -0.716164 -10.9266 0
    endloop
  endfacet
  facet normal 0 0 -1
    outer loop
      vertex -1.42926 -10.8563 0
      vertex -1.70704 -8.58187 0
      vertex -1.1421 -8.67514 0
    endloop
  endfacet
  facet normal 0 0 -1
    outer loop
      vertex -2.13624 -10.7396 0
      vertex -1.70704 -8.58187 0
      vertex -1.42926 -10.8563 0
    endloop
  endfacet
  facet normal 0 0 -1
    outer loop
      vertex -2.13624 -10.7396 0
      vertex -2.26467 -8.45185 0
      vertex -1.70704 -8.58187 0
    endloop
  endfacet
  facet normal 0 0 -1
    outer loop
      vertex -2.83407 -10.5769 0
      vertex -2.26467 -8.45185 0
      vertex -2.13624 -10.7396 0
    endloop
  endfacet
  facet normal -0 0 -1
    outer loop
      vertex -2.26467 -8.45185 0
      vertex -2.83407 -10.5769 0
      vertex -2.81259 -8.28564 0
    endloop
  endfacet
  facet normal 0 0 -1
    outer loop
      vertex -3.51976 -10.3689 0
      vertex -2.81259 -8.28564 0
      vertex -2.83407 -10.5769 0
    endloop
  endfacet
  facet normal -0 0 -1
    outer loop
      vertex -2.81259 -8.28564 0
      vertex -3.51976 -10.3689 0
      vertex -3.34848 -8.08395 0
    endloop
  endfacet
  facet normal 0 0 -1
    outer loop
      vertex -4.19038 -10.1165 0
      vertex -3.34848 -8.08395 0
      vertex -3.51976 -10.3689 0
    endloop
  endfacet
  facet normal -0 0 -1
    outer loop
      vertex -3.34848 -8.08395 0
      vertex -4.19038 -10.1165 0
      vertex -3.87003 -7.84764 0
    endloop
  endfacet
  facet normal 0 0 -1
    outer loop
      vertex -4.84306 -9.82076 0
      vertex -3.87003 -7.84764 0
      vertex -4.19038 -10.1165 0
    endloop
  endfacet
  facet normal -0 0 -1
    outer loop
      vertex -3.87003 -7.84764 0
      vertex -4.84306 -9.82076 0
      vertex -4.375 -7.57772 0
    endloop
  endfacet
  facet normal 0 0 -1
    outer loop
      vertex -5.475 -9.48298 0
      vertex -4.375 -7.57772 0
      vertex -4.84306 -9.82076 0
    endloop
  endfacet
  facet normal -0 0 -1
    outer loop
      vertex -4.375 -7.57772 0
      vertex -5.475 -9.48298 0
      vertex -4.86124 -7.27536 0
    endloop
  endfacet
  facet normal 0 0 -1
    outer loop
      vertex -6.08349 -9.10459 0
      vertex -4.86124 -7.27536 0
      vertex -5.475 -9.48298 0
    endloop
  endfacet
  facet normal -0 0 -1
    outer loop
      vertex -4.86124 -7.27536 0
      vertex -6.08349 -9.10459 0
      vertex -5.32666 -6.94184 0
    endloop
  endfacet
  facet normal 0 0 -1
    outer loop
      vertex -6.66594 -8.68722 0
      vertex -5.32666 -6.94184 0
      vertex -6.08349 -9.10459 0
    endloop
  endfacet
  facet normal -0 0 -1
    outer loop
      vertex -5.32666 -6.94184 0
      vertex -6.66594 -8.68722 0
      vertex -5.76928 -6.5786 0
    endloop
  endfacet
  facet normal 0 0 -1
    outer loop
      vertex -7.21984 -8.23265 0
      vertex -5.76928 -6.5786 0
      vertex -6.66594 -8.68722 0
    endloop
  endfacet
  facet normal -0 0 -1
    outer loop
      vertex -5.76928 -6.5786 0
      vertex -7.21984 -8.23265 0
      vertex -6.18718 -6.18718 0
    endloop
  endfacet
  facet normal 0 0 -1
    outer loop
      vertex -7.74282 -7.74282 0
      vertex -6.18718 -6.18718 0
      vertex -7.21984 -8.23265 0
    endloop
  endfacet
  facet normal -0 0 -1
    outer loop
      vertex -6.18718 -6.18718 0
      vertex -7.74282 -7.74282 0
      vertex -6.5786 -5.76928 0
    endloop
  endfacet
  facet normal 0 0 -1
    outer loop
      vertex -8.23265 -7.21984 0
      vertex -6.5786 -5.76928 0
      vertex -7.74282 -7.74282 0
    endloop
  endfacet
  facet normal -0 0 -1
    outer loop
      vertex -6.5786 -5.76928 0
      vertex -8.23265 -7.21984 0
      vertex -6.94184 -5.32666 0
    endloop
  endfacet
  facet normal -0 0 -1
    outer loop
      vertex -6.94184 -5.32666 0
      vertex -8.68722 -6.66594 0
      vertex -7.27536 -4.86124 0
    endloop
  endfacet
  facet normal 0 0 -1
    outer loop
      vertex -8.68722 -6.66594 0
      vertex -6.94184 -5.32666 0
      vertex -8.23265 -7.21984 0
    endloop
  endfacet
  facet normal 0 0 -1
    outer loop
      vertex 8.28564 2.81259 0
      vertex 10.3689 3.51976 0
      vertex 8.45185 2.26467 0
    endloop
  endfacet
  facet normal -0 0 -1
    outer loop
      vertex 10.3689 3.51976 0
      vertex 8.28564 2.81259 0
      vertex 10.1165 4.19038 0
    endloop
  endfacet
  facet normal 0 0 -1
    outer loop
      vertex 8.08395 3.34848 0
      vertex 10.1165 4.19038 0
      vertex 8.28564 2.81259 0
    endloop
  endfacet
  facet normal -0 0 -1
    outer loop
      vertex 10.1165 4.19038 0
      vertex 8.08395 3.34848 0
      vertex 9.82076 4.84306 0
    endloop
  endfacet
  facet normal 0 0 -1
    outer loop
      vertex 7.84764 3.87003 0
      vertex 9.82076 4.84306 0
      vertex 8.08395 3.34848 0
    endloop
  endfacet
  facet normal -0 0 -1
    outer loop
      vertex 9.82076 4.84306 0
      vertex 7.84764 3.87003 0
      vertex 9.48298 5.475 0
    endloop
  endfacet
  facet normal 0 0 -1
    outer loop
      vertex 7.57772 4.375 0
      vertex 9.48298 5.475 0
      vertex 7.84764 3.87003 0
    endloop
  endfacet
  facet normal -0 0 -1
    outer loop
      vertex 9.48298 5.475 0
      vertex 7.57772 4.375 0
      vertex 9.10459 6.08349 0
    endloop
  endfacet
  facet normal 0 0 -1
    outer loop
      vertex 7.27536 4.86124 0
      vertex 9.10459 6.08349 0
      vertex 7.57772 4.375 0
    endloop
  endfacet
  facet normal -0 0 -1
    outer loop
      vertex 9.10459 6.08349 0
      vertex 7.27536 4.86124 0
      vertex 8.68722 6.66594 0
    endloop
  endfacet
  facet normal 0 0 -1
    outer loop
      vertex 6.94184 5.32666 0
      vertex 8.68722 6.66594 0
      vertex 7.27536 4.86124 0
    endloop
  endfacet
  facet normal -0 0 -1
    outer loop
      vertex 8.68722 6.66594 0
      vertex 6.94184 5.32666 0
      vertex 8.23265 7.21984 0
    endloop
  endfacet
  facet normal 0 0 -1
    outer loop
      vertex 6.5786 5.76928 0
      vertex 8.23265 7.21984 0
      vertex 6.94184 5.32666 0
    endloop
  endfacet
  facet normal -0 0 -1
    outer loop
      vertex 8.23265 7.21984 0
      vertex 6.5786 5.76928 0
      vertex 7.74282 7.74282 0
    endloop
  endfacet
  facet normal 0 0 -1
    outer loop
      vertex 6.18718 6.18718 0
      vertex 7.74282 7.74282 0
      vertex 6.5786 5.76928 0
    endloop
  endfacet
  facet normal -0 0 -1
    outer loop
      vertex 7.74282 7.74282 0
      vertex 6.18718 6.18718 0
      vertex 7.21984 8.23265 0
    endloop
  endfacet
  facet normal 0 0 -1
    outer loop
      vertex 5.76928 6.5786 0
      vertex 7.21984 8.23265 0
      vertex 6.18718 6.18718 0
    endloop
  endfacet
  facet normal -0 0 -1
    outer loop
      vertex 7.21984 8.23265 0
      vertex 5.76928 6.5786 0
      vertex 6.66594 8.68722 0
    endloop
  endfacet
  facet normal 0 0 -1
    outer loop
      vertex 5.32666 6.94184 0
      vertex 6.66594 8.68722 0
      vertex 5.76928 6.5786 0
    endloop
  endfacet
  facet normal -0 0 -1
    outer loop
      vertex 6.66594 8.68722 0
      vertex 5.32666 6.94184 0
      vertex 6.08349 9.10459 0
    endloop
  endfacet
  facet normal 0 0 -1
    outer loop
      vertex 4.86124 7.27536 0
      vertex 6.08349 9.10459 0
      vertex 5.32666 6.94184 0
    endloop
  endfacet
  facet normal 0 0 -1
    outer loop
      vertex 4.8125 7.30567 0
      vertex 6.08349 9.10459 0
      vertex 4.86124 7.27536 0
    endloop
  endfacet
  facet normal -0 0 -1
    outer loop
      vertex 6.08349 9.10459 0
      vertex 4.8125 7.30567 0
      vertex 5.475 9.48298 0
    endloop
  endfacet
  facet normal -0 0 -1
    outer loop
      vertex 5.475 9.48298 0
      vertex 4.8125 7.30567 0
      vertex 4.84306 9.82076 0
    endloop
  endfacet
  facet normal -0 0 -1
    outer loop
      vertex 4.84306 9.82076 0
      vertex 4.8125 7.30567 0
      vertex 4.8125 9.8346 0
    endloop
  endfacet
  facet normal 0 0 -1
    outer loop
      vertex -7.49999 -4.5 0
      vertex -5.95 4.5 0
      vertex -5.95 -4.5 0
    endloop
  endfacet
  facet normal -0 0 -1
    outer loop
      vertex -5.95 4.5 0
      vertex -7.49999 -4.5 0
      vertex -7.49999 4.5 0
    endloop
  endfacet
  facet normal 0 0 -1
    outer loop
      vertex -4.8125 7.30567 0
      vertex -4.84306 9.82076 0
      vertex -4.8125 9.8346 0
    endloop
  endfacet
  facet normal 0 0 -1
    outer loop
      vertex -6.08349 9.10459 0
      vertex -4.8125 7.30567 0
      vertex -4.86124 7.27536 0
    endloop
  endfacet
  facet normal 0 0 -1
    outer loop
      vertex -6.08349 9.10459 0
      vertex -4.86124 7.27536 0
      vertex -5.32666 6.94184 0
    endloop
  endfacet
  facet normal 0 0 -1
    outer loop
      vertex -4.8125 7.30567 0
      vertex -5.475 9.48298 0
      vertex -4.84306 9.82076 0
    endloop
  endfacet
  facet normal 0 0 -1
    outer loop
      vertex -6.66594 8.68722 0
      vertex -5.32666 6.94184 0
      vertex -5.76928 6.5786 0
    endloop
  endfacet
  facet normal 0 0 -1
    outer loop
      vertex -4.8125 7.30567 0
      vertex -6.08349 9.10459 0
      vertex -5.475 9.48298 0
    endloop
  endfacet
  facet normal 0 0 -1
    outer loop
      vertex -7.21984 8.23265 0
      vertex -5.76928 6.5786 0
      vertex -6.18718 6.18718 0
    endloop
  endfacet
  facet normal 0 0 -1
    outer loop
      vertex -7.74282 7.74282 0
      vertex -6.18718 6.18718 0
      vertex -6.5786 5.76928 0
    endloop
  endfacet
  facet normal 0 0 -1
    outer loop
      vertex -5.32666 6.94184 0
      vertex -6.66594 8.68722 0
      vertex -6.08349 9.10459 0
    endloop
  endfacet
  facet normal 0 0 -1
    outer loop
      vertex -8.23265 7.21984 0
      vertex -6.5786 5.76928 0
      vertex -6.94184 5.32666 0
    endloop
  endfacet
  facet normal 0 0 -1
    outer loop
      vertex -5.76928 6.5786 0
      vertex -7.21984 8.23265 0
      vertex -6.66594 8.68722 0
    endloop
  endfacet
  facet normal 0 0 -1
    outer loop
      vertex -8.68722 6.66594 0
      vertex -6.94184 5.32666 0
      vertex -7.27536 4.86124 0
    endloop
  endfacet
  facet normal 0 0 -1
    outer loop
      vertex -9.10459 6.08349 0
      vertex -7.27536 4.86124 0
      vertex -7.49999 4.5 0
    endloop
  endfacet
  facet normal 0 0 -1
    outer loop
      vertex -6.18718 6.18718 0
      vertex -7.74282 7.74282 0
      vertex -7.21984 8.23265 0
    endloop
  endfacet
  facet normal 0 0 -1
    outer loop
      vertex -9.10459 -6.08349 0
      vertex -7.27536 -4.86124 0
      vertex -8.68722 -6.66594 0
    endloop
  endfacet
  facet normal -0 0 -1
    outer loop
      vertex -7.27536 -4.86124 0
      vertex -9.10459 -6.08349 0
      vertex -7.49999 -4.5 0
    endloop
  endfacet
  facet normal 0 0 -1
    outer loop
      vertex -6.5786 5.76928 0
      vertex -8.23265 7.21984 0
      vertex -7.74282 7.74282 0
    endloop
  endfacet
  facet normal 0 0 -1
    outer loop
      vertex -9.48298 -5.475 0
      vertex -7.49999 -4.5 0
      vertex -9.10459 -6.08349 0
    endloop
  endfacet
  facet normal 0 0 -1
    outer loop
      vertex -6.94184 5.32666 0
      vertex -8.68722 6.66594 0
      vertex -8.23265 7.21984 0
    endloop
  endfacet
  facet normal 0 0 -1
    outer loop
      vertex -9.82076 -4.84306 0
      vertex -7.49999 -4.5 0
      vertex -9.48298 -5.475 0
    endloop
  endfacet
  facet normal 0 0 -1
    outer loop
      vertex -7.27536 4.86124 0
      vertex -9.10459 6.08349 0
      vertex -8.68722 6.66594 0
    endloop
  endfacet
  facet normal 0 0 -1
    outer loop
      vertex -7.49999 -4.5 0
      vertex -9.9762 -4.5 0
      vertex -7.49999 4.5 0
    endloop
  endfacet
  facet normal 0 0 -1
    outer loop
      vertex -7.49999 4.5 0
      vertex -9.48298 5.475 0
      vertex -9.10459 6.08349 0
    endloop
  endfacet
  facet normal -0 0 -1
    outer loop
      vertex -7.49999 -4.5 0
      vertex -9.82076 -4.84306 0
      vertex -9.9762 -4.5 0
    endloop
  endfacet
  facet normal 0 0 -1
    outer loop
      vertex -9.9762 4.5 0
      vertex -7.49999 4.5 0
      vertex -9.9762 -4.5 0
    endloop
  endfacet
  facet normal 0 -0 -1
    outer loop
      vertex -9.82076 4.84306 0
      vertex -7.49999 4.5 0
      vertex -9.9762 4.5 0
    endloop
  endfacet
  facet normal 0 0 -1
    outer loop
      vertex -7.49999 4.5 0
      vertex -9.82076 4.84306 0
      vertex -9.48298 5.475 0
    endloop
  endfacet
  facet normal 0 0 -1
    outer loop
      vertex -9.9762 -4.5 0
      vertex -13.75 0 0
      vertex -9.9762 4.5 0
    endloop
  endfacet
  facet normal 0 0 -1
    outer loop
      vertex -9.9762 -4.5 0
      vertex -13.7536 -0.111185 0
      vertex -13.75 0 0
    endloop
  endfacet
  facet normal 0 0 -1
    outer loop
      vertex -9.9762 -4.5 0
      vertex -13.7645 -0.221894 0
      vertex -13.7536 -0.111185 0
    endloop
  endfacet
  facet normal 0 0 -1
    outer loop
      vertex -9.9762 -4.5 0
      vertex -13.7827 -0.331653 0
      vertex -13.7645 -0.221894 0
    endloop
  endfacet
  facet normal 0 0 -1
    outer loop
      vertex -9.9762 -4.5 0
      vertex -13.8079 -0.439992 0
      vertex -13.7827 -0.331653 0
    endloop
  endfacet
  facet normal 0 0 -1
    outer loop
      vertex -9.9762 -4.5 0
      vertex -13.8402 -0.546447 0
      vertex -13.8079 -0.439992 0
    endloop
  endfacet
  facet normal 0 0 -1
    outer loop
      vertex -9.9762 -4.5 0
      vertex -13.8794 -0.650561 0
      vertex -13.8402 -0.546447 0
    endloop
  endfacet
  facet normal 0 0 -1
    outer loop
      vertex -9.9762 -4.5 0
      vertex -13.9253 -0.75189 0
      vertex -13.8794 -0.650561 0
    endloop
  endfacet
  facet normal 0 0 -1
    outer loop
      vertex -9.9762 -4.5 0
      vertex -13.9778 -0.849999 0
      vertex -13.9253 -0.75189 0
    endloop
  endfacet
  facet normal 0 0 -1
    outer loop
      vertex -9.9762 -4.5 0
      vertex -14.0365 -0.944468 0
      vertex -13.9778 -0.849999 0
    endloop
  endfacet
  facet normal 0 0 -1
    outer loop
      vertex -9.9762 -4.5 0
      vertex -14.1013 -1.03489 0
      vertex -14.0365 -0.944468 0
    endloop
  endfacet
  facet normal 0 0 -1
    outer loop
      vertex -9.9762 -4.5 0
      vertex -14.1719 -1.12089 0
      vertex -14.1013 -1.03489 0
    endloop
  endfacet
  facet normal 0 0 -1
    outer loop
      vertex -9.9762 -4.5 0
      vertex -14.2479 -1.20208 0
      vertex -14.1719 -1.12089 0
    endloop
  endfacet
  facet normal 0 0 -1
    outer loop
      vertex -9.9762 -4.5 0
      vertex -14.3291 -1.27813 0
      vertex -14.2479 -1.20208 0
    endloop
  endfacet
  facet normal 0 0 -1
    outer loop
      vertex -14.95 -4.5 0
      vertex -14.3291 -1.27813 0
      vertex -9.9762 -4.5 0
    endloop
  endfacet
  facet normal 0 0 -1
    outer loop
      vertex -14.3291 -1.27813 0
      vertex -14.95 -4.5 0
      vertex -14.4151 -1.3487 0
    endloop
  endfacet
  facet normal 0 0 -1
    outer loop
      vertex -14.4151 -1.3487 0
      vertex -14.95 -4.5 0
      vertex -14.5055 -1.4135 0
    endloop
  endfacet
  facet normal 0 0 -1
    outer loop
      vertex -14.5055 -1.4135 0
      vertex -14.95 -4.5 0
      vertex -14.6 -1.47224 0
    endloop
  endfacet
  facet normal 0 0 -1
    outer loop
      vertex -14.6 -1.47224 0
      vertex -14.95 -4.5 0
      vertex -14.6981 -1.52468 0
    endloop
  endfacet
  facet normal 0 0 -1
    outer loop
      vertex -14.6981 -1.52468 0
      vertex -14.95 -4.5 0
      vertex -14.7994 -1.57059 0
    endloop
  endfacet
  facet normal 0 0 -1
    outer loop
      vertex -14.7994 -1.57059 0
      vertex -14.95 -4.5 0
      vertex -14.9036 -1.60978 0
    endloop
  endfacet
  facet normal 0 0 -1
    outer loop
      vertex -14.9036 -1.60978 0
      vertex -14.95 -4.5 0
      vertex -14.95 -1.62387 0
    endloop
  endfacet
  facet normal 0 0 -1
    outer loop
      vertex -13.7536 0.111185 0
      vertex -9.9762 4.5 0
      vertex -13.75 0 0
    endloop
  endfacet
  facet normal 0 0 -1
    outer loop
      vertex -13.7645 0.221894 0
      vertex -9.9762 4.5 0
      vertex -13.7536 0.111185 0
    endloop
  endfacet
  facet normal 0 0 -1
    outer loop
      vertex -13.7827 0.331653 0
      vertex -9.9762 4.5 0
      vertex -13.7645 0.221894 0
    endloop
  endfacet
  facet normal 0 0 -1
    outer loop
      vertex -13.8079 0.439992 0
      vertex -9.9762 4.5 0
      vertex -13.7827 0.331653 0
    endloop
  endfacet
  facet normal 0 0 -1
    outer loop
      vertex -13.8402 0.546447 0
      vertex -9.9762 4.5 0
      vertex -13.8079 0.439992 0
    endloop
  endfacet
  facet normal 0 0 -1
    outer loop
      vertex -13.8794 0.650561 0
      vertex -9.9762 4.5 0
      vertex -13.8402 0.546447 0
    endloop
  endfacet
  facet normal 0 0 -1
    outer loop
      vertex -13.9253 0.75189 0
      vertex -9.9762 4.5 0
      vertex -13.8794 0.650561 0
    endloop
  endfacet
  facet normal 0 0 -1
    outer loop
      vertex -13.9778 0.849999 0
      vertex -9.9762 4.5 0
      vertex -13.9253 0.75189 0
    endloop
  endfacet
  facet normal 0 0 -1
    outer loop
      vertex -14.0365 0.944468 0
      vertex -9.9762 4.5 0
      vertex -13.9778 0.849999 0
    endloop
  endfacet
  facet normal 0 0 -1
    outer loop
      vertex -14.1013 1.03489 0
      vertex -9.9762 4.5 0
      vertex -14.0365 0.944468 0
    endloop
  endfacet
  facet normal 0 0 -1
    outer loop
      vertex -14.1719 1.12089 0
      vertex -9.9762 4.5 0
      vertex -14.1013 1.03489 0
    endloop
  endfacet
  facet normal 0 0 -1
    outer loop
      vertex -14.2479 1.20208 0
      vertex -9.9762 4.5 0
      vertex -14.1719 1.12089 0
    endloop
  endfacet
  facet normal 0 0 -1
    outer loop
      vertex -14.3291 1.27813 0
      vertex -9.9762 4.5 0
      vertex -14.2479 1.20208 0
    endloop
  endfacet
  facet normal 0 0 -1
    outer loop
      vertex -14.95 4.5 0
      vertex -14.3291 1.27813 0
      vertex -14.4151 1.3487 0
    endloop
  endfacet
  facet normal 0 0 -1
    outer loop
      vertex -14.95 4.5 0
      vertex -14.4151 1.3487 0
      vertex -14.5055 1.4135 0
    endloop
  endfacet
  facet normal 0 0 -1
    outer loop
      vertex -14.95 4.5 0
      vertex -14.5055 1.4135 0
      vertex -14.6 1.47224 0
    endloop
  endfacet
  facet normal 0 0 -1
    outer loop
      vertex -14.95 4.5 0
      vertex -14.6 1.47224 0
      vertex -14.6981 1.52468 0
    endloop
  endfacet
  facet normal 0 0 -1
    outer loop
      vertex -14.95 4.5 0
      vertex -14.6981 1.52468 0
      vertex -14.7994 1.57059 0
    endloop
  endfacet
  facet normal 0 0 -1
    outer loop
      vertex -14.95 4.5 0
      vertex -14.7994 1.57059 0
      vertex -14.9036 1.60978 0
    endloop
  endfacet
  facet normal 0 0 -1
    outer loop
      vertex -14.95 4.5 0
      vertex -14.9036 1.60978 0
      vertex -14.95 1.62387 0
    endloop
  endfacet
  facet normal 0 0 -1
    outer loop
      vertex -14.3291 1.27813 0
      vertex -14.95 4.5 0
      vertex -9.9762 4.5 0
    endloop
  endfacet
  facet normal -0.412724 -0.910856 0
    outer loop
      vertex -4.84306 -9.82076 0
      vertex -4.19038 -10.1165 7
      vertex -4.84306 -9.82076 7
    endloop
  endfacet
  facet normal -0.412724 -0.910856 -0
    outer loop
      vertex -4.19038 -10.1165 7
      vertex -4.84306 -9.82076 0
      vertex -4.19038 -10.1165 0
    endloop
  endfacet
  facet normal -0.849205 -0.528063 0
    outer loop
      vertex 7.57772 4.375 0
      vertex 7.27536 4.86124 7
      vertex 7.27536 4.86124 0
    endloop
  endfacet
  facet normal -0.849205 -0.528063 0
    outer loop
      vertex 7.27536 4.86124 7
      vertex 7.57772 4.375 0
      vertex 7.57772 4.375 7
    endloop
  endfacet
  facet normal 0.162892 0.986644 -0
    outer loop
      vertex -1.1421 -8.67514 0
      vertex -1.70704 -8.58187 7
      vertex -1.1421 -8.67514 7
    endloop
  endfacet
  facet normal 0.162892 0.986644 0
    outer loop
      vertex -1.70704 -8.58187 7
      vertex -1.1421 -8.67514 0
      vertex -1.70704 -8.58187 0
    endloop
  endfacet
  facet normal -0.528063 0.849205 0
    outer loop
      vertex 4.86124 -7.27536 0
      vertex 4.375 -7.57772 7
      vertex 4.86124 -7.27536 7
    endloop
  endfacet
  facet normal -0.528063 0.849205 0
    outer loop
      vertex 4.375 -7.57772 7
      vertex 4.86124 -7.27536 0
      vertex 4.375 -7.57772 0
    endloop
  endfacet
  facet normal 0.471407 0.881916 -0
    outer loop
      vertex -3.87003 -7.84764 0
      vertex -4.375 -7.57772 7
      vertex -3.87003 -7.84764 7
    endloop
  endfacet
  facet normal 0.471407 0.881916 0
    outer loop
      vertex -4.375 -7.57772 7
      vertex -3.87003 -7.84764 0
      vertex -4.375 -7.57772 0
    endloop
  endfacet
  facet normal -0.683605 0.729852 0
    outer loop
      vertex 6.18718 -6.18718 0
      vertex 5.76928 -6.5786 7
      vertex 6.18718 -6.18718 7
    endloop
  endfacet
  facet normal -0.683605 0.729852 0
    outer loop
      vertex 5.76928 -6.5786 7
      vertex 6.18718 -6.18718 0
      vertex 5.76928 -6.5786 0
    endloop
  endfacet
  facet normal -0.973877 -0.227074 0
    outer loop
      vertex 8.58187 1.70704 0
      vertex 8.45185 2.26467 7
      vertex 8.45185 2.26467 0
    endloop
  endfacet
  facet normal -0.973877 -0.227074 0
    outer loop
      vertex 8.45185 2.26467 7
      vertex 8.58187 1.70704 0
      vertex 8.58187 1.70704 7
    endloop
  endfacet
  facet normal -0.0327114 0.999465 0
    outer loop
      vertex 0.572277 -8.73127 0
      vertex 0 -8.75 7
      vertex 0.572277 -8.73127 7
    endloop
  endfacet
  facet normal -0.0327114 0.999465 0
    outer loop
      vertex 0 -8.75 7
      vertex 0.572277 -8.73127 0
      vertex 0 -8.75 0
    endloop
  endfacet
  facet normal -0.634384 -0.773018 0
    outer loop
      vertex 5.32666 6.94184 0
      vertex 5.76928 6.5786 7
      vertex 5.32666 6.94184 7
    endloop
  endfacet
  facet normal -0.634384 -0.773018 -0
    outer loop
      vertex 5.76928 6.5786 7
      vertex 5.32666 6.94184 0
      vertex 5.76928 6.5786 0
    endloop
  endfacet
  facet normal -0.910865 -0.412705 0
    outer loop
      vertex 8.08395 3.34848 0
      vertex 7.84764 3.87003 7
      vertex 7.84764 3.87003 0
    endloop
  endfacet
  facet normal -0.910865 -0.412705 0
    outer loop
      vertex 7.84764 3.87003 7
      vertex 8.08395 3.34848 0
      vertex 8.08395 3.34848 7
    endloop
  endfacet
  facet normal 0.812843 -0.582483 0
    outer loop
      vertex -7.27536 4.86124 7
      vertex -6.94184 5.32666 0
      vertex -6.94184 5.32666 7
    endloop
  endfacet
  facet normal 0.812843 -0.582483 0
    outer loop
      vertex -6.94184 5.32666 0
      vertex -7.27536 4.86124 7
      vertex -7.27536 4.86124 0
    endloop
  endfacet
  facet normal -0.995183 -0.0980298 0
    outer loop
      vertex 8.73127 0.572277 0
      vertex 8.67514 1.1421 7
      vertex 8.67514 1.1421 0
    endloop
  endfacet
  facet normal -0.995183 -0.0980298 0
    outer loop
      vertex 8.67514 1.1421 7
      vertex 8.73127 0.572277 0
      vertex 8.73127 0.572277 7
    endloop
  endfacet
  facet normal 0.729852 -0.683605 0
    outer loop
      vertex -6.5786 5.76928 7
      vertex -6.18718 6.18718 0
      vertex -6.18718 6.18718 7
    endloop
  endfacet
  facet normal 0.729852 -0.683605 0
    outer loop
      vertex -6.18718 6.18718 0
      vertex -6.5786 5.76928 7
      vertex -6.5786 5.76928 0
    endloop
  endfacet
  facet normal -0.773018 0.634384 0
    outer loop
      vertex 6.5786 -5.76928 0
      vertex 6.94184 -5.32666 7
      vertex 6.94184 -5.32666 0
    endloop
  endfacet
  facet normal -0.773018 0.634384 0
    outer loop
      vertex 6.94184 -5.32666 7
      vertex 6.5786 -5.76928 0
      vertex 6.5786 -5.76928 7
    endloop
  endfacet
  facet normal 0.352243 0.935909 -0
    outer loop
      vertex -2.81259 -8.28564 0
      vertex -3.34848 -8.08395 7
      vertex -2.81259 -8.28564 7
    endloop
  endfacet
  facet normal 0.352243 0.935909 0
    outer loop
      vertex -3.34848 -8.08395 7
      vertex -2.81259 -8.28564 0
      vertex -3.34848 -8.08395 0
    endloop
  endfacet
  facet normal -0.999465 -0.0327114 0
    outer loop
      vertex 8.75 0 0
      vertex 8.73127 0.572277 7
      vertex 8.73127 0.572277 0
    endloop
  endfacet
  facet normal -0.999465 -0.0327114 0
    outer loop
      vertex 8.73127 0.572277 7
      vertex 8.75 0 0
      vertex 8.75 0 7
    endloop
  endfacet
  facet normal -0.935909 0.352243 0
    outer loop
      vertex 8.08395 -3.34848 0
      vertex 8.28564 -2.81259 7
      vertex 8.28564 -2.81259 0
    endloop
  endfacet
  facet normal -0.935909 0.352243 0
    outer loop
      vertex 8.28564 -2.81259 7
      vertex 8.08395 -3.34848 0
      vertex 8.08395 -3.34848 7
    endloop
  endfacet
  facet normal 0.634384 -0.773018 0
    outer loop
      vertex -5.76928 6.5786 0
      vertex -5.32666 6.94184 7
      vertex -5.76928 6.5786 7
    endloop
  endfacet
  facet normal 0.634384 -0.773018 0
    outer loop
      vertex -5.32666 6.94184 7
      vertex -5.76928 6.5786 0
      vertex -5.32666 6.94184 0
    endloop
  endfacet
  facet normal -0.582483 -0.812843 0
    outer loop
      vertex 4.86124 7.27536 0
      vertex 5.32666 6.94184 7
      vertex 4.86124 7.27536 7
    endloop
  endfacet
  facet normal -0.582483 -0.812843 -0
    outer loop
      vertex 5.32666 6.94184 7
      vertex 4.86124 7.27536 0
      vertex 5.32666 6.94184 0
    endloop
  endfacet
  facet normal 0.812843 0.582483 0
    outer loop
      vertex -6.94184 -5.32666 7
      vertex -7.27536 -4.86124 0
      vertex -7.27536 -4.86124 7
    endloop
  endfacet
  facet normal 0.812843 0.582483 0
    outer loop
      vertex -7.27536 -4.86124 0
      vertex -6.94184 -5.32666 7
      vertex -6.94184 -5.32666 0
    endloop
  endfacet
  facet normal -0.973877 0.227074 0
    outer loop
      vertex 8.45185 -2.26467 0
      vertex 8.58187 -1.70704 7
      vertex 8.58187 -1.70704 0
    endloop
  endfacet
  facet normal -0.973877 0.227074 0
    outer loop
      vertex 8.58187 -1.70704 7
      vertex 8.45185 -2.26467 0
      vertex 8.45185 -2.26467 7
    endloop
  endfacet
  facet normal -0.881916 -0.471407 0
    outer loop
      vertex 7.84764 3.87003 0
      vertex 7.57772 4.375 7
      vertex 7.57772 4.375 0
    endloop
  endfacet
  facet normal -0.881916 -0.471407 0
    outer loop
      vertex 7.57772 4.375 7
      vertex 7.84764 3.87003 0
      vertex 7.84764 3.87003 7
    endloop
  endfacet
  facet normal 0.729852 0.683605 0
    outer loop
      vertex -6.18718 -6.18718 7
      vertex -6.5786 -5.76928 0
      vertex -6.5786 -5.76928 7
    endloop
  endfacet
  facet normal 0.729852 0.683605 0
    outer loop
      vertex -6.5786 -5.76928 0
      vertex -6.18718 -6.18718 7
      vertex -6.18718 -6.18718 0
    endloop
  endfacet
  facet normal -0.471407 0.881916 0
    outer loop
      vertex 4.375 -7.57772 0
      vertex 3.87003 -7.84764 7
      vertex 4.375 -7.57772 7
    endloop
  endfacet
  facet normal -0.471407 0.881916 0
    outer loop
      vertex 3.87003 -7.84764 7
      vertex 4.375 -7.57772 0
      vertex 3.87003 -7.84764 0
    endloop
  endfacet
  facet normal -0.910865 0.412705 0
    outer loop
      vertex 7.84764 -3.87003 0
      vertex 8.08395 -3.34848 7
      vertex 8.08395 -3.34848 0
    endloop
  endfacet
  facet normal -0.910865 0.412705 0
    outer loop
      vertex 8.08395 -3.34848 7
      vertex 7.84764 -3.87003 0
      vertex 7.84764 -3.87003 7
    endloop
  endfacet
  facet normal -0.999465 0.0327114 0
    outer loop
      vertex 8.73127 -0.572277 0
      vertex 8.75 0 7
      vertex 8.75 0 0
    endloop
  endfacet
  facet normal -0.999465 0.0327114 0
    outer loop
      vertex 8.75 0 7
      vertex 8.73127 -0.572277 0
      vertex 8.73127 -0.572277 7
    endloop
  endfacet
  facet normal -0.582483 0.812843 0
    outer loop
      vertex 5.32666 -6.94184 0
      vertex 4.86124 -7.27536 7
      vertex 5.32666 -6.94184 7
    endloop
  endfacet
  facet normal -0.582483 0.812843 0
    outer loop
      vertex 4.86124 -7.27536 7
      vertex 5.32666 -6.94184 0
      vertex 4.86124 -7.27536 0
    endloop
  endfacet
  facet normal 0.849206 0.528062 0
    outer loop
      vertex -7.27536 -4.86124 7
      vertex -7.49999 -4.5 0
      vertex -7.49999 -4.5 7
    endloop
  endfacet
  facet normal 0.849206 0.528062 0
    outer loop
      vertex -7.49999 -4.5 0
      vertex -7.27536 -4.86124 7
      vertex -7.27536 -4.86124 0
    endloop
  endfacet
  facet normal -0.935909 -0.352243 0
    outer loop
      vertex 8.28564 2.81259 0
      vertex 8.08395 3.34848 7
      vertex 8.08395 3.34848 0
    endloop
  endfacet
  facet normal -0.935909 -0.352243 0
    outer loop
      vertex 8.08395 3.34848 7
      vertex 8.28564 2.81259 0
      vertex 8.28564 2.81259 7
    endloop
  endfacet
  facet normal 0.227074 0.973877 -0
    outer loop
      vertex -1.70704 -8.58187 0
      vertex -2.26467 -8.45185 7
      vertex -1.70704 -8.58187 7
    endloop
  endfacet
  facet normal 0.227074 0.973877 0
    outer loop
      vertex -2.26467 -8.45185 7
      vertex -1.70704 -8.58187 0
      vertex -2.26467 -8.45185 0
    endloop
  endfacet
  facet normal 0.773018 0.634384 0
    outer loop
      vertex -6.5786 -5.76928 7
      vertex -6.94184 -5.32666 0
      vertex -6.94184 -5.32666 7
    endloop
  endfacet
  facet normal 0.773018 0.634384 0
    outer loop
      vertex -6.94184 -5.32666 0
      vertex -6.5786 -5.76928 7
      vertex -6.5786 -5.76928 0
    endloop
  endfacet
  facet normal 0.528087 -0.84919 0
    outer loop
      vertex -4.86124 7.27536 0
      vertex -4.8125 7.30567 7
      vertex -4.86124 7.27536 7
    endloop
  endfacet
  facet normal 0.528087 -0.84919 0
    outer loop
      vertex -4.8125 7.30567 7
      vertex -4.86124 7.27536 0
      vertex -4.8125 7.30567 0
    endloop
  endfacet
  facet normal -0.162892 0.986644 0
    outer loop
      vertex 1.70704 -8.58187 0
      vertex 1.1421 -8.67514 7
      vertex 1.70704 -8.58187 7
    endloop
  endfacet
  facet normal -0.162892 0.986644 0
    outer loop
      vertex 1.1421 -8.67514 7
      vertex 1.70704 -8.58187 0
      vertex 1.1421 -8.67514 0
    endloop
  endfacet
  facet normal 0.849206 -0.528062 0
    outer loop
      vertex -7.49999 4.5 7
      vertex -7.27536 4.86124 0
      vertex -7.27536 4.86124 7
    endloop
  endfacet
  facet normal 0.849206 -0.528062 0
    outer loop
      vertex -7.27536 4.86124 0
      vertex -7.49999 4.5 7
      vertex -7.49999 4.5 0
    endloop
  endfacet
  facet normal -0.95694 -0.290285 0
    outer loop
      vertex 8.45185 2.26467 0
      vertex 8.28564 2.81259 7
      vertex 8.28564 2.81259 0
    endloop
  endfacet
  facet normal -0.95694 -0.290285 0
    outer loop
      vertex 8.28564 2.81259 7
      vertex 8.45185 2.26467 0
      vertex 8.45185 2.26467 7
    endloop
  endfacet
  facet normal -0.812843 0.582483 0
    outer loop
      vertex 6.94184 -5.32666 0
      vertex 7.27536 -4.86124 7
      vertex 7.27536 -4.86124 0
    endloop
  endfacet
  facet normal -0.812843 0.582483 0
    outer loop
      vertex 7.27536 -4.86124 7
      vertex 6.94184 -5.32666 0
      vertex 6.94184 -5.32666 7
    endloop
  endfacet
  facet normal 0.683605 -0.729852 0
    outer loop
      vertex -6.18718 6.18718 0
      vertex -5.76928 6.5786 7
      vertex -6.18718 6.18718 7
    endloop
  endfacet
  facet normal 0.683605 -0.729852 0
    outer loop
      vertex -5.76928 6.5786 7
      vertex -6.18718 6.18718 0
      vertex -5.76928 6.5786 0
    endloop
  endfacet
  facet normal -0.683605 -0.729852 0
    outer loop
      vertex 5.76928 6.5786 0
      vertex 6.18718 6.18718 7
      vertex 5.76928 6.5786 7
    endloop
  endfacet
  facet normal -0.683605 -0.729852 -0
    outer loop
      vertex 6.18718 6.18718 7
      vertex 5.76928 6.5786 0
      vertex 6.18718 6.18718 0
    endloop
  endfacet
  facet normal -0.0980298 0.995183 0
    outer loop
      vertex 1.1421 -8.67514 0
      vertex 0.572277 -8.73127 7
      vertex 1.1421 -8.67514 7
    endloop
  endfacet
  facet normal -0.0980298 0.995183 0
    outer loop
      vertex 0.572277 -8.73127 7
      vertex 1.1421 -8.67514 0
      vertex 0.572277 -8.73127 0
    endloop
  endfacet
  facet normal -0.729852 -0.683605 0
    outer loop
      vertex 6.5786 5.76928 0
      vertex 6.18718 6.18718 7
      vertex 6.18718 6.18718 0
    endloop
  endfacet
  facet normal -0.729852 -0.683605 0
    outer loop
      vertex 6.18718 6.18718 7
      vertex 6.5786 5.76928 0
      vertex 6.5786 5.76928 7
    endloop
  endfacet
  facet normal -0.812843 -0.582483 0
    outer loop
      vertex 7.27536 4.86124 0
      vertex 6.94184 5.32666 7
      vertex 6.94184 5.32666 0
    endloop
  endfacet
  facet normal -0.812843 -0.582483 0
    outer loop
      vertex 6.94184 5.32666 7
      vertex 7.27536 4.86124 0
      vertex 7.27536 4.86124 7
    endloop
  endfacet
  facet normal -0.729852 0.683605 0
    outer loop
      vertex 6.18718 -6.18718 0
      vertex 6.5786 -5.76928 7
      vertex 6.5786 -5.76928 0
    endloop
  endfacet
  facet normal -0.729852 0.683605 0
    outer loop
      vertex 6.5786 -5.76928 7
      vertex 6.18718 -6.18718 0
      vertex 6.18718 -6.18718 7
    endloop
  endfacet
  facet normal -0.227074 0.973877 0
    outer loop
      vertex 2.26467 -8.45185 0
      vertex 1.70704 -8.58187 7
      vertex 2.26467 -8.45185 7
    endloop
  endfacet
  facet normal -0.227074 0.973877 0
    outer loop
      vertex 1.70704 -8.58187 7
      vertex 2.26467 -8.45185 0
      vertex 1.70704 -8.58187 0
    endloop
  endfacet
  facet normal -0.995183 0.0980298 0
    outer loop
      vertex 8.67514 -1.1421 0
      vertex 8.73127 -0.572277 7
      vertex 8.73127 -0.572277 0
    endloop
  endfacet
  facet normal -0.995183 0.0980298 0
    outer loop
      vertex 8.73127 -0.572277 7
      vertex 8.67514 -1.1421 0
      vertex 8.67514 -1.1421 7
    endloop
  endfacet
  facet normal -0.986644 -0.162892 0
    outer loop
      vertex 8.67514 1.1421 0
      vertex 8.58187 1.70704 7
      vertex 8.58187 1.70704 0
    endloop
  endfacet
  facet normal -0.986644 -0.162892 0
    outer loop
      vertex 8.58187 1.70704 7
      vertex 8.67514 1.1421 0
      vertex 8.67514 1.1421 7
    endloop
  endfacet
  facet normal -0.986644 0.162892 0
    outer loop
      vertex 8.58187 -1.70704 0
      vertex 8.67514 -1.1421 7
      vertex 8.67514 -1.1421 0
    endloop
  endfacet
  facet normal -0.986644 0.162892 0
    outer loop
      vertex 8.67514 -1.1421 7
      vertex 8.58187 -1.70704 0
      vertex 8.58187 -1.70704 7
    endloop
  endfacet
  facet normal 0.683605 0.729852 -0
    outer loop
      vertex -5.76928 -6.5786 0
      vertex -6.18718 -6.18718 7
      vertex -5.76928 -6.5786 7
    endloop
  endfacet
  facet normal 0.683605 0.729852 0
    outer loop
      vertex -6.18718 -6.18718 7
      vertex -5.76928 -6.5786 0
      vertex -6.18718 -6.18718 0
    endloop
  endfacet
  facet normal -0.95694 0.290285 0
    outer loop
      vertex 8.28564 -2.81259 0
      vertex 8.45185 -2.26467 7
      vertex 8.45185 -2.26467 0
    endloop
  endfacet
  facet normal -0.95694 0.290285 0
    outer loop
      vertex 8.45185 -2.26467 7
      vertex 8.28564 -2.81259 0
      vertex 8.28564 -2.81259 7
    endloop
  endfacet
  facet normal -0.412705 0.910865 0
    outer loop
      vertex 3.87003 -7.84764 0
      vertex 3.34848 -8.08395 7
      vertex 3.87003 -7.84764 7
    endloop
  endfacet
  facet normal -0.412705 0.910865 0
    outer loop
      vertex 3.34848 -8.08395 7
      vertex 3.87003 -7.84764 0
      vertex 3.34848 -8.08395 0
    endloop
  endfacet
  facet normal -0.881916 0.471407 0
    outer loop
      vertex 7.57772 -4.375 0
      vertex 7.84764 -3.87003 7
      vertex 7.84764 -3.87003 0
    endloop
  endfacet
  facet normal -0.881916 0.471407 0
    outer loop
      vertex 7.84764 -3.87003 7
      vertex 7.57772 -4.375 0
      vertex 7.57772 -4.375 7
    endloop
  endfacet
  facet normal -0.773018 -0.634384 0
    outer loop
      vertex 6.94184 5.32666 0
      vertex 6.5786 5.76928 7
      vertex 6.5786 5.76928 0
    endloop
  endfacet
  facet normal -0.773018 -0.634384 0
    outer loop
      vertex 6.5786 5.76928 7
      vertex 6.94184 5.32666 0
      vertex 6.94184 5.32666 7
    endloop
  endfacet
  facet normal 0.528063 0.849205 -0
    outer loop
      vertex -4.375 -7.57772 0
      vertex -4.86124 -7.27536 7
      vertex -4.375 -7.57772 7
    endloop
  endfacet
  facet normal 0.528063 0.849205 0
    outer loop
      vertex -4.86124 -7.27536 7
      vertex -4.375 -7.57772 0
      vertex -4.86124 -7.27536 0
    endloop
  endfacet
  facet normal 0.290285 0.95694 -0
    outer loop
      vertex -2.26467 -8.45185 0
      vertex -2.81259 -8.28564 7
      vertex -2.26467 -8.45185 7
    endloop
  endfacet
  facet normal 0.290285 0.95694 0
    outer loop
      vertex -2.81259 -8.28564 7
      vertex -2.26467 -8.45185 0
      vertex -2.81259 -8.28564 0
    endloop
  endfacet
  facet normal 0.634384 0.773018 -0
    outer loop
      vertex -5.32666 -6.94184 0
      vertex -5.76928 -6.5786 7
      vertex -5.32666 -6.94184 7
    endloop
  endfacet
  facet normal 0.634384 0.773018 0
    outer loop
      vertex -5.76928 -6.5786 7
      vertex -5.32666 -6.94184 0
      vertex -5.76928 -6.5786 0
    endloop
  endfacet
  facet normal -0.290285 0.95694 0
    outer loop
      vertex 2.81259 -8.28564 0
      vertex 2.26467 -8.45185 7
      vertex 2.81259 -8.28564 7
    endloop
  endfacet
  facet normal -0.290285 0.95694 0
    outer loop
      vertex 2.26467 -8.45185 7
      vertex 2.81259 -8.28564 0
      vertex 2.26467 -8.45185 0
    endloop
  endfacet
  facet normal 0.412705 0.910865 -0
    outer loop
      vertex -3.34848 -8.08395 0
      vertex -3.87003 -7.84764 7
      vertex -3.34848 -8.08395 7
    endloop
  endfacet
  facet normal 0.412705 0.910865 0
    outer loop
      vertex -3.87003 -7.84764 7
      vertex -3.34848 -8.08395 0
      vertex -3.87003 -7.84764 0
    endloop
  endfacet
  facet normal 0.773018 -0.634384 0
    outer loop
      vertex -6.94184 5.32666 7
      vertex -6.5786 5.76928 0
      vertex -6.5786 5.76928 7
    endloop
  endfacet
  facet normal 0.773018 -0.634384 0
    outer loop
      vertex -6.5786 5.76928 0
      vertex -6.94184 5.32666 7
      vertex -6.94184 5.32666 0
    endloop
  endfacet
  facet normal -0.849205 0.528063 0
    outer loop
      vertex 7.27536 -4.86124 0
      vertex 7.57772 -4.375 7
      vertex 7.57772 -4.375 0
    endloop
  endfacet
  facet normal -0.849205 0.528063 0
    outer loop
      vertex 7.57772 -4.375 7
      vertex 7.27536 -4.86124 0
      vertex 7.27536 -4.86124 7
    endloop
  endfacet
  facet normal 0.582483 -0.812843 0
    outer loop
      vertex -5.32666 6.94184 0
      vertex -4.86124 7.27536 7
      vertex -5.32666 6.94184 7
    endloop
  endfacet
  facet normal 0.582483 -0.812843 0
    outer loop
      vertex -4.86124 7.27536 7
      vertex -5.32666 6.94184 0
      vertex -4.86124 7.27536 0
    endloop
  endfacet
  facet normal 0.582483 0.812843 -0
    outer loop
      vertex -4.86124 -7.27536 0
      vertex -5.32666 -6.94184 7
      vertex -4.86124 -7.27536 7
    endloop
  endfacet
  facet normal 0.582483 0.812843 0
    outer loop
      vertex -5.32666 -6.94184 7
      vertex -4.86124 -7.27536 0
      vertex -5.32666 -6.94184 0
    endloop
  endfacet
  facet normal -0.528087 -0.84919 0
    outer loop
      vertex 4.8125 7.30567 0
      vertex 4.86124 7.27536 7
      vertex 4.8125 7.30567 7
    endloop
  endfacet
  facet normal -0.528087 -0.84919 -0
    outer loop
      vertex 4.86124 7.27536 7
      vertex 4.8125 7.30567 0
      vertex 4.86124 7.27536 0
    endloop
  endfacet
  facet normal -0.634384 0.773018 0
    outer loop
      vertex 5.76928 -6.5786 0
      vertex 5.32666 -6.94184 7
      vertex 5.76928 -6.5786 7
    endloop
  endfacet
  facet normal -0.634384 0.773018 0
    outer loop
      vertex 5.32666 -6.94184 7
      vertex 5.76928 -6.5786 0
      vertex 5.32666 -6.94184 0
    endloop
  endfacet
  facet normal 0.0327114 0.999465 -0
    outer loop
      vertex 0 -8.75 0
      vertex -0.572277 -8.73127 7
      vertex 0 -8.75 7
    endloop
  endfacet
  facet normal 0.0327114 0.999465 0
    outer loop
      vertex -0.572277 -8.73127 7
      vertex 0 -8.75 0
      vertex -0.572277 -8.73127 0
    endloop
  endfacet
  facet normal 0.0980298 0.995183 -0
    outer loop
      vertex -0.572277 -8.73127 0
      vertex -1.1421 -8.67514 7
      vertex -0.572277 -8.73127 7
    endloop
  endfacet
  facet normal 0.0980298 0.995183 0
    outer loop
      vertex -1.1421 -8.67514 7
      vertex -0.572277 -8.73127 0
      vertex -1.1421 -8.67514 0
    endloop
  endfacet
  facet normal -0.352243 0.935909 0
    outer loop
      vertex 3.34848 -8.08395 0
      vertex 2.81259 -8.28564 7
      vertex 3.34848 -8.08395 7
    endloop
  endfacet
  facet normal -0.352243 0.935909 0
    outer loop
      vertex 2.81259 -8.28564 7
      vertex 3.34848 -8.08395 0
      vertex 2.81259 -8.28564 0
    endloop
  endfacet
  facet normal -1 0 0
    outer loop
      vertex 4.8125 7.30567 0
      vertex 4.8125 9.8346 7
      vertex 4.8125 9.8346 0
    endloop
  endfacet
  facet normal -1 -0 0
    outer loop
      vertex 4.8125 9.8346 7
      vertex 4.8125 7.30567 0
      vertex 4.8125 7.30567 7
    endloop
  endfacet
  facet normal 1 -0 0
    outer loop
      vertex -4.8125 7.30567 7
      vertex -4.8125 9.8346 0
      vertex -4.8125 9.8346 7
    endloop
  endfacet
  facet normal 1 0 0
    outer loop
      vertex -4.8125 9.8346 0
      vertex -4.8125 7.30567 7
      vertex -4.8125 7.30567 0
    endloop
  endfacet
  facet normal 1 -0 0
    outer loop
      vertex -5.95 -4.5 7
      vertex -5.95 4.5 0
      vertex -5.95 4.5 7
    endloop
  endfacet
  facet normal 1 0 0
    outer loop
      vertex -5.95 4.5 0
      vertex -5.95 -4.5 7
      vertex -5.95 -4.5 0
    endloop
  endfacet
  facet normal -1 0 0
    outer loop
      vertex -14.95 1.62387 0
      vertex -14.95 4.5 7
      vertex -14.95 4.5 0
    endloop
  endfacet
  facet normal -1 -0 0
    outer loop
      vertex -14.95 4.5 7
      vertex -14.95 1.62387 0
      vertex -14.95 1.62387 7
    endloop
  endfacet
  facet normal -1 0 0
    outer loop
      vertex -14.95 -4.5 0
      vertex -14.95 -1.62387 7
      vertex -14.95 -1.62387 0
    endloop
  endfacet
  facet normal -1 -0 0
    outer loop
      vertex -14.95 -1.62387 7
      vertex -14.95 -4.5 0
      vertex -14.95 -4.5 7
    endloop
  endfacet
  facet normal 0 1 -0
    outer loop
      vertex -9.9762 4.5 0
      vertex -14.95 4.5 7
      vertex -9.9762 4.5 7
    endloop
  endfacet
  facet normal 0 1 0
    outer loop
      vertex -14.95 4.5 7
      vertex -9.9762 4.5 0
      vertex -14.95 4.5 0
    endloop
  endfacet
  facet normal 0 1 -0
    outer loop
      vertex -5.95 4.5 0
      vertex -7.49999 4.5 7
      vertex -5.95 4.5 7
    endloop
  endfacet
  facet normal 0 1 0
    outer loop
      vertex -7.49999 4.5 7
      vertex -5.95 4.5 0
      vertex -7.49999 4.5 0
    endloop
  endfacet
  facet normal 0 -1 0
    outer loop
      vertex -14.95 -4.5 0
      vertex -9.9762 -4.5 7
      vertex -14.95 -4.5 7
    endloop
  endfacet
  facet normal 0 -1 -0
    outer loop
      vertex -9.9762 -4.5 7
      vertex -14.95 -4.5 0
      vertex -9.9762 -4.5 0
    endloop
  endfacet
  facet normal 0 -1 0
    outer loop
      vertex -7.49999 -4.5 0
      vertex -5.95 -4.5 7
      vertex -7.49999 -4.5 7
    endloop
  endfacet
  facet normal 0 -1 -0
    outer loop
      vertex -5.95 -4.5 7
      vertex -7.49999 -4.5 0
      vertex -5.95 -4.5 0
    endloop
  endfacet
  facet normal -0.995188 -0.0979826 0
    outer loop
      vertex -13.7536 0.111185 0
      vertex -13.7645 0.221894 7
      vertex -13.7645 0.221894 0
    endloop
  endfacet
  facet normal -0.995188 -0.0979826 0
    outer loop
      vertex -13.7645 0.221894 7
      vertex -13.7536 0.111185 0
      vertex -13.7536 0.111185 7
    endloop
  endfacet
  facet normal -0.999476 -0.0323615 0
    outer loop
      vertex -13.75 0 0
      vertex -13.7536 0.111185 7
      vertex -13.7536 0.111185 0
    endloop
  endfacet
  facet normal -0.999476 -0.0323615 0
    outer loop
      vertex -13.7536 0.111185 7
      vertex -13.75 0 0
      vertex -13.75 0 7
    endloop
  endfacet
  facet normal -0.986529 -0.163584 0
    outer loop
      vertex -13.7645 0.221894 0
      vertex -13.7827 0.331653 7
      vertex -13.7827 0.331653 0
    endloop
  endfacet
  facet normal -0.986529 -0.163584 0
    outer loop
      vertex -13.7827 0.331653 7
      vertex -13.7645 0.221894 0
      vertex -13.7645 0.221894 7
    endloop
  endfacet
  facet normal -0.412793 -0.910825 0
    outer loop
      vertex -14.7994 1.57059 0
      vertex -14.6981 1.52468 7
      vertex -14.7994 1.57059 7
    endloop
  endfacet
  facet normal -0.412793 -0.910825 -0
    outer loop
      vertex -14.6981 1.52468 7
      vertex -14.7994 1.57059 0
      vertex -14.6981 1.52468 0
    endloop
  endfacet
  facet normal -0.352029 -0.935989 0
    outer loop
      vertex -14.9036 1.60978 0
      vertex -14.7994 1.57059 7
      vertex -14.9036 1.60978 7
    endloop
  endfacet
  facet normal -0.352029 -0.935989 -0
    outer loop
      vertex -14.7994 1.57059 7
      vertex -14.9036 1.60978 0
      vertex -14.7994 1.57059 0
    endloop
  endfacet
  facet normal -0.812827 0.582504 0
    outer loop
      vertex -14.1013 -1.03489 0
      vertex -14.0365 -0.944468 7
      vertex -14.0365 -0.944468 0
    endloop
  endfacet
  facet normal -0.812827 0.582504 0
    outer loop
      vertex -14.0365 -0.944468 7
      vertex -14.1013 -1.03489 0
      vertex -14.1013 -1.03489 7
    endloop
  endfacet
  facet normal -0.412793 0.910825 0
    outer loop
      vertex -14.6981 -1.52468 0
      vertex -14.7994 -1.57059 7
      vertex -14.6981 -1.52468 7
    endloop
  endfacet
  facet normal -0.412793 0.910825 0
    outer loop
      vertex -14.7994 -1.57059 7
      vertex -14.6981 -1.52468 0
      vertex -14.7994 -1.57059 0
    endloop
  endfacet
  facet normal -0.999476 0.0323615 0
    outer loop
      vertex -13.7536 -0.111185 0
      vertex -13.75 0 7
      vertex -13.75 0 0
    endloop
  endfacet
  facet normal -0.999476 0.0323615 0
    outer loop
      vertex -13.75 0 7
      vertex -13.7536 -0.111185 0
      vertex -13.7536 -0.111185 7
    endloop
  endfacet
  facet normal -0.772915 -0.634509 0
    outer loop
      vertex -14.1013 1.03489 0
      vertex -14.1719 1.12089 7
      vertex -14.1719 1.12089 0
    endloop
  endfacet
  facet normal -0.772915 -0.634509 0
    outer loop
      vertex -14.1719 1.12089 7
      vertex -14.1013 1.03489 0
      vertex -14.1013 1.03489 7
    endloop
  endfacet
  facet normal -0.973998 -0.226555 0
    outer loop
      vertex -13.7827 0.331653 0
      vertex -13.8079 0.439992 7
      vertex -13.8079 0.439992 0
    endloop
  endfacet
  facet normal -0.973998 -0.226555 0
    outer loop
      vertex -13.8079 0.439992 7
      vertex -13.7827 0.331653 0
      vertex -13.7827 0.331653 7
    endloop
  endfacet
  facet normal -0.812827 -0.582504 0
    outer loop
      vertex -14.0365 0.944468 0
      vertex -14.1013 1.03489 7
      vertex -14.1013 1.03489 0
    endloop
  endfacet
  facet normal -0.812827 -0.582504 0
    outer loop
      vertex -14.1013 1.03489 7
      vertex -14.0365 0.944468 0
      vertex -14.0365 0.944468 7
    endloop
  endfacet
  facet normal -0.910903 0.412621 0
    outer loop
      vertex -13.9253 -0.75189 0
      vertex -13.8794 -0.650561 7
      vertex -13.8794 -0.650561 0
    endloop
  endfacet
  facet normal -0.910903 0.412621 0
    outer loop
      vertex -13.8794 -0.650561 7
      vertex -13.9253 -0.75189 0
      vertex -13.9253 -0.75189 7
    endloop
  endfacet
  facet normal -0.290563 -0.956856 0
    outer loop
      vertex -14.95 1.62387 0
      vertex -14.9036 1.60978 7
      vertex -14.95 1.62387 7
    endloop
  endfacet
  facet normal -0.290563 -0.956856 -0
    outer loop
      vertex -14.9036 1.60978 7
      vertex -14.95 1.62387 0
      vertex -14.9036 1.60978 0
    endloop
  endfacet
  facet normal -0.772915 0.634509 0
    outer loop
      vertex -14.1719 -1.12089 0
      vertex -14.1013 -1.03489 7
      vertex -14.1013 -1.03489 0
    endloop
  endfacet
  facet normal -0.772915 0.634509 0
    outer loop
      vertex -14.1013 -1.03489 7
      vertex -14.1719 -1.12089 0
      vertex -14.1719 -1.12089 7
    endloop
  endfacet
  facet normal -0.973998 0.226555 0
    outer loop
      vertex -13.8079 -0.439992 0
      vertex -13.7827 -0.331653 7
      vertex -13.7827 -0.331653 0
    endloop
  endfacet
  facet normal -0.973998 0.226555 0
    outer loop
      vertex -13.7827 -0.331653 7
      vertex -13.8079 -0.439992 0
      vertex -13.8079 -0.439992 7
    endloop
  endfacet
  facet normal -0.471428 -0.881905 0
    outer loop
      vertex -14.6981 1.52468 0
      vertex -14.6 1.47224 7
      vertex -14.6981 1.52468 7
    endloop
  endfacet
  facet normal -0.471428 -0.881905 -0
    outer loop
      vertex -14.6 1.47224 7
      vertex -14.6981 1.52468 0
      vertex -14.6 1.47224 0
    endloop
  endfacet
  facet normal -0.352029 0.935989 0
    outer loop
      vertex -14.7994 -1.57059 0
      vertex -14.9036 -1.60978 7
      vertex -14.7994 -1.57059 7
    endloop
  endfacet
  facet normal -0.352029 0.935989 0
    outer loop
      vertex -14.9036 -1.60978 7
      vertex -14.7994 -1.57059 0
      vertex -14.9036 -1.60978 0
    endloop
  endfacet
  facet normal -0.730056 -0.683388 0
    outer loop
      vertex -14.1719 1.12089 0
      vertex -14.2479 1.20208 7
      vertex -14.2479 1.20208 0
    endloop
  endfacet
  facet normal -0.730056 -0.683388 0
    outer loop
      vertex -14.2479 1.20208 7
      vertex -14.1719 1.12089 0
      vertex -14.1719 1.12089 7
    endloop
  endfacet
  facet normal -0.881698 -0.471814 0
    outer loop
      vertex -13.9253 0.75189 0
      vertex -13.9778 0.849999 7
      vertex -13.9778 0.849999 0
    endloop
  endfacet
  facet normal -0.881698 -0.471814 0
    outer loop
      vertex -13.9778 0.849999 7
      vertex -13.9253 0.75189 0
      vertex -13.9253 0.75189 7
    endloop
  endfacet
  facet normal -0.582598 -0.81276 0
    outer loop
      vertex -14.5055 1.4135 0
      vertex -14.4151 1.3487 7
      vertex -14.5055 1.4135 7
    endloop
  endfacet
  facet normal -0.582598 -0.81276 -0
    outer loop
      vertex -14.4151 1.3487 7
      vertex -14.5055 1.4135 0
      vertex -14.4151 1.3487 0
    endloop
  endfacet
  facet normal -0.956922 0.290344 0
    outer loop
      vertex -13.8402 -0.546447 0
      vertex -13.8079 -0.439992 7
      vertex -13.8079 -0.439992 0
    endloop
  endfacet
  facet normal -0.956922 0.290344 0
    outer loop
      vertex -13.8079 -0.439992 7
      vertex -13.8402 -0.546447 0
      vertex -13.8402 -0.546447 7
    endloop
  endfacet
  facet normal -0.683582 0.729873 0
    outer loop
      vertex -14.2479 -1.20208 0
      vertex -14.3291 -1.27813 7
      vertex -14.2479 -1.20208 7
    endloop
  endfacet
  facet normal -0.683582 0.729873 0
    outer loop
      vertex -14.3291 -1.27813 7
      vertex -14.2479 -1.20208 0
      vertex -14.3291 -1.27813 0
    endloop
  endfacet
  facet normal -0.910903 -0.412621 0
    outer loop
      vertex -13.8794 0.650561 0
      vertex -13.9253 0.75189 7
      vertex -13.9253 0.75189 0
    endloop
  endfacet
  facet normal -0.910903 -0.412621 0
    outer loop
      vertex -13.9253 0.75189 7
      vertex -13.8794 0.650561 0
      vertex -13.8794 0.650561 7
    endloop
  endfacet
  facet normal -0.935864 0.352362 0
    outer loop
      vertex -13.8794 -0.650561 0
      vertex -13.8402 -0.546447 7
      vertex -13.8402 -0.546447 0
    endloop
  endfacet
  facet normal -0.935864 0.352362 0
    outer loop
      vertex -13.8402 -0.546447 7
      vertex -13.8794 -0.650561 0
      vertex -13.8794 -0.650561 7
    endloop
  endfacet
  facet normal -0.935864 -0.352362 0
    outer loop
      vertex -13.8402 0.546447 0
      vertex -13.8794 0.650561 7
      vertex -13.8794 0.650561 0
    endloop
  endfacet
  facet normal -0.935864 -0.352362 0
    outer loop
      vertex -13.8794 0.650561 7
      vertex -13.8402 0.546447 0
      vertex -13.8402 0.546447 7
    endloop
  endfacet
  facet normal -0.634348 -0.773047 0
    outer loop
      vertex -14.4151 1.3487 0
      vertex -14.3291 1.27813 7
      vertex -14.4151 1.3487 7
    endloop
  endfacet
  facet normal -0.634348 -0.773047 -0
    outer loop
      vertex -14.3291 1.27813 7
      vertex -14.4151 1.3487 0
      vertex -14.3291 1.27813 0
    endloop
  endfacet
  facet normal -0.849382 0.527779 0
    outer loop
      vertex -14.0365 -0.944468 0
      vertex -13.9778 -0.849999 7
      vertex -13.9778 -0.849999 0
    endloop
  endfacet
  facet normal -0.849382 0.527779 0
    outer loop
      vertex -13.9778 -0.849999 7
      vertex -14.0365 -0.944468 0
      vertex -14.0365 -0.944468 7
    endloop
  endfacet
  facet normal -0.995188 0.0979826 0
    outer loop
      vertex -13.7645 -0.221894 0
      vertex -13.7536 -0.111185 7
      vertex -13.7536 -0.111185 0
    endloop
  endfacet
  facet normal -0.995188 0.0979826 0
    outer loop
      vertex -13.7536 -0.111185 7
      vertex -13.7645 -0.221894 0
      vertex -13.7645 -0.221894 7
    endloop
  endfacet
  facet normal -0.290563 0.956856 0
    outer loop
      vertex -14.9036 -1.60978 0
      vertex -14.95 -1.62387 7
      vertex -14.9036 -1.60978 7
    endloop
  endfacet
  facet normal -0.290563 0.956856 0
    outer loop
      vertex -14.95 -1.62387 7
      vertex -14.9036 -1.60978 0
      vertex -14.95 -1.62387 0
    endloop
  endfacet
  facet normal -0.471428 0.881905 0
    outer loop
      vertex -14.6 -1.47224 0
      vertex -14.6981 -1.52468 7
      vertex -14.6 -1.47224 7
    endloop
  endfacet
  facet normal -0.471428 0.881905 0
    outer loop
      vertex -14.6981 -1.52468 7
      vertex -14.6 -1.47224 0
      vertex -14.6981 -1.52468 0
    endloop
  endfacet
  facet normal -0.881698 0.471814 0
    outer loop
      vertex -13.9778 -0.849999 0
      vertex -13.9253 -0.75189 7
      vertex -13.9253 -0.75189 0
    endloop
  endfacet
  facet normal -0.881698 0.471814 0
    outer loop
      vertex -13.9253 -0.75189 7
      vertex -13.9778 -0.849999 0
      vertex -13.9778 -0.849999 7
    endloop
  endfacet
  facet normal -0.730056 0.683388 0
    outer loop
      vertex -14.2479 -1.20208 0
      vertex -14.1719 -1.12089 7
      vertex -14.1719 -1.12089 0
    endloop
  endfacet
  facet normal -0.730056 0.683388 0
    outer loop
      vertex -14.1719 -1.12089 7
      vertex -14.2479 -1.20208 0
      vertex -14.2479 -1.20208 7
    endloop
  endfacet
  facet normal -0.849382 -0.527779 0
    outer loop
      vertex -13.9778 0.849999 0
      vertex -14.0365 0.944468 7
      vertex -14.0365 0.944468 0
    endloop
  endfacet
  facet normal -0.849382 -0.527779 0
    outer loop
      vertex -14.0365 0.944468 7
      vertex -13.9778 0.849999 0
      vertex -13.9778 0.849999 7
    endloop
  endfacet
  facet normal -0.527913 0.849298 0
    outer loop
      vertex -14.5055 -1.4135 0
      vertex -14.6 -1.47224 7
      vertex -14.5055 -1.4135 7
    endloop
  endfacet
  facet normal -0.527913 0.849298 0
    outer loop
      vertex -14.6 -1.47224 7
      vertex -14.5055 -1.4135 0
      vertex -14.6 -1.47224 0
    endloop
  endfacet
  facet normal -0.956922 -0.290344 0
    outer loop
      vertex -13.8079 0.439992 0
      vertex -13.8402 0.546447 7
      vertex -13.8402 0.546447 0
    endloop
  endfacet
  facet normal -0.956922 -0.290344 0
    outer loop
      vertex -13.8402 0.546447 7
      vertex -13.8079 0.439992 0
      vertex -13.8079 0.439992 7
    endloop
  endfacet
  facet normal -0.683582 -0.729873 0
    outer loop
      vertex -14.3291 1.27813 0
      vertex -14.2479 1.20208 7
      vertex -14.3291 1.27813 7
    endloop
  endfacet
  facet normal -0.683582 -0.729873 -0
    outer loop
      vertex -14.2479 1.20208 7
      vertex -14.3291 1.27813 0
      vertex -14.2479 1.20208 0
    endloop
  endfacet
  facet normal -0.986529 0.163584 0
    outer loop
      vertex -13.7827 -0.331653 0
      vertex -13.7645 -0.221894 7
      vertex -13.7645 -0.221894 0
    endloop
  endfacet
  facet normal -0.986529 0.163584 0
    outer loop
      vertex -13.7645 -0.221894 7
      vertex -13.7827 -0.331653 0
      vertex -13.7827 -0.331653 7
    endloop
  endfacet
  facet normal -0.582598 0.81276 0
    outer loop
      vertex -14.4151 -1.3487 0
      vertex -14.5055 -1.4135 7
      vertex -14.4151 -1.3487 7
    endloop
  endfacet
  facet normal -0.582598 0.81276 0
    outer loop
      vertex -14.5055 -1.4135 7
      vertex -14.4151 -1.3487 0
      vertex -14.5055 -1.4135 0
    endloop
  endfacet
  facet normal -0.634348 0.773047 0
    outer loop
      vertex -14.3291 -1.27813 0
      vertex -14.4151 -1.3487 7
      vertex -14.3291 -1.27813 7
    endloop
  endfacet
  facet normal -0.634348 0.773047 0
    outer loop
      vertex -14.4151 -1.3487 7
      vertex -14.3291 -1.27813 0
      vertex -14.4151 -1.3487 0
    endloop
  endfacet
  facet normal -0.527913 -0.849298 0
    outer loop
      vertex -14.6 1.47224 0
      vertex -14.5055 1.4135 7
      vertex -14.6 1.47224 7
    endloop
  endfacet
  facet normal -0.527913 -0.849298 -0
    outer loop
      vertex -14.5055 1.4135 7
      vertex -14.6 1.47224 0
      vertex -14.5055 1.4135 0
    endloop
  endfacet
endsolid OpenSCAD_Model
