solid OpenSCAD_Model
  facet normal 1 0 0
    outer loop
      vertex 6 -7.15 10.19
      vertex 6 -9.5 10.19
      vertex 6 -7.15 4
    endloop
  endfacet
  facet normal 1 0 0
    outer loop
      vertex 6 7.15 4
      vertex 6 9.5 10.19
      vertex 6 7.15 10.19
    endloop
  endfacet
  facet normal 1 -0 0
    outer loop
      vertex 6 9.5 3
      vertex 6 14.5 0
      vertex 6 14.5 3
    endloop
  endfacet
  facet normal 1 0 0
    outer loop
      vertex 6 9.5 10.19
      vertex 6 7.15 4
      vertex 6 9.5 3
    endloop
  endfacet
  facet normal 1 -0 0
    outer loop
      vertex 6 1.449 4
      vertex 6 9.5 3
      vertex 6 7.15 4
    endloop
  endfacet
  facet normal 1 0 0
    outer loop
      vertex 6 9.5 3
      vertex 6 1.449 4
      vertex 6 1.3949 3.98738
    endloop
  endfacet
  facet normal 1 -0 0
    outer loop
      vertex 6 0.933262 3.91117
      vertex 6 9.5 3
      vertex 6 1.3949 3.98738
    endloop
  endfacet
  facet normal 1 0 0
    outer loop
      vertex 6 9.5 3
      vertex 6 0.933262 3.91117
      vertex 6 14.5 0
    endloop
  endfacet
  facet normal 1 -0 0
    outer loop
      vertex 6 0.467632 3.86531
      vertex 6 14.5 0
      vertex 6 0.933262 3.91117
    endloop
  endfacet
  facet normal 1 -0 0
    outer loop
      vertex 6 0 3.85
      vertex 6 14.5 0
      vertex 6 0.467632 3.86531
    endloop
  endfacet
  facet normal 1 0 0
    outer loop
      vertex 6 -14.5 0
      vertex 6 0 3.85
      vertex 6 -0.467632 3.86531
    endloop
  endfacet
  facet normal 1 0 0
    outer loop
      vertex 6 -14.5 0
      vertex 6 -0.467632 3.86531
      vertex 6 -0.933262 3.91117
    endloop
  endfacet
  facet normal 1 0 0
    outer loop
      vertex 6 -9.5 3
      vertex 6 -0.933262 3.91117
      vertex 6 -1.3949 3.98738
    endloop
  endfacet
  facet normal 1 0 0
    outer loop
      vertex 6 -9.5 3
      vertex 6 -1.3949 3.98738
      vertex 6 -1.449 4
    endloop
  endfacet
  facet normal 1 0 0
    outer loop
      vertex 6 -9.5 3
      vertex 6 -1.449 4
      vertex 6 -7.15 4
    endloop
  endfacet
  facet normal 1 0 0
    outer loop
      vertex 6 -9.5 3
      vertex 6 -7.15 4
      vertex 6 -9.5 10.19
    endloop
  endfacet
  facet normal 1 0 0
    outer loop
      vertex 6 -0.933262 3.91117
      vertex 6 -9.5 3
      vertex 6 -14.5 0
    endloop
  endfacet
  facet normal 1 0 0
    outer loop
      vertex 6 -14.5 0
      vertex 6 -9.5 3
      vertex 6 -14.5 3
    endloop
  endfacet
  facet normal 1 0 0
    outer loop
      vertex 6 0 3.85
      vertex 6 -14.5 0
      vertex 6 14.5 0
    endloop
  endfacet
  facet normal -0 0 1
    outer loop
      vertex 1.82923 10.2223 3
      vertex 6 9.5 3
      vertex 6 14.5 3
    endloop
  endfacet
  facet normal 0 0 1
    outer loop
      vertex 6 9.5 3
      vertex 2.12504 9.5694 3
      vertex 2.14122 9.5 3
    endloop
  endfacet
  facet normal 0 0 1
    outer loop
      vertex 6 9.5 3
      vertex 2.08325 9.70717 3
      vertex 2.12504 9.5694 3
    endloop
  endfacet
  facet normal 0 0 1
    outer loop
      vertex 6 9.5 3
      vertex 2.03253 9.8419 3
      vertex 2.08325 9.70717 3
    endloop
  endfacet
  facet normal 0 0 1
    outer loop
      vertex 6 9.5 3
      vertex 1.97312 9.97303 3
      vertex 2.03253 9.8419 3
    endloop
  endfacet
  facet normal 0 0 1
    outer loop
      vertex 6 9.5 3
      vertex 1.90526 10.1 3
      vertex 1.97312 9.97303 3
    endloop
  endfacet
  facet normal 0 0 1
    outer loop
      vertex 6 9.5 3
      vertex 1.82923 10.2223 3
      vertex 1.90526 10.1 3
    endloop
  endfacet
  facet normal 0 0 1
    outer loop
      vertex 6 14.5 3
      vertex 1.74538 10.3393 3
      vertex 1.82923 10.2223 3
    endloop
  endfacet
  facet normal 0 0 1
    outer loop
      vertex 6 14.5 3
      vertex 1.65405 10.4506 3
      vertex 1.74538 10.3393 3
    endloop
  endfacet
  facet normal 0 0 1
    outer loop
      vertex 6 14.5 3
      vertex 1.55563 10.5556 3
      vertex 1.65405 10.4506 3
    endloop
  endfacet
  facet normal 0 0 1
    outer loop
      vertex 6 14.5 3
      vertex 1.45056 10.654 3
      vertex 1.55563 10.5556 3
    endloop
  endfacet
  facet normal 0 0 1
    outer loop
      vertex 6 14.5 3
      vertex 1.33927 10.7454 3
      vertex 1.45056 10.654 3
    endloop
  endfacet
  facet normal 0 0 1
    outer loop
      vertex 6 14.5 3
      vertex 1.22225 10.8292 3
      vertex 1.33927 10.7454 3
    endloop
  endfacet
  facet normal 0 0 1
    outer loop
      vertex 6 14.5 3
      vertex 1.1 10.9053 3
      vertex 1.22225 10.8292 3
    endloop
  endfacet
  facet normal 0 0 1
    outer loop
      vertex 6 14.5 3
      vertex 0.973035 10.9731 3
      vertex 1.1 10.9053 3
    endloop
  endfacet
  facet normal 0 0 1
    outer loop
      vertex 6 14.5 3
      vertex 0.841903 11.0325 3
      vertex 0.973035 10.9731 3
    endloop
  endfacet
  facet normal 0 0 1
    outer loop
      vertex 6 14.5 3
      vertex 0.707167 11.0832 3
      vertex 0.841903 11.0325 3
    endloop
  endfacet
  facet normal 0 0 1
    outer loop
      vertex 6 14.5 3
      vertex 0.569402 11.125 3
      vertex 0.707167 11.0832 3
    endloop
  endfacet
  facet normal 0 0 1
    outer loop
      vertex 6 14.5 3
      vertex 0.429198 11.1577 3
      vertex 0.569402 11.125 3
    endloop
  endfacet
  facet normal 0 0 1
    outer loop
      vertex 6 14.5 3
      vertex 0.287157 11.1812 3
      vertex 0.429198 11.1577 3
    endloop
  endfacet
  facet normal 0 0 1
    outer loop
      vertex 6 14.5 3
      vertex 0.143887 11.1953 3
      vertex 0.287157 11.1812 3
    endloop
  endfacet
  facet normal 0 0 1
    outer loop
      vertex 6 14.5 3
      vertex 0 11.2 3
      vertex 0.143887 11.1953 3
    endloop
  endfacet
  facet normal -0 0 1
    outer loop
      vertex -6 14.5 3
      vertex 0 11.2 3
      vertex 6 14.5 3
    endloop
  endfacet
  facet normal 0 0 1
    outer loop
      vertex 0 11.2 3
      vertex -6 14.5 3
      vertex -0.143887 11.1953 3
    endloop
  endfacet
  facet normal 0 0 1
    outer loop
      vertex -0.143887 11.1953 3
      vertex -6 14.5 3
      vertex -0.287157 11.1812 3
    endloop
  endfacet
  facet normal 0 0 1
    outer loop
      vertex -0.287157 11.1812 3
      vertex -6 14.5 3
      vertex -0.429198 11.1577 3
    endloop
  endfacet
  facet normal 0 0 1
    outer loop
      vertex -0.429198 11.1577 3
      vertex -6 14.5 3
      vertex -0.569402 11.125 3
    endloop
  endfacet
  facet normal 0 0 1
    outer loop
      vertex -0.569402 11.125 3
      vertex -6 14.5 3
      vertex -0.707167 11.0832 3
    endloop
  endfacet
  facet normal 0 0 1
    outer loop
      vertex -0.707167 11.0832 3
      vertex -6 14.5 3
      vertex -0.841903 11.0325 3
    endloop
  endfacet
  facet normal 0 0 1
    outer loop
      vertex -0.841903 11.0325 3
      vertex -6 14.5 3
      vertex -0.973035 10.9731 3
    endloop
  endfacet
  facet normal 0 0 1
    outer loop
      vertex -6 14.5 3
      vertex -1.1 10.9053 3
      vertex -0.973035 10.9731 3
    endloop
  endfacet
  facet normal 0 0 1
    outer loop
      vertex -6 14.5 3
      vertex -1.22225 10.8292 3
      vertex -1.1 10.9053 3
    endloop
  endfacet
  facet normal 0 0 1
    outer loop
      vertex -6 14.5 3
      vertex -1.33927 10.7454 3
      vertex -1.22225 10.8292 3
    endloop
  endfacet
  facet normal 0 0 1
    outer loop
      vertex -6 14.5 3
      vertex -1.45056 10.654 3
      vertex -1.33927 10.7454 3
    endloop
  endfacet
  facet normal 0 0 1
    outer loop
      vertex -6 14.5 3
      vertex -1.55563 10.5556 3
      vertex -1.45056 10.654 3
    endloop
  endfacet
  facet normal 0 0 1
    outer loop
      vertex -6 14.5 3
      vertex -1.65405 10.4506 3
      vertex -1.55563 10.5556 3
    endloop
  endfacet
  facet normal 0 0 1
    outer loop
      vertex -6 14.5 3
      vertex -1.74538 10.3393 3
      vertex -1.65405 10.4506 3
    endloop
  endfacet
  facet normal 0 0 1
    outer loop
      vertex -6 14.5 3
      vertex -1.82923 10.2223 3
      vertex -1.74538 10.3393 3
    endloop
  endfacet
  facet normal 0 0 1
    outer loop
      vertex -6 9.5 3
      vertex -1.82923 10.2223 3
      vertex -6 14.5 3
    endloop
  endfacet
  facet normal 0 0 1
    outer loop
      vertex -1.82923 10.2223 3
      vertex -6 9.5 3
      vertex -1.90526 10.1 3
    endloop
  endfacet
  facet normal 0 0 1
    outer loop
      vertex -1.90526 10.1 3
      vertex -6 9.5 3
      vertex -1.97312 9.97303 3
    endloop
  endfacet
  facet normal 0 0 1
    outer loop
      vertex -1.97312 9.97303 3
      vertex -6 9.5 3
      vertex -2.03253 9.8419 3
    endloop
  endfacet
  facet normal 0 0 1
    outer loop
      vertex -2.03253 9.8419 3
      vertex -6 9.5 3
      vertex -2.08325 9.70717 3
    endloop
  endfacet
  facet normal 0 0 1
    outer loop
      vertex -2.08325 9.70717 3
      vertex -6 9.5 3
      vertex -2.12504 9.5694 3
    endloop
  endfacet
  facet normal 0 0 1
    outer loop
      vertex -2.12504 9.5694 3
      vertex -6 9.5 3
      vertex -2.14122 9.5 3
    endloop
  endfacet
  facet normal 0 0 1
    outer loop
      vertex 2.12504 -9.5694 3
      vertex 6 -9.5 3
      vertex 2.14122 -9.5 3
    endloop
  endfacet
  facet normal 0 0 1
    outer loop
      vertex 2.08325 -9.70717 3
      vertex 6 -9.5 3
      vertex 2.12504 -9.5694 3
    endloop
  endfacet
  facet normal 0 0 1
    outer loop
      vertex 2.03253 -9.8419 3
      vertex 6 -9.5 3
      vertex 2.08325 -9.70717 3
    endloop
  endfacet
  facet normal 0 0 1
    outer loop
      vertex 1.97312 -9.97303 3
      vertex 6 -9.5 3
      vertex 2.03253 -9.8419 3
    endloop
  endfacet
  facet normal 0 0 1
    outer loop
      vertex 1.90526 -10.1 3
      vertex 6 -9.5 3
      vertex 1.97312 -9.97303 3
    endloop
  endfacet
  facet normal 0 0 1
    outer loop
      vertex 1.82923 -10.2223 3
      vertex 6 -9.5 3
      vertex 1.90526 -10.1 3
    endloop
  endfacet
  facet normal 0 0 1
    outer loop
      vertex 6 -9.5 3
      vertex 1.82923 -10.2223 3
      vertex 6 -14.5 3
    endloop
  endfacet
  facet normal -0 0 1
    outer loop
      vertex 1.74538 -10.3393 3
      vertex 6 -14.5 3
      vertex 1.82923 -10.2223 3
    endloop
  endfacet
  facet normal -0 0 1
    outer loop
      vertex 1.65405 -10.4506 3
      vertex 6 -14.5 3
      vertex 1.74538 -10.3393 3
    endloop
  endfacet
  facet normal -0 0 1
    outer loop
      vertex 1.55563 -10.5556 3
      vertex 6 -14.5 3
      vertex 1.65405 -10.4506 3
    endloop
  endfacet
  facet normal -0 0 1
    outer loop
      vertex 1.45056 -10.654 3
      vertex 6 -14.5 3
      vertex 1.55563 -10.5556 3
    endloop
  endfacet
  facet normal -0 0 1
    outer loop
      vertex 1.33927 -10.7454 3
      vertex 6 -14.5 3
      vertex 1.45056 -10.654 3
    endloop
  endfacet
  facet normal -0 0 1
    outer loop
      vertex 1.22225 -10.8292 3
      vertex 6 -14.5 3
      vertex 1.33927 -10.7454 3
    endloop
  endfacet
  facet normal -0 0 1
    outer loop
      vertex 1.1 -10.9053 3
      vertex 6 -14.5 3
      vertex 1.22225 -10.8292 3
    endloop
  endfacet
  facet normal -0 0 1
    outer loop
      vertex 0.973035 -10.9731 3
      vertex 6 -14.5 3
      vertex 1.1 -10.9053 3
    endloop
  endfacet
  facet normal -0 0 1
    outer loop
      vertex 0.841903 -11.0325 3
      vertex 6 -14.5 3
      vertex 0.973035 -10.9731 3
    endloop
  endfacet
  facet normal -0 0 1
    outer loop
      vertex 0.707167 -11.0832 3
      vertex 6 -14.5 3
      vertex 0.841903 -11.0325 3
    endloop
  endfacet
  facet normal -0 0 1
    outer loop
      vertex 0.569402 -11.125 3
      vertex 6 -14.5 3
      vertex 0.707167 -11.0832 3
    endloop
  endfacet
  facet normal -0 0 1
    outer loop
      vertex 0.429198 -11.1577 3
      vertex 6 -14.5 3
      vertex 0.569402 -11.125 3
    endloop
  endfacet
  facet normal -0 0 1
    outer loop
      vertex 0.287157 -11.1812 3
      vertex 6 -14.5 3
      vertex 0.429198 -11.1577 3
    endloop
  endfacet
  facet normal -0 0 1
    outer loop
      vertex 0.143887 -11.1953 3
      vertex 6 -14.5 3
      vertex 0.287157 -11.1812 3
    endloop
  endfacet
  facet normal -0 0 1
    outer loop
      vertex 0 -11.2 3
      vertex 6 -14.5 3
      vertex 0.143887 -11.1953 3
    endloop
  endfacet
  facet normal 0 0 1
    outer loop
      vertex -6 -14.5 3
      vertex 0 -11.2 3
      vertex -0.143887 -11.1953 3
    endloop
  endfacet
  facet normal 0 0 1
    outer loop
      vertex -6 -14.5 3
      vertex -0.143887 -11.1953 3
      vertex -0.287157 -11.1812 3
    endloop
  endfacet
  facet normal 0 0 1
    outer loop
      vertex -6 -14.5 3
      vertex -0.287157 -11.1812 3
      vertex -0.429198 -11.1577 3
    endloop
  endfacet
  facet normal 0 0 1
    outer loop
      vertex -6 -14.5 3
      vertex -0.429198 -11.1577 3
      vertex -0.569402 -11.125 3
    endloop
  endfacet
  facet normal 0 0 1
    outer loop
      vertex -6 -14.5 3
      vertex -0.569402 -11.125 3
      vertex -0.707167 -11.0832 3
    endloop
  endfacet
  facet normal 0 0 1
    outer loop
      vertex -6 -14.5 3
      vertex -0.707167 -11.0832 3
      vertex -0.841903 -11.0325 3
    endloop
  endfacet
  facet normal 0 0 1
    outer loop
      vertex -6 -14.5 3
      vertex -0.841903 -11.0325 3
      vertex -0.973035 -10.9731 3
    endloop
  endfacet
  facet normal -0 0 1
    outer loop
      vertex -6 -9.5 3
      vertex -2.12504 -9.5694 3
      vertex -2.14122 -9.5 3
    endloop
  endfacet
  facet normal 0 0 1
    outer loop
      vertex -6 -9.5 3
      vertex -2.08325 -9.70717 3
      vertex -2.12504 -9.5694 3
    endloop
  endfacet
  facet normal 0 0 1
    outer loop
      vertex -6 -9.5 3
      vertex -2.03253 -9.8419 3
      vertex -2.08325 -9.70717 3
    endloop
  endfacet
  facet normal 0 0 1
    outer loop
      vertex -6 -9.5 3
      vertex -1.97312 -9.97303 3
      vertex -2.03253 -9.8419 3
    endloop
  endfacet
  facet normal 0 0 1
    outer loop
      vertex -6 -9.5 3
      vertex -1.90526 -10.1 3
      vertex -1.97312 -9.97303 3
    endloop
  endfacet
  facet normal 0 0 1
    outer loop
      vertex -6 -9.5 3
      vertex -1.82923 -10.2223 3
      vertex -1.90526 -10.1 3
    endloop
  endfacet
  facet normal 0 0 1
    outer loop
      vertex -6 -14.5 3
      vertex -1.82923 -10.2223 3
      vertex -6 -9.5 3
    endloop
  endfacet
  facet normal 0 0 1
    outer loop
      vertex -1.82923 -10.2223 3
      vertex -6 -14.5 3
      vertex -1.74538 -10.3393 3
    endloop
  endfacet
  facet normal 0 0 1
    outer loop
      vertex -1.74538 -10.3393 3
      vertex -6 -14.5 3
      vertex -1.65405 -10.4506 3
    endloop
  endfacet
  facet normal 0 0 1
    outer loop
      vertex -1.65405 -10.4506 3
      vertex -6 -14.5 3
      vertex -1.55563 -10.5556 3
    endloop
  endfacet
  facet normal 0 0 1
    outer loop
      vertex -1.55563 -10.5556 3
      vertex -6 -14.5 3
      vertex -1.45056 -10.654 3
    endloop
  endfacet
  facet normal 0 0 1
    outer loop
      vertex -1.45056 -10.654 3
      vertex -6 -14.5 3
      vertex -1.33927 -10.7454 3
    endloop
  endfacet
  facet normal 0 0 1
    outer loop
      vertex -1.33927 -10.7454 3
      vertex -6 -14.5 3
      vertex -1.22225 -10.8292 3
    endloop
  endfacet
  facet normal 0 0 1
    outer loop
      vertex -1.22225 -10.8292 3
      vertex -6 -14.5 3
      vertex -1.1 -10.9053 3
    endloop
  endfacet
  facet normal 0 0 1
    outer loop
      vertex -1.1 -10.9053 3
      vertex -6 -14.5 3
      vertex -0.973035 -10.9731 3
    endloop
  endfacet
  facet normal 0 0 1
    outer loop
      vertex 0 -11.2 3
      vertex -6 -14.5 3
      vertex 6 -14.5 3
    endloop
  endfacet
  facet normal 0 0 -1
    outer loop
      vertex 1.17694 -8.76589 0
      vertex 6 -14.5 0
      vertex 1.18973 -8.84337 0
    endloop
  endfacet
  facet normal 0 0 -1
    outer loop
      vertex 6 14.5 0
      vertex 1.19743 8.92152 0
      vertex 1.2 9 0
    endloop
  endfacet
  facet normal 0 0 -1
    outer loop
      vertex 1.15911 -8.68942 0
      vertex 6 -14.5 0
      vertex 1.17694 -8.76589 0
    endloop
  endfacet
  facet normal 0 0 -1
    outer loop
      vertex 6 14.5 0
      vertex 1.18973 8.84337 0
      vertex 1.19743 8.92152 0
    endloop
  endfacet
  facet normal 0 0 -1
    outer loop
      vertex 1.13632 -8.61427 0
      vertex 6 -14.5 0
      vertex 1.15911 -8.68942 0
    endloop
  endfacet
  facet normal 0 0 -1
    outer loop
      vertex 6 14.5 0
      vertex 1.17694 8.76589 0
      vertex 1.18973 8.84337 0
    endloop
  endfacet
  facet normal 0 0 -1
    outer loop
      vertex 1.10865 -8.54078 0
      vertex 6 -14.5 0
      vertex 1.13632 -8.61427 0
    endloop
  endfacet
  facet normal 0 0 -1
    outer loop
      vertex 6 14.5 0
      vertex 1.15911 8.68942 0
      vertex 1.17694 8.76589 0
    endloop
  endfacet
  facet normal 0 0 -1
    outer loop
      vertex 1.07625 -8.46925 0
      vertex 6 -14.5 0
      vertex 1.10865 -8.54078 0
    endloop
  endfacet
  facet normal 0 0 -1
    outer loop
      vertex 6 14.5 0
      vertex 1.13632 8.61427 0
      vertex 1.15911 8.68942 0
    endloop
  endfacet
  facet normal 0 0 -1
    outer loop
      vertex 6 -14.5 0
      vertex 1.07625 -8.46925 0
      vertex 6 14.5 0
    endloop
  endfacet
  facet normal 0 0 -1
    outer loop
      vertex 6 14.5 0
      vertex 1.10865 8.54078 0
      vertex 1.13632 8.61427 0
    endloop
  endfacet
  facet normal 0 0 -1
    outer loop
      vertex 1.07625 8.46925 0
      vertex 6 14.5 0
      vertex 1.07625 -8.46925 0
    endloop
  endfacet
  facet normal 0 0 -1
    outer loop
      vertex 6 14.5 0
      vertex 1.07625 8.46925 0
      vertex 1.10865 8.54078 0
    endloop
  endfacet
  facet normal 0 0 -1
    outer loop
      vertex 1.03923 -8.4 0
      vertex 1.07625 8.46925 0
      vertex 1.07625 -8.46925 0
    endloop
  endfacet
  facet normal 0 0 -1
    outer loop
      vertex 1.03923 -8.4 0
      vertex 1.03923 8.4 0
      vertex 1.07625 8.46925 0
    endloop
  endfacet
  facet normal 0 0 -1
    outer loop
      vertex 0.997763 -8.33332 0
      vertex 1.03923 8.4 0
      vertex 1.03923 -8.4 0
    endloop
  endfacet
  facet normal 0 0 -1
    outer loop
      vertex 0.997763 -8.33332 0
      vertex 0.997763 8.33332 0
      vertex 1.03923 8.4 0
    endloop
  endfacet
  facet normal 0 0 -1
    outer loop
      vertex 0.952024 -8.26949 0
      vertex 0.997763 8.33332 0
      vertex 0.997763 -8.33332 0
    endloop
  endfacet
  facet normal 0 0 -1
    outer loop
      vertex 0.952024 -8.26949 0
      vertex 0.952024 8.26949 0
      vertex 0.997763 8.33332 0
    endloop
  endfacet
  facet normal 0 0 -1
    outer loop
      vertex 0.902207 -8.20879 0
      vertex 0.952024 8.26949 0
      vertex 0.952024 -8.26949 0
    endloop
  endfacet
  facet normal 0 0 -1
    outer loop
      vertex 0.902207 -8.20879 0
      vertex 0.902207 8.20879 0
      vertex 0.952024 8.26949 0
    endloop
  endfacet
  facet normal 0 0 -1
    outer loop
      vertex 0.848528 -8.15147 0
      vertex 0.902207 8.20879 0
      vertex 0.902207 -8.20879 0
    endloop
  endfacet
  facet normal 0 0 -1
    outer loop
      vertex 0.848528 -8.15147 0
      vertex 0.848528 8.15147 0
      vertex 0.902207 8.20879 0
    endloop
  endfacet
  facet normal 0 0 -1
    outer loop
      vertex 0.791215 -8.09779 0
      vertex 0.848528 8.15147 0
      vertex 0.848528 -8.15147 0
    endloop
  endfacet
  facet normal 0 0 -1
    outer loop
      vertex 0.791215 -8.09779 0
      vertex 0.791215 8.09779 0
      vertex 0.848528 8.15147 0
    endloop
  endfacet
  facet normal 0 0 -1
    outer loop
      vertex 0.730514 -8.04798 0
      vertex 0.791215 8.09779 0
      vertex 0.791215 -8.09779 0
    endloop
  endfacet
  facet normal 0 0 -1
    outer loop
      vertex 0.730514 -8.04798 0
      vertex 0.730514 8.04798 0
      vertex 0.791215 8.09779 0
    endloop
  endfacet
  facet normal 0 0 -1
    outer loop
      vertex 0.666684 -8.00224 0
      vertex 0.730514 8.04798 0
      vertex 0.730514 -8.04798 0
    endloop
  endfacet
  facet normal 0 0 -1
    outer loop
      vertex 0.666684 -8.00224 0
      vertex 0.666684 8.00224 0
      vertex 0.730514 8.04798 0
    endloop
  endfacet
  facet normal 0 0 -1
    outer loop
      vertex 0.599999 -7.96077 0
      vertex 0.666684 8.00224 0
      vertex 0.666684 -8.00224 0
    endloop
  endfacet
  facet normal 0 0 -1
    outer loop
      vertex 0.599999 -7.96077 0
      vertex 0.599999 7.96077 0
      vertex 0.666684 8.00224 0
    endloop
  endfacet
  facet normal 0 0 -1
    outer loop
      vertex 0.530746 -7.92375 0
      vertex 0.599999 7.96077 0
      vertex 0.599999 -7.96077 0
    endloop
  endfacet
  facet normal 0 0 -1
    outer loop
      vertex 0.530746 -7.92375 0
      vertex 0.530746 7.92375 0
      vertex 0.599999 7.96077 0
    endloop
  endfacet
  facet normal 0 0 -1
    outer loop
      vertex 0.45922 -7.89135 0
      vertex 0.530746 7.92375 0
      vertex 0.530746 -7.92375 0
    endloop
  endfacet
  facet normal 0 0 -1
    outer loop
      vertex 0.45922 -7.89135 0
      vertex 0.45922 7.89135 0
      vertex 0.530746 7.92375 0
    endloop
  endfacet
  facet normal 0 0 -1
    outer loop
      vertex 0.385727 -7.86368 0
      vertex 0.45922 7.89135 0
      vertex 0.45922 -7.89135 0
    endloop
  endfacet
  facet normal 0 0 -1
    outer loop
      vertex 0.385727 -7.86368 0
      vertex 0.385727 7.86368 0
      vertex 0.45922 7.89135 0
    endloop
  endfacet
  facet normal 0 0 -1
    outer loop
      vertex 0.310582 -7.84089 0
      vertex 0.385727 7.86368 0
      vertex 0.385727 -7.86368 0
    endloop
  endfacet
  facet normal 0 0 -1
    outer loop
      vertex 0.310582 -7.84089 0
      vertex 0.310582 7.84089 0
      vertex 0.385727 7.86368 0
    endloop
  endfacet
  facet normal 0 0 -1
    outer loop
      vertex 0.234108 -7.82306 0
      vertex 0.310582 7.84089 0
      vertex 0.310582 -7.84089 0
    endloop
  endfacet
  facet normal 0 0 -1
    outer loop
      vertex 0.234108 -7.82306 0
      vertex 0.234108 7.82306 0
      vertex 0.310582 7.84089 0
    endloop
  endfacet
  facet normal 0 0 -1
    outer loop
      vertex 0.156631 -7.81027 0
      vertex 0.234108 7.82306 0
      vertex 0.234108 -7.82306 0
    endloop
  endfacet
  facet normal 0 0 -1
    outer loop
      vertex 0.156631 -7.81027 0
      vertex 0.156631 7.81027 0
      vertex 0.234108 7.82306 0
    endloop
  endfacet
  facet normal 0 0 -1
    outer loop
      vertex 0.0784836 -7.80257 0
      vertex 0.156631 7.81027 0
      vertex 0.156631 -7.81027 0
    endloop
  endfacet
  facet normal 0 0 -1
    outer loop
      vertex 0.0784836 -7.80257 0
      vertex 0.0784836 7.80257 0
      vertex 0.156631 7.81027 0
    endloop
  endfacet
  facet normal 0 0 -1
    outer loop
      vertex 0 -7.8 0
      vertex 0.0784836 7.80257 0
      vertex 0.0784836 -7.80257 0
    endloop
  endfacet
  facet normal 0 0 -1
    outer loop
      vertex 0 -7.8 0
      vertex 0 7.8 0
      vertex 0.0784836 7.80257 0
    endloop
  endfacet
  facet normal 0 0 -1
    outer loop
      vertex -0.0784836 -7.80257 0
      vertex 0 7.8 0
      vertex 0 -7.8 0
    endloop
  endfacet
  facet normal 0 0 -1
    outer loop
      vertex -0.0784836 -7.80257 0
      vertex -0.0784836 7.80257 0
      vertex 0 7.8 0
    endloop
  endfacet
  facet normal 0 0 -1
    outer loop
      vertex -0.156631 -7.81027 0
      vertex -0.0784836 7.80257 0
      vertex -0.0784836 -7.80257 0
    endloop
  endfacet
  facet normal 0 0 -1
    outer loop
      vertex -0.156631 -7.81027 0
      vertex -0.156631 7.81027 0
      vertex -0.0784836 7.80257 0
    endloop
  endfacet
  facet normal 0 0 -1
    outer loop
      vertex -0.234108 -7.82306 0
      vertex -0.156631 7.81027 0
      vertex -0.156631 -7.81027 0
    endloop
  endfacet
  facet normal 0 0 -1
    outer loop
      vertex -0.234108 -7.82306 0
      vertex -0.234108 7.82306 0
      vertex -0.156631 7.81027 0
    endloop
  endfacet
  facet normal 0 0 -1
    outer loop
      vertex -0.310582 -7.84089 0
      vertex -0.234108 7.82306 0
      vertex -0.234108 -7.82306 0
    endloop
  endfacet
  facet normal 0 0 -1
    outer loop
      vertex -0.310582 -7.84089 0
      vertex -0.310582 7.84089 0
      vertex -0.234108 7.82306 0
    endloop
  endfacet
  facet normal 0 0 -1
    outer loop
      vertex -0.385727 -7.86368 0
      vertex -0.310582 7.84089 0
      vertex -0.310582 -7.84089 0
    endloop
  endfacet
  facet normal 0 0 -1
    outer loop
      vertex -0.385727 -7.86368 0
      vertex -0.385727 7.86368 0
      vertex -0.310582 7.84089 0
    endloop
  endfacet
  facet normal 0 0 -1
    outer loop
      vertex -0.45922 -7.89135 0
      vertex -0.385727 7.86368 0
      vertex -0.385727 -7.86368 0
    endloop
  endfacet
  facet normal 0 0 -1
    outer loop
      vertex -0.45922 -7.89135 0
      vertex -0.45922 7.89135 0
      vertex -0.385727 7.86368 0
    endloop
  endfacet
  facet normal 0 0 -1
    outer loop
      vertex -0.530746 -7.92375 0
      vertex -0.45922 7.89135 0
      vertex -0.45922 -7.89135 0
    endloop
  endfacet
  facet normal 0 0 -1
    outer loop
      vertex -0.530746 -7.92375 0
      vertex -0.530746 7.92375 0
      vertex -0.45922 7.89135 0
    endloop
  endfacet
  facet normal 0 0 -1
    outer loop
      vertex -0.599999 -7.96077 0
      vertex -0.530746 7.92375 0
      vertex -0.530746 -7.92375 0
    endloop
  endfacet
  facet normal 0 0 -1
    outer loop
      vertex -0.599999 -7.96077 0
      vertex -0.599999 7.96077 0
      vertex -0.530746 7.92375 0
    endloop
  endfacet
  facet normal 0 0 -1
    outer loop
      vertex -0.666684 -8.00224 0
      vertex -0.599999 7.96077 0
      vertex -0.599999 -7.96077 0
    endloop
  endfacet
  facet normal 0 0 -1
    outer loop
      vertex -0.666684 -8.00224 0
      vertex -0.666684 8.00224 0
      vertex -0.599999 7.96077 0
    endloop
  endfacet
  facet normal 0 0 -1
    outer loop
      vertex -0.730514 -8.04798 0
      vertex -0.666684 8.00224 0
      vertex -0.666684 -8.00224 0
    endloop
  endfacet
  facet normal 0 0 -1
    outer loop
      vertex -0.730514 -8.04798 0
      vertex -0.730514 8.04798 0
      vertex -0.666684 8.00224 0
    endloop
  endfacet
  facet normal 0 0 -1
    outer loop
      vertex -0.791215 -8.09779 0
      vertex -0.730514 8.04798 0
      vertex -0.730514 -8.04798 0
    endloop
  endfacet
  facet normal 0 0 -1
    outer loop
      vertex -0.791215 -8.09779 0
      vertex -0.791215 8.09779 0
      vertex -0.730514 8.04798 0
    endloop
  endfacet
  facet normal 0 0 -1
    outer loop
      vertex -0.848528 -8.15147 0
      vertex -0.791215 8.09779 0
      vertex -0.791215 -8.09779 0
    endloop
  endfacet
  facet normal 0 0 -1
    outer loop
      vertex -0.848528 -8.15147 0
      vertex -0.848528 8.15147 0
      vertex -0.791215 8.09779 0
    endloop
  endfacet
  facet normal 0 0 -1
    outer loop
      vertex -0.902207 -8.20879 0
      vertex -0.848528 8.15147 0
      vertex -0.848528 -8.15147 0
    endloop
  endfacet
  facet normal 0 0 -1
    outer loop
      vertex -0.902207 -8.20879 0
      vertex -0.902207 8.20879 0
      vertex -0.848528 8.15147 0
    endloop
  endfacet
  facet normal 0 0 -1
    outer loop
      vertex -0.952024 -8.26949 0
      vertex -0.902207 8.20879 0
      vertex -0.902207 -8.20879 0
    endloop
  endfacet
  facet normal 0 0 -1
    outer loop
      vertex -0.952024 -8.26949 0
      vertex -0.952024 8.26949 0
      vertex -0.902207 8.20879 0
    endloop
  endfacet
  facet normal 0 0 -1
    outer loop
      vertex -0.997763 -8.33332 0
      vertex -0.952024 8.26949 0
      vertex -0.952024 -8.26949 0
    endloop
  endfacet
  facet normal 0 0 -1
    outer loop
      vertex -0.997763 -8.33332 0
      vertex -0.997763 8.33332 0
      vertex -0.952024 8.26949 0
    endloop
  endfacet
  facet normal 0 0 -1
    outer loop
      vertex -1.03923 -8.4 0
      vertex -0.997763 8.33332 0
      vertex -0.997763 -8.33332 0
    endloop
  endfacet
  facet normal 0 0 -1
    outer loop
      vertex -1.03923 -8.4 0
      vertex -1.03923 8.4 0
      vertex -0.997763 8.33332 0
    endloop
  endfacet
  facet normal 0 0 -1
    outer loop
      vertex -1.07625 -8.46925 0
      vertex -1.03923 8.4 0
      vertex -1.03923 -8.4 0
    endloop
  endfacet
  facet normal 0 0 -1
    outer loop
      vertex -1.07625 -8.46925 0
      vertex -1.07625 8.46925 0
      vertex -1.03923 8.4 0
    endloop
  endfacet
  facet normal 0 0 -1
    outer loop
      vertex -6 -14.5 0
      vertex -1.07625 -8.46925 0
      vertex -1.10865 -8.54078 0
    endloop
  endfacet
  facet normal -0 0 -1
    outer loop
      vertex -1.07625 -8.46925 0
      vertex -6 -14.5 0
      vertex -1.07625 8.46925 0
    endloop
  endfacet
  facet normal 0 0 -1
    outer loop
      vertex -6 -14.5 0
      vertex -1.10865 -8.54078 0
      vertex -1.13632 -8.61427 0
    endloop
  endfacet
  facet normal 0 0 -1
    outer loop
      vertex -6 14.5 0
      vertex -1.07625 8.46925 0
      vertex -6 -14.5 0
    endloop
  endfacet
  facet normal 0 0 -1
    outer loop
      vertex -6 -14.5 0
      vertex -1.13632 -8.61427 0
      vertex -1.15911 -8.68942 0
    endloop
  endfacet
  facet normal 0 0 -1
    outer loop
      vertex -1.07625 8.46925 0
      vertex -6 14.5 0
      vertex -1.10865 8.54078 0
    endloop
  endfacet
  facet normal 0 0 -1
    outer loop
      vertex -6 -14.5 0
      vertex -1.15911 -8.68942 0
      vertex -1.17694 -8.76589 0
    endloop
  endfacet
  facet normal 0 0 -1
    outer loop
      vertex -1.10865 8.54078 0
      vertex -6 14.5 0
      vertex -1.13632 8.61427 0
    endloop
  endfacet
  facet normal 0 0 -1
    outer loop
      vertex -6 -14.5 0
      vertex -1.17694 -8.76589 0
      vertex -1.18973 -8.84337 0
    endloop
  endfacet
  facet normal 0 0 -1
    outer loop
      vertex -1.13632 8.61427 0
      vertex -6 14.5 0
      vertex -1.15911 8.68942 0
    endloop
  endfacet
  facet normal 0 0 -1
    outer loop
      vertex -6 -14.5 0
      vertex -1.18973 -8.84337 0
      vertex -1.19743 -8.92152 0
    endloop
  endfacet
  facet normal 0 0 -1
    outer loop
      vertex -1.15911 8.68942 0
      vertex -6 14.5 0
      vertex -1.17694 8.76589 0
    endloop
  endfacet
  facet normal 0 0 -1
    outer loop
      vertex -6 -14.5 0
      vertex -1.19743 -8.92152 0
      vertex -1.2 -9 0
    endloop
  endfacet
  facet normal 0 0 -1
    outer loop
      vertex -1.17694 8.76589 0
      vertex -6 14.5 0
      vertex -1.18973 8.84337 0
    endloop
  endfacet
  facet normal 0 0 -1
    outer loop
      vertex 1.19743 -8.92152 0
      vertex 6 -14.5 0
      vertex 1.2 -9 0
    endloop
  endfacet
  facet normal 0 0 -1
    outer loop
      vertex 6 -14.5 0
      vertex 1.19743 -9.07848 0
      vertex 1.2 -9 0
    endloop
  endfacet
  facet normal 0 0 -1
    outer loop
      vertex 6 -14.5 0
      vertex 1.18973 -9.15663 0
      vertex 1.19743 -9.07848 0
    endloop
  endfacet
  facet normal 0 0 -1
    outer loop
      vertex 6 -14.5 0
      vertex 1.17694 -9.23411 0
      vertex 1.18973 -9.15663 0
    endloop
  endfacet
  facet normal 0 0 -1
    outer loop
      vertex 6 -14.5 0
      vertex 1.15911 -9.31058 0
      vertex 1.17694 -9.23411 0
    endloop
  endfacet
  facet normal 0 0 -1
    outer loop
      vertex 6 -14.5 0
      vertex 1.13632 -9.38573 0
      vertex 1.15911 -9.31058 0
    endloop
  endfacet
  facet normal 0 0 -1
    outer loop
      vertex 6 -14.5 0
      vertex 1.10865 -9.45922 0
      vertex 1.13632 -9.38573 0
    endloop
  endfacet
  facet normal 0 0 -1
    outer loop
      vertex 6 -14.5 0
      vertex 1.07625 -9.53075 0
      vertex 1.10865 -9.45922 0
    endloop
  endfacet
  facet normal 0 0 -1
    outer loop
      vertex 6 -14.5 0
      vertex 1.03923 -9.6 0
      vertex 1.07625 -9.53075 0
    endloop
  endfacet
  facet normal 0 0 -1
    outer loop
      vertex 6 -14.5 0
      vertex 0.997763 -9.66668 0
      vertex 1.03923 -9.6 0
    endloop
  endfacet
  facet normal 0 0 -1
    outer loop
      vertex 6 -14.5 0
      vertex 0.952024 -9.73051 0
      vertex 0.997763 -9.66668 0
    endloop
  endfacet
  facet normal 0 0 -1
    outer loop
      vertex 6 -14.5 0
      vertex 0.902207 -9.79121 0
      vertex 0.952024 -9.73051 0
    endloop
  endfacet
  facet normal 0 0 -1
    outer loop
      vertex 6 -14.5 0
      vertex 0.848528 -9.84853 0
      vertex 0.902207 -9.79121 0
    endloop
  endfacet
  facet normal 0 0 -1
    outer loop
      vertex 6 -14.5 0
      vertex 0.791215 -9.90221 0
      vertex 0.848528 -9.84853 0
    endloop
  endfacet
  facet normal 0 0 -1
    outer loop
      vertex 6 -14.5 0
      vertex 0.730514 -9.95202 0
      vertex 0.791215 -9.90221 0
    endloop
  endfacet
  facet normal 0 0 -1
    outer loop
      vertex 6 -14.5 0
      vertex 0.666684 -9.99776 0
      vertex 0.730514 -9.95202 0
    endloop
  endfacet
  facet normal 0 0 -1
    outer loop
      vertex 6 -14.5 0
      vertex 0.599999 -10.0392 0
      vertex 0.666684 -9.99776 0
    endloop
  endfacet
  facet normal 0 0 -1
    outer loop
      vertex 6 -14.5 0
      vertex 0.530746 -10.0762 0
      vertex 0.599999 -10.0392 0
    endloop
  endfacet
  facet normal 0 0 -1
    outer loop
      vertex 6 -14.5 0
      vertex 0.45922 -10.1087 0
      vertex 0.530746 -10.0762 0
    endloop
  endfacet
  facet normal 0 0 -1
    outer loop
      vertex 6 -14.5 0
      vertex 0.385727 -10.1363 0
      vertex 0.45922 -10.1087 0
    endloop
  endfacet
  facet normal 0 0 -1
    outer loop
      vertex 6 -14.5 0
      vertex 0.310582 -10.1591 0
      vertex 0.385727 -10.1363 0
    endloop
  endfacet
  facet normal 0 0 -1
    outer loop
      vertex 6 -14.5 0
      vertex 0.234108 -10.1769 0
      vertex 0.310582 -10.1591 0
    endloop
  endfacet
  facet normal 0 0 -1
    outer loop
      vertex 6 -14.5 0
      vertex 0.156631 -10.1897 0
      vertex 0.234108 -10.1769 0
    endloop
  endfacet
  facet normal 0 0 -1
    outer loop
      vertex 6 -14.5 0
      vertex 0.0784836 -10.1974 0
      vertex 0.156631 -10.1897 0
    endloop
  endfacet
  facet normal 0 0 -1
    outer loop
      vertex 6 -14.5 0
      vertex 0 -10.2 0
      vertex 0.0784836 -10.1974 0
    endloop
  endfacet
  facet normal 0 0 -1
    outer loop
      vertex -6 -14.5 0
      vertex 0 -10.2 0
      vertex 6 -14.5 0
    endloop
  endfacet
  facet normal -0 0 -1
    outer loop
      vertex 0 -10.2 0
      vertex -6 -14.5 0
      vertex -0.0784836 -10.1974 0
    endloop
  endfacet
  facet normal -0 0 -1
    outer loop
      vertex -0.0784836 -10.1974 0
      vertex -6 -14.5 0
      vertex -0.156631 -10.1897 0
    endloop
  endfacet
  facet normal -0 0 -1
    outer loop
      vertex -0.156631 -10.1897 0
      vertex -6 -14.5 0
      vertex -0.234108 -10.1769 0
    endloop
  endfacet
  facet normal -0 0 -1
    outer loop
      vertex -0.234108 -10.1769 0
      vertex -6 -14.5 0
      vertex -0.310582 -10.1591 0
    endloop
  endfacet
  facet normal -0 0 -1
    outer loop
      vertex -0.310582 -10.1591 0
      vertex -6 -14.5 0
      vertex -0.385727 -10.1363 0
    endloop
  endfacet
  facet normal -0 0 -1
    outer loop
      vertex -0.385727 -10.1363 0
      vertex -6 -14.5 0
      vertex -0.45922 -10.1087 0
    endloop
  endfacet
  facet normal -0 0 -1
    outer loop
      vertex -0.45922 -10.1087 0
      vertex -6 -14.5 0
      vertex -0.530746 -10.0762 0
    endloop
  endfacet
  facet normal -0 0 -1
    outer loop
      vertex -0.530746 -10.0762 0
      vertex -6 -14.5 0
      vertex -0.599999 -10.0392 0
    endloop
  endfacet
  facet normal 0 0 -1
    outer loop
      vertex -1.18973 8.84337 0
      vertex -6 14.5 0
      vertex -1.19743 8.92152 0
    endloop
  endfacet
  facet normal -0 0 -1
    outer loop
      vertex -1.19743 -9.07848 0
      vertex -6 -14.5 0
      vertex -1.2 -9 0
    endloop
  endfacet
  facet normal -0 0 -1
    outer loop
      vertex -1.18973 -9.15663 0
      vertex -6 -14.5 0
      vertex -1.19743 -9.07848 0
    endloop
  endfacet
  facet normal -0 0 -1
    outer loop
      vertex -1.17694 -9.23411 0
      vertex -6 -14.5 0
      vertex -1.18973 -9.15663 0
    endloop
  endfacet
  facet normal -0 0 -1
    outer loop
      vertex -1.15911 -9.31058 0
      vertex -6 -14.5 0
      vertex -1.17694 -9.23411 0
    endloop
  endfacet
  facet normal -0 0 -1
    outer loop
      vertex -1.13632 -9.38573 0
      vertex -6 -14.5 0
      vertex -1.15911 -9.31058 0
    endloop
  endfacet
  facet normal -0 0 -1
    outer loop
      vertex -1.10865 -9.45922 0
      vertex -6 -14.5 0
      vertex -1.13632 -9.38573 0
    endloop
  endfacet
  facet normal -0 0 -1
    outer loop
      vertex -1.07625 -9.53075 0
      vertex -6 -14.5 0
      vertex -1.10865 -9.45922 0
    endloop
  endfacet
  facet normal -0 0 -1
    outer loop
      vertex -1.03923 -9.6 0
      vertex -6 -14.5 0
      vertex -1.07625 -9.53075 0
    endloop
  endfacet
  facet normal -0 0 -1
    outer loop
      vertex -0.997763 -9.66668 0
      vertex -6 -14.5 0
      vertex -1.03923 -9.6 0
    endloop
  endfacet
  facet normal -0 0 -1
    outer loop
      vertex -0.952024 -9.73051 0
      vertex -6 -14.5 0
      vertex -0.997763 -9.66668 0
    endloop
  endfacet
  facet normal -0 0 -1
    outer loop
      vertex -0.902207 -9.79121 0
      vertex -6 -14.5 0
      vertex -0.952024 -9.73051 0
    endloop
  endfacet
  facet normal -0 0 -1
    outer loop
      vertex -0.848528 -9.84853 0
      vertex -6 -14.5 0
      vertex -0.902207 -9.79121 0
    endloop
  endfacet
  facet normal -0 0 -1
    outer loop
      vertex -0.791215 -9.90221 0
      vertex -6 -14.5 0
      vertex -0.848528 -9.84853 0
    endloop
  endfacet
  facet normal -0 0 -1
    outer loop
      vertex -0.730514 -9.95202 0
      vertex -6 -14.5 0
      vertex -0.791215 -9.90221 0
    endloop
  endfacet
  facet normal -0 0 -1
    outer loop
      vertex -0.666684 -9.99776 0
      vertex -6 -14.5 0
      vertex -0.730514 -9.95202 0
    endloop
  endfacet
  facet normal -0 0 -1
    outer loop
      vertex -0.599999 -10.0392 0
      vertex -6 -14.5 0
      vertex -0.666684 -9.99776 0
    endloop
  endfacet
  facet normal 0 0 -1
    outer loop
      vertex 1.18973 -8.84337 0
      vertex 6 -14.5 0
      vertex 1.19743 -8.92152 0
    endloop
  endfacet
  facet normal 0 0 -1
    outer loop
      vertex 1.19743 9.07848 0
      vertex 6 14.5 0
      vertex 1.2 9 0
    endloop
  endfacet
  facet normal 0 0 -1
    outer loop
      vertex 1.18973 9.15663 0
      vertex 6 14.5 0
      vertex 1.19743 9.07848 0
    endloop
  endfacet
  facet normal 0 0 -1
    outer loop
      vertex 1.17694 9.23411 0
      vertex 6 14.5 0
      vertex 1.18973 9.15663 0
    endloop
  endfacet
  facet normal 0 0 -1
    outer loop
      vertex 1.15911 9.31058 0
      vertex 6 14.5 0
      vertex 1.17694 9.23411 0
    endloop
  endfacet
  facet normal 0 0 -1
    outer loop
      vertex 1.13632 9.38573 0
      vertex 6 14.5 0
      vertex 1.15911 9.31058 0
    endloop
  endfacet
  facet normal 0 0 -1
    outer loop
      vertex 1.10865 9.45922 0
      vertex 6 14.5 0
      vertex 1.13632 9.38573 0
    endloop
  endfacet
  facet normal 0 0 -1
    outer loop
      vertex 1.07625 9.53075 0
      vertex 6 14.5 0
      vertex 1.10865 9.45922 0
    endloop
  endfacet
  facet normal 0 0 -1
    outer loop
      vertex 1.03923 9.6 0
      vertex 6 14.5 0
      vertex 1.07625 9.53075 0
    endloop
  endfacet
  facet normal 0 0 -1
    outer loop
      vertex 0.997763 9.66668 0
      vertex 6 14.5 0
      vertex 1.03923 9.6 0
    endloop
  endfacet
  facet normal 0 0 -1
    outer loop
      vertex 0.952024 9.73051 0
      vertex 6 14.5 0
      vertex 0.997763 9.66668 0
    endloop
  endfacet
  facet normal 0 0 -1
    outer loop
      vertex 0.902207 9.79121 0
      vertex 6 14.5 0
      vertex 0.952024 9.73051 0
    endloop
  endfacet
  facet normal 0 0 -1
    outer loop
      vertex 0.848528 9.84853 0
      vertex 6 14.5 0
      vertex 0.902207 9.79121 0
    endloop
  endfacet
  facet normal 0 0 -1
    outer loop
      vertex 0.791215 9.90221 0
      vertex 6 14.5 0
      vertex 0.848528 9.84853 0
    endloop
  endfacet
  facet normal 0 0 -1
    outer loop
      vertex 0.730514 9.95202 0
      vertex 6 14.5 0
      vertex 0.791215 9.90221 0
    endloop
  endfacet
  facet normal 0 0 -1
    outer loop
      vertex 0.666684 9.99776 0
      vertex 6 14.5 0
      vertex 0.730514 9.95202 0
    endloop
  endfacet
  facet normal 0 0 -1
    outer loop
      vertex 0.599999 10.0392 0
      vertex 6 14.5 0
      vertex 0.666684 9.99776 0
    endloop
  endfacet
  facet normal 0 0 -1
    outer loop
      vertex 0.530746 10.0762 0
      vertex 6 14.5 0
      vertex 0.599999 10.0392 0
    endloop
  endfacet
  facet normal 0 0 -1
    outer loop
      vertex 0.45922 10.1087 0
      vertex 6 14.5 0
      vertex 0.530746 10.0762 0
    endloop
  endfacet
  facet normal 0 0 -1
    outer loop
      vertex 0.385727 10.1363 0
      vertex 6 14.5 0
      vertex 0.45922 10.1087 0
    endloop
  endfacet
  facet normal 0 0 -1
    outer loop
      vertex 0.310582 10.1591 0
      vertex 6 14.5 0
      vertex 0.385727 10.1363 0
    endloop
  endfacet
  facet normal 0 0 -1
    outer loop
      vertex 0.234108 10.1769 0
      vertex 6 14.5 0
      vertex 0.310582 10.1591 0
    endloop
  endfacet
  facet normal 0 0 -1
    outer loop
      vertex 0.156631 10.1897 0
      vertex 6 14.5 0
      vertex 0.234108 10.1769 0
    endloop
  endfacet
  facet normal 0 0 -1
    outer loop
      vertex 0.0784836 10.1974 0
      vertex 6 14.5 0
      vertex 0.156631 10.1897 0
    endloop
  endfacet
  facet normal 0 0 -1
    outer loop
      vertex 0 10.2 0
      vertex 6 14.5 0
      vertex 0.0784836 10.1974 0
    endloop
  endfacet
  facet normal 0 0 -1
    outer loop
      vertex -6 14.5 0
      vertex 0 10.2 0
      vertex -0.0784836 10.1974 0
    endloop
  endfacet
  facet normal 0 0 -1
    outer loop
      vertex -6 14.5 0
      vertex -0.0784836 10.1974 0
      vertex -0.156631 10.1897 0
    endloop
  endfacet
  facet normal 0 0 -1
    outer loop
      vertex -6 14.5 0
      vertex -0.156631 10.1897 0
      vertex -0.234108 10.1769 0
    endloop
  endfacet
  facet normal 0 0 -1
    outer loop
      vertex -6 14.5 0
      vertex -0.234108 10.1769 0
      vertex -0.310582 10.1591 0
    endloop
  endfacet
  facet normal 0 0 -1
    outer loop
      vertex -6 14.5 0
      vertex -0.310582 10.1591 0
      vertex -0.385727 10.1363 0
    endloop
  endfacet
  facet normal 0 0 -1
    outer loop
      vertex -6 14.5 0
      vertex -0.385727 10.1363 0
      vertex -0.45922 10.1087 0
    endloop
  endfacet
  facet normal 0 0 -1
    outer loop
      vertex -6 14.5 0
      vertex -0.45922 10.1087 0
      vertex -0.530746 10.0762 0
    endloop
  endfacet
  facet normal 0 0 -1
    outer loop
      vertex -6 14.5 0
      vertex -0.530746 10.0762 0
      vertex -0.599999 10.0392 0
    endloop
  endfacet
  facet normal 0 0 -1
    outer loop
      vertex -6 14.5 0
      vertex -0.599999 10.0392 0
      vertex -0.666684 9.99776 0
    endloop
  endfacet
  facet normal 0 0 -1
    outer loop
      vertex -1.19743 8.92152 0
      vertex -6 14.5 0
      vertex -1.2 9 0
    endloop
  endfacet
  facet normal 0 0 -1
    outer loop
      vertex -1.2 9 0
      vertex -6 14.5 0
      vertex -1.19743 9.07848 0
    endloop
  endfacet
  facet normal 0 0 -1
    outer loop
      vertex -1.19743 9.07848 0
      vertex -6 14.5 0
      vertex -1.18973 9.15663 0
    endloop
  endfacet
  facet normal 0 0 -1
    outer loop
      vertex 0 10.2 0
      vertex -6 14.5 0
      vertex 6 14.5 0
    endloop
  endfacet
  facet normal 0 0 -1
    outer loop
      vertex -0.730514 9.95202 0
      vertex -6 14.5 0
      vertex -0.666684 9.99776 0
    endloop
  endfacet
  facet normal 0 0 -1
    outer loop
      vertex -0.791215 9.90221 0
      vertex -6 14.5 0
      vertex -0.730514 9.95202 0
    endloop
  endfacet
  facet normal 0 0 -1
    outer loop
      vertex -0.848528 9.84853 0
      vertex -6 14.5 0
      vertex -0.791215 9.90221 0
    endloop
  endfacet
  facet normal 0 0 -1
    outer loop
      vertex -0.902207 9.79121 0
      vertex -6 14.5 0
      vertex -0.848528 9.84853 0
    endloop
  endfacet
  facet normal 0 0 -1
    outer loop
      vertex -0.952024 9.73051 0
      vertex -6 14.5 0
      vertex -0.902207 9.79121 0
    endloop
  endfacet
  facet normal 0 0 -1
    outer loop
      vertex -0.997763 9.66668 0
      vertex -6 14.5 0
      vertex -0.952024 9.73051 0
    endloop
  endfacet
  facet normal 0 0 -1
    outer loop
      vertex -1.03923 9.6 0
      vertex -6 14.5 0
      vertex -0.997763 9.66668 0
    endloop
  endfacet
  facet normal 0 0 -1
    outer loop
      vertex -1.07625 9.53075 0
      vertex -6 14.5 0
      vertex -1.03923 9.6 0
    endloop
  endfacet
  facet normal 0 0 -1
    outer loop
      vertex -1.10865 9.45922 0
      vertex -6 14.5 0
      vertex -1.07625 9.53075 0
    endloop
  endfacet
  facet normal 0 0 -1
    outer loop
      vertex -1.13632 9.38573 0
      vertex -6 14.5 0
      vertex -1.10865 9.45922 0
    endloop
  endfacet
  facet normal 0 0 -1
    outer loop
      vertex -1.15911 9.31058 0
      vertex -6 14.5 0
      vertex -1.13632 9.38573 0
    endloop
  endfacet
  facet normal 0 0 -1
    outer loop
      vertex -1.17694 9.23411 0
      vertex -6 14.5 0
      vertex -1.15911 9.31058 0
    endloop
  endfacet
  facet normal 0 0 -1
    outer loop
      vertex -1.18973 9.15663 0
      vertex -6 14.5 0
      vertex -1.17694 9.23411 0
    endloop
  endfacet
  facet normal -1 0 0
    outer loop
      vertex -6 14.5 0
      vertex -6 9.5 3
      vertex -6 14.5 3
    endloop
  endfacet
  facet normal -1 0 0
    outer loop
      vertex -6 9.5 3
      vertex -6 7.15 4
      vertex -6 9.5 10.19
    endloop
  endfacet
  facet normal -1 0 0
    outer loop
      vertex -6 0.933262 3.91117
      vertex -6 9.5 3
      vertex -6 14.5 0
    endloop
  endfacet
  facet normal -1 0 -0
    outer loop
      vertex -6 1.449 4
      vertex -6 9.5 3
      vertex -6 1.3949 3.98738
    endloop
  endfacet
  facet normal -1 0 0
    outer loop
      vertex -6 9.5 3
      vertex -6 1.449 4
      vertex -6 7.15 4
    endloop
  endfacet
  facet normal -1 0 0
    outer loop
      vertex -6 9.5 3
      vertex -6 0.933262 3.91117
      vertex -6 1.3949 3.98738
    endloop
  endfacet
  facet normal -1 0 0
    outer loop
      vertex -6 14.5 0
      vertex -6 0.467632 3.86531
      vertex -6 0.933262 3.91117
    endloop
  endfacet
  facet normal -1 0 0
    outer loop
      vertex -6 14.5 0
      vertex -6 0 3.85
      vertex -6 0.467632 3.86531
    endloop
  endfacet
  facet normal -1 0 0
    outer loop
      vertex -6 -14.5 0
      vertex -6 0 3.85
      vertex -6 14.5 0
    endloop
  endfacet
  facet normal -1 -0 0
    outer loop
      vertex -6 0 3.85
      vertex -6 -14.5 0
      vertex -6 -0.467632 3.86531
    endloop
  endfacet
  facet normal -1 -0 0
    outer loop
      vertex -6 -0.467632 3.86531
      vertex -6 -14.5 0
      vertex -6 -0.933262 3.91117
    endloop
  endfacet
  facet normal -1 0 -0
    outer loop
      vertex -6 -9.5 3
      vertex -6 -0.933262 3.91117
      vertex -6 -14.5 0
    endloop
  endfacet
  facet normal -1 -0 0
    outer loop
      vertex -6 -0.933262 3.91117
      vertex -6 -9.5 3
      vertex -6 -1.3949 3.98738
    endloop
  endfacet
  facet normal -1 0 0
    outer loop
      vertex -6 -9.5 10.19
      vertex -6 -7.15 4
      vertex -6 -9.5 3
    endloop
  endfacet
  facet normal -1 -0 0
    outer loop
      vertex -6 -1.449 4
      vertex -6 -9.5 3
      vertex -6 -7.15 4
    endloop
  endfacet
  facet normal -1 -0 0
    outer loop
      vertex -6 -1.3949 3.98738
      vertex -6 -9.5 3
      vertex -6 -1.449 4
    endloop
  endfacet
  facet normal -1 -0 0
    outer loop
      vertex -6 -9.5 3
      vertex -6 -14.5 0
      vertex -6 -14.5 3
    endloop
  endfacet
  facet normal -1 -0 0
    outer loop
      vertex -6 9.5 10.19
      vertex -6 7.15 4
      vertex -6 7.15 10.19
    endloop
  endfacet
  facet normal -1 0 0
    outer loop
      vertex -6 -7.15 4
      vertex -6 -9.5 10.19
      vertex -6 -7.15 10.19
    endloop
  endfacet
  facet normal 0 1 -0
    outer loop
      vertex 6 14.5 0
      vertex -6 14.5 3
      vertex 6 14.5 3
    endloop
  endfacet
  facet normal 0 1 0
    outer loop
      vertex -6 14.5 3
      vertex 6 14.5 0
      vertex -6 14.5 0
    endloop
  endfacet
  facet normal 0 -1 0
    outer loop
      vertex -6 -14.5 0
      vertex 6 -14.5 3
      vertex -6 -14.5 3
    endloop
  endfacet
  facet normal 0 -1 -0
    outer loop
      vertex 6 -14.5 3
      vertex -6 -14.5 0
      vertex 6 -14.5 0
    endloop
  endfacet
  facet normal -0 0 1
    outer loop
      vertex -6 -7.15 10.19
      vertex 6 -9.5 10.19
      vertex 6 -7.15 10.19
    endloop
  endfacet
  facet normal 0 0 1
    outer loop
      vertex 6 -9.5 10.19
      vertex -6 -7.15 10.19
      vertex -6 -9.5 10.19
    endloop
  endfacet
  facet normal -0 0 1
    outer loop
      vertex -6 9.5 10.19
      vertex 6 7.15 10.19
      vertex 6 9.5 10.19
    endloop
  endfacet
  facet normal 0 0 1
    outer loop
      vertex 6 7.15 10.19
      vertex -6 9.5 10.19
      vertex -6 7.15 10.19
    endloop
  endfacet
  facet normal 0 1 0
    outer loop
      vertex 6 9.5 10.19
      vertex 2.14122 9.5 3.39
      vertex -6 9.5 10.19
    endloop
  endfacet
  facet normal 0 1 -0
    outer loop
      vertex 6 9.5 3
      vertex 2.14122 9.5 3.39
      vertex 6 9.5 10.19
    endloop
  endfacet
  facet normal 0 1 0
    outer loop
      vertex 2.14122 9.5 3.39
      vertex 6 9.5 3
      vertex 2.14122 9.5 3
    endloop
  endfacet
  facet normal 0 1 -0
    outer loop
      vertex -2.14122 9.5 3.39
      vertex -6 9.5 10.19
      vertex 2.14122 9.5 3.39
    endloop
  endfacet
  facet normal 0 1 0
    outer loop
      vertex -6 9.5 3
      vertex -2.14122 9.5 3.39
      vertex -2.14122 9.5 3
    endloop
  endfacet
  facet normal 0 1 0
    outer loop
      vertex -2.14122 9.5 3.39
      vertex -6 9.5 3
      vertex -6 9.5 10.19
    endloop
  endfacet
  facet normal 0 -1 0
    outer loop
      vertex -6 -9.5 10.19
      vertex -2.14122 -9.5 3.39
      vertex 6 -9.5 10.19
    endloop
  endfacet
  facet normal 0 -1 0
    outer loop
      vertex -6 -9.5 3
      vertex -2.14122 -9.5 3.39
      vertex -6 -9.5 10.19
    endloop
  endfacet
  facet normal 0 -1 -0
    outer loop
      vertex -2.14122 -9.5 3.39
      vertex -6 -9.5 3
      vertex -2.14122 -9.5 3
    endloop
  endfacet
  facet normal 0 -1 0
    outer loop
      vertex 2.14122 -9.5 3.39
      vertex 6 -9.5 10.19
      vertex -2.14122 -9.5 3.39
    endloop
  endfacet
  facet normal 0 -1 0
    outer loop
      vertex 6 -9.5 3
      vertex 2.14122 -9.5 3.39
      vertex 2.14122 -9.5 3
    endloop
  endfacet
  facet normal 0 -1 0
    outer loop
      vertex 2.14122 -9.5 3.39
      vertex 6 -9.5 3
      vertex 6 -9.5 10.19
    endloop
  endfacet
  facet normal -0.999464 0.0327297 0
    outer loop
      vertex 1.19743 -9.07848 0
      vertex 1.2 -9 1.39
      vertex 1.2 -9 0
    endloop
  endfacet
  facet normal -0.999464 0.0327297 0
    outer loop
      vertex 1.2 -9 1.39
      vertex 1.19743 -9.07848 0
      vertex 1.19743 -9.07848 1.39
    endloop
  endfacet
  facet normal -0.995181 -0.0980537 0
    outer loop
      vertex 1.19743 -8.92152 0
      vertex 1.18973 -8.84337 1.39
      vertex 1.18973 -8.84337 0
    endloop
  endfacet
  facet normal -0.995181 -0.0980537 0
    outer loop
      vertex 1.18973 -8.84337 1.39
      vertex 1.19743 -8.92152 0
      vertex 1.19743 -8.92152 1.39
    endloop
  endfacet
  facet normal -0.999464 -0.0327297 0
    outer loop
      vertex 1.2 -9 0
      vertex 1.19743 -8.92152 1.39
      vertex 1.19743 -8.92152 0
    endloop
  endfacet
  facet normal -0.999464 -0.0327297 0
    outer loop
      vertex 1.19743 -8.92152 1.39
      vertex 1.2 -9 0
      vertex 1.2 -9 1.39
    endloop
  endfacet
  facet normal -0.986647 -0.162871 0
    outer loop
      vertex 1.18973 -8.84337 0
      vertex 1.17694 -8.76589 1.39
      vertex 1.17694 -8.76589 0
    endloop
  endfacet
  facet normal -0.986647 -0.162871 0
    outer loop
      vertex 1.17694 -8.76589 1.39
      vertex 1.18973 -8.84337 0
      vertex 1.18973 -8.84337 1.39
    endloop
  endfacet
  facet normal -0.973878 -0.227073 0
    outer loop
      vertex 1.17694 -8.76589 0
      vertex 1.15911 -8.68942 1.39
      vertex 1.15911 -8.68942 0
    endloop
  endfacet
  facet normal -0.973878 -0.227073 0
    outer loop
      vertex 1.15911 -8.68942 1.39
      vertex 1.17694 -8.76589 0
      vertex 1.17694 -8.76589 1.39
    endloop
  endfacet
  facet normal 0.634347 -0.773048 0
    outer loop
      vertex -0.791215 -8.09779 0
      vertex -0.730514 -8.04798 1.39
      vertex -0.791215 -8.09779 1.39
    endloop
  endfacet
  facet normal 0.634347 -0.773048 0
    outer loop
      vertex -0.730514 -8.04798 1.39
      vertex -0.791215 -8.09779 0
      vertex -0.730514 -8.04798 0
    endloop
  endfacet
  facet normal -0.471233 0.882009 0
    outer loop
      vertex 0.599999 -10.0392 0
      vertex 0.530746 -10.0762 1.39
      vertex 0.599999 -10.0392 1.39
    endloop
  endfacet
  facet normal -0.471233 0.882009 0
    outer loop
      vertex 0.530746 -10.0762 1.39
      vertex 0.599999 -10.0392 0
      vertex 0.530746 -10.0762 0
    endloop
  endfacet
  facet normal -0.772999 0.634407 0
    outer loop
      vertex 0.902207 -9.79121 0
      vertex 0.952024 -9.73051 1.39
      vertex 0.952024 -9.73051 0
    endloop
  endfacet
  facet normal -0.772999 0.634407 0
    outer loop
      vertex 0.952024 -9.73051 1.39
      vertex 0.902207 -9.79121 0
      vertex 0.902207 -9.79121 1.39
    endloop
  endfacet
  facet normal 0.227061 -0.97388 0
    outer loop
      vertex -0.310582 -7.84089 0
      vertex -0.234108 -7.82306 1.39
      vertex -0.310582 -7.84089 1.39
    endloop
  endfacet
  facet normal 0.227061 -0.97388 0
    outer loop
      vertex -0.234108 -7.82306 1.39
      vertex -0.310582 -7.84089 0
      vertex -0.234108 -7.82306 0
    endloop
  endfacet
  facet normal -0.986647 0.162871 0
    outer loop
      vertex 1.17694 -9.23411 0
      vertex 1.18973 -9.15663 1.39
      vertex 1.18973 -9.15663 0
    endloop
  endfacet
  facet normal -0.986647 0.162871 0
    outer loop
      vertex 1.18973 -9.15663 1.39
      vertex 1.17694 -9.23411 0
      vertex 1.17694 -9.23411 1.39
    endloop
  endfacet
  facet normal 0.973878 -0.227073 0
    outer loop
      vertex -1.17694 -8.76589 1.39
      vertex -1.15911 -8.68942 0
      vertex -1.15911 -8.68942 1.39
    endloop
  endfacet
  facet normal 0.973878 -0.227073 0
    outer loop
      vertex -1.15911 -8.68942 0
      vertex -1.17694 -8.76589 1.39
      vertex -1.17694 -8.76589 0
    endloop
  endfacet
  facet normal 0.528092 -0.849187 0
    outer loop
      vertex -0.666684 -8.00224 0
      vertex -0.599999 -7.96077 1.39
      vertex -0.666684 -8.00224 1.39
    endloop
  endfacet
  facet normal 0.528092 -0.849187 0
    outer loop
      vertex -0.599999 -7.96077 1.39
      vertex -0.666684 -8.00224 0
      vertex -0.599999 -7.96077 0
    endloop
  endfacet
  facet normal 0.527816 0.849359 -0
    outer loop
      vertex -0.599999 -10.0392 0
      vertex -0.666684 -9.99776 1.39
      vertex -0.599999 -10.0392 1.39
    endloop
  endfacet
  facet normal 0.527816 0.849359 0
    outer loop
      vertex -0.666684 -9.99776 1.39
      vertex -0.599999 -10.0392 0
      vertex -0.666684 -9.99776 0
    endloop
  endfacet
  facet normal -0.935863 -0.352365 0
    outer loop
      vertex 1.13632 -8.61427 0
      vertex 1.10865 -8.54078 1.39
      vertex 1.10865 -8.54078 0
    endloop
  endfacet
  facet normal -0.935863 -0.352365 0
    outer loop
      vertex 1.10865 -8.54078 1.39
      vertex 1.13632 -8.61427 0
      vertex 1.13632 -8.61427 1.39
    endloop
  endfacet
  facet normal 0.163001 0.986626 -0
    outer loop
      vertex -0.156631 -10.1897 0
      vertex -0.234108 -10.1769 1.39
      vertex -0.156631 -10.1897 1.39
    endloop
  endfacet
  facet normal 0.163001 0.986626 0
    outer loop
      vertex -0.234108 -10.1769 1.39
      vertex -0.156631 -10.1897 0
      vertex -0.234108 -10.1769 0
    endloop
  endfacet
  facet normal -0.729909 -0.683545 0
    outer loop
      vertex 0.902207 -8.20879 0
      vertex 0.848528 -8.15147 1.39
      vertex 0.848528 -8.15147 0
    endloop
  endfacet
  facet normal -0.729909 -0.683545 0
    outer loop
      vertex 0.848528 -8.15147 1.39
      vertex 0.902207 -8.20879 0
      vertex 0.902207 -8.20879 1.39
    endloop
  endfacet
  facet normal 0.986647 0.162871 0
    outer loop
      vertex -1.17694 -9.23411 1.39
      vertex -1.18973 -9.15663 0
      vertex -1.18973 -9.15663 1.39
    endloop
  endfacet
  facet normal 0.986647 0.162871 0
    outer loop
      vertex -1.18973 -9.15663 0
      vertex -1.17694 -9.23411 1.39
      vertex -1.17694 -9.23411 0
    endloop
  endfacet
  facet normal -0.0980569 -0.995181 0
    outer loop
      vertex 0.0784836 -7.80257 0
      vertex 0.156631 -7.81027 1.39
      vertex 0.0784836 -7.80257 1.39
    endloop
  endfacet
  facet normal -0.0980569 -0.995181 -0
    outer loop
      vertex 0.156631 -7.81027 1.39
      vertex 0.0784836 -7.80257 0
      vertex 0.156631 -7.81027 0
    endloop
  endfacet
  facet normal -0.910911 -0.412603 0
    outer loop
      vertex 1.10865 -8.54078 0
      vertex 1.07625 -8.46925 1.39
      vertex 1.07625 -8.46925 0
    endloop
  endfacet
  facet normal -0.910911 -0.412603 0
    outer loop
      vertex 1.07625 -8.46925 1.39
      vertex 1.10865 -8.54078 0
      vertex 1.10865 -8.54078 1.39
    endloop
  endfacet
  facet normal 0.162877 -0.986646 0
    outer loop
      vertex -0.234108 -7.82306 0
      vertex -0.156631 -7.81027 1.39
      vertex -0.234108 -7.82306 1.39
    endloop
  endfacet
  facet normal 0.162877 -0.986646 0
    outer loop
      vertex -0.156631 -7.81027 1.39
      vertex -0.234108 -7.82306 0
      vertex -0.156631 -7.81027 0
    endloop
  endfacet
  facet normal -0.910911 0.412603 0
    outer loop
      vertex 1.07625 -9.53075 0
      vertex 1.10865 -9.45922 1.39
      vertex 1.10865 -9.45922 0
    endloop
  endfacet
  facet normal -0.910911 0.412603 0
    outer loop
      vertex 1.10865 -9.45922 1.39
      vertex 1.07625 -9.53075 0
      vertex 1.07625 -9.53075 1.39
    endloop
  endfacet
  facet normal -0.973878 0.227073 0
    outer loop
      vertex 1.15911 -9.31058 0
      vertex 1.17694 -9.23411 1.39
      vertex 1.17694 -9.23411 0
    endloop
  endfacet
  facet normal -0.973878 0.227073 0
    outer loop
      vertex 1.17694 -9.23411 1.39
      vertex 1.15911 -9.31058 0
      vertex 1.15911 -9.31058 1.39
    endloop
  endfacet
  facet normal 0.0327282 -0.999464 0
    outer loop
      vertex -0.0784836 -7.80257 0
      vertex 0 -7.8 1.39
      vertex -0.0784836 -7.80257 1.39
    endloop
  endfacet
  facet normal 0.0327282 -0.999464 0
    outer loop
      vertex 0 -7.8 1.39
      vertex -0.0784836 -7.80257 0
      vertex 0 -7.8 0
    endloop
  endfacet
  facet normal -0.162877 -0.986646 0
    outer loop
      vertex 0.156631 -7.81027 0
      vertex 0.234108 -7.82306 1.39
      vertex 0.156631 -7.81027 1.39
    endloop
  endfacet
  facet normal -0.162877 -0.986646 -0
    outer loop
      vertex 0.234108 -7.82306 1.39
      vertex 0.156631 -7.81027 0
      vertex 0.234108 -7.82306 0
    endloop
  endfacet
  facet normal -0.995181 0.0980537 0
    outer loop
      vertex 1.18973 -9.15663 0
      vertex 1.19743 -9.07848 1.39
      vertex 1.19743 -9.07848 0
    endloop
  endfacet
  facet normal -0.995181 0.0980537 0
    outer loop
      vertex 1.19743 -9.07848 1.39
      vertex 1.18973 -9.15663 0
      vertex 1.18973 -9.15663 1.39
    endloop
  endfacet
  facet normal 0.935863 0.352365 0
    outer loop
      vertex -1.10865 -9.45922 1.39
      vertex -1.13632 -9.38573 0
      vertex -1.13632 -9.38573 1.39
    endloop
  endfacet
  facet normal 0.935863 0.352365 0
    outer loop
      vertex -1.13632 -9.38573 0
      vertex -1.10865 -9.45922 1.39
      vertex -1.10865 -9.45922 0
    endloop
  endfacet
  facet normal 0.412622 -0.910902 0
    outer loop
      vertex -0.530746 -7.92375 0
      vertex -0.45922 -7.89135 1.39
      vertex -0.530746 -7.92375 1.39
    endloop
  endfacet
  facet normal 0.412622 -0.910902 0
    outer loop
      vertex -0.45922 -7.89135 1.39
      vertex -0.530746 -7.92375 0
      vertex -0.45922 -7.89135 0
    endloop
  endfacet
  facet normal -0.351572 0.936161 0
    outer loop
      vertex 0.45922 -10.1087 0
      vertex 0.385727 -10.1363 1.39
      vertex 0.45922 -10.1087 1.39
    endloop
  endfacet
  facet normal -0.351572 0.936161 0
    outer loop
      vertex 0.385727 -10.1363 1.39
      vertex 0.45922 -10.1087 0
      vertex 0.385727 -10.1363 0
    endloop
  endfacet
  facet normal -0.227061 -0.97388 0
    outer loop
      vertex 0.234108 -7.82306 0
      vertex 0.310582 -7.84089 1.39
      vertex 0.234108 -7.82306 1.39
    endloop
  endfacet
  facet normal -0.227061 -0.97388 -0
    outer loop
      vertex 0.310582 -7.84089 1.39
      vertex 0.234108 -7.82306 0
      vertex 0.310582 -7.84089 0
    endloop
  endfacet
  facet normal -0.812852 -0.58247 0
    outer loop
      vertex 0.997763 -8.33332 0
      vertex 0.952024 -8.26949 1.39
      vertex 0.952024 -8.26949 0
    endloop
  endfacet
  facet normal -0.812852 -0.58247 0
    outer loop
      vertex 0.952024 -8.26949 1.39
      vertex 0.997763 -8.33332 0
      vertex 0.997763 -8.33332 1.39
    endloop
  endfacet
  facet normal 0.849187 0.528093 0
    outer loop
      vertex -0.997763 -9.66668 1.39
      vertex -1.03923 -9.6 0
      vertex -1.03923 -9.6 1.39
    endloop
  endfacet
  facet normal 0.849187 0.528093 0
    outer loop
      vertex -1.03923 -9.6 0
      vertex -0.997763 -9.66668 1.39
      vertex -0.997763 -9.66668 0
    endloop
  endfacet
  facet normal -0.582478 -0.812846 0
    outer loop
      vertex 0.666684 -8.00224 0
      vertex 0.730514 -8.04798 1.39
      vertex 0.666684 -8.00224 1.39
    endloop
  endfacet
  facet normal -0.582478 -0.812846 -0
    outer loop
      vertex 0.730514 -8.04798 1.39
      vertex 0.666684 -8.00224 0
      vertex 0.730514 -8.04798 0
    endloop
  endfacet
  facet normal -0.956963 -0.290209 0
    outer loop
      vertex 1.15911 -8.68942 0
      vertex 1.13632 -8.61427 1.39
      vertex 1.13632 -8.61427 0
    endloop
  endfacet
  facet normal -0.956963 -0.290209 0
    outer loop
      vertex 1.13632 -8.61427 1.39
      vertex 1.15911 -8.68942 0
      vertex 1.15911 -8.68942 1.39
    endloop
  endfacet
  facet normal 0.812852 -0.58247 0
    outer loop
      vertex -0.997763 -8.33332 1.39
      vertex -0.952024 -8.26949 0
      vertex -0.952024 -8.26949 1.39
    endloop
  endfacet
  facet normal 0.812852 -0.58247 0
    outer loop
      vertex -0.952024 -8.26949 0
      vertex -0.997763 -8.33332 1.39
      vertex -0.997763 -8.33332 0
    endloop
  endfacet
  facet normal -0.935863 0.352365 0
    outer loop
      vertex 1.10865 -9.45922 0
      vertex 1.13632 -9.38573 1.39
      vertex 1.13632 -9.38573 0
    endloop
  endfacet
  facet normal -0.935863 0.352365 0
    outer loop
      vertex 1.13632 -9.38573 1.39
      vertex 1.10865 -9.45922 0
      vertex 1.10865 -9.45922 1.39
    endloop
  endfacet
  facet normal 0.582478 -0.812846 0
    outer loop
      vertex -0.730514 -8.04798 0
      vertex -0.666684 -8.00224 1.39
      vertex -0.730514 -8.04798 1.39
    endloop
  endfacet
  facet normal 0.582478 -0.812846 0
    outer loop
      vertex -0.666684 -8.00224 1.39
      vertex -0.730514 -8.04798 0
      vertex -0.666684 -8.00224 0
    endloop
  endfacet
  facet normal 0.683596 -0.729861 0
    outer loop
      vertex -0.848528 -8.15147 0
      vertex -0.791215 -8.09779 1.39
      vertex -0.848528 -8.15147 1.39
    endloop
  endfacet
  facet normal 0.683596 -0.729861 0
    outer loop
      vertex -0.791215 -8.09779 1.39
      vertex -0.848528 -8.15147 0
      vertex -0.791215 -8.09779 0
    endloop
  endfacet
  facet normal 0.471431 -0.881903 0
    outer loop
      vertex -0.599999 -7.96077 0
      vertex -0.530746 -7.92375 1.39
      vertex -0.599999 -7.96077 1.39
    endloop
  endfacet
  facet normal 0.471431 -0.881903 0
    outer loop
      vertex -0.530746 -7.92375 1.39
      vertex -0.599999 -7.96077 0
      vertex -0.530746 -7.92375 0
    endloop
  endfacet
  facet normal 0.0980569 0.995181 -0
    outer loop
      vertex -0.0784836 -10.1974 0
      vertex -0.156631 -10.1897 1.39
      vertex -0.0784836 -10.1974 1.39
    endloop
  endfacet
  facet normal 0.0980569 0.995181 0
    outer loop
      vertex -0.156631 -10.1897 1.39
      vertex -0.0784836 -10.1974 0
      vertex -0.156631 -10.1897 0
    endloop
  endfacet
  facet normal 0.290343 0.956923 -0
    outer loop
      vertex -0.310582 -10.1591 0
      vertex -0.385727 -10.1363 1.39
      vertex -0.310582 -10.1591 1.39
    endloop
  endfacet
  facet normal 0.290343 0.956923 0
    outer loop
      vertex -0.385727 -10.1363 1.39
      vertex -0.310582 -10.1591 0
      vertex -0.385727 -10.1363 0
    endloop
  endfacet
  facet normal -0.881894 -0.471447 0
    outer loop
      vertex 1.07625 -8.46925 0
      vertex 1.03923 -8.4 1.39
      vertex 1.03923 -8.4 0
    endloop
  endfacet
  facet normal -0.881894 -0.471447 0
    outer loop
      vertex 1.03923 -8.4 1.39
      vertex 1.07625 -8.46925 0
      vertex 1.07625 -8.46925 1.39
    endloop
  endfacet
  facet normal 0.471233 0.882009 -0
    outer loop
      vertex -0.530746 -10.0762 0
      vertex -0.599999 -10.0392 1.39
      vertex -0.530746 -10.0762 1.39
    endloop
  endfacet
  facet normal 0.471233 0.882009 0
    outer loop
      vertex -0.599999 -10.0392 1.39
      vertex -0.530746 -10.0762 0
      vertex -0.599999 -10.0392 0
    endloop
  endfacet
  facet normal -0.352353 -0.935867 0
    outer loop
      vertex 0.385727 -7.86368 0
      vertex 0.45922 -7.89135 1.39
      vertex 0.385727 -7.86368 1.39
    endloop
  endfacet
  facet normal -0.352353 -0.935867 -0
    outer loop
      vertex 0.45922 -7.89135 1.39
      vertex 0.385727 -7.86368 0
      vertex 0.45922 -7.89135 0
    endloop
  endfacet
  facet normal 0.999464 0.0327297 0
    outer loop
      vertex -1.19743 -9.07848 1.39
      vertex -1.2 -9 0
      vertex -1.2 -9 1.39
    endloop
  endfacet
  facet normal 0.999464 0.0327297 0
    outer loop
      vertex -1.2 -9 0
      vertex -1.19743 -9.07848 1.39
      vertex -1.19743 -9.07848 0
    endloop
  endfacet
  facet normal -0.471431 -0.881903 0
    outer loop
      vertex 0.530746 -7.92375 0
      vertex 0.599999 -7.96077 1.39
      vertex 0.530746 -7.92375 1.39
    endloop
  endfacet
  facet normal -0.471431 -0.881903 -0
    outer loop
      vertex 0.599999 -7.96077 1.39
      vertex 0.530746 -7.92375 0
      vertex 0.599999 -7.96077 0
    endloop
  endfacet
  facet normal 0.226699 0.973965 -0
    outer loop
      vertex -0.234108 -10.1769 0
      vertex -0.310582 -10.1591 1.39
      vertex -0.234108 -10.1769 1.39
    endloop
  endfacet
  facet normal 0.226699 0.973965 0
    outer loop
      vertex -0.310582 -10.1591 1.39
      vertex -0.234108 -10.1769 0
      vertex -0.310582 -10.1591 0
    endloop
  endfacet
  facet normal -0.634347 -0.773048 0
    outer loop
      vertex 0.730514 -8.04798 0
      vertex 0.791215 -8.09779 1.39
      vertex 0.730514 -8.04798 1.39
    endloop
  endfacet
  facet normal -0.634347 -0.773048 -0
    outer loop
      vertex 0.791215 -8.09779 1.39
      vertex 0.730514 -8.04798 0
      vertex 0.791215 -8.09779 0
    endloop
  endfacet
  facet normal -0.881894 0.471447 0
    outer loop
      vertex 1.03923 -9.6 0
      vertex 1.07625 -9.53075 1.39
      vertex 1.07625 -9.53075 0
    endloop
  endfacet
  facet normal -0.881894 0.471447 0
    outer loop
      vertex 1.07625 -9.53075 1.39
      vertex 1.03923 -9.6 0
      vertex 1.03923 -9.6 1.39
    endloop
  endfacet
  facet normal -0.527816 0.849359 0
    outer loop
      vertex 0.666684 -9.99776 0
      vertex 0.599999 -10.0392 1.39
      vertex 0.666684 -9.99776 1.39
    endloop
  endfacet
  facet normal -0.527816 0.849359 0
    outer loop
      vertex 0.599999 -10.0392 1.39
      vertex 0.666684 -9.99776 0
      vertex 0.599999 -10.0392 0
    endloop
  endfacet
  facet normal 0.352353 -0.935867 0
    outer loop
      vertex -0.45922 -7.89135 0
      vertex -0.385727 -7.86368 1.39
      vertex -0.45922 -7.89135 1.39
    endloop
  endfacet
  facet normal 0.352353 -0.935867 0
    outer loop
      vertex -0.385727 -7.86368 1.39
      vertex -0.45922 -7.89135 0
      vertex -0.385727 -7.86368 0
    endloop
  endfacet
  facet normal 0.729909 0.683545 0
    outer loop
      vertex -0.848528 -9.84853 1.39
      vertex -0.902207 -9.79121 0
      vertex -0.902207 -9.79121 1.39
    endloop
  endfacet
  facet normal 0.729909 0.683545 0
    outer loop
      vertex -0.902207 -9.79121 0
      vertex -0.848528 -9.84853 1.39
      vertex -0.848528 -9.84853 0
    endloop
  endfacet
  facet normal -0.0327282 -0.999464 0
    outer loop
      vertex 0 -7.8 0
      vertex 0.0784836 -7.80257 1.39
      vertex 0 -7.8 1.39
    endloop
  endfacet
  facet normal -0.0327282 -0.999464 -0
    outer loop
      vertex 0.0784836 -7.80257 1.39
      vertex 0 -7.8 0
      vertex 0.0784836 -7.80257 0
    endloop
  endfacet
  facet normal -0.290343 0.956923 0
    outer loop
      vertex 0.385727 -10.1363 0
      vertex 0.310582 -10.1591 1.39
      vertex 0.385727 -10.1363 1.39
    endloop
  endfacet
  facet normal -0.290343 0.956923 0
    outer loop
      vertex 0.310582 -10.1591 1.39
      vertex 0.385727 -10.1363 0
      vertex 0.310582 -10.1591 0
    endloop
  endfacet
  facet normal -0.0980569 0.995181 0
    outer loop
      vertex 0.156631 -10.1897 0
      vertex 0.0784836 -10.1974 1.39
      vertex 0.156631 -10.1897 1.39
    endloop
  endfacet
  facet normal -0.0980569 0.995181 0
    outer loop
      vertex 0.0784836 -10.1974 1.39
      vertex 0.156631 -10.1897 0
      vertex 0.0784836 -10.1974 0
    endloop
  endfacet
  facet normal -0.163001 0.986626 0
    outer loop
      vertex 0.234108 -10.1769 0
      vertex 0.156631 -10.1897 1.39
      vertex 0.234108 -10.1769 1.39
    endloop
  endfacet
  facet normal -0.163001 0.986626 0
    outer loop
      vertex 0.156631 -10.1897 1.39
      vertex 0.234108 -10.1769 0
      vertex 0.156631 -10.1897 0
    endloop
  endfacet
  facet normal -0.683596 0.729861 0
    outer loop
      vertex 0.848528 -9.84853 0
      vertex 0.791215 -9.90221 1.39
      vertex 0.848528 -9.84853 1.39
    endloop
  endfacet
  facet normal -0.683596 0.729861 0
    outer loop
      vertex 0.791215 -9.90221 1.39
      vertex 0.848528 -9.84853 0
      vertex 0.791215 -9.90221 0
    endloop
  endfacet
  facet normal -0.413678 0.910423 0
    outer loop
      vertex 0.530746 -10.0762 0
      vertex 0.45922 -10.1087 1.39
      vertex 0.530746 -10.0762 1.39
    endloop
  endfacet
  facet normal -0.413678 0.910423 0
    outer loop
      vertex 0.45922 -10.1087 1.39
      vertex 0.530746 -10.0762 0
      vertex 0.45922 -10.1087 0
    endloop
  endfacet
  facet normal -0.849187 -0.528093 0
    outer loop
      vertex 1.03923 -8.4 0
      vertex 0.997763 -8.33332 1.39
      vertex 0.997763 -8.33332 0
    endloop
  endfacet
  facet normal -0.849187 -0.528093 0
    outer loop
      vertex 0.997763 -8.33332 1.39
      vertex 1.03923 -8.4 0
      vertex 1.03923 -8.4 1.39
    endloop
  endfacet
  facet normal 0.935863 -0.352365 0
    outer loop
      vertex -1.13632 -8.61427 1.39
      vertex -1.10865 -8.54078 0
      vertex -1.10865 -8.54078 1.39
    endloop
  endfacet
  facet normal 0.935863 -0.352365 0
    outer loop
      vertex -1.10865 -8.54078 0
      vertex -1.13632 -8.61427 1.39
      vertex -1.13632 -8.61427 0
    endloop
  endfacet
  facet normal 0.986647 -0.162871 0
    outer loop
      vertex -1.18973 -8.84337 1.39
      vertex -1.17694 -8.76589 0
      vertex -1.17694 -8.76589 1.39
    endloop
  endfacet
  facet normal 0.986647 -0.162871 0
    outer loop
      vertex -1.17694 -8.76589 0
      vertex -1.18973 -8.84337 1.39
      vertex -1.18973 -8.84337 0
    endloop
  endfacet
  facet normal 0.683596 0.729861 -0
    outer loop
      vertex -0.791215 -9.90221 0
      vertex -0.848528 -9.84853 1.39
      vertex -0.791215 -9.90221 1.39
    endloop
  endfacet
  facet normal 0.683596 0.729861 0
    outer loop
      vertex -0.848528 -9.84853 1.39
      vertex -0.791215 -9.90221 0
      vertex -0.848528 -9.84853 0
    endloop
  endfacet
  facet normal 0.0980569 -0.995181 0
    outer loop
      vertex -0.156631 -7.81027 0
      vertex -0.0784836 -7.80257 1.39
      vertex -0.156631 -7.81027 1.39
    endloop
  endfacet
  facet normal 0.0980569 -0.995181 0
    outer loop
      vertex -0.0784836 -7.80257 1.39
      vertex -0.156631 -7.81027 0
      vertex -0.0784836 -7.80257 0
    endloop
  endfacet
  facet normal -0.849187 0.528093 0
    outer loop
      vertex 0.997763 -9.66668 0
      vertex 1.03923 -9.6 1.39
      vertex 1.03923 -9.6 0
    endloop
  endfacet
  facet normal -0.849187 0.528093 0
    outer loop
      vertex 1.03923 -9.6 1.39
      vertex 0.997763 -9.66668 0
      vertex 0.997763 -9.66668 1.39
    endloop
  endfacet
  facet normal -0.772999 -0.634407 0
    outer loop
      vertex 0.952024 -8.26949 0
      vertex 0.902207 -8.20879 1.39
      vertex 0.902207 -8.20879 0
    endloop
  endfacet
  facet normal -0.772999 -0.634407 0
    outer loop
      vertex 0.902207 -8.20879 1.39
      vertex 0.952024 -8.26949 0
      vertex 0.952024 -8.26949 1.39
    endloop
  endfacet
  facet normal 0.910911 -0.412603 0
    outer loop
      vertex -1.10865 -8.54078 1.39
      vertex -1.07625 -8.46925 0
      vertex -1.07625 -8.46925 1.39
    endloop
  endfacet
  facet normal 0.910911 -0.412603 0
    outer loop
      vertex -1.07625 -8.46925 0
      vertex -1.10865 -8.54078 1.39
      vertex -1.10865 -8.54078 0
    endloop
  endfacet
  facet normal 0.956963 0.290209 0
    outer loop
      vertex -1.13632 -9.38573 1.39
      vertex -1.15911 -9.31058 0
      vertex -1.15911 -9.31058 1.39
    endloop
  endfacet
  facet normal 0.956963 0.290209 0
    outer loop
      vertex -1.15911 -9.31058 0
      vertex -1.13632 -9.38573 1.39
      vertex -1.13632 -9.38573 0
    endloop
  endfacet
  facet normal -0.528092 -0.849187 0
    outer loop
      vertex 0.599999 -7.96077 0
      vertex 0.666684 -8.00224 1.39
      vertex 0.599999 -7.96077 1.39
    endloop
  endfacet
  facet normal -0.528092 -0.849187 -0
    outer loop
      vertex 0.666684 -8.00224 1.39
      vertex 0.599999 -7.96077 0
      vertex 0.666684 -8.00224 0
    endloop
  endfacet
  facet normal -0.956963 0.290209 0
    outer loop
      vertex 1.13632 -9.38573 0
      vertex 1.15911 -9.31058 1.39
      vertex 1.15911 -9.31058 0
    endloop
  endfacet
  facet normal -0.956963 0.290209 0
    outer loop
      vertex 1.15911 -9.31058 1.39
      vertex 1.13632 -9.38573 0
      vertex 1.13632 -9.38573 1.39
    endloop
  endfacet
  facet normal -0.226699 0.973965 0
    outer loop
      vertex 0.310582 -10.1591 0
      vertex 0.234108 -10.1769 1.39
      vertex 0.310582 -10.1591 1.39
    endloop
  endfacet
  facet normal -0.226699 0.973965 0
    outer loop
      vertex 0.234108 -10.1769 1.39
      vertex 0.310582 -10.1591 0
      vertex 0.234108 -10.1769 0
    endloop
  endfacet
  facet normal 0.973878 0.227073 0
    outer loop
      vertex -1.15911 -9.31058 1.39
      vertex -1.17694 -9.23411 0
      vertex -1.17694 -9.23411 1.39
    endloop
  endfacet
  facet normal 0.973878 0.227073 0
    outer loop
      vertex -1.17694 -9.23411 0
      vertex -1.15911 -9.31058 1.39
      vertex -1.15911 -9.31058 0
    endloop
  endfacet
  facet normal 0.634347 0.773048 -0
    outer loop
      vertex -0.730514 -9.95202 0
      vertex -0.791215 -9.90221 1.39
      vertex -0.730514 -9.95202 1.39
    endloop
  endfacet
  facet normal 0.634347 0.773048 0
    outer loop
      vertex -0.791215 -9.90221 1.39
      vertex -0.730514 -9.95202 0
      vertex -0.791215 -9.90221 0
    endloop
  endfacet
  facet normal 0.881894 0.471447 0
    outer loop
      vertex -1.03923 -9.6 1.39
      vertex -1.07625 -9.53075 0
      vertex -1.07625 -9.53075 1.39
    endloop
  endfacet
  facet normal 0.881894 0.471447 0
    outer loop
      vertex -1.07625 -9.53075 0
      vertex -1.03923 -9.6 1.39
      vertex -1.03923 -9.6 0
    endloop
  endfacet
  facet normal 0.849187 -0.528093 0
    outer loop
      vertex -1.03923 -8.4 1.39
      vertex -0.997763 -8.33332 0
      vertex -0.997763 -8.33332 1.39
    endloop
  endfacet
  facet normal 0.849187 -0.528093 0
    outer loop
      vertex -0.997763 -8.33332 0
      vertex -1.03923 -8.4 1.39
      vertex -1.03923 -8.4 0
    endloop
  endfacet
  facet normal 0.881894 -0.471447 0
    outer loop
      vertex -1.07625 -8.46925 1.39
      vertex -1.03923 -8.4 0
      vertex -1.03923 -8.4 1.39
    endloop
  endfacet
  facet normal 0.881894 -0.471447 0
    outer loop
      vertex -1.03923 -8.4 0
      vertex -1.07625 -8.46925 1.39
      vertex -1.07625 -8.46925 0
    endloop
  endfacet
  facet normal 0.999464 -0.0327297 0
    outer loop
      vertex -1.2 -9 1.39
      vertex -1.19743 -8.92152 0
      vertex -1.19743 -8.92152 1.39
    endloop
  endfacet
  facet normal 0.999464 -0.0327297 0
    outer loop
      vertex -1.19743 -8.92152 0
      vertex -1.2 -9 1.39
      vertex -1.2 -9 0
    endloop
  endfacet
  facet normal 0.729909 -0.683545 0
    outer loop
      vertex -0.902207 -8.20879 1.39
      vertex -0.848528 -8.15147 0
      vertex -0.848528 -8.15147 1.39
    endloop
  endfacet
  facet normal 0.729909 -0.683545 0
    outer loop
      vertex -0.848528 -8.15147 0
      vertex -0.902207 -8.20879 1.39
      vertex -0.902207 -8.20879 0
    endloop
  endfacet
  facet normal -0.412622 -0.910902 0
    outer loop
      vertex 0.45922 -7.89135 0
      vertex 0.530746 -7.92375 1.39
      vertex 0.45922 -7.89135 1.39
    endloop
  endfacet
  facet normal -0.412622 -0.910902 -0
    outer loop
      vertex 0.530746 -7.92375 1.39
      vertex 0.45922 -7.89135 0
      vertex 0.530746 -7.92375 0
    endloop
  endfacet
  facet normal -0.582478 0.812846 0
    outer loop
      vertex 0.730514 -9.95202 0
      vertex 0.666684 -9.99776 1.39
      vertex 0.730514 -9.95202 1.39
    endloop
  endfacet
  facet normal -0.582478 0.812846 0
    outer loop
      vertex 0.666684 -9.99776 1.39
      vertex 0.730514 -9.95202 0
      vertex 0.666684 -9.99776 0
    endloop
  endfacet
  facet normal -0.729909 0.683545 0
    outer loop
      vertex 0.848528 -9.84853 0
      vertex 0.902207 -9.79121 1.39
      vertex 0.902207 -9.79121 0
    endloop
  endfacet
  facet normal -0.729909 0.683545 0
    outer loop
      vertex 0.902207 -9.79121 1.39
      vertex 0.848528 -9.84853 0
      vertex 0.848528 -9.84853 1.39
    endloop
  endfacet
  facet normal 0.910911 0.412603 0
    outer loop
      vertex -1.07625 -9.53075 1.39
      vertex -1.10865 -9.45922 0
      vertex -1.10865 -9.45922 1.39
    endloop
  endfacet
  facet normal 0.910911 0.412603 0
    outer loop
      vertex -1.10865 -9.45922 0
      vertex -1.07625 -9.53075 1.39
      vertex -1.07625 -9.53075 0
    endloop
  endfacet
  facet normal -0.683596 -0.729861 0
    outer loop
      vertex 0.791215 -8.09779 0
      vertex 0.848528 -8.15147 1.39
      vertex 0.791215 -8.09779 1.39
    endloop
  endfacet
  facet normal -0.683596 -0.729861 -0
    outer loop
      vertex 0.848528 -8.15147 1.39
      vertex 0.791215 -8.09779 0
      vertex 0.848528 -8.15147 0
    endloop
  endfacet
  facet normal -0.0331098 0.999452 0
    outer loop
      vertex 0.0784836 -10.1974 0
      vertex 0 -10.2 1.39
      vertex 0.0784836 -10.1974 1.39
    endloop
  endfacet
  facet normal -0.0331098 0.999452 0
    outer loop
      vertex 0 -10.2 1.39
      vertex 0.0784836 -10.1974 0
      vertex 0 -10.2 0
    endloop
  endfacet
  facet normal -0.634347 0.773048 0
    outer loop
      vertex 0.791215 -9.90221 0
      vertex 0.730514 -9.95202 1.39
      vertex 0.791215 -9.90221 1.39
    endloop
  endfacet
  facet normal -0.634347 0.773048 0
    outer loop
      vertex 0.730514 -9.95202 1.39
      vertex 0.791215 -9.90221 0
      vertex 0.730514 -9.95202 0
    endloop
  endfacet
  facet normal 0.290227 -0.956958 0
    outer loop
      vertex -0.385727 -7.86368 0
      vertex -0.310582 -7.84089 1.39
      vertex -0.385727 -7.86368 1.39
    endloop
  endfacet
  facet normal 0.290227 -0.956958 0
    outer loop
      vertex -0.310582 -7.84089 1.39
      vertex -0.385727 -7.86368 0
      vertex -0.310582 -7.84089 0
    endloop
  endfacet
  facet normal 0.772999 0.634407 0
    outer loop
      vertex -0.902207 -9.79121 1.39
      vertex -0.952024 -9.73051 0
      vertex -0.952024 -9.73051 1.39
    endloop
  endfacet
  facet normal 0.772999 0.634407 0
    outer loop
      vertex -0.952024 -9.73051 0
      vertex -0.902207 -9.79121 1.39
      vertex -0.902207 -9.79121 0
    endloop
  endfacet
  facet normal 0.772999 -0.634407 0
    outer loop
      vertex -0.952024 -8.26949 1.39
      vertex -0.902207 -8.20879 0
      vertex -0.902207 -8.20879 1.39
    endloop
  endfacet
  facet normal 0.772999 -0.634407 0
    outer loop
      vertex -0.902207 -8.20879 0
      vertex -0.952024 -8.26949 1.39
      vertex -0.952024 -8.26949 0
    endloop
  endfacet
  facet normal 0.995181 0.0980537 0
    outer loop
      vertex -1.18973 -9.15663 1.39
      vertex -1.19743 -9.07848 0
      vertex -1.19743 -9.07848 1.39
    endloop
  endfacet
  facet normal 0.995181 0.0980537 0
    outer loop
      vertex -1.19743 -9.07848 0
      vertex -1.18973 -9.15663 1.39
      vertex -1.18973 -9.15663 0
    endloop
  endfacet
  facet normal 0.812852 0.58247 0
    outer loop
      vertex -0.952024 -9.73051 1.39
      vertex -0.997763 -9.66668 0
      vertex -0.997763 -9.66668 1.39
    endloop
  endfacet
  facet normal 0.812852 0.58247 0
    outer loop
      vertex -0.997763 -9.66668 0
      vertex -0.952024 -9.73051 1.39
      vertex -0.952024 -9.73051 0
    endloop
  endfacet
  facet normal 0.351572 0.936161 -0
    outer loop
      vertex -0.385727 -10.1363 0
      vertex -0.45922 -10.1087 1.39
      vertex -0.385727 -10.1363 1.39
    endloop
  endfacet
  facet normal 0.351572 0.936161 0
    outer loop
      vertex -0.45922 -10.1087 1.39
      vertex -0.385727 -10.1363 0
      vertex -0.45922 -10.1087 0
    endloop
  endfacet
  facet normal -0.290227 -0.956958 0
    outer loop
      vertex 0.310582 -7.84089 0
      vertex 0.385727 -7.86368 1.39
      vertex 0.310582 -7.84089 1.39
    endloop
  endfacet
  facet normal -0.290227 -0.956958 -0
    outer loop
      vertex 0.385727 -7.86368 1.39
      vertex 0.310582 -7.84089 0
      vertex 0.385727 -7.86368 0
    endloop
  endfacet
  facet normal 0.956963 -0.290209 0
    outer loop
      vertex -1.15911 -8.68942 1.39
      vertex -1.13632 -8.61427 0
      vertex -1.13632 -8.61427 1.39
    endloop
  endfacet
  facet normal 0.956963 -0.290209 0
    outer loop
      vertex -1.13632 -8.61427 0
      vertex -1.15911 -8.68942 1.39
      vertex -1.15911 -8.68942 0
    endloop
  endfacet
  facet normal 0.995181 -0.0980537 0
    outer loop
      vertex -1.19743 -8.92152 1.39
      vertex -1.18973 -8.84337 0
      vertex -1.18973 -8.84337 1.39
    endloop
  endfacet
  facet normal 0.995181 -0.0980537 0
    outer loop
      vertex -1.18973 -8.84337 0
      vertex -1.19743 -8.92152 1.39
      vertex -1.19743 -8.92152 0
    endloop
  endfacet
  facet normal 0.0331098 0.999452 -0
    outer loop
      vertex 0 -10.2 0
      vertex -0.0784836 -10.1974 1.39
      vertex 0 -10.2 1.39
    endloop
  endfacet
  facet normal 0.0331098 0.999452 0
    outer loop
      vertex -0.0784836 -10.1974 1.39
      vertex 0 -10.2 0
      vertex -0.0784836 -10.1974 0
    endloop
  endfacet
  facet normal -0.812852 0.58247 0
    outer loop
      vertex 0.952024 -9.73051 0
      vertex 0.997763 -9.66668 1.39
      vertex 0.997763 -9.66668 0
    endloop
  endfacet
  facet normal -0.812852 0.58247 0
    outer loop
      vertex 0.997763 -9.66668 1.39
      vertex 0.952024 -9.73051 0
      vertex 0.952024 -9.73051 1.39
    endloop
  endfacet
  facet normal 0.413678 0.910423 -0
    outer loop
      vertex -0.45922 -10.1087 0
      vertex -0.530746 -10.0762 1.39
      vertex -0.45922 -10.1087 1.39
    endloop
  endfacet
  facet normal 0.413678 0.910423 0
    outer loop
      vertex -0.530746 -10.0762 1.39
      vertex -0.45922 -10.1087 0
      vertex -0.530746 -10.0762 0
    endloop
  endfacet
  facet normal 0.582478 0.812846 -0
    outer loop
      vertex -0.666684 -9.99776 0
      vertex -0.730514 -9.95202 1.39
      vertex -0.666684 -9.99776 1.39
    endloop
  endfacet
  facet normal 0.582478 0.812846 0
    outer loop
      vertex -0.730514 -9.95202 1.39
      vertex -0.666684 -9.99776 0
      vertex -0.730514 -9.95202 0
    endloop
  endfacet
  facet normal 0.986644 0.162889 0
    outer loop
      vertex -2.15773 -9.4292 3.39
      vertex -2.18118 -9.28716 1.39
      vertex -2.18118 -9.28716 3.39
    endloop
  endfacet
  facet normal 0.986644 0.162889 0
    outer loop
      vertex -2.18118 -9.28716 1.39
      vertex -2.15773 -9.4292 3.39
      vertex -2.15773 -9.4292 1.39
    endloop
  endfacet
  facet normal -0.995185 -0.0980112 0
    outer loop
      vertex 2.19529 -8.85611 1.39
      vertex 2.18118 -8.71284 3.39
      vertex 2.18118 -8.71284 1.39
    endloop
  endfacet
  facet normal -0.995185 -0.0980112 0
    outer loop
      vertex 2.18118 -8.71284 3.39
      vertex 2.19529 -8.85611 1.39
      vertex 2.19529 -8.85611 3.39
    endloop
  endfacet
  facet normal -0.999465 -0.0327158 0
    outer loop
      vertex 2.2 -9 1.39
      vertex 2.19529 -8.85611 3.39
      vertex 2.19529 -8.85611 1.39
    endloop
  endfacet
  facet normal -0.999465 -0.0327158 0
    outer loop
      vertex 2.19529 -8.85611 3.39
      vertex 2.2 -9 1.39
      vertex 2.2 -9 3.39
    endloop
  endfacet
  facet normal -0.986644 -0.162889 0
    outer loop
      vertex 2.18118 -8.71284 1.39
      vertex 2.15773 -8.5708 3.39
      vertex 2.15773 -8.5708 1.39
    endloop
  endfacet
  facet normal -0.986644 -0.162889 0
    outer loop
      vertex 2.15773 -8.5708 3.39
      vertex 2.18118 -8.71284 1.39
      vertex 2.18118 -8.71284 3.39
    endloop
  endfacet
  facet normal -0.973877 -0.227076 0
    outer loop
      vertex 2.15773 -8.5708 1.39
      vertex 2.12504 -8.4306 3.39
      vertex 2.12504 -8.4306 1.39
    endloop
  endfacet
  facet normal -0.973877 -0.227076 0
    outer loop
      vertex 2.12504 -8.4306 3.39
      vertex 2.15773 -8.5708 1.39
      vertex 2.15773 -8.5708 3.39
    endloop
  endfacet
  facet normal -0.0980112 -0.995185 0
    outer loop
      vertex 0.143887 -6.80471 1.39
      vertex 0.287157 -6.81882 3.39
      vertex 0.143887 -6.80471 3.39
    endloop
  endfacet
  facet normal -0.0980112 -0.995185 -0
    outer loop
      vertex 0.287157 -6.81882 3.39
      vertex 0.143887 -6.80471 1.39
      vertex 0.287157 -6.81882 1.39
    endloop
  endfacet
  facet normal -0.582224 0.813029 0
    outer loop
      vertex 1.33927 -10.7454 1.39
      vertex 1.22225 -10.8292 3
      vertex 1.33927 -10.7454 3
    endloop
  endfacet
  facet normal -0.582224 0.813029 0
    outer loop
      vertex 1.22225 -10.8292 3
      vertex 1.33927 -10.7454 1.39
      vertex 1.22225 -10.8292 1.39
    endloop
  endfacet
  facet normal -0.986644 0.162889 0
    outer loop
      vertex 2.15773 -9.4292 1.39
      vertex 2.18118 -9.28716 3.39
      vertex 2.18118 -9.28716 1.39
    endloop
  endfacet
  facet normal -0.986644 0.162889 0
    outer loop
      vertex 2.18118 -9.28716 3.39
      vertex 2.15773 -9.4292 1.39
      vertex 2.15773 -9.4292 3.39
    endloop
  endfacet
  facet normal 0.47105 0.882107 -0
    outer loop
      vertex -0.973035 -10.9731 1.39
      vertex -1.1 -10.9053 3
      vertex -0.973035 -10.9731 3
    endloop
  endfacet
  facet normal 0.47105 0.882107 0
    outer loop
      vertex -1.1 -10.9053 3
      vertex -0.973035 -10.9731 1.39
      vertex -1.1 -10.9053 1.39
    endloop
  endfacet
  facet normal 0.683634 -0.729825 0
    outer loop
      vertex -1.55563 -7.44437 1.39
      vertex -1.45056 -7.34595 3.39
      vertex -1.55563 -7.44437 3.39
    endloop
  endfacet
  facet normal 0.683634 -0.729825 0
    outer loop
      vertex -1.45056 -7.34595 3.39
      vertex -1.55563 -7.44437 1.39
      vertex -1.45056 -7.34595 1.39
    endloop
  endfacet
  facet normal 0.729598 0.683876 0
    outer loop
      vertex -1.55563 -10.5556 3
      vertex -1.65405 -10.4506 1.39
      vertex -1.65405 -10.4506 3
    endloop
  endfacet
  facet normal 0.729598 0.683876 0
    outer loop
      vertex -1.65405 -10.4506 1.39
      vertex -1.55563 -10.5556 3
      vertex -1.55563 -10.5556 1.39
    endloop
  endfacet
  facet normal 0.999465 0.0327158 0
    outer loop
      vertex -2.19529 -9.14389 3.39
      vertex -2.2 -9 1.39
      vertex -2.2 -9 3.39
    endloop
  endfacet
  facet normal 0.999465 0.0327158 0
    outer loop
      vertex -2.2 -9 1.39
      vertex -2.19529 -9.14389 3.39
      vertex -2.19529 -9.14389 1.39
    endloop
  endfacet
  facet normal 0.995185 -0.0980112 0
    outer loop
      vertex -2.19529 -8.85611 3.39
      vertex -2.18118 -8.71284 1.39
      vertex -2.18118 -8.71284 3.39
    endloop
  endfacet
  facet normal 0.995185 -0.0980112 0
    outer loop
      vertex -2.18118 -8.71284 1.39
      vertex -2.19529 -8.85611 3.39
      vertex -2.19529 -8.85611 1.39
    endloop
  endfacet
  facet normal -0.63467 0.772783 0
    outer loop
      vertex 1.45056 -10.654 1.39
      vertex 1.33927 -10.7454 3
      vertex 1.45056 -10.654 3
    endloop
  endfacet
  facet normal -0.63467 0.772783 0
    outer loop
      vertex 1.33927 -10.7454 3
      vertex 1.45056 -10.654 1.39
      vertex 1.33927 -10.7454 1.39
    endloop
  endfacet
  facet normal -0.729825 -0.683634 0
    outer loop
      vertex 1.65405 -7.54944 1.39
      vertex 1.55563 -7.44437 3.39
      vertex 1.55563 -7.44437 1.39
    endloop
  endfacet
  facet normal -0.729825 -0.683634 0
    outer loop
      vertex 1.55563 -7.44437 3.39
      vertex 1.65405 -7.54944 1.39
      vertex 1.65405 -7.54944 3.39
    endloop
  endfacet
  facet normal -0.910875 -0.412683 0
    outer loop
      vertex 2.03253 -8.1581 1.39
      vertex 1.97312 -8.02697 3.39
      vertex 1.97312 -8.02697 1.39
    endloop
  endfacet
  facet normal -0.910875 -0.412683 0
    outer loop
      vertex 1.97312 -8.02697 3.39
      vertex 2.03253 -8.1581 1.39
      vertex 2.03253 -8.1581 3.39
    endloop
  endfacet
  facet normal 0.163226 0.986589 -0
    outer loop
      vertex -0.287157 -11.1812 1.39
      vertex -0.429198 -11.1577 3
      vertex -0.287157 -11.1812 3
    endloop
  endfacet
  facet normal 0.163226 0.986589 0
    outer loop
      vertex -0.429198 -11.1577 3
      vertex -0.287157 -11.1812 1.39
      vertex -0.429198 -11.1577 1.39
    endloop
  endfacet
  facet normal -0.352183 0.935931 0
    outer loop
      vertex 0.841903 -11.0325 1.39
      vertex 0.707167 -11.0832 3
      vertex 0.841903 -11.0325 3
    endloop
  endfacet
  facet normal -0.352183 0.935931 0
    outer loop
      vertex 0.707167 -11.0832 3
      vertex 0.841903 -11.0325 1.39
      vertex 0.707167 -11.0832 1.39
    endloop
  endfacet
  facet normal 0.910875 0.412683 0
    outer loop
      vertex -1.97312 -9.97303 3
      vertex -2.03253 -9.8419 1.39
      vertex -2.03253 -9.8419 3
    endloop
  endfacet
  facet normal 0.910875 0.412683 0
    outer loop
      vertex -2.03253 -9.8419 1.39
      vertex -1.97312 -9.97303 3
      vertex -1.97312 -9.97303 1.39
    endloop
  endfacet
  facet normal -0.773022 -0.634379 0
    outer loop
      vertex 1.74538 -7.66073 1.39
      vertex 1.65405 -7.54944 3.39
      vertex 1.65405 -7.54944 1.39
    endloop
  endfacet
  facet normal -0.773022 -0.634379 0
    outer loop
      vertex 1.65405 -7.54944 3.39
      vertex 1.74538 -7.66073 1.39
      vertex 1.74538 -7.66073 3.39
    endloop
  endfacet
  facet normal -0.352305 -0.935885 0
    outer loop
      vertex 0.707167 -6.91675 1.39
      vertex 0.841903 -6.96747 3.39
      vertex 0.707167 -6.91675 3.39
    endloop
  endfacet
  facet normal -0.352305 -0.935885 -0
    outer loop
      vertex 0.841903 -6.96747 3.39
      vertex 0.707167 -6.91675 1.39
      vertex 0.841903 -6.96747 1.39
    endloop
  endfacet
  facet normal 0.849268 0.527963 0
    outer loop
      vertex -1.82923 -10.2223 3
      vertex -1.90526 -10.1 1.39
      vertex -1.90526 -10.1 3
    endloop
  endfacet
  facet normal 0.849268 0.527963 0
    outer loop
      vertex -1.90526 -10.1 1.39
      vertex -1.82923 -10.2223 3
      vertex -1.82923 -10.2223 1.39
    endloop
  endfacet
  facet normal 0.412677 -0.910877 0
    outer loop
      vertex -0.973035 -7.02688 1.39
      vertex -0.841903 -6.96747 3.39
      vertex -0.973035 -7.02688 3.39
    endloop
  endfacet
  facet normal 0.412677 -0.910877 0
    outer loop
      vertex -0.841903 -6.96747 3.39
      vertex -0.973035 -7.02688 1.39
      vertex -0.841903 -6.96747 1.39
    endloop
  endfacet
  facet normal 0.812864 -0.582453 0
    outer loop
      vertex -1.82923 -7.77775 3.39
      vertex -1.74538 -7.66073 1.39
      vertex -1.74538 -7.66073 3.39
    endloop
  endfacet
  facet normal 0.812864 -0.582453 0
    outer loop
      vertex -1.74538 -7.66073 1.39
      vertex -1.82923 -7.77775 3.39
      vertex -1.82923 -7.77775 1.39
    endloop
  endfacet
  facet normal 0.995185 0.0980112 0
    outer loop
      vertex -2.18118 -9.28716 3.39
      vertex -2.19529 -9.14389 1.39
      vertex -2.19529 -9.14389 3.39
    endloop
  endfacet
  facet normal 0.995185 0.0980112 0
    outer loop
      vertex -2.19529 -9.14389 1.39
      vertex -2.18118 -9.28716 3.39
      vertex -2.18118 -9.28716 1.39
    endloop
  endfacet
  facet normal 0.634379 -0.773022 0
    outer loop
      vertex -1.45056 -7.34595 1.39
      vertex -1.33927 -7.25462 3.39
      vertex -1.45056 -7.34595 3.39
    endloop
  endfacet
  facet normal 0.634379 -0.773022 0
    outer loop
      vertex -1.33927 -7.25462 3.39
      vertex -1.45056 -7.34595 1.39
      vertex -1.33927 -7.25462 1.39
    endloop
  endfacet
  facet normal -0.973872 0.227099 0
    outer loop
      vertex 2.15773 -9.4292 1.39
      vertex 2.14122 -9.5 3
      vertex 2.15773 -9.4292 3.39
    endloop
  endfacet
  facet normal -0.973877 0.227076 -1.07862e-06
    outer loop
      vertex 2.12504 -9.5694 1.39
      vertex 2.14122 -9.5 3
      vertex 2.15773 -9.4292 1.39
    endloop
  endfacet
  facet normal -0.973883 0.227052 0
    outer loop
      vertex 2.14122 -9.5 3
      vertex 2.12504 -9.5694 1.39
      vertex 2.12504 -9.5694 3
    endloop
  endfacet
  facet normal -0.973872 0.227099 0
    outer loop
      vertex 2.15773 -9.4292 3.39
      vertex 2.14122 -9.5 3
      vertex 2.14122 -9.5 3.39
    endloop
  endfacet
  facet normal -0.471374 -0.881933 0
    outer loop
      vertex 0.973035 -7.02688 1.39
      vertex 1.1 -7.09474 3.39
      vertex 0.973035 -7.02688 3.39
    endloop
  endfacet
  facet normal -0.471374 -0.881933 -0
    outer loop
      vertex 1.1 -7.09474 3.39
      vertex 0.973035 -7.02688 1.39
      vertex 1.1 -7.09474 1.39
    endloop
  endfacet
  facet normal -0.68356 0.729895 0
    outer loop
      vertex 1.55563 -10.5556 1.39
      vertex 1.45056 -10.654 3
      vertex 1.55563 -10.5556 3
    endloop
  endfacet
  facet normal -0.68356 0.729895 0
    outer loop
      vertex 1.45056 -10.654 3
      vertex 1.55563 -10.5556 1.39
      vertex 1.45056 -10.654 1.39
    endloop
  endfacet
  facet normal -0.290345 0.956922 0
    outer loop
      vertex 0.707167 -11.0832 1.39
      vertex 0.569402 -11.125 3
      vertex 0.707167 -11.0832 3
    endloop
  endfacet
  facet normal -0.290345 0.956922 0
    outer loop
      vertex 0.569402 -11.125 3
      vertex 0.707167 -11.0832 1.39
      vertex 0.569402 -11.125 1.39
    endloop
  endfacet
  facet normal -0.41262 0.910903 0
    outer loop
      vertex 0.973035 -10.9731 1.39
      vertex 0.841903 -11.0325 3
      vertex 0.973035 -10.9731 3
    endloop
  endfacet
  facet normal -0.41262 0.910903 0
    outer loop
      vertex 0.841903 -11.0325 3
      vertex 0.973035 -10.9731 1.39
      vertex 0.841903 -11.0325 1.39
    endloop
  endfacet
  facet normal 0.582453 -0.812864 0
    outer loop
      vertex -1.33927 -7.25462 1.39
      vertex -1.22225 -7.17077 3.39
      vertex -1.33927 -7.25462 3.39
    endloop
  endfacet
  facet normal 0.582453 -0.812864 0
    outer loop
      vertex -1.22225 -7.17077 3.39
      vertex -1.33927 -7.25462 1.39
      vertex -1.22225 -7.17077 1.39
    endloop
  endfacet
  facet normal -0.956944 -0.290271 0
    outer loop
      vertex 2.12504 -8.4306 1.39
      vertex 2.08325 -8.29283 3.39
      vertex 2.08325 -8.29283 1.39
    endloop
  endfacet
  facet normal -0.956944 -0.290271 0
    outer loop
      vertex 2.08325 -8.29283 3.39
      vertex 2.12504 -8.4306 1.39
      vertex 2.12504 -8.4306 3.39
    endloop
  endfacet
  facet normal -0.849268 0.527963 0
    outer loop
      vertex 1.82923 -10.2223 1.39
      vertex 1.90526 -10.1 3
      vertex 1.90526 -10.1 1.39
    endloop
  endfacet
  facet normal -0.849268 0.527963 0
    outer loop
      vertex 1.90526 -10.1 3
      vertex 1.82923 -10.2223 1.39
      vertex 1.82923 -10.2223 3
    endloop
  endfacet
  facet normal -0.412677 -0.910877 0
    outer loop
      vertex 0.841903 -6.96747 1.39
      vertex 0.973035 -7.02688 3.39
      vertex 0.841903 -6.96747 3.39
    endloop
  endfacet
  facet normal -0.412677 -0.910877 -0
    outer loop
      vertex 0.973035 -7.02688 3.39
      vertex 0.841903 -6.96747 1.39
      vertex 0.973035 -7.02688 1.39
    endloop
  endfacet
  facet normal -0.22707 -0.973878 0
    outer loop
      vertex 0.429198 -6.84227 1.39
      vertex 0.569402 -6.87496 3.39
      vertex 0.429198 -6.84227 3.39
    endloop
  endfacet
  facet normal -0.22707 -0.973878 -0
    outer loop
      vertex 0.569402 -6.87496 3.39
      vertex 0.429198 -6.84227 1.39
      vertex 0.569402 -6.87496 1.39
    endloop
  endfacet
  facet normal -0.0979424 0.995192 0
    outer loop
      vertex 0.287157 -11.1812 1.39
      vertex 0.143887 -11.1953 3
      vertex 0.287157 -11.1812 3
    endloop
  endfacet
  facet normal -0.0979424 0.995192 0
    outer loop
      vertex 0.143887 -11.1953 3
      vertex 0.287157 -11.1812 1.39
      vertex 0.143887 -11.1953 1.39
    endloop
  endfacet
  facet normal -0.881941 -0.47136 0
    outer loop
      vertex 1.97312 -8.02697 1.39
      vertex 1.90526 -7.9 3.39
      vertex 1.90526 -7.9 1.39
    endloop
  endfacet
  facet normal -0.881941 -0.47136 0
    outer loop
      vertex 1.90526 -7.9 3.39
      vertex 1.97312 -8.02697 1.39
      vertex 1.97312 -8.02697 3.39
    endloop
  endfacet
  facet normal -0.77305 0.634345 0
    outer loop
      vertex 1.65405 -10.4506 1.39
      vertex 1.74538 -10.3393 3
      vertex 1.74538 -10.3393 1.39
    endloop
  endfacet
  facet normal -0.77305 0.634345 0
    outer loop
      vertex 1.74538 -10.3393 3
      vertex 1.65405 -10.4506 1.39
      vertex 1.65405 -10.4506 3
    endloop
  endfacet
  facet normal 0.162888 -0.986645 0
    outer loop
      vertex -0.429198 -6.84227 1.39
      vertex -0.287157 -6.81882 3.39
      vertex -0.429198 -6.84227 3.39
    endloop
  endfacet
  facet normal 0.162888 -0.986645 0
    outer loop
      vertex -0.287157 -6.81882 3.39
      vertex -0.429198 -6.84227 1.39
      vertex -0.287157 -6.81882 1.39
    endloop
  endfacet
  facet normal -0.634379 -0.773022 0
    outer loop
      vertex 1.33927 -7.25462 1.39
      vertex 1.45056 -7.34595 3.39
      vertex 1.33927 -7.25462 3.39
    endloop
  endfacet
  facet normal -0.634379 -0.773022 -0
    outer loop
      vertex 1.45056 -7.34595 3.39
      vertex 1.33927 -7.25462 1.39
      vertex 1.45056 -7.34595 1.39
    endloop
  endfacet
  facet normal -0.582453 -0.812864 0
    outer loop
      vertex 1.22225 -7.17077 1.39
      vertex 1.33927 -7.25462 3.39
      vertex 1.22225 -7.17077 3.39
    endloop
  endfacet
  facet normal -0.582453 -0.812864 -0
    outer loop
      vertex 1.33927 -7.25462 3.39
      vertex 1.22225 -7.17077 1.39
      vertex 1.33927 -7.25462 1.39
    endloop
  endfacet
  facet normal 0.986644 -0.162889 0
    outer loop
      vertex -2.18118 -8.71284 3.39
      vertex -2.15773 -8.5708 1.39
      vertex -2.15773 -8.5708 3.39
    endloop
  endfacet
  facet normal 0.986644 -0.162889 0
    outer loop
      vertex -2.15773 -8.5708 1.39
      vertex -2.18118 -8.71284 3.39
      vertex -2.18118 -8.71284 1.39
    endloop
  endfacet
  facet normal -0.881941 0.47136 0
    outer loop
      vertex 1.90526 -10.1 1.39
      vertex 1.97312 -9.97303 3
      vertex 1.97312 -9.97303 1.39
    endloop
  endfacet
  facet normal -0.881941 0.47136 0
    outer loop
      vertex 1.97312 -9.97303 3
      vertex 1.90526 -10.1 1.39
      vertex 1.90526 -10.1 3
    endloop
  endfacet
  facet normal -0.0327165 -0.999465 0
    outer loop
      vertex 0 -6.8 1.39
      vertex 0.143887 -6.80471 3.39
      vertex 0 -6.8 3.39
    endloop
  endfacet
  facet normal -0.0327165 -0.999465 -0
    outer loop
      vertex 0.143887 -6.80471 3.39
      vertex 0 -6.8 1.39
      vertex 0.143887 -6.80471 1.39
    endloop
  endfacet
  facet normal 0.22707 -0.973878 0
    outer loop
      vertex -0.569402 -6.87496 1.39
      vertex -0.429198 -6.84227 3.39
      vertex -0.569402 -6.87496 3.39
    endloop
  endfacet
  facet normal 0.22707 -0.973878 0
    outer loop
      vertex -0.429198 -6.84227 3.39
      vertex -0.569402 -6.87496 1.39
      vertex -0.429198 -6.84227 1.39
    endloop
  endfacet
  facet normal -0.163226 0.986589 0
    outer loop
      vertex 0.429198 -11.1577 1.39
      vertex 0.287157 -11.1812 3
      vertex 0.429198 -11.1577 3
    endloop
  endfacet
  facet normal -0.163226 0.986589 0
    outer loop
      vertex 0.287157 -11.1812 3
      vertex 0.429198 -11.1577 1.39
      vertex 0.287157 -11.1812 1.39
    endloop
  endfacet
  facet normal 0.956944 0.290271 0
    outer loop
      vertex -2.08325 -9.70717 3
      vertex -2.12504 -9.5694 1.39
      vertex -2.12504 -9.5694 3
    endloop
  endfacet
  facet normal 0.956944 0.290271 0
    outer loop
      vertex -2.12504 -9.5694 1.39
      vertex -2.08325 -9.70717 3
      vertex -2.08325 -9.70717 1.39
    endloop
  endfacet
  facet normal -0.0326471 0.999467 0
    outer loop
      vertex 0.143887 -11.1953 1.39
      vertex 0 -11.2 3
      vertex 0.143887 -11.1953 3
    endloop
  endfacet
  facet normal -0.0326471 0.999467 0
    outer loop
      vertex 0 -11.2 3
      vertex 0.143887 -11.1953 1.39
      vertex 0 -11.2 1.39
    endloop
  endfacet
  facet normal -0.93588 0.352318 0
    outer loop
      vertex 2.03253 -9.8419 1.39
      vertex 2.08325 -9.70717 3
      vertex 2.08325 -9.70717 1.39
    endloop
  endfacet
  facet normal -0.93588 0.352318 0
    outer loop
      vertex 2.08325 -9.70717 3
      vertex 2.03253 -9.8419 1.39
      vertex 2.03253 -9.8419 3
    endloop
  endfacet
  facet normal 0.0980112 -0.995185 0
    outer loop
      vertex -0.287157 -6.81882 1.39
      vertex -0.143887 -6.80471 3.39
      vertex -0.287157 -6.81882 3.39
    endloop
  endfacet
  facet normal 0.0980112 -0.995185 0
    outer loop
      vertex -0.143887 -6.80471 3.39
      vertex -0.287157 -6.81882 1.39
      vertex -0.143887 -6.80471 1.39
    endloop
  endfacet
  facet normal 0.290281 -0.956941 0
    outer loop
      vertex -0.707167 -6.91675 1.39
      vertex -0.569402 -6.87496 3.39
      vertex -0.707167 -6.91675 3.39
    endloop
  endfacet
  facet normal 0.290281 -0.956941 0
    outer loop
      vertex -0.569402 -6.87496 3.39
      vertex -0.707167 -6.91675 1.39
      vertex -0.569402 -6.87496 1.39
    endloop
  endfacet
  facet normal 0.999465 -0.0327158 0
    outer loop
      vertex -2.2 -9 3.39
      vertex -2.19529 -8.85611 1.39
      vertex -2.19529 -8.85611 3.39
    endloop
  endfacet
  facet normal 0.999465 -0.0327158 0
    outer loop
      vertex -2.19529 -8.85611 1.39
      vertex -2.2 -9 3.39
      vertex -2.2 -9 1.39
    endloop
  endfacet
  facet normal 0.352305 -0.935885 0
    outer loop
      vertex -0.841903 -6.96747 1.39
      vertex -0.707167 -6.91675 3.39
      vertex -0.841903 -6.96747 3.39
    endloop
  endfacet
  facet normal 0.352305 -0.935885 0
    outer loop
      vertex -0.707167 -6.91675 3.39
      vertex -0.841903 -6.96747 1.39
      vertex -0.707167 -6.91675 1.39
    endloop
  endfacet
  facet normal 0.528469 0.848953 -0
    outer loop
      vertex -1.1 -10.9053 1.39
      vertex -1.22225 -10.8292 3
      vertex -1.1 -10.9053 3
    endloop
  endfacet
  facet normal 0.528469 0.848953 0
    outer loop
      vertex -1.22225 -10.8292 3
      vertex -1.1 -10.9053 1.39
      vertex -1.22225 -10.8292 1.39
    endloop
  endfacet
  facet normal -0.995185 0.0980112 0
    outer loop
      vertex 2.18118 -9.28716 1.39
      vertex 2.19529 -9.14389 3.39
      vertex 2.19529 -9.14389 1.39
    endloop
  endfacet
  facet normal -0.995185 0.0980112 0
    outer loop
      vertex 2.19529 -9.14389 3.39
      vertex 2.18118 -9.28716 1.39
      vertex 2.18118 -9.28716 3.39
    endloop
  endfacet
  facet normal -0.999465 0.0327158 0
    outer loop
      vertex 2.19529 -9.14389 1.39
      vertex 2.2 -9 3.39
      vertex 2.2 -9 1.39
    endloop
  endfacet
  facet normal -0.999465 0.0327158 0
    outer loop
      vertex 2.2 -9 3.39
      vertex 2.19529 -9.14389 1.39
      vertex 2.19529 -9.14389 3.39
    endloop
  endfacet
  facet normal 0.290345 0.956922 -0
    outer loop
      vertex -0.569402 -11.125 1.39
      vertex -0.707167 -11.0832 3
      vertex -0.569402 -11.125 3
    endloop
  endfacet
  facet normal 0.290345 0.956922 0
    outer loop
      vertex -0.707167 -11.0832 3
      vertex -0.569402 -11.125 1.39
      vertex -0.707167 -11.0832 1.39
    endloop
  endfacet
  facet normal -0.849171 -0.528118 0
    outer loop
      vertex 1.90526 -7.9 1.39
      vertex 1.82923 -7.77775 3.39
      vertex 1.82923 -7.77775 1.39
    endloop
  endfacet
  facet normal -0.849171 -0.528118 0
    outer loop
      vertex 1.82923 -7.77775 3.39
      vertex 1.90526 -7.9 1.39
      vertex 1.90526 -7.9 3.39
    endloop
  endfacet
  facet normal -0.956944 0.290271 0
    outer loop
      vertex 2.08325 -9.70717 1.39
      vertex 2.12504 -9.5694 3
      vertex 2.12504 -9.5694 1.39
    endloop
  endfacet
  facet normal -0.956944 0.290271 0
    outer loop
      vertex 2.12504 -9.5694 3
      vertex 2.08325 -9.70717 1.39
      vertex 2.08325 -9.70717 3
    endloop
  endfacet
  facet normal 0.352183 0.935931 -0
    outer loop
      vertex -0.707167 -11.0832 1.39
      vertex -0.841903 -11.0325 3
      vertex -0.707167 -11.0832 3
    endloop
  endfacet
  facet normal 0.352183 0.935931 0
    outer loop
      vertex -0.841903 -11.0325 3
      vertex -0.707167 -11.0832 1.39
      vertex -0.841903 -11.0325 1.39
    endloop
  endfacet
  facet normal 0.910875 -0.412683 0
    outer loop
      vertex -2.03253 -8.1581 3.39
      vertex -1.97312 -8.02697 1.39
      vertex -1.97312 -8.02697 3.39
    endloop
  endfacet
  facet normal 0.910875 -0.412683 0
    outer loop
      vertex -1.97312 -8.02697 1.39
      vertex -2.03253 -8.1581 3.39
      vertex -2.03253 -8.1581 1.39
    endloop
  endfacet
  facet normal 0.528118 -0.849171 0
    outer loop
      vertex -1.22225 -7.17077 1.39
      vertex -1.1 -7.09474 3.39
      vertex -1.22225 -7.17077 3.39
    endloop
  endfacet
  facet normal 0.528118 -0.849171 0
    outer loop
      vertex -1.1 -7.09474 3.39
      vertex -1.22225 -7.17077 1.39
      vertex -1.1 -7.09474 1.39
    endloop
  endfacet
  facet normal -0.683634 -0.729825 0
    outer loop
      vertex 1.45056 -7.34595 1.39
      vertex 1.55563 -7.44437 3.39
      vertex 1.45056 -7.34595 3.39
    endloop
  endfacet
  facet normal -0.683634 -0.729825 -0
    outer loop
      vertex 1.55563 -7.44437 3.39
      vertex 1.45056 -7.34595 1.39
      vertex 1.55563 -7.44437 1.39
    endloop
  endfacet
  facet normal 0.773022 -0.634379 0
    outer loop
      vertex -1.74538 -7.66073 3.39
      vertex -1.65405 -7.54944 1.39
      vertex -1.65405 -7.54944 3.39
    endloop
  endfacet
  facet normal 0.773022 -0.634379 0
    outer loop
      vertex -1.65405 -7.54944 1.39
      vertex -1.74538 -7.66073 3.39
      vertex -1.74538 -7.66073 1.39
    endloop
  endfacet
  facet normal 0.849171 -0.528118 0
    outer loop
      vertex -1.90526 -7.9 3.39
      vertex -1.82923 -7.77775 1.39
      vertex -1.82923 -7.77775 3.39
    endloop
  endfacet
  facet normal 0.849171 -0.528118 0
    outer loop
      vertex -1.82923 -7.77775 1.39
      vertex -1.90526 -7.9 3.39
      vertex -1.90526 -7.9 1.39
    endloop
  endfacet
  facet normal -0.812864 -0.582453 0
    outer loop
      vertex 1.82923 -7.77775 1.39
      vertex 1.74538 -7.66073 3.39
      vertex 1.74538 -7.66073 1.39
    endloop
  endfacet
  facet normal -0.812864 -0.582453 0
    outer loop
      vertex 1.74538 -7.66073 3.39
      vertex 1.82923 -7.77775 1.39
      vertex 1.82923 -7.77775 3.39
    endloop
  endfacet
  facet normal -0.528118 -0.849171 0
    outer loop
      vertex 1.1 -7.09474 1.39
      vertex 1.22225 -7.17077 3.39
      vertex 1.1 -7.09474 3.39
    endloop
  endfacet
  facet normal -0.528118 -0.849171 -0
    outer loop
      vertex 1.22225 -7.17077 3.39
      vertex 1.1 -7.09474 1.39
      vertex 1.22225 -7.17077 1.39
    endloop
  endfacet
  facet normal -0.47105 0.882107 0
    outer loop
      vertex 1.1 -10.9053 1.39
      vertex 0.973035 -10.9731 3
      vertex 1.1 -10.9053 3
    endloop
  endfacet
  facet normal -0.47105 0.882107 0
    outer loop
      vertex 0.973035 -10.9731 3
      vertex 1.1 -10.9053 1.39
      vertex 0.973035 -10.9731 1.39
    endloop
  endfacet
  facet normal 0.471374 -0.881933 0
    outer loop
      vertex -1.1 -7.09474 1.39
      vertex -0.973035 -7.02688 3.39
      vertex -1.1 -7.09474 3.39
    endloop
  endfacet
  facet normal 0.471374 -0.881933 0
    outer loop
      vertex -0.973035 -7.02688 3.39
      vertex -1.1 -7.09474 1.39
      vertex -0.973035 -7.02688 1.39
    endloop
  endfacet
  facet normal 0.77305 0.634345 0
    outer loop
      vertex -1.65405 -10.4506 3
      vertex -1.74538 -10.3393 1.39
      vertex -1.74538 -10.3393 3
    endloop
  endfacet
  facet normal 0.77305 0.634345 0
    outer loop
      vertex -1.74538 -10.3393 1.39
      vertex -1.65405 -10.4506 3
      vertex -1.65405 -10.4506 1.39
    endloop
  endfacet
  facet normal 0.93588 0.352318 0
    outer loop
      vertex -2.03253 -9.8419 3
      vertex -2.08325 -9.70717 1.39
      vertex -2.08325 -9.70717 3
    endloop
  endfacet
  facet normal 0.93588 0.352318 0
    outer loop
      vertex -2.08325 -9.70717 1.39
      vertex -2.03253 -9.8419 3
      vertex -2.03253 -9.8419 1.39
    endloop
  endfacet
  facet normal 0.0326471 0.999467 -0
    outer loop
      vertex 0 -11.2 1.39
      vertex -0.143887 -11.1953 3
      vertex 0 -11.2 3
    endloop
  endfacet
  facet normal 0.0326471 0.999467 0
    outer loop
      vertex -0.143887 -11.1953 3
      vertex 0 -11.2 1.39
      vertex -0.143887 -11.1953 1.39
    endloop
  endfacet
  facet normal -0.910875 0.412683 0
    outer loop
      vertex 1.97312 -9.97303 1.39
      vertex 2.03253 -9.8419 3
      vertex 2.03253 -9.8419 1.39
    endloop
  endfacet
  facet normal -0.910875 0.412683 0
    outer loop
      vertex 2.03253 -9.8419 3
      vertex 1.97312 -9.97303 1.39
      vertex 1.97312 -9.97303 3
    endloop
  endfacet
  facet normal 0.956944 -0.290271 0
    outer loop
      vertex -2.12504 -8.4306 3.39
      vertex -2.08325 -8.29283 1.39
      vertex -2.08325 -8.29283 3.39
    endloop
  endfacet
  facet normal 0.956944 -0.290271 0
    outer loop
      vertex -2.08325 -8.29283 1.39
      vertex -2.12504 -8.4306 3.39
      vertex -2.12504 -8.4306 1.39
    endloop
  endfacet
  facet normal 0.973877 -0.227076 0
    outer loop
      vertex -2.15773 -8.5708 3.39
      vertex -2.12504 -8.4306 1.39
      vertex -2.12504 -8.4306 3.39
    endloop
  endfacet
  facet normal 0.973877 -0.227076 0
    outer loop
      vertex -2.12504 -8.4306 1.39
      vertex -2.15773 -8.5708 3.39
      vertex -2.15773 -8.5708 1.39
    endloop
  endfacet
  facet normal 0.729825 -0.683634 0
    outer loop
      vertex -1.65405 -7.54944 3.39
      vertex -1.55563 -7.44437 1.39
      vertex -1.55563 -7.44437 3.39
    endloop
  endfacet
  facet normal 0.729825 -0.683634 0
    outer loop
      vertex -1.55563 -7.44437 1.39
      vertex -1.65405 -7.54944 3.39
      vertex -1.65405 -7.54944 1.39
    endloop
  endfacet
  facet normal -0.93588 -0.352318 0
    outer loop
      vertex 2.08325 -8.29283 1.39
      vertex 2.03253 -8.1581 3.39
      vertex 2.03253 -8.1581 1.39
    endloop
  endfacet
  facet normal -0.93588 -0.352318 0
    outer loop
      vertex 2.03253 -8.1581 3.39
      vertex 2.08325 -8.29283 1.39
      vertex 2.08325 -8.29283 3.39
    endloop
  endfacet
  facet normal -0.227136 0.973863 0
    outer loop
      vertex 0.569402 -11.125 1.39
      vertex 0.429198 -11.1577 3
      vertex 0.569402 -11.125 3
    endloop
  endfacet
  facet normal -0.227136 0.973863 0
    outer loop
      vertex 0.429198 -11.1577 3
      vertex 0.569402 -11.125 1.39
      vertex 0.429198 -11.1577 1.39
    endloop
  endfacet
  facet normal -0.162888 -0.986645 0
    outer loop
      vertex 0.287157 -6.81882 1.39
      vertex 0.429198 -6.84227 3.39
      vertex 0.287157 -6.81882 3.39
    endloop
  endfacet
  facet normal -0.162888 -0.986645 -0
    outer loop
      vertex 0.429198 -6.84227 3.39
      vertex 0.287157 -6.81882 1.39
      vertex 0.429198 -6.84227 1.39
    endloop
  endfacet
  facet normal 0.68356 0.729895 -0
    outer loop
      vertex -1.45056 -10.654 1.39
      vertex -1.55563 -10.5556 3
      vertex -1.45056 -10.654 3
    endloop
  endfacet
  facet normal 0.68356 0.729895 0
    outer loop
      vertex -1.55563 -10.5556 3
      vertex -1.45056 -10.654 1.39
      vertex -1.55563 -10.5556 1.39
    endloop
  endfacet
  facet normal 0.227136 0.973863 -0
    outer loop
      vertex -0.429198 -11.1577 1.39
      vertex -0.569402 -11.125 3
      vertex -0.429198 -11.1577 3
    endloop
  endfacet
  facet normal 0.227136 0.973863 0
    outer loop
      vertex -0.569402 -11.125 3
      vertex -0.429198 -11.1577 1.39
      vertex -0.569402 -11.125 1.39
    endloop
  endfacet
  facet normal 0.812817 0.582519 0
    outer loop
      vertex -1.74538 -10.3393 3
      vertex -1.82923 -10.2223 1.39
      vertex -1.82923 -10.2223 3
    endloop
  endfacet
  facet normal 0.812817 0.582519 0
    outer loop
      vertex -1.82923 -10.2223 1.39
      vertex -1.74538 -10.3393 3
      vertex -1.74538 -10.3393 1.39
    endloop
  endfacet
  facet normal 0.973872 0.227099 -0
    outer loop
      vertex -2.14122 -9.5 3
      vertex -2.15773 -9.4292 3.39
      vertex -2.14122 -9.5 3.39
    endloop
  endfacet
  facet normal 0.973872 0.227099 0
    outer loop
      vertex -2.15773 -9.4292 3.39
      vertex -2.14122 -9.5 3
      vertex -2.15773 -9.4292 1.39
    endloop
  endfacet
  facet normal 0.973883 0.227052 -0
    outer loop
      vertex -2.12504 -9.5694 1.39
      vertex -2.14122 -9.5 3
      vertex -2.12504 -9.5694 3
    endloop
  endfacet
  facet normal 0.973877 0.227076 -1.07862e-06
    outer loop
      vertex -2.14122 -9.5 3
      vertex -2.12504 -9.5694 1.39
      vertex -2.15773 -9.4292 1.39
    endloop
  endfacet
  facet normal -0.290281 -0.956941 0
    outer loop
      vertex 0.569402 -6.87496 1.39
      vertex 0.707167 -6.91675 3.39
      vertex 0.569402 -6.87496 3.39
    endloop
  endfacet
  facet normal -0.290281 -0.956941 -0
    outer loop
      vertex 0.707167 -6.91675 3.39
      vertex 0.569402 -6.87496 1.39
      vertex 0.707167 -6.91675 1.39
    endloop
  endfacet
  facet normal -0.528469 0.848953 0
    outer loop
      vertex 1.22225 -10.8292 1.39
      vertex 1.1 -10.9053 3
      vertex 1.22225 -10.8292 3
    endloop
  endfacet
  facet normal -0.528469 0.848953 0
    outer loop
      vertex 1.1 -10.9053 3
      vertex 1.22225 -10.8292 1.39
      vertex 1.1 -10.9053 1.39
    endloop
  endfacet
  facet normal 0.0327165 -0.999465 0
    outer loop
      vertex -0.143887 -6.80471 1.39
      vertex 0 -6.8 3.39
      vertex -0.143887 -6.80471 3.39
    endloop
  endfacet
  facet normal 0.0327165 -0.999465 0
    outer loop
      vertex 0 -6.8 3.39
      vertex -0.143887 -6.80471 1.39
      vertex 0 -6.8 1.39
    endloop
  endfacet
  facet normal -0.729598 0.683876 0
    outer loop
      vertex 1.55563 -10.5556 1.39
      vertex 1.65405 -10.4506 3
      vertex 1.65405 -10.4506 1.39
    endloop
  endfacet
  facet normal -0.729598 0.683876 0
    outer loop
      vertex 1.65405 -10.4506 3
      vertex 1.55563 -10.5556 1.39
      vertex 1.55563 -10.5556 3
    endloop
  endfacet
  facet normal 0.881941 0.47136 0
    outer loop
      vertex -1.90526 -10.1 3
      vertex -1.97312 -9.97303 1.39
      vertex -1.97312 -9.97303 3
    endloop
  endfacet
  facet normal 0.881941 0.47136 0
    outer loop
      vertex -1.97312 -9.97303 1.39
      vertex -1.90526 -10.1 3
      vertex -1.90526 -10.1 1.39
    endloop
  endfacet
  facet normal 0.63467 0.772783 -0
    outer loop
      vertex -1.33927 -10.7454 1.39
      vertex -1.45056 -10.654 3
      vertex -1.33927 -10.7454 3
    endloop
  endfacet
  facet normal 0.63467 0.772783 0
    outer loop
      vertex -1.45056 -10.654 3
      vertex -1.33927 -10.7454 1.39
      vertex -1.45056 -10.654 1.39
    endloop
  endfacet
  facet normal 0.0979424 0.995192 -0
    outer loop
      vertex -0.143887 -11.1953 1.39
      vertex -0.287157 -11.1812 3
      vertex -0.143887 -11.1953 3
    endloop
  endfacet
  facet normal 0.0979424 0.995192 0
    outer loop
      vertex -0.287157 -11.1812 3
      vertex -0.143887 -11.1953 1.39
      vertex -0.287157 -11.1812 1.39
    endloop
  endfacet
  facet normal -0.812817 0.582519 0
    outer loop
      vertex 1.74538 -10.3393 1.39
      vertex 1.82923 -10.2223 3
      vertex 1.82923 -10.2223 1.39
    endloop
  endfacet
  facet normal -0.812817 0.582519 0
    outer loop
      vertex 1.82923 -10.2223 3
      vertex 1.74538 -10.3393 1.39
      vertex 1.74538 -10.3393 3
    endloop
  endfacet
  facet normal 0.93588 -0.352318 0
    outer loop
      vertex -2.08325 -8.29283 3.39
      vertex -2.03253 -8.1581 1.39
      vertex -2.03253 -8.1581 3.39
    endloop
  endfacet
  facet normal 0.93588 -0.352318 0
    outer loop
      vertex -2.03253 -8.1581 1.39
      vertex -2.08325 -8.29283 3.39
      vertex -2.08325 -8.29283 1.39
    endloop
  endfacet
  facet normal 0.582224 0.813029 -0
    outer loop
      vertex -1.22225 -10.8292 1.39
      vertex -1.33927 -10.7454 3
      vertex -1.22225 -10.8292 3
    endloop
  endfacet
  facet normal 0.582224 0.813029 0
    outer loop
      vertex -1.33927 -10.7454 3
      vertex -1.22225 -10.8292 1.39
      vertex -1.33927 -10.7454 1.39
    endloop
  endfacet
  facet normal 0.881941 -0.47136 0
    outer loop
      vertex -1.97312 -8.02697 3.39
      vertex -1.90526 -7.9 1.39
      vertex -1.90526 -7.9 3.39
    endloop
  endfacet
  facet normal 0.881941 -0.47136 0
    outer loop
      vertex -1.90526 -7.9 1.39
      vertex -1.97312 -8.02697 3.39
      vertex -1.97312 -8.02697 1.39
    endloop
  endfacet
  facet normal 0 0 1
    outer loop
      vertex 1.2 -9 1.39
      vertex 2.2 -9 1.39
      vertex 2.19529 -8.85611 1.39
    endloop
  endfacet
  facet normal 0 0 1
    outer loop
      vertex 1.19743 -8.92152 1.39
      vertex 2.19529 -8.85611 1.39
      vertex 2.18118 -8.71284 1.39
    endloop
  endfacet
  facet normal 0 0 1
    outer loop
      vertex 2.2 -9 1.39
      vertex 1.2 -9 1.39
      vertex 2.19529 -9.14389 1.39
    endloop
  endfacet
  facet normal 0 0 1
    outer loop
      vertex 1.18973 -8.84337 1.39
      vertex 2.18118 -8.71284 1.39
      vertex 2.15773 -8.5708 1.39
    endloop
  endfacet
  facet normal -0 0 1
    outer loop
      vertex 1.19743 -9.07848 1.39
      vertex 2.19529 -9.14389 1.39
      vertex 1.2 -9 1.39
    endloop
  endfacet
  facet normal 0 0 1
    outer loop
      vertex 1.17694 -8.76589 1.39
      vertex 2.15773 -8.5708 1.39
      vertex 2.12504 -8.4306 1.39
    endloop
  endfacet
  facet normal 0 0 1
    outer loop
      vertex 2.19529 -9.14389 1.39
      vertex 1.19743 -9.07848 1.39
      vertex 2.18118 -9.28716 1.39
    endloop
  endfacet
  facet normal 0 0 1
    outer loop
      vertex 1.15911 -8.68942 1.39
      vertex 2.12504 -8.4306 1.39
      vertex 2.08325 -8.29283 1.39
    endloop
  endfacet
  facet normal -0 0 1
    outer loop
      vertex 1.18973 -9.15663 1.39
      vertex 2.18118 -9.28716 1.39
      vertex 1.19743 -9.07848 1.39
    endloop
  endfacet
  facet normal 0 0 1
    outer loop
      vertex 1.13632 -8.61427 1.39
      vertex 2.08325 -8.29283 1.39
      vertex 2.03253 -8.1581 1.39
    endloop
  endfacet
  facet normal 0 0 1
    outer loop
      vertex 2.18118 -9.28716 1.39
      vertex 1.18973 -9.15663 1.39
      vertex 2.15773 -9.4292 1.39
    endloop
  endfacet
  facet normal 0 0 1
    outer loop
      vertex 1.10865 -8.54078 1.39
      vertex 2.03253 -8.1581 1.39
      vertex 1.97312 -8.02697 1.39
    endloop
  endfacet
  facet normal -0 0 1
    outer loop
      vertex 1.17694 -9.23411 1.39
      vertex 2.15773 -9.4292 1.39
      vertex 1.18973 -9.15663 1.39
    endloop
  endfacet
  facet normal 0 0 1
    outer loop
      vertex 1.07625 -8.46925 1.39
      vertex 1.97312 -8.02697 1.39
      vertex 1.90526 -7.9 1.39
    endloop
  endfacet
  facet normal 0 0 1
    outer loop
      vertex 2.15773 -9.4292 1.39
      vertex 1.17694 -9.23411 1.39
      vertex 2.12504 -9.5694 1.39
    endloop
  endfacet
  facet normal 0 0 1
    outer loop
      vertex 1.03923 -8.4 1.39
      vertex 1.90526 -7.9 1.39
      vertex 1.82923 -7.77775 1.39
    endloop
  endfacet
  facet normal -0 0 1
    outer loop
      vertex 1.15911 -9.31058 1.39
      vertex 2.12504 -9.5694 1.39
      vertex 1.17694 -9.23411 1.39
    endloop
  endfacet
  facet normal 0 0 1
    outer loop
      vertex 0.997763 -8.33332 1.39
      vertex 1.82923 -7.77775 1.39
      vertex 1.74538 -7.66073 1.39
    endloop
  endfacet
  facet normal 0 0 1
    outer loop
      vertex 2.12504 -9.5694 1.39
      vertex 1.15911 -9.31058 1.39
      vertex 2.08325 -9.70717 1.39
    endloop
  endfacet
  facet normal 0 0 1
    outer loop
      vertex 0.952024 -8.26949 1.39
      vertex 1.74538 -7.66073 1.39
      vertex 1.65405 -7.54944 1.39
    endloop
  endfacet
  facet normal -0 0 1
    outer loop
      vertex 1.13632 -9.38573 1.39
      vertex 2.08325 -9.70717 1.39
      vertex 1.15911 -9.31058 1.39
    endloop
  endfacet
  facet normal 0 0 1
    outer loop
      vertex 0.902207 -8.20879 1.39
      vertex 1.65405 -7.54944 1.39
      vertex 1.55563 -7.44437 1.39
    endloop
  endfacet
  facet normal 0 0 1
    outer loop
      vertex 2.08325 -9.70717 1.39
      vertex 1.13632 -9.38573 1.39
      vertex 2.03253 -9.8419 1.39
    endloop
  endfacet
  facet normal 0 0 1
    outer loop
      vertex 0.848528 -8.15147 1.39
      vertex 1.55563 -7.44437 1.39
      vertex 1.45056 -7.34595 1.39
    endloop
  endfacet
  facet normal -0 0 1
    outer loop
      vertex 1.10865 -9.45922 1.39
      vertex 2.03253 -9.8419 1.39
      vertex 1.13632 -9.38573 1.39
    endloop
  endfacet
  facet normal 0 0 1
    outer loop
      vertex 0.791215 -8.09779 1.39
      vertex 1.45056 -7.34595 1.39
      vertex 1.33927 -7.25462 1.39
    endloop
  endfacet
  facet normal 0 0 1
    outer loop
      vertex 2.03253 -9.8419 1.39
      vertex 1.10865 -9.45922 1.39
      vertex 1.97312 -9.97303 1.39
    endloop
  endfacet
  facet normal 0 0 1
    outer loop
      vertex 0.730514 -8.04798 1.39
      vertex 1.33927 -7.25462 1.39
      vertex 1.22225 -7.17077 1.39
    endloop
  endfacet
  facet normal -0 0 1
    outer loop
      vertex 1.07625 -9.53075 1.39
      vertex 1.97312 -9.97303 1.39
      vertex 1.10865 -9.45922 1.39
    endloop
  endfacet
  facet normal 0 0 1
    outer loop
      vertex 1.97312 -9.97303 1.39
      vertex 1.07625 -9.53075 1.39
      vertex 1.90526 -10.1 1.39
    endloop
  endfacet
  facet normal 0 0 1
    outer loop
      vertex 2.19529 -8.85611 1.39
      vertex 1.19743 -8.92152 1.39
      vertex 1.2 -9 1.39
    endloop
  endfacet
  facet normal 0 0 1
    outer loop
      vertex 2.18118 -8.71284 1.39
      vertex 1.18973 -8.84337 1.39
      vertex 1.19743 -8.92152 1.39
    endloop
  endfacet
  facet normal 0 0 1
    outer loop
      vertex 2.15773 -8.5708 1.39
      vertex 1.17694 -8.76589 1.39
      vertex 1.18973 -8.84337 1.39
    endloop
  endfacet
  facet normal 0 0 1
    outer loop
      vertex 2.12504 -8.4306 1.39
      vertex 1.15911 -8.68942 1.39
      vertex 1.17694 -8.76589 1.39
    endloop
  endfacet
  facet normal 0 0 1
    outer loop
      vertex 2.08325 -8.29283 1.39
      vertex 1.13632 -8.61427 1.39
      vertex 1.15911 -8.68942 1.39
    endloop
  endfacet
  facet normal 0 0 1
    outer loop
      vertex 2.03253 -8.1581 1.39
      vertex 1.10865 -8.54078 1.39
      vertex 1.13632 -8.61427 1.39
    endloop
  endfacet
  facet normal 0 0 1
    outer loop
      vertex 0.666684 -8.00224 1.39
      vertex 1.22225 -7.17077 1.39
      vertex 1.1 -7.09474 1.39
    endloop
  endfacet
  facet normal 0 0 1
    outer loop
      vertex 1.97312 -8.02697 1.39
      vertex 1.07625 -8.46925 1.39
      vertex 1.10865 -8.54078 1.39
    endloop
  endfacet
  facet normal 0 0 1
    outer loop
      vertex 1.90526 -7.9 1.39
      vertex 1.03923 -8.4 1.39
      vertex 1.07625 -8.46925 1.39
    endloop
  endfacet
  facet normal 0 0 1
    outer loop
      vertex 1.82923 -7.77775 1.39
      vertex 0.997763 -8.33332 1.39
      vertex 1.03923 -8.4 1.39
    endloop
  endfacet
  facet normal 0 0 1
    outer loop
      vertex 0.599999 -7.96077 1.39
      vertex 1.1 -7.09474 1.39
      vertex 0.973035 -7.02688 1.39
    endloop
  endfacet
  facet normal 0 0 1
    outer loop
      vertex 1.74538 -7.66073 1.39
      vertex 0.952024 -8.26949 1.39
      vertex 0.997763 -8.33332 1.39
    endloop
  endfacet
  facet normal 0 0 1
    outer loop
      vertex 1.65405 -7.54944 1.39
      vertex 0.902207 -8.20879 1.39
      vertex 0.952024 -8.26949 1.39
    endloop
  endfacet
  facet normal 0 0 1
    outer loop
      vertex 1.55563 -7.44437 1.39
      vertex 0.848528 -8.15147 1.39
      vertex 0.902207 -8.20879 1.39
    endloop
  endfacet
  facet normal 0 0 1
    outer loop
      vertex 0.530746 -7.92375 1.39
      vertex 0.973035 -7.02688 1.39
      vertex 0.841903 -6.96747 1.39
    endloop
  endfacet
  facet normal 0 0 1
    outer loop
      vertex 1.45056 -7.34595 1.39
      vertex 0.791215 -8.09779 1.39
      vertex 0.848528 -8.15147 1.39
    endloop
  endfacet
  facet normal 0 0 1
    outer loop
      vertex 1.33927 -7.25462 1.39
      vertex 0.730514 -8.04798 1.39
      vertex 0.791215 -8.09779 1.39
    endloop
  endfacet
  facet normal 0 0 1
    outer loop
      vertex 0.45922 -7.89135 1.39
      vertex 0.841903 -6.96747 1.39
      vertex 0.707167 -6.91675 1.39
    endloop
  endfacet
  facet normal 0 0 1
    outer loop
      vertex 1.22225 -7.17077 1.39
      vertex 0.666684 -8.00224 1.39
      vertex 0.730514 -8.04798 1.39
    endloop
  endfacet
  facet normal 0 0 1
    outer loop
      vertex 1.1 -7.09474 1.39
      vertex 0.599999 -7.96077 1.39
      vertex 0.666684 -8.00224 1.39
    endloop
  endfacet
  facet normal 0 0 1
    outer loop
      vertex 0.385727 -7.86368 1.39
      vertex 0.707167 -6.91675 1.39
      vertex 0.569402 -6.87496 1.39
    endloop
  endfacet
  facet normal 0 0 1
    outer loop
      vertex 0.973035 -7.02688 1.39
      vertex 0.530746 -7.92375 1.39
      vertex 0.599999 -7.96077 1.39
    endloop
  endfacet
  facet normal 0 0 1
    outer loop
      vertex 0.841903 -6.96747 1.39
      vertex 0.45922 -7.89135 1.39
      vertex 0.530746 -7.92375 1.39
    endloop
  endfacet
  facet normal 0 0 1
    outer loop
      vertex 0.310582 -7.84089 1.39
      vertex 0.569402 -6.87496 1.39
      vertex 0.429198 -6.84227 1.39
    endloop
  endfacet
  facet normal 0 0 1
    outer loop
      vertex 0.707167 -6.91675 1.39
      vertex 0.385727 -7.86368 1.39
      vertex 0.45922 -7.89135 1.39
    endloop
  endfacet
  facet normal 0 0 1
    outer loop
      vertex 0.569402 -6.87496 1.39
      vertex 0.310582 -7.84089 1.39
      vertex 0.385727 -7.86368 1.39
    endloop
  endfacet
  facet normal 0 0 1
    outer loop
      vertex 0.234108 -7.82306 1.39
      vertex 0.429198 -6.84227 1.39
      vertex 0.287157 -6.81882 1.39
    endloop
  endfacet
  facet normal 0 0 1
    outer loop
      vertex 0.429198 -6.84227 1.39
      vertex 0.234108 -7.82306 1.39
      vertex 0.310582 -7.84089 1.39
    endloop
  endfacet
  facet normal 0 0 1
    outer loop
      vertex 0.287157 -6.81882 1.39
      vertex 0.156631 -7.81027 1.39
      vertex 0.234108 -7.82306 1.39
    endloop
  endfacet
  facet normal 0 0 1
    outer loop
      vertex 0.143887 -6.80471 1.39
      vertex 0.156631 -7.81027 1.39
      vertex 0.287157 -6.81882 1.39
    endloop
  endfacet
  facet normal 0 0 1
    outer loop
      vertex 0.143887 -6.80471 1.39
      vertex 0.0784836 -7.80257 1.39
      vertex 0.156631 -7.81027 1.39
    endloop
  endfacet
  facet normal 0 0 1
    outer loop
      vertex 0 -6.8 1.39
      vertex 0.0784836 -7.80257 1.39
      vertex 0.143887 -6.80471 1.39
    endloop
  endfacet
  facet normal 0 0 1
    outer loop
      vertex 0 -6.8 1.39
      vertex 0 -7.8 1.39
      vertex 0.0784836 -7.80257 1.39
    endloop
  endfacet
  facet normal 0 0 1
    outer loop
      vertex 0 -6.8 1.39
      vertex -0.0784836 -7.80257 1.39
      vertex 0 -7.8 1.39
    endloop
  endfacet
  facet normal -0 0 1
    outer loop
      vertex -0.143887 -6.80471 1.39
      vertex -0.0784836 -7.80257 1.39
      vertex 0 -6.8 1.39
    endloop
  endfacet
  facet normal 0 0 1
    outer loop
      vertex -0.143887 -6.80471 1.39
      vertex -0.156631 -7.81027 1.39
      vertex -0.0784836 -7.80257 1.39
    endloop
  endfacet
  facet normal -0 0 1
    outer loop
      vertex -0.287157 -6.81882 1.39
      vertex -0.156631 -7.81027 1.39
      vertex -0.143887 -6.80471 1.39
    endloop
  endfacet
  facet normal 0 0 1
    outer loop
      vertex -0.156631 -7.81027 1.39
      vertex -0.287157 -6.81882 1.39
      vertex -0.234108 -7.82306 1.39
    endloop
  endfacet
  facet normal -0 0 1
    outer loop
      vertex -0.429198 -6.84227 1.39
      vertex -0.234108 -7.82306 1.39
      vertex -0.287157 -6.81882 1.39
    endloop
  endfacet
  facet normal 0 0 1
    outer loop
      vertex -0.234108 -7.82306 1.39
      vertex -0.429198 -6.84227 1.39
      vertex -0.310582 -7.84089 1.39
    endloop
  endfacet
  facet normal -0 0 1
    outer loop
      vertex -0.569402 -6.87496 1.39
      vertex -0.310582 -7.84089 1.39
      vertex -0.429198 -6.84227 1.39
    endloop
  endfacet
  facet normal 0 0 1
    outer loop
      vertex -0.310582 -7.84089 1.39
      vertex -0.569402 -6.87496 1.39
      vertex -0.385727 -7.86368 1.39
    endloop
  endfacet
  facet normal -0 0 1
    outer loop
      vertex -0.707167 -6.91675 1.39
      vertex -0.385727 -7.86368 1.39
      vertex -0.569402 -6.87496 1.39
    endloop
  endfacet
  facet normal 0 0 1
    outer loop
      vertex -0.385727 -7.86368 1.39
      vertex -0.707167 -6.91675 1.39
      vertex -0.45922 -7.89135 1.39
    endloop
  endfacet
  facet normal -0 0 1
    outer loop
      vertex -0.841903 -6.96747 1.39
      vertex -0.45922 -7.89135 1.39
      vertex -0.707167 -6.91675 1.39
    endloop
  endfacet
  facet normal 0 0 1
    outer loop
      vertex -0.45922 -7.89135 1.39
      vertex -0.841903 -6.96747 1.39
      vertex -0.530746 -7.92375 1.39
    endloop
  endfacet
  facet normal -0 0 1
    outer loop
      vertex -0.973035 -7.02688 1.39
      vertex -0.530746 -7.92375 1.39
      vertex -0.841903 -6.96747 1.39
    endloop
  endfacet
  facet normal 0 0 1
    outer loop
      vertex -0.530746 -7.92375 1.39
      vertex -0.973035 -7.02688 1.39
      vertex -0.599999 -7.96077 1.39
    endloop
  endfacet
  facet normal -0 0 1
    outer loop
      vertex -1.1 -7.09474 1.39
      vertex -0.599999 -7.96077 1.39
      vertex -0.973035 -7.02688 1.39
    endloop
  endfacet
  facet normal 0 0 1
    outer loop
      vertex -0.599999 -7.96077 1.39
      vertex -1.1 -7.09474 1.39
      vertex -0.666684 -8.00224 1.39
    endloop
  endfacet
  facet normal -0 0 1
    outer loop
      vertex -1.22225 -7.17077 1.39
      vertex -0.666684 -8.00224 1.39
      vertex -1.1 -7.09474 1.39
    endloop
  endfacet
  facet normal 0 0 1
    outer loop
      vertex -0.666684 -8.00224 1.39
      vertex -1.22225 -7.17077 1.39
      vertex -0.730514 -8.04798 1.39
    endloop
  endfacet
  facet normal -0 0 1
    outer loop
      vertex -1.33927 -7.25462 1.39
      vertex -0.730514 -8.04798 1.39
      vertex -1.22225 -7.17077 1.39
    endloop
  endfacet
  facet normal 0 0 1
    outer loop
      vertex -0.730514 -8.04798 1.39
      vertex -1.33927 -7.25462 1.39
      vertex -0.791215 -8.09779 1.39
    endloop
  endfacet
  facet normal -0 0 1
    outer loop
      vertex -1.45056 -7.34595 1.39
      vertex -0.791215 -8.09779 1.39
      vertex -1.33927 -7.25462 1.39
    endloop
  endfacet
  facet normal 0 0 1
    outer loop
      vertex -0.791215 -8.09779 1.39
      vertex -1.45056 -7.34595 1.39
      vertex -0.848528 -8.15147 1.39
    endloop
  endfacet
  facet normal -0 0 1
    outer loop
      vertex -1.55563 -7.44437 1.39
      vertex -0.848528 -8.15147 1.39
      vertex -1.45056 -7.34595 1.39
    endloop
  endfacet
  facet normal 0 0 1
    outer loop
      vertex -0.848528 -8.15147 1.39
      vertex -1.55563 -7.44437 1.39
      vertex -0.902207 -8.20879 1.39
    endloop
  endfacet
  facet normal -0 0 1
    outer loop
      vertex -1.65405 -7.54944 1.39
      vertex -0.902207 -8.20879 1.39
      vertex -1.55563 -7.44437 1.39
    endloop
  endfacet
  facet normal 0 0 1
    outer loop
      vertex -0.902207 -8.20879 1.39
      vertex -1.65405 -7.54944 1.39
      vertex -0.952024 -8.26949 1.39
    endloop
  endfacet
  facet normal -0 0 1
    outer loop
      vertex -1.74538 -7.66073 1.39
      vertex -0.952024 -8.26949 1.39
      vertex -1.65405 -7.54944 1.39
    endloop
  endfacet
  facet normal 0 0 1
    outer loop
      vertex -0.952024 -8.26949 1.39
      vertex -1.74538 -7.66073 1.39
      vertex -0.997763 -8.33332 1.39
    endloop
  endfacet
  facet normal -0 0 1
    outer loop
      vertex -1.82923 -7.77775 1.39
      vertex -0.997763 -8.33332 1.39
      vertex -1.74538 -7.66073 1.39
    endloop
  endfacet
  facet normal 0 0 1
    outer loop
      vertex -0.997763 -8.33332 1.39
      vertex -1.82923 -7.77775 1.39
      vertex -1.03923 -8.4 1.39
    endloop
  endfacet
  facet normal 0 0 1
    outer loop
      vertex -1.03923 -8.4 1.39
      vertex -1.90526 -7.9 1.39
      vertex -1.07625 -8.46925 1.39
    endloop
  endfacet
  facet normal -0 0 1
    outer loop
      vertex -1.90526 -7.9 1.39
      vertex -1.03923 -8.4 1.39
      vertex -1.82923 -7.77775 1.39
    endloop
  endfacet
  facet normal -0 0 1
    outer loop
      vertex 1.03923 -9.6 1.39
      vertex 1.90526 -10.1 1.39
      vertex 1.07625 -9.53075 1.39
    endloop
  endfacet
  facet normal 0 0 1
    outer loop
      vertex 1.90526 -10.1 1.39
      vertex 1.03923 -9.6 1.39
      vertex 1.82923 -10.2223 1.39
    endloop
  endfacet
  facet normal -0 0 1
    outer loop
      vertex 0.997763 -9.66668 1.39
      vertex 1.82923 -10.2223 1.39
      vertex 1.03923 -9.6 1.39
    endloop
  endfacet
  facet normal 0 0 1
    outer loop
      vertex 1.82923 -10.2223 1.39
      vertex 0.997763 -9.66668 1.39
      vertex 1.74538 -10.3393 1.39
    endloop
  endfacet
  facet normal -0 0 1
    outer loop
      vertex 0.952024 -9.73051 1.39
      vertex 1.74538 -10.3393 1.39
      vertex 0.997763 -9.66668 1.39
    endloop
  endfacet
  facet normal 0 0 1
    outer loop
      vertex 1.74538 -10.3393 1.39
      vertex 0.952024 -9.73051 1.39
      vertex 1.65405 -10.4506 1.39
    endloop
  endfacet
  facet normal -0 0 1
    outer loop
      vertex 0.902207 -9.79121 1.39
      vertex 1.65405 -10.4506 1.39
      vertex 0.952024 -9.73051 1.39
    endloop
  endfacet
  facet normal 0 0 1
    outer loop
      vertex 1.65405 -10.4506 1.39
      vertex 0.902207 -9.79121 1.39
      vertex 1.55563 -10.5556 1.39
    endloop
  endfacet
  facet normal -0 0 1
    outer loop
      vertex 0.848528 -9.84853 1.39
      vertex 1.55563 -10.5556 1.39
      vertex 0.902207 -9.79121 1.39
    endloop
  endfacet
  facet normal 0 0 1
    outer loop
      vertex 1.55563 -10.5556 1.39
      vertex 0.848528 -9.84853 1.39
      vertex 1.45056 -10.654 1.39
    endloop
  endfacet
  facet normal -0 0 1
    outer loop
      vertex 0.791215 -9.90221 1.39
      vertex 1.45056 -10.654 1.39
      vertex 0.848528 -9.84853 1.39
    endloop
  endfacet
  facet normal 0 0 1
    outer loop
      vertex 1.45056 -10.654 1.39
      vertex 0.791215 -9.90221 1.39
      vertex 1.33927 -10.7454 1.39
    endloop
  endfacet
  facet normal -0 0 1
    outer loop
      vertex 0.730514 -9.95202 1.39
      vertex 1.33927 -10.7454 1.39
      vertex 0.791215 -9.90221 1.39
    endloop
  endfacet
  facet normal 0 0 1
    outer loop
      vertex 1.33927 -10.7454 1.39
      vertex 0.730514 -9.95202 1.39
      vertex 1.22225 -10.8292 1.39
    endloop
  endfacet
  facet normal -0 0 1
    outer loop
      vertex 0.666684 -9.99776 1.39
      vertex 1.22225 -10.8292 1.39
      vertex 0.730514 -9.95202 1.39
    endloop
  endfacet
  facet normal 0 0 1
    outer loop
      vertex 1.22225 -10.8292 1.39
      vertex 0.666684 -9.99776 1.39
      vertex 1.1 -10.9053 1.39
    endloop
  endfacet
  facet normal -0 0 1
    outer loop
      vertex 0.599999 -10.0392 1.39
      vertex 1.1 -10.9053 1.39
      vertex 0.666684 -9.99776 1.39
    endloop
  endfacet
  facet normal 0 0 1
    outer loop
      vertex 1.1 -10.9053 1.39
      vertex 0.599999 -10.0392 1.39
      vertex 0.973035 -10.9731 1.39
    endloop
  endfacet
  facet normal -0 0 1
    outer loop
      vertex 0.530746 -10.0762 1.39
      vertex 0.973035 -10.9731 1.39
      vertex 0.599999 -10.0392 1.39
    endloop
  endfacet
  facet normal 0 0 1
    outer loop
      vertex 0.973035 -10.9731 1.39
      vertex 0.530746 -10.0762 1.39
      vertex 0.841903 -11.0325 1.39
    endloop
  endfacet
  facet normal -0 0 1
    outer loop
      vertex 0.45922 -10.1087 1.39
      vertex 0.841903 -11.0325 1.39
      vertex 0.530746 -10.0762 1.39
    endloop
  endfacet
  facet normal 0 0 1
    outer loop
      vertex 0.841903 -11.0325 1.39
      vertex 0.45922 -10.1087 1.39
      vertex 0.707167 -11.0832 1.39
    endloop
  endfacet
  facet normal -0 0 1
    outer loop
      vertex 0.385727 -10.1363 1.39
      vertex 0.707167 -11.0832 1.39
      vertex 0.45922 -10.1087 1.39
    endloop
  endfacet
  facet normal 0 0 1
    outer loop
      vertex 0.707167 -11.0832 1.39
      vertex 0.385727 -10.1363 1.39
      vertex 0.569402 -11.125 1.39
    endloop
  endfacet
  facet normal -0 0 1
    outer loop
      vertex 0.310582 -10.1591 1.39
      vertex 0.569402 -11.125 1.39
      vertex 0.385727 -10.1363 1.39
    endloop
  endfacet
  facet normal 0 0 1
    outer loop
      vertex 0.569402 -11.125 1.39
      vertex 0.310582 -10.1591 1.39
      vertex 0.429198 -11.1577 1.39
    endloop
  endfacet
  facet normal -0 0 1
    outer loop
      vertex 0.234108 -10.1769 1.39
      vertex 0.429198 -11.1577 1.39
      vertex 0.310582 -10.1591 1.39
    endloop
  endfacet
  facet normal 0 0 1
    outer loop
      vertex 0.429198 -11.1577 1.39
      vertex 0.234108 -10.1769 1.39
      vertex 0.287157 -11.1812 1.39
    endloop
  endfacet
  facet normal -0 0 1
    outer loop
      vertex 0.156631 -10.1897 1.39
      vertex 0.287157 -11.1812 1.39
      vertex 0.234108 -10.1769 1.39
    endloop
  endfacet
  facet normal 0 0 1
    outer loop
      vertex 0.156631 -10.1897 1.39
      vertex 0.143887 -11.1953 1.39
      vertex 0.287157 -11.1812 1.39
    endloop
  endfacet
  facet normal -0 0 1
    outer loop
      vertex 0.0784836 -10.1974 1.39
      vertex 0.143887 -11.1953 1.39
      vertex 0.156631 -10.1897 1.39
    endloop
  endfacet
  facet normal -0 0 1
    outer loop
      vertex 0 -10.2 1.39
      vertex 0.143887 -11.1953 1.39
      vertex 0.0784836 -10.1974 1.39
    endloop
  endfacet
  facet normal 0 0 1
    outer loop
      vertex 0 -10.2 1.39
      vertex 0 -11.2 1.39
      vertex 0.143887 -11.1953 1.39
    endloop
  endfacet
  facet normal 0 0 1
    outer loop
      vertex -0.0784836 -10.1974 1.39
      vertex 0 -11.2 1.39
      vertex 0 -10.2 1.39
    endloop
  endfacet
  facet normal 0 0 1
    outer loop
      vertex -0.0784836 -10.1974 1.39
      vertex -0.143887 -11.1953 1.39
      vertex 0 -11.2 1.39
    endloop
  endfacet
  facet normal 0 0 1
    outer loop
      vertex -0.156631 -10.1897 1.39
      vertex -0.143887 -11.1953 1.39
      vertex -0.0784836 -10.1974 1.39
    endloop
  endfacet
  facet normal 0 0 1
    outer loop
      vertex -0.287157 -11.1812 1.39
      vertex -0.156631 -10.1897 1.39
      vertex -0.234108 -10.1769 1.39
    endloop
  endfacet
  facet normal 0 0 1
    outer loop
      vertex -0.156631 -10.1897 1.39
      vertex -0.287157 -11.1812 1.39
      vertex -0.143887 -11.1953 1.39
    endloop
  endfacet
  facet normal 0 0 1
    outer loop
      vertex -0.429198 -11.1577 1.39
      vertex -0.234108 -10.1769 1.39
      vertex -0.310582 -10.1591 1.39
    endloop
  endfacet
  facet normal 0 0 1
    outer loop
      vertex -0.569402 -11.125 1.39
      vertex -0.310582 -10.1591 1.39
      vertex -0.385727 -10.1363 1.39
    endloop
  endfacet
  facet normal 0 0 1
    outer loop
      vertex -0.234108 -10.1769 1.39
      vertex -0.429198 -11.1577 1.39
      vertex -0.287157 -11.1812 1.39
    endloop
  endfacet
  facet normal 0 0 1
    outer loop
      vertex -0.707167 -11.0832 1.39
      vertex -0.385727 -10.1363 1.39
      vertex -0.45922 -10.1087 1.39
    endloop
  endfacet
  facet normal 0 0 1
    outer loop
      vertex -0.841903 -11.0325 1.39
      vertex -0.45922 -10.1087 1.39
      vertex -0.530746 -10.0762 1.39
    endloop
  endfacet
  facet normal 0 0 1
    outer loop
      vertex -0.310582 -10.1591 1.39
      vertex -0.569402 -11.125 1.39
      vertex -0.429198 -11.1577 1.39
    endloop
  endfacet
  facet normal 0 0 1
    outer loop
      vertex -0.973035 -10.9731 1.39
      vertex -0.530746 -10.0762 1.39
      vertex -0.599999 -10.0392 1.39
    endloop
  endfacet
  facet normal 0 0 1
    outer loop
      vertex -1.1 -10.9053 1.39
      vertex -0.599999 -10.0392 1.39
      vertex -0.666684 -9.99776 1.39
    endloop
  endfacet
  facet normal 0 0 1
    outer loop
      vertex -0.385727 -10.1363 1.39
      vertex -0.707167 -11.0832 1.39
      vertex -0.569402 -11.125 1.39
    endloop
  endfacet
  facet normal 0 0 1
    outer loop
      vertex -1.22225 -10.8292 1.39
      vertex -0.666684 -9.99776 1.39
      vertex -0.730514 -9.95202 1.39
    endloop
  endfacet
  facet normal 0 0 1
    outer loop
      vertex -1.33927 -10.7454 1.39
      vertex -0.730514 -9.95202 1.39
      vertex -0.791215 -9.90221 1.39
    endloop
  endfacet
  facet normal 0 0 1
    outer loop
      vertex -0.45922 -10.1087 1.39
      vertex -0.841903 -11.0325 1.39
      vertex -0.707167 -11.0832 1.39
    endloop
  endfacet
  facet normal 0 0 1
    outer loop
      vertex -1.45056 -10.654 1.39
      vertex -0.791215 -9.90221 1.39
      vertex -0.848528 -9.84853 1.39
    endloop
  endfacet
  facet normal 0 0 1
    outer loop
      vertex -1.55563 -10.5556 1.39
      vertex -0.848528 -9.84853 1.39
      vertex -0.902207 -9.79121 1.39
    endloop
  endfacet
  facet normal 0 0 1
    outer loop
      vertex -1.65405 -10.4506 1.39
      vertex -0.902207 -9.79121 1.39
      vertex -0.952024 -9.73051 1.39
    endloop
  endfacet
  facet normal 0 0 1
    outer loop
      vertex -0.530746 -10.0762 1.39
      vertex -0.973035 -10.9731 1.39
      vertex -0.841903 -11.0325 1.39
    endloop
  endfacet
  facet normal 0 0 1
    outer loop
      vertex -1.74538 -10.3393 1.39
      vertex -0.952024 -9.73051 1.39
      vertex -0.997763 -9.66668 1.39
    endloop
  endfacet
  facet normal 0 0 1
    outer loop
      vertex -1.82923 -10.2223 1.39
      vertex -0.997763 -9.66668 1.39
      vertex -1.03923 -9.6 1.39
    endloop
  endfacet
  facet normal 0 0 1
    outer loop
      vertex -1.90526 -10.1 1.39
      vertex -1.03923 -9.6 1.39
      vertex -1.07625 -9.53075 1.39
    endloop
  endfacet
  facet normal 0 0 1
    outer loop
      vertex -0.599999 -10.0392 1.39
      vertex -1.1 -10.9053 1.39
      vertex -0.973035 -10.9731 1.39
    endloop
  endfacet
  facet normal 0 0 1
    outer loop
      vertex -1.97312 -9.97303 1.39
      vertex -1.07625 -9.53075 1.39
      vertex -1.10865 -9.45922 1.39
    endloop
  endfacet
  facet normal 0 0 1
    outer loop
      vertex -2.03253 -9.8419 1.39
      vertex -1.10865 -9.45922 1.39
      vertex -1.13632 -9.38573 1.39
    endloop
  endfacet
  facet normal 0 0 1
    outer loop
      vertex -2.08325 -9.70717 1.39
      vertex -1.13632 -9.38573 1.39
      vertex -1.15911 -9.31058 1.39
    endloop
  endfacet
  facet normal 0 0 1
    outer loop
      vertex -2.12504 -9.5694 1.39
      vertex -1.15911 -9.31058 1.39
      vertex -1.17694 -9.23411 1.39
    endloop
  endfacet
  facet normal 0 0 1
    outer loop
      vertex -2.15773 -9.4292 1.39
      vertex -1.17694 -9.23411 1.39
      vertex -1.18973 -9.15663 1.39
    endloop
  endfacet
  facet normal 0 0 1
    outer loop
      vertex -2.18118 -9.28716 1.39
      vertex -1.18973 -9.15663 1.39
      vertex -1.19743 -9.07848 1.39
    endloop
  endfacet
  facet normal 0 0 1
    outer loop
      vertex -0.666684 -9.99776 1.39
      vertex -1.22225 -10.8292 1.39
      vertex -1.1 -10.9053 1.39
    endloop
  endfacet
  facet normal 0 0 1
    outer loop
      vertex -2.19529 -9.14389 1.39
      vertex -1.19743 -9.07848 1.39
      vertex -1.2 -9 1.39
    endloop
  endfacet
  facet normal -0 0 1
    outer loop
      vertex -1.97312 -8.02697 1.39
      vertex -1.07625 -8.46925 1.39
      vertex -1.90526 -7.9 1.39
    endloop
  endfacet
  facet normal 0 0 1
    outer loop
      vertex -1.07625 -8.46925 1.39
      vertex -1.97312 -8.02697 1.39
      vertex -1.10865 -8.54078 1.39
    endloop
  endfacet
  facet normal 0 0 1
    outer loop
      vertex -0.730514 -9.95202 1.39
      vertex -1.33927 -10.7454 1.39
      vertex -1.22225 -10.8292 1.39
    endloop
  endfacet
  facet normal -0 0 1
    outer loop
      vertex -2.03253 -8.1581 1.39
      vertex -1.10865 -8.54078 1.39
      vertex -1.97312 -8.02697 1.39
    endloop
  endfacet
  facet normal 0 0 1
    outer loop
      vertex -0.791215 -9.90221 1.39
      vertex -1.45056 -10.654 1.39
      vertex -1.33927 -10.7454 1.39
    endloop
  endfacet
  facet normal 0 0 1
    outer loop
      vertex -1.10865 -8.54078 1.39
      vertex -2.03253 -8.1581 1.39
      vertex -1.13632 -8.61427 1.39
    endloop
  endfacet
  facet normal 0 0 1
    outer loop
      vertex -0.848528 -9.84853 1.39
      vertex -1.55563 -10.5556 1.39
      vertex -1.45056 -10.654 1.39
    endloop
  endfacet
  facet normal -0 0 1
    outer loop
      vertex -2.08325 -8.29283 1.39
      vertex -1.13632 -8.61427 1.39
      vertex -2.03253 -8.1581 1.39
    endloop
  endfacet
  facet normal 0 0 1
    outer loop
      vertex -0.902207 -9.79121 1.39
      vertex -1.65405 -10.4506 1.39
      vertex -1.55563 -10.5556 1.39
    endloop
  endfacet
  facet normal 0 0 1
    outer loop
      vertex -1.13632 -8.61427 1.39
      vertex -2.08325 -8.29283 1.39
      vertex -1.15911 -8.68942 1.39
    endloop
  endfacet
  facet normal 0 0 1
    outer loop
      vertex -0.952024 -9.73051 1.39
      vertex -1.74538 -10.3393 1.39
      vertex -1.65405 -10.4506 1.39
    endloop
  endfacet
  facet normal -0 0 1
    outer loop
      vertex -2.12504 -8.4306 1.39
      vertex -1.15911 -8.68942 1.39
      vertex -2.08325 -8.29283 1.39
    endloop
  endfacet
  facet normal 0 0 1
    outer loop
      vertex -0.997763 -9.66668 1.39
      vertex -1.82923 -10.2223 1.39
      vertex -1.74538 -10.3393 1.39
    endloop
  endfacet
  facet normal 0 0 1
    outer loop
      vertex -1.15911 -8.68942 1.39
      vertex -2.12504 -8.4306 1.39
      vertex -1.17694 -8.76589 1.39
    endloop
  endfacet
  facet normal 0 0 1
    outer loop
      vertex -1.03923 -9.6 1.39
      vertex -1.90526 -10.1 1.39
      vertex -1.82923 -10.2223 1.39
    endloop
  endfacet
  facet normal -0 0 1
    outer loop
      vertex -2.15773 -8.5708 1.39
      vertex -1.17694 -8.76589 1.39
      vertex -2.12504 -8.4306 1.39
    endloop
  endfacet
  facet normal 0 0 1
    outer loop
      vertex -1.07625 -9.53075 1.39
      vertex -1.97312 -9.97303 1.39
      vertex -1.90526 -10.1 1.39
    endloop
  endfacet
  facet normal 0 0 1
    outer loop
      vertex -1.17694 -8.76589 1.39
      vertex -2.15773 -8.5708 1.39
      vertex -1.18973 -8.84337 1.39
    endloop
  endfacet
  facet normal 0 0 1
    outer loop
      vertex -1.10865 -9.45922 1.39
      vertex -2.03253 -9.8419 1.39
      vertex -1.97312 -9.97303 1.39
    endloop
  endfacet
  facet normal -0 0 1
    outer loop
      vertex -2.18118 -8.71284 1.39
      vertex -1.18973 -8.84337 1.39
      vertex -2.15773 -8.5708 1.39
    endloop
  endfacet
  facet normal 0 0 1
    outer loop
      vertex -1.13632 -9.38573 1.39
      vertex -2.08325 -9.70717 1.39
      vertex -2.03253 -9.8419 1.39
    endloop
  endfacet
  facet normal 0 0 1
    outer loop
      vertex -1.18973 -8.84337 1.39
      vertex -2.18118 -8.71284 1.39
      vertex -1.19743 -8.92152 1.39
    endloop
  endfacet
  facet normal 0 0 1
    outer loop
      vertex -1.15911 -9.31058 1.39
      vertex -2.12504 -9.5694 1.39
      vertex -2.08325 -9.70717 1.39
    endloop
  endfacet
  facet normal -0 0 1
    outer loop
      vertex -2.19529 -8.85611 1.39
      vertex -1.19743 -8.92152 1.39
      vertex -2.18118 -8.71284 1.39
    endloop
  endfacet
  facet normal 0 0 1
    outer loop
      vertex -1.17694 -9.23411 1.39
      vertex -2.15773 -9.4292 1.39
      vertex -2.12504 -9.5694 1.39
    endloop
  endfacet
  facet normal 0 0 1
    outer loop
      vertex -1.19743 -8.92152 1.39
      vertex -2.19529 -8.85611 1.39
      vertex -1.2 -9 1.39
    endloop
  endfacet
  facet normal 0 0 1
    outer loop
      vertex -1.18973 -9.15663 1.39
      vertex -2.18118 -9.28716 1.39
      vertex -2.15773 -9.4292 1.39
    endloop
  endfacet
  facet normal 0 0 1
    outer loop
      vertex -2.2 -9 1.39
      vertex -1.2 -9 1.39
      vertex -2.19529 -8.85611 1.39
    endloop
  endfacet
  facet normal 0 0 1
    outer loop
      vertex -1.19743 -9.07848 1.39
      vertex -2.19529 -9.14389 1.39
      vertex -2.18118 -9.28716 1.39
    endloop
  endfacet
  facet normal 0 0 1
    outer loop
      vertex -1.2 -9 1.39
      vertex -2.2 -9 1.39
      vertex -2.19529 -9.14389 1.39
    endloop
  endfacet
  facet normal 0.41262 0.910903 -0
    outer loop
      vertex -0.841903 -11.0325 1.39
      vertex -0.973035 -10.9731 3
      vertex -0.841903 -11.0325 3
    endloop
  endfacet
  facet normal 0.41262 0.910903 0
    outer loop
      vertex -0.973035 -10.9731 3
      vertex -0.841903 -11.0325 1.39
      vertex -0.973035 -10.9731 1.39
    endloop
  endfacet
  facet normal 0 0 -1
    outer loop
      vertex 2.19529 -9.14389 3.39
      vertex 2.19529 -8.85611 3.39
      vertex 2.2 -9 3.39
    endloop
  endfacet
  facet normal 0 0 -1
    outer loop
      vertex 2.18118 -9.28716 3.39
      vertex 2.19529 -8.85611 3.39
      vertex 2.19529 -9.14389 3.39
    endloop
  endfacet
  facet normal 0 0 -1
    outer loop
      vertex 2.18118 -9.28716 3.39
      vertex 2.18118 -8.71284 3.39
      vertex 2.19529 -8.85611 3.39
    endloop
  endfacet
  facet normal 0 0 -1
    outer loop
      vertex 2.14122 -9.5 3.39
      vertex 2.18118 -9.28716 3.39
      vertex 2.15773 -9.4292 3.39
    endloop
  endfacet
  facet normal -0 0 -1
    outer loop
      vertex 2.18118 -9.28716 3.39
      vertex 2.14122 -9.5 3.39
      vertex 2.18118 -8.71284 3.39
    endloop
  endfacet
  facet normal -0 0 -1
    outer loop
      vertex 2.18118 -8.71284 3.39
      vertex 2.14122 -9.5 3.39
      vertex 2.15773 -8.5708 3.39
    endloop
  endfacet
  facet normal 0 0 -1
    outer loop
      vertex 2.14122 -9.5 3.39
      vertex 2.12504 -8.4306 3.39
      vertex 2.15773 -8.5708 3.39
    endloop
  endfacet
  facet normal 0 0 -1
    outer loop
      vertex 2.14122 -9.5 3.39
      vertex 2.08325 -8.29283 3.39
      vertex 2.12504 -8.4306 3.39
    endloop
  endfacet
  facet normal 0 0 -1
    outer loop
      vertex 2.14122 -9.5 3.39
      vertex 2.03253 -8.1581 3.39
      vertex 2.08325 -8.29283 3.39
    endloop
  endfacet
  facet normal 0 0 -1
    outer loop
      vertex 2.14122 -9.5 3.39
      vertex 1.97312 -8.02697 3.39
      vertex 2.03253 -8.1581 3.39
    endloop
  endfacet
  facet normal 0 0 -1
    outer loop
      vertex 2.14122 -9.5 3.39
      vertex 1.90526 -7.9 3.39
      vertex 1.97312 -8.02697 3.39
    endloop
  endfacet
  facet normal 0 0 -1
    outer loop
      vertex 2.14122 -9.5 3.39
      vertex 1.82923 -7.77775 3.39
      vertex 1.90526 -7.9 3.39
    endloop
  endfacet
  facet normal 0 0 -1
    outer loop
      vertex 2.14122 -9.5 3.39
      vertex 1.74538 -7.66073 3.39
      vertex 1.82923 -7.77775 3.39
    endloop
  endfacet
  facet normal 0 0 -1
    outer loop
      vertex 2.14122 -9.5 3.39
      vertex 1.65405 -7.54944 3.39
      vertex 1.74538 -7.66073 3.39
    endloop
  endfacet
  facet normal 0 0 -1
    outer loop
      vertex 2.14122 -9.5 3.39
      vertex 1.55563 -7.44437 3.39
      vertex 1.65405 -7.54944 3.39
    endloop
  endfacet
  facet normal 0 0 -1
    outer loop
      vertex 2.14122 -9.5 3.39
      vertex 1.45056 -7.34595 3.39
      vertex 1.55563 -7.44437 3.39
    endloop
  endfacet
  facet normal 0 0 -1
    outer loop
      vertex 2.14122 -9.5 3.39
      vertex 1.33927 -7.25462 3.39
      vertex 1.45056 -7.34595 3.39
    endloop
  endfacet
  facet normal 0 0 -1
    outer loop
      vertex 2.14122 -9.5 3.39
      vertex 1.22225 -7.17077 3.39
      vertex 1.33927 -7.25462 3.39
    endloop
  endfacet
  facet normal 0 0 -1
    outer loop
      vertex 2.14122 -9.5 3.39
      vertex 1.1 -7.09474 3.39
      vertex 1.22225 -7.17077 3.39
    endloop
  endfacet
  facet normal 0 0 -1
    outer loop
      vertex 2.14122 -9.5 3.39
      vertex 0.973035 -7.02688 3.39
      vertex 1.1 -7.09474 3.39
    endloop
  endfacet
  facet normal 0 0 -1
    outer loop
      vertex 2.14122 -9.5 3.39
      vertex 0.841903 -6.96747 3.39
      vertex 0.973035 -7.02688 3.39
    endloop
  endfacet
  facet normal 0 0 -1
    outer loop
      vertex 2.14122 -9.5 3.39
      vertex 0.707167 -6.91675 3.39
      vertex 0.841903 -6.96747 3.39
    endloop
  endfacet
  facet normal 0 0 -1
    outer loop
      vertex 2.14122 -9.5 3.39
      vertex 0.569402 -6.87496 3.39
      vertex 0.707167 -6.91675 3.39
    endloop
  endfacet
  facet normal 0 0 -1
    outer loop
      vertex 2.14122 -9.5 3.39
      vertex 0.429198 -6.84227 3.39
      vertex 0.569402 -6.87496 3.39
    endloop
  endfacet
  facet normal 0 0 -1
    outer loop
      vertex 2.14122 -9.5 3.39
      vertex 0.287157 -6.81882 3.39
      vertex 0.429198 -6.84227 3.39
    endloop
  endfacet
  facet normal 0 0 -1
    outer loop
      vertex 2.14122 -9.5 3.39
      vertex 0.143887 -6.80471 3.39
      vertex 0.287157 -6.81882 3.39
    endloop
  endfacet
  facet normal 0 0 -1
    outer loop
      vertex 2.14122 -9.5 3.39
      vertex 0 -6.8 3.39
      vertex 0.143887 -6.80471 3.39
    endloop
  endfacet
  facet normal 0 0 -1
    outer loop
      vertex 2.14122 -9.5 3.39
      vertex -0.143887 -6.80471 3.39
      vertex 0 -6.8 3.39
    endloop
  endfacet
  facet normal 0 0 -1
    outer loop
      vertex 2.14122 -9.5 3.39
      vertex -0.287157 -6.81882 3.39
      vertex -0.143887 -6.80471 3.39
    endloop
  endfacet
  facet normal 0 0 -1
    outer loop
      vertex 2.14122 -9.5 3.39
      vertex -0.429198 -6.84227 3.39
      vertex -0.287157 -6.81882 3.39
    endloop
  endfacet
  facet normal 0 0 -1
    outer loop
      vertex 2.14122 -9.5 3.39
      vertex -0.569402 -6.87496 3.39
      vertex -0.429198 -6.84227 3.39
    endloop
  endfacet
  facet normal 0 0 -1
    outer loop
      vertex 2.14122 -9.5 3.39
      vertex -0.707167 -6.91675 3.39
      vertex -0.569402 -6.87496 3.39
    endloop
  endfacet
  facet normal 0 0 -1
    outer loop
      vertex 2.14122 -9.5 3.39
      vertex -0.841903 -6.96747 3.39
      vertex -0.707167 -6.91675 3.39
    endloop
  endfacet
  facet normal 0 0 -1
    outer loop
      vertex 2.14122 -9.5 3.39
      vertex -0.973035 -7.02688 3.39
      vertex -0.841903 -6.96747 3.39
    endloop
  endfacet
  facet normal 0 0 -1
    outer loop
      vertex 2.14122 -9.5 3.39
      vertex -1.1 -7.09474 3.39
      vertex -0.973035 -7.02688 3.39
    endloop
  endfacet
  facet normal 0 0 -1
    outer loop
      vertex 2.14122 -9.5 3.39
      vertex -1.22225 -7.17077 3.39
      vertex -1.1 -7.09474 3.39
    endloop
  endfacet
  facet normal 0 0 -1
    outer loop
      vertex 2.14122 -9.5 3.39
      vertex -1.33927 -7.25462 3.39
      vertex -1.22225 -7.17077 3.39
    endloop
  endfacet
  facet normal 0 0 -1
    outer loop
      vertex 2.14122 -9.5 3.39
      vertex -1.45056 -7.34595 3.39
      vertex -1.33927 -7.25462 3.39
    endloop
  endfacet
  facet normal 0 0 -1
    outer loop
      vertex 2.14122 -9.5 3.39
      vertex -1.55563 -7.44437 3.39
      vertex -1.45056 -7.34595 3.39
    endloop
  endfacet
  facet normal 0 0 -1
    outer loop
      vertex 2.14122 -9.5 3.39
      vertex -1.65405 -7.54944 3.39
      vertex -1.55563 -7.44437 3.39
    endloop
  endfacet
  facet normal 0 0 -1
    outer loop
      vertex 2.14122 -9.5 3.39
      vertex -1.74538 -7.66073 3.39
      vertex -1.65405 -7.54944 3.39
    endloop
  endfacet
  facet normal 0 0 -1
    outer loop
      vertex 2.14122 -9.5 3.39
      vertex -1.82923 -7.77775 3.39
      vertex -1.74538 -7.66073 3.39
    endloop
  endfacet
  facet normal 0 0 -1
    outer loop
      vertex 2.14122 -9.5 3.39
      vertex -1.90526 -7.9 3.39
      vertex -1.82923 -7.77775 3.39
    endloop
  endfacet
  facet normal 0 0 -1
    outer loop
      vertex 2.14122 -9.5 3.39
      vertex -1.97312 -8.02697 3.39
      vertex -1.90526 -7.9 3.39
    endloop
  endfacet
  facet normal 0 0 -1
    outer loop
      vertex 2.14122 -9.5 3.39
      vertex -2.03253 -8.1581 3.39
      vertex -1.97312 -8.02697 3.39
    endloop
  endfacet
  facet normal 0 0 -1
    outer loop
      vertex 2.14122 -9.5 3.39
      vertex -2.08325 -8.29283 3.39
      vertex -2.03253 -8.1581 3.39
    endloop
  endfacet
  facet normal 0 0 -1
    outer loop
      vertex 2.14122 -9.5 3.39
      vertex -2.12504 -8.4306 3.39
      vertex -2.08325 -8.29283 3.39
    endloop
  endfacet
  facet normal 0 0 -1
    outer loop
      vertex -2.14122 -9.5 3.39
      vertex -2.12504 -8.4306 3.39
      vertex 2.14122 -9.5 3.39
    endloop
  endfacet
  facet normal 0 0 -1
    outer loop
      vertex -2.18118 -9.28716 3.39
      vertex -2.14122 -9.5 3.39
      vertex -2.15773 -9.4292 3.39
    endloop
  endfacet
  facet normal 0 0 -1
    outer loop
      vertex -2.14122 -9.5 3.39
      vertex -2.15773 -8.5708 3.39
      vertex -2.12504 -8.4306 3.39
    endloop
  endfacet
  facet normal 0 0 -1
    outer loop
      vertex -2.14122 -9.5 3.39
      vertex -2.18118 -9.28716 3.39
      vertex -2.15773 -8.5708 3.39
    endloop
  endfacet
  facet normal 0 0 -1
    outer loop
      vertex -2.18118 -9.28716 3.39
      vertex -2.18118 -8.71284 3.39
      vertex -2.15773 -8.5708 3.39
    endloop
  endfacet
  facet normal 0 0 -1
    outer loop
      vertex -2.19529 -9.14389 3.39
      vertex -2.18118 -8.71284 3.39
      vertex -2.18118 -9.28716 3.39
    endloop
  endfacet
  facet normal 0 0 -1
    outer loop
      vertex -2.19529 -9.14389 3.39
      vertex -2.19529 -8.85611 3.39
      vertex -2.18118 -8.71284 3.39
    endloop
  endfacet
  facet normal 0 -0 -1
    outer loop
      vertex -2.19529 -8.85611 3.39
      vertex -2.19529 -9.14389 3.39
      vertex -2.2 -9 3.39
    endloop
  endfacet
  facet normal -0.999464 0.0327297 0
    outer loop
      vertex 1.19743 8.92152 0
      vertex 1.2 9 1.39
      vertex 1.2 9 0
    endloop
  endfacet
  facet normal -0.999464 0.0327297 0
    outer loop
      vertex 1.2 9 1.39
      vertex 1.19743 8.92152 0
      vertex 1.19743 8.92152 1.39
    endloop
  endfacet
  facet normal -0.995181 -0.0980537 0
    outer loop
      vertex 1.19743 9.07848 0
      vertex 1.18973 9.15663 1.39
      vertex 1.18973 9.15663 0
    endloop
  endfacet
  facet normal -0.995181 -0.0980537 0
    outer loop
      vertex 1.18973 9.15663 1.39
      vertex 1.19743 9.07848 0
      vertex 1.19743 9.07848 1.39
    endloop
  endfacet
  facet normal -0.999464 -0.0327297 0
    outer loop
      vertex 1.2 9 0
      vertex 1.19743 9.07848 1.39
      vertex 1.19743 9.07848 0
    endloop
  endfacet
  facet normal -0.999464 -0.0327297 0
    outer loop
      vertex 1.19743 9.07848 1.39
      vertex 1.2 9 0
      vertex 1.2 9 1.39
    endloop
  endfacet
  facet normal -0.986647 -0.162871 0
    outer loop
      vertex 1.18973 9.15663 0
      vertex 1.17694 9.23411 1.39
      vertex 1.17694 9.23411 0
    endloop
  endfacet
  facet normal -0.986647 -0.162871 0
    outer loop
      vertex 1.17694 9.23411 1.39
      vertex 1.18973 9.15663 0
      vertex 1.18973 9.15663 1.39
    endloop
  endfacet
  facet normal -0.973878 -0.227073 0
    outer loop
      vertex 1.17694 9.23411 0
      vertex 1.15911 9.31058 1.39
      vertex 1.15911 9.31058 0
    endloop
  endfacet
  facet normal -0.973878 -0.227073 0
    outer loop
      vertex 1.15911 9.31058 1.39
      vertex 1.17694 9.23411 0
      vertex 1.17694 9.23411 1.39
    endloop
  endfacet
  facet normal 0.634347 -0.773048 0
    outer loop
      vertex -0.791215 9.90221 0
      vertex -0.730514 9.95202 1.39
      vertex -0.791215 9.90221 1.39
    endloop
  endfacet
  facet normal 0.634347 -0.773048 0
    outer loop
      vertex -0.730514 9.95202 1.39
      vertex -0.791215 9.90221 0
      vertex -0.730514 9.95202 0
    endloop
  endfacet
  facet normal -0.471431 0.881903 0
    outer loop
      vertex 0.599999 7.96077 0
      vertex 0.530746 7.92375 1.39
      vertex 0.599999 7.96077 1.39
    endloop
  endfacet
  facet normal -0.471431 0.881903 0
    outer loop
      vertex 0.530746 7.92375 1.39
      vertex 0.599999 7.96077 0
      vertex 0.530746 7.92375 0
    endloop
  endfacet
  facet normal -0.772999 0.634407 0
    outer loop
      vertex 0.902207 8.20879 0
      vertex 0.952024 8.26949 1.39
      vertex 0.952024 8.26949 0
    endloop
  endfacet
  facet normal -0.772999 0.634407 0
    outer loop
      vertex 0.952024 8.26949 1.39
      vertex 0.902207 8.20879 0
      vertex 0.902207 8.20879 1.39
    endloop
  endfacet
  facet normal 0.226699 -0.973965 0
    outer loop
      vertex -0.310582 10.1591 0
      vertex -0.234108 10.1769 1.39
      vertex -0.310582 10.1591 1.39
    endloop
  endfacet
  facet normal 0.226699 -0.973965 0
    outer loop
      vertex -0.234108 10.1769 1.39
      vertex -0.310582 10.1591 0
      vertex -0.234108 10.1769 0
    endloop
  endfacet
  facet normal -0.986647 0.162871 0
    outer loop
      vertex 1.17694 8.76589 0
      vertex 1.18973 8.84337 1.39
      vertex 1.18973 8.84337 0
    endloop
  endfacet
  facet normal -0.986647 0.162871 0
    outer loop
      vertex 1.18973 8.84337 1.39
      vertex 1.17694 8.76589 0
      vertex 1.17694 8.76589 1.39
    endloop
  endfacet
  facet normal 0.973878 -0.227073 0
    outer loop
      vertex -1.17694 9.23411 1.39
      vertex -1.15911 9.31058 0
      vertex -1.15911 9.31058 1.39
    endloop
  endfacet
  facet normal 0.973878 -0.227073 0
    outer loop
      vertex -1.15911 9.31058 0
      vertex -1.17694 9.23411 1.39
      vertex -1.17694 9.23411 0
    endloop
  endfacet
  facet normal 0.527816 -0.849359 0
    outer loop
      vertex -0.666684 9.99776 0
      vertex -0.599999 10.0392 1.39
      vertex -0.666684 9.99776 1.39
    endloop
  endfacet
  facet normal 0.527816 -0.849359 0
    outer loop
      vertex -0.599999 10.0392 1.39
      vertex -0.666684 9.99776 0
      vertex -0.599999 10.0392 0
    endloop
  endfacet
  facet normal 0.528092 0.849187 -0
    outer loop
      vertex -0.599999 7.96077 0
      vertex -0.666684 8.00224 1.39
      vertex -0.599999 7.96077 1.39
    endloop
  endfacet
  facet normal 0.528092 0.849187 0
    outer loop
      vertex -0.666684 8.00224 1.39
      vertex -0.599999 7.96077 0
      vertex -0.666684 8.00224 0
    endloop
  endfacet
  facet normal -0.935863 -0.352365 0
    outer loop
      vertex 1.13632 9.38573 0
      vertex 1.10865 9.45922 1.39
      vertex 1.10865 9.45922 0
    endloop
  endfacet
  facet normal -0.935863 -0.352365 0
    outer loop
      vertex 1.10865 9.45922 1.39
      vertex 1.13632 9.38573 0
      vertex 1.13632 9.38573 1.39
    endloop
  endfacet
  facet normal 0.162877 0.986646 -0
    outer loop
      vertex -0.156631 7.81027 0
      vertex -0.234108 7.82306 1.39
      vertex -0.156631 7.81027 1.39
    endloop
  endfacet
  facet normal 0.162877 0.986646 0
    outer loop
      vertex -0.234108 7.82306 1.39
      vertex -0.156631 7.81027 0
      vertex -0.234108 7.82306 0
    endloop
  endfacet
  facet normal -0.729909 -0.683545 0
    outer loop
      vertex 0.902207 9.79121 0
      vertex 0.848528 9.84853 1.39
      vertex 0.848528 9.84853 0
    endloop
  endfacet
  facet normal -0.729909 -0.683545 0
    outer loop
      vertex 0.848528 9.84853 1.39
      vertex 0.902207 9.79121 0
      vertex 0.902207 9.79121 1.39
    endloop
  endfacet
  facet normal 0.986647 0.162871 0
    outer loop
      vertex -1.17694 8.76589 1.39
      vertex -1.18973 8.84337 0
      vertex -1.18973 8.84337 1.39
    endloop
  endfacet
  facet normal 0.986647 0.162871 0
    outer loop
      vertex -1.18973 8.84337 0
      vertex -1.17694 8.76589 1.39
      vertex -1.17694 8.76589 0
    endloop
  endfacet
  facet normal -0.0980569 -0.995181 0
    outer loop
      vertex 0.0784836 10.1974 0
      vertex 0.156631 10.1897 1.39
      vertex 0.0784836 10.1974 1.39
    endloop
  endfacet
  facet normal -0.0980569 -0.995181 -0
    outer loop
      vertex 0.156631 10.1897 1.39
      vertex 0.0784836 10.1974 0
      vertex 0.156631 10.1897 0
    endloop
  endfacet
  facet normal -0.910911 -0.412603 0
    outer loop
      vertex 1.10865 9.45922 0
      vertex 1.07625 9.53075 1.39
      vertex 1.07625 9.53075 0
    endloop
  endfacet
  facet normal -0.910911 -0.412603 0
    outer loop
      vertex 1.07625 9.53075 1.39
      vertex 1.10865 9.45922 0
      vertex 1.10865 9.45922 1.39
    endloop
  endfacet
  facet normal 0.163001 -0.986626 0
    outer loop
      vertex -0.234108 10.1769 0
      vertex -0.156631 10.1897 1.39
      vertex -0.234108 10.1769 1.39
    endloop
  endfacet
  facet normal 0.163001 -0.986626 0
    outer loop
      vertex -0.156631 10.1897 1.39
      vertex -0.234108 10.1769 0
      vertex -0.156631 10.1897 0
    endloop
  endfacet
  facet normal -0.973878 0.227073 0
    outer loop
      vertex 1.15911 8.68942 0
      vertex 1.17694 8.76589 1.39
      vertex 1.17694 8.76589 0
    endloop
  endfacet
  facet normal -0.973878 0.227073 0
    outer loop
      vertex 1.17694 8.76589 1.39
      vertex 1.15911 8.68942 0
      vertex 1.15911 8.68942 1.39
    endloop
  endfacet
  facet normal 0.0331098 -0.999452 0
    outer loop
      vertex -0.0784836 10.1974 0
      vertex 0 10.2 1.39
      vertex -0.0784836 10.1974 1.39
    endloop
  endfacet
  facet normal 0.0331098 -0.999452 0
    outer loop
      vertex 0 10.2 1.39
      vertex -0.0784836 10.1974 0
      vertex 0 10.2 0
    endloop
  endfacet
  facet normal -0.163001 -0.986626 0
    outer loop
      vertex 0.156631 10.1897 0
      vertex 0.234108 10.1769 1.39
      vertex 0.156631 10.1897 1.39
    endloop
  endfacet
  facet normal -0.163001 -0.986626 -0
    outer loop
      vertex 0.234108 10.1769 1.39
      vertex 0.156631 10.1897 0
      vertex 0.234108 10.1769 0
    endloop
  endfacet
  facet normal -0.995181 0.0980537 0
    outer loop
      vertex 1.18973 8.84337 0
      vertex 1.19743 8.92152 1.39
      vertex 1.19743 8.92152 0
    endloop
  endfacet
  facet normal -0.995181 0.0980537 0
    outer loop
      vertex 1.19743 8.92152 1.39
      vertex 1.18973 8.84337 0
      vertex 1.18973 8.84337 1.39
    endloop
  endfacet
  facet normal 0.935863 0.352365 0
    outer loop
      vertex -1.10865 8.54078 1.39
      vertex -1.13632 8.61427 0
      vertex -1.13632 8.61427 1.39
    endloop
  endfacet
  facet normal 0.935863 0.352365 0
    outer loop
      vertex -1.13632 8.61427 0
      vertex -1.10865 8.54078 1.39
      vertex -1.10865 8.54078 0
    endloop
  endfacet
  facet normal 0.413678 -0.910423 0
    outer loop
      vertex -0.530746 10.0762 0
      vertex -0.45922 10.1087 1.39
      vertex -0.530746 10.0762 1.39
    endloop
  endfacet
  facet normal 0.413678 -0.910423 0
    outer loop
      vertex -0.45922 10.1087 1.39
      vertex -0.530746 10.0762 0
      vertex -0.45922 10.1087 0
    endloop
  endfacet
  facet normal -0.352353 0.935867 0
    outer loop
      vertex 0.45922 7.89135 0
      vertex 0.385727 7.86368 1.39
      vertex 0.45922 7.89135 1.39
    endloop
  endfacet
  facet normal -0.352353 0.935867 0
    outer loop
      vertex 0.385727 7.86368 1.39
      vertex 0.45922 7.89135 0
      vertex 0.385727 7.86368 0
    endloop
  endfacet
  facet normal -0.226699 -0.973965 0
    outer loop
      vertex 0.234108 10.1769 0
      vertex 0.310582 10.1591 1.39
      vertex 0.234108 10.1769 1.39
    endloop
  endfacet
  facet normal -0.226699 -0.973965 -0
    outer loop
      vertex 0.310582 10.1591 1.39
      vertex 0.234108 10.1769 0
      vertex 0.310582 10.1591 0
    endloop
  endfacet
  facet normal -0.812852 -0.58247 0
    outer loop
      vertex 0.997763 9.66668 0
      vertex 0.952024 9.73051 1.39
      vertex 0.952024 9.73051 0
    endloop
  endfacet
  facet normal -0.812852 -0.58247 0
    outer loop
      vertex 0.952024 9.73051 1.39
      vertex 0.997763 9.66668 0
      vertex 0.997763 9.66668 1.39
    endloop
  endfacet
  facet normal 0.849187 0.528093 0
    outer loop
      vertex -0.997763 8.33332 1.39
      vertex -1.03923 8.4 0
      vertex -1.03923 8.4 1.39
    endloop
  endfacet
  facet normal 0.849187 0.528093 0
    outer loop
      vertex -1.03923 8.4 0
      vertex -0.997763 8.33332 1.39
      vertex -0.997763 8.33332 0
    endloop
  endfacet
  facet normal -0.582478 -0.812846 0
    outer loop
      vertex 0.666684 9.99776 0
      vertex 0.730514 9.95202 1.39
      vertex 0.666684 9.99776 1.39
    endloop
  endfacet
  facet normal -0.582478 -0.812846 -0
    outer loop
      vertex 0.730514 9.95202 1.39
      vertex 0.666684 9.99776 0
      vertex 0.730514 9.95202 0
    endloop
  endfacet
  facet normal -0.956963 -0.290209 0
    outer loop
      vertex 1.15911 9.31058 0
      vertex 1.13632 9.38573 1.39
      vertex 1.13632 9.38573 0
    endloop
  endfacet
  facet normal -0.956963 -0.290209 0
    outer loop
      vertex 1.13632 9.38573 1.39
      vertex 1.15911 9.31058 0
      vertex 1.15911 9.31058 1.39
    endloop
  endfacet
  facet normal 0.812852 -0.58247 0
    outer loop
      vertex -0.997763 9.66668 1.39
      vertex -0.952024 9.73051 0
      vertex -0.952024 9.73051 1.39
    endloop
  endfacet
  facet normal 0.812852 -0.58247 0
    outer loop
      vertex -0.952024 9.73051 0
      vertex -0.997763 9.66668 1.39
      vertex -0.997763 9.66668 0
    endloop
  endfacet
  facet normal -0.935863 0.352365 0
    outer loop
      vertex 1.10865 8.54078 0
      vertex 1.13632 8.61427 1.39
      vertex 1.13632 8.61427 0
    endloop
  endfacet
  facet normal -0.935863 0.352365 0
    outer loop
      vertex 1.13632 8.61427 1.39
      vertex 1.10865 8.54078 0
      vertex 1.10865 8.54078 1.39
    endloop
  endfacet
  facet normal 0.582478 -0.812846 0
    outer loop
      vertex -0.730514 9.95202 0
      vertex -0.666684 9.99776 1.39
      vertex -0.730514 9.95202 1.39
    endloop
  endfacet
  facet normal 0.582478 -0.812846 0
    outer loop
      vertex -0.666684 9.99776 1.39
      vertex -0.730514 9.95202 0
      vertex -0.666684 9.99776 0
    endloop
  endfacet
  facet normal 0.683596 -0.729861 0
    outer loop
      vertex -0.848528 9.84853 0
      vertex -0.791215 9.90221 1.39
      vertex -0.848528 9.84853 1.39
    endloop
  endfacet
  facet normal 0.683596 -0.729861 0
    outer loop
      vertex -0.791215 9.90221 1.39
      vertex -0.848528 9.84853 0
      vertex -0.791215 9.90221 0
    endloop
  endfacet
  facet normal 0.471233 -0.882009 0
    outer loop
      vertex -0.599999 10.0392 0
      vertex -0.530746 10.0762 1.39
      vertex -0.599999 10.0392 1.39
    endloop
  endfacet
  facet normal 0.471233 -0.882009 0
    outer loop
      vertex -0.530746 10.0762 1.39
      vertex -0.599999 10.0392 0
      vertex -0.530746 10.0762 0
    endloop
  endfacet
  facet normal 0.0980569 0.995181 -0
    outer loop
      vertex -0.0784836 7.80257 0
      vertex -0.156631 7.81027 1.39
      vertex -0.0784836 7.80257 1.39
    endloop
  endfacet
  facet normal 0.0980569 0.995181 0
    outer loop
      vertex -0.156631 7.81027 1.39
      vertex -0.0784836 7.80257 0
      vertex -0.156631 7.81027 0
    endloop
  endfacet
  facet normal 0.290227 0.956958 -0
    outer loop
      vertex -0.310582 7.84089 0
      vertex -0.385727 7.86368 1.39
      vertex -0.310582 7.84089 1.39
    endloop
  endfacet
  facet normal 0.290227 0.956958 0
    outer loop
      vertex -0.385727 7.86368 1.39
      vertex -0.310582 7.84089 0
      vertex -0.385727 7.86368 0
    endloop
  endfacet
  facet normal -0.881894 -0.471447 0
    outer loop
      vertex 1.07625 9.53075 0
      vertex 1.03923 9.6 1.39
      vertex 1.03923 9.6 0
    endloop
  endfacet
  facet normal -0.881894 -0.471447 0
    outer loop
      vertex 1.03923 9.6 1.39
      vertex 1.07625 9.53075 0
      vertex 1.07625 9.53075 1.39
    endloop
  endfacet
  facet normal -0.683596 -0.729861 0
    outer loop
      vertex 0.791215 9.90221 0
      vertex 0.848528 9.84853 1.39
      vertex 0.791215 9.90221 1.39
    endloop
  endfacet
  facet normal -0.683596 -0.729861 -0
    outer loop
      vertex 0.848528 9.84853 1.39
      vertex 0.791215 9.90221 0
      vertex 0.848528 9.84853 0
    endloop
  endfacet
  facet normal 0.471431 0.881903 -0
    outer loop
      vertex -0.530746 7.92375 0
      vertex -0.599999 7.96077 1.39
      vertex -0.530746 7.92375 1.39
    endloop
  endfacet
  facet normal 0.471431 0.881903 0
    outer loop
      vertex -0.599999 7.96077 1.39
      vertex -0.530746 7.92375 0
      vertex -0.599999 7.96077 0
    endloop
  endfacet
  facet normal -0.351572 -0.936161 0
    outer loop
      vertex 0.385727 10.1363 0
      vertex 0.45922 10.1087 1.39
      vertex 0.385727 10.1363 1.39
    endloop
  endfacet
  facet normal -0.351572 -0.936161 -0
    outer loop
      vertex 0.45922 10.1087 1.39
      vertex 0.385727 10.1363 0
      vertex 0.45922 10.1087 0
    endloop
  endfacet
  facet normal 0.999464 0.0327297 0
    outer loop
      vertex -1.19743 8.92152 1.39
      vertex -1.2 9 0
      vertex -1.2 9 1.39
    endloop
  endfacet
  facet normal 0.999464 0.0327297 0
    outer loop
      vertex -1.2 9 0
      vertex -1.19743 8.92152 1.39
      vertex -1.19743 8.92152 0
    endloop
  endfacet
  facet normal -0.471233 -0.882009 0
    outer loop
      vertex 0.530746 10.0762 0
      vertex 0.599999 10.0392 1.39
      vertex 0.530746 10.0762 1.39
    endloop
  endfacet
  facet normal -0.471233 -0.882009 -0
    outer loop
      vertex 0.599999 10.0392 1.39
      vertex 0.530746 10.0762 0
      vertex 0.599999 10.0392 0
    endloop
  endfacet
  facet normal 0.227061 0.97388 -0
    outer loop
      vertex -0.234108 7.82306 0
      vertex -0.310582 7.84089 1.39
      vertex -0.234108 7.82306 1.39
    endloop
  endfacet
  facet normal 0.227061 0.97388 0
    outer loop
      vertex -0.310582 7.84089 1.39
      vertex -0.234108 7.82306 0
      vertex -0.310582 7.84089 0
    endloop
  endfacet
  facet normal -0.634347 -0.773048 0
    outer loop
      vertex 0.730514 9.95202 0
      vertex 0.791215 9.90221 1.39
      vertex 0.730514 9.95202 1.39
    endloop
  endfacet
  facet normal -0.634347 -0.773048 -0
    outer loop
      vertex 0.791215 9.90221 1.39
      vertex 0.730514 9.95202 0
      vertex 0.791215 9.90221 0
    endloop
  endfacet
  facet normal -0.881894 0.471447 0
    outer loop
      vertex 1.03923 8.4 0
      vertex 1.07625 8.46925 1.39
      vertex 1.07625 8.46925 0
    endloop
  endfacet
  facet normal -0.881894 0.471447 0
    outer loop
      vertex 1.07625 8.46925 1.39
      vertex 1.03923 8.4 0
      vertex 1.03923 8.4 1.39
    endloop
  endfacet
  facet normal -0.528092 0.849187 0
    outer loop
      vertex 0.666684 8.00224 0
      vertex 0.599999 7.96077 1.39
      vertex 0.666684 8.00224 1.39
    endloop
  endfacet
  facet normal -0.528092 0.849187 0
    outer loop
      vertex 0.599999 7.96077 1.39
      vertex 0.666684 8.00224 0
      vertex 0.599999 7.96077 0
    endloop
  endfacet
  facet normal 0.351572 -0.936161 0
    outer loop
      vertex -0.45922 10.1087 0
      vertex -0.385727 10.1363 1.39
      vertex -0.45922 10.1087 1.39
    endloop
  endfacet
  facet normal 0.351572 -0.936161 0
    outer loop
      vertex -0.385727 10.1363 1.39
      vertex -0.45922 10.1087 0
      vertex -0.385727 10.1363 0
    endloop
  endfacet
  facet normal 0.729909 0.683545 0
    outer loop
      vertex -0.848528 8.15147 1.39
      vertex -0.902207 8.20879 0
      vertex -0.902207 8.20879 1.39
    endloop
  endfacet
  facet normal 0.729909 0.683545 0
    outer loop
      vertex -0.902207 8.20879 0
      vertex -0.848528 8.15147 1.39
      vertex -0.848528 8.15147 0
    endloop
  endfacet
  facet normal -0.0331098 -0.999452 0
    outer loop
      vertex 0 10.2 0
      vertex 0.0784836 10.1974 1.39
      vertex 0 10.2 1.39
    endloop
  endfacet
  facet normal -0.0331098 -0.999452 -0
    outer loop
      vertex 0.0784836 10.1974 1.39
      vertex 0 10.2 0
      vertex 0.0784836 10.1974 0
    endloop
  endfacet
  facet normal -0.290227 0.956958 0
    outer loop
      vertex 0.385727 7.86368 0
      vertex 0.310582 7.84089 1.39
      vertex 0.385727 7.86368 1.39
    endloop
  endfacet
  facet normal -0.290227 0.956958 0
    outer loop
      vertex 0.310582 7.84089 1.39
      vertex 0.385727 7.86368 0
      vertex 0.310582 7.84089 0
    endloop
  endfacet
  facet normal -0.0980569 0.995181 0
    outer loop
      vertex 0.156631 7.81027 0
      vertex 0.0784836 7.80257 1.39
      vertex 0.156631 7.81027 1.39
    endloop
  endfacet
  facet normal -0.0980569 0.995181 0
    outer loop
      vertex 0.0784836 7.80257 1.39
      vertex 0.156631 7.81027 0
      vertex 0.0784836 7.80257 0
    endloop
  endfacet
  facet normal -0.162877 0.986646 0
    outer loop
      vertex 0.234108 7.82306 0
      vertex 0.156631 7.81027 1.39
      vertex 0.234108 7.82306 1.39
    endloop
  endfacet
  facet normal -0.162877 0.986646 0
    outer loop
      vertex 0.156631 7.81027 1.39
      vertex 0.234108 7.82306 0
      vertex 0.156631 7.81027 0
    endloop
  endfacet
  facet normal -0.683596 0.729861 0
    outer loop
      vertex 0.848528 8.15147 0
      vertex 0.791215 8.09779 1.39
      vertex 0.848528 8.15147 1.39
    endloop
  endfacet
  facet normal -0.683596 0.729861 0
    outer loop
      vertex 0.791215 8.09779 1.39
      vertex 0.848528 8.15147 0
      vertex 0.791215 8.09779 0
    endloop
  endfacet
  facet normal -0.412622 0.910902 0
    outer loop
      vertex 0.530746 7.92375 0
      vertex 0.45922 7.89135 1.39
      vertex 0.530746 7.92375 1.39
    endloop
  endfacet
  facet normal -0.412622 0.910902 0
    outer loop
      vertex 0.45922 7.89135 1.39
      vertex 0.530746 7.92375 0
      vertex 0.45922 7.89135 0
    endloop
  endfacet
  facet normal -0.849187 -0.528093 0
    outer loop
      vertex 1.03923 9.6 0
      vertex 0.997763 9.66668 1.39
      vertex 0.997763 9.66668 0
    endloop
  endfacet
  facet normal -0.849187 -0.528093 0
    outer loop
      vertex 0.997763 9.66668 1.39
      vertex 1.03923 9.6 0
      vertex 1.03923 9.6 1.39
    endloop
  endfacet
  facet normal 0.935863 -0.352365 0
    outer loop
      vertex -1.13632 9.38573 1.39
      vertex -1.10865 9.45922 0
      vertex -1.10865 9.45922 1.39
    endloop
  endfacet
  facet normal 0.935863 -0.352365 0
    outer loop
      vertex -1.10865 9.45922 0
      vertex -1.13632 9.38573 1.39
      vertex -1.13632 9.38573 0
    endloop
  endfacet
  facet normal 0.986647 -0.162871 0
    outer loop
      vertex -1.18973 9.15663 1.39
      vertex -1.17694 9.23411 0
      vertex -1.17694 9.23411 1.39
    endloop
  endfacet
  facet normal 0.986647 -0.162871 0
    outer loop
      vertex -1.17694 9.23411 0
      vertex -1.18973 9.15663 1.39
      vertex -1.18973 9.15663 0
    endloop
  endfacet
  facet normal 0.683596 0.729861 -0
    outer loop
      vertex -0.791215 8.09779 0
      vertex -0.848528 8.15147 1.39
      vertex -0.791215 8.09779 1.39
    endloop
  endfacet
  facet normal 0.683596 0.729861 0
    outer loop
      vertex -0.848528 8.15147 1.39
      vertex -0.791215 8.09779 0
      vertex -0.848528 8.15147 0
    endloop
  endfacet
  facet normal 0.0980569 -0.995181 0
    outer loop
      vertex -0.156631 10.1897 0
      vertex -0.0784836 10.1974 1.39
      vertex -0.156631 10.1897 1.39
    endloop
  endfacet
  facet normal 0.0980569 -0.995181 0
    outer loop
      vertex -0.0784836 10.1974 1.39
      vertex -0.156631 10.1897 0
      vertex -0.0784836 10.1974 0
    endloop
  endfacet
  facet normal -0.849187 0.528093 0
    outer loop
      vertex 0.997763 8.33332 0
      vertex 1.03923 8.4 1.39
      vertex 1.03923 8.4 0
    endloop
  endfacet
  facet normal -0.849187 0.528093 0
    outer loop
      vertex 1.03923 8.4 1.39
      vertex 0.997763 8.33332 0
      vertex 0.997763 8.33332 1.39
    endloop
  endfacet
  facet normal -0.772999 -0.634407 0
    outer loop
      vertex 0.952024 9.73051 0
      vertex 0.902207 9.79121 1.39
      vertex 0.902207 9.79121 0
    endloop
  endfacet
  facet normal -0.772999 -0.634407 0
    outer loop
      vertex 0.902207 9.79121 1.39
      vertex 0.952024 9.73051 0
      vertex 0.952024 9.73051 1.39
    endloop
  endfacet
  facet normal 0.910911 -0.412603 0
    outer loop
      vertex -1.10865 9.45922 1.39
      vertex -1.07625 9.53075 0
      vertex -1.07625 9.53075 1.39
    endloop
  endfacet
  facet normal 0.910911 -0.412603 0
    outer loop
      vertex -1.07625 9.53075 0
      vertex -1.10865 9.45922 1.39
      vertex -1.10865 9.45922 0
    endloop
  endfacet
  facet normal 0.956963 0.290209 0
    outer loop
      vertex -1.13632 8.61427 1.39
      vertex -1.15911 8.68942 0
      vertex -1.15911 8.68942 1.39
    endloop
  endfacet
  facet normal 0.956963 0.290209 0
    outer loop
      vertex -1.15911 8.68942 0
      vertex -1.13632 8.61427 1.39
      vertex -1.13632 8.61427 0
    endloop
  endfacet
  facet normal -0.527816 -0.849359 0
    outer loop
      vertex 0.599999 10.0392 0
      vertex 0.666684 9.99776 1.39
      vertex 0.599999 10.0392 1.39
    endloop
  endfacet
  facet normal -0.527816 -0.849359 -0
    outer loop
      vertex 0.666684 9.99776 1.39
      vertex 0.599999 10.0392 0
      vertex 0.666684 9.99776 0
    endloop
  endfacet
  facet normal -0.956963 0.290209 0
    outer loop
      vertex 1.13632 8.61427 0
      vertex 1.15911 8.68942 1.39
      vertex 1.15911 8.68942 0
    endloop
  endfacet
  facet normal -0.956963 0.290209 0
    outer loop
      vertex 1.15911 8.68942 1.39
      vertex 1.13632 8.61427 0
      vertex 1.13632 8.61427 1.39
    endloop
  endfacet
  facet normal -0.227061 0.97388 0
    outer loop
      vertex 0.310582 7.84089 0
      vertex 0.234108 7.82306 1.39
      vertex 0.310582 7.84089 1.39
    endloop
  endfacet
  facet normal -0.227061 0.97388 0
    outer loop
      vertex 0.234108 7.82306 1.39
      vertex 0.310582 7.84089 0
      vertex 0.234108 7.82306 0
    endloop
  endfacet
  facet normal 0.973878 0.227073 0
    outer loop
      vertex -1.15911 8.68942 1.39
      vertex -1.17694 8.76589 0
      vertex -1.17694 8.76589 1.39
    endloop
  endfacet
  facet normal 0.973878 0.227073 0
    outer loop
      vertex -1.17694 8.76589 0
      vertex -1.15911 8.68942 1.39
      vertex -1.15911 8.68942 0
    endloop
  endfacet
  facet normal 0.634347 0.773048 -0
    outer loop
      vertex -0.730514 8.04798 0
      vertex -0.791215 8.09779 1.39
      vertex -0.730514 8.04798 1.39
    endloop
  endfacet
  facet normal 0.634347 0.773048 0
    outer loop
      vertex -0.791215 8.09779 1.39
      vertex -0.730514 8.04798 0
      vertex -0.791215 8.09779 0
    endloop
  endfacet
  facet normal -0.910911 0.412603 0
    outer loop
      vertex 1.07625 8.46925 0
      vertex 1.10865 8.54078 1.39
      vertex 1.10865 8.54078 0
    endloop
  endfacet
  facet normal -0.910911 0.412603 0
    outer loop
      vertex 1.10865 8.54078 1.39
      vertex 1.07625 8.46925 0
      vertex 1.07625 8.46925 1.39
    endloop
  endfacet
  facet normal 0.881894 0.471447 0
    outer loop
      vertex -1.03923 8.4 1.39
      vertex -1.07625 8.46925 0
      vertex -1.07625 8.46925 1.39
    endloop
  endfacet
  facet normal 0.881894 0.471447 0
    outer loop
      vertex -1.07625 8.46925 0
      vertex -1.03923 8.4 1.39
      vertex -1.03923 8.4 0
    endloop
  endfacet
  facet normal 0.849187 -0.528093 0
    outer loop
      vertex -1.03923 9.6 1.39
      vertex -0.997763 9.66668 0
      vertex -0.997763 9.66668 1.39
    endloop
  endfacet
  facet normal 0.849187 -0.528093 0
    outer loop
      vertex -0.997763 9.66668 0
      vertex -1.03923 9.6 1.39
      vertex -1.03923 9.6 0
    endloop
  endfacet
  facet normal 0.881894 -0.471447 0
    outer loop
      vertex -1.07625 9.53075 1.39
      vertex -1.03923 9.6 0
      vertex -1.03923 9.6 1.39
    endloop
  endfacet
  facet normal 0.881894 -0.471447 0
    outer loop
      vertex -1.03923 9.6 0
      vertex -1.07625 9.53075 1.39
      vertex -1.07625 9.53075 0
    endloop
  endfacet
  facet normal 0.999464 -0.0327297 0
    outer loop
      vertex -1.2 9 1.39
      vertex -1.19743 9.07848 0
      vertex -1.19743 9.07848 1.39
    endloop
  endfacet
  facet normal 0.999464 -0.0327297 0
    outer loop
      vertex -1.19743 9.07848 0
      vertex -1.2 9 1.39
      vertex -1.2 9 0
    endloop
  endfacet
  facet normal 0.729909 -0.683545 0
    outer loop
      vertex -0.902207 9.79121 1.39
      vertex -0.848528 9.84853 0
      vertex -0.848528 9.84853 1.39
    endloop
  endfacet
  facet normal 0.729909 -0.683545 0
    outer loop
      vertex -0.848528 9.84853 0
      vertex -0.902207 9.79121 1.39
      vertex -0.902207 9.79121 0
    endloop
  endfacet
  facet normal -0.413678 -0.910423 0
    outer loop
      vertex 0.45922 10.1087 0
      vertex 0.530746 10.0762 1.39
      vertex 0.45922 10.1087 1.39
    endloop
  endfacet
  facet normal -0.413678 -0.910423 -0
    outer loop
      vertex 0.530746 10.0762 1.39
      vertex 0.45922 10.1087 0
      vertex 0.530746 10.0762 0
    endloop
  endfacet
  facet normal -0.582478 0.812846 0
    outer loop
      vertex 0.730514 8.04798 0
      vertex 0.666684 8.00224 1.39
      vertex 0.730514 8.04798 1.39
    endloop
  endfacet
  facet normal -0.582478 0.812846 0
    outer loop
      vertex 0.666684 8.00224 1.39
      vertex 0.730514 8.04798 0
      vertex 0.666684 8.00224 0
    endloop
  endfacet
  facet normal -0.729909 0.683545 0
    outer loop
      vertex 0.848528 8.15147 0
      vertex 0.902207 8.20879 1.39
      vertex 0.902207 8.20879 0
    endloop
  endfacet
  facet normal -0.729909 0.683545 0
    outer loop
      vertex 0.902207 8.20879 1.39
      vertex 0.848528 8.15147 0
      vertex 0.848528 8.15147 1.39
    endloop
  endfacet
  facet normal 0.910911 0.412603 0
    outer loop
      vertex -1.07625 8.46925 1.39
      vertex -1.10865 8.54078 0
      vertex -1.10865 8.54078 1.39
    endloop
  endfacet
  facet normal 0.910911 0.412603 0
    outer loop
      vertex -1.10865 8.54078 0
      vertex -1.07625 8.46925 1.39
      vertex -1.07625 8.46925 0
    endloop
  endfacet
  facet normal -0.0327282 0.999464 0
    outer loop
      vertex 0.0784836 7.80257 0
      vertex 0 7.8 1.39
      vertex 0.0784836 7.80257 1.39
    endloop
  endfacet
  facet normal -0.0327282 0.999464 0
    outer loop
      vertex 0 7.8 1.39
      vertex 0.0784836 7.80257 0
      vertex 0 7.8 0
    endloop
  endfacet
  facet normal -0.634347 0.773048 0
    outer loop
      vertex 0.791215 8.09779 0
      vertex 0.730514 8.04798 1.39
      vertex 0.791215 8.09779 1.39
    endloop
  endfacet
  facet normal -0.634347 0.773048 0
    outer loop
      vertex 0.730514 8.04798 1.39
      vertex 0.791215 8.09779 0
      vertex 0.730514 8.04798 0
    endloop
  endfacet
  facet normal 0.290343 -0.956923 0
    outer loop
      vertex -0.385727 10.1363 0
      vertex -0.310582 10.1591 1.39
      vertex -0.385727 10.1363 1.39
    endloop
  endfacet
  facet normal 0.290343 -0.956923 0
    outer loop
      vertex -0.310582 10.1591 1.39
      vertex -0.385727 10.1363 0
      vertex -0.310582 10.1591 0
    endloop
  endfacet
  facet normal 0.772999 0.634407 0
    outer loop
      vertex -0.902207 8.20879 1.39
      vertex -0.952024 8.26949 0
      vertex -0.952024 8.26949 1.39
    endloop
  endfacet
  facet normal 0.772999 0.634407 0
    outer loop
      vertex -0.952024 8.26949 0
      vertex -0.902207 8.20879 1.39
      vertex -0.902207 8.20879 0
    endloop
  endfacet
  facet normal 0.772999 -0.634407 0
    outer loop
      vertex -0.952024 9.73051 1.39
      vertex -0.902207 9.79121 0
      vertex -0.902207 9.79121 1.39
    endloop
  endfacet
  facet normal 0.772999 -0.634407 0
    outer loop
      vertex -0.902207 9.79121 0
      vertex -0.952024 9.73051 1.39
      vertex -0.952024 9.73051 0
    endloop
  endfacet
  facet normal 0.995181 0.0980537 0
    outer loop
      vertex -1.18973 8.84337 1.39
      vertex -1.19743 8.92152 0
      vertex -1.19743 8.92152 1.39
    endloop
  endfacet
  facet normal 0.995181 0.0980537 0
    outer loop
      vertex -1.19743 8.92152 0
      vertex -1.18973 8.84337 1.39
      vertex -1.18973 8.84337 0
    endloop
  endfacet
  facet normal 0.812852 0.58247 0
    outer loop
      vertex -0.952024 8.26949 1.39
      vertex -0.997763 8.33332 0
      vertex -0.997763 8.33332 1.39
    endloop
  endfacet
  facet normal 0.812852 0.58247 0
    outer loop
      vertex -0.997763 8.33332 0
      vertex -0.952024 8.26949 1.39
      vertex -0.952024 8.26949 0
    endloop
  endfacet
  facet normal 0.352353 0.935867 -0
    outer loop
      vertex -0.385727 7.86368 0
      vertex -0.45922 7.89135 1.39
      vertex -0.385727 7.86368 1.39
    endloop
  endfacet
  facet normal 0.352353 0.935867 0
    outer loop
      vertex -0.45922 7.89135 1.39
      vertex -0.385727 7.86368 0
      vertex -0.45922 7.89135 0
    endloop
  endfacet
  facet normal -0.290343 -0.956923 0
    outer loop
      vertex 0.310582 10.1591 0
      vertex 0.385727 10.1363 1.39
      vertex 0.310582 10.1591 1.39
    endloop
  endfacet
  facet normal -0.290343 -0.956923 -0
    outer loop
      vertex 0.385727 10.1363 1.39
      vertex 0.310582 10.1591 0
      vertex 0.385727 10.1363 0
    endloop
  endfacet
  facet normal 0.956963 -0.290209 0
    outer loop
      vertex -1.15911 9.31058 1.39
      vertex -1.13632 9.38573 0
      vertex -1.13632 9.38573 1.39
    endloop
  endfacet
  facet normal 0.956963 -0.290209 0
    outer loop
      vertex -1.13632 9.38573 0
      vertex -1.15911 9.31058 1.39
      vertex -1.15911 9.31058 0
    endloop
  endfacet
  facet normal 0.995181 -0.0980537 0
    outer loop
      vertex -1.19743 9.07848 1.39
      vertex -1.18973 9.15663 0
      vertex -1.18973 9.15663 1.39
    endloop
  endfacet
  facet normal 0.995181 -0.0980537 0
    outer loop
      vertex -1.18973 9.15663 0
      vertex -1.19743 9.07848 1.39
      vertex -1.19743 9.07848 0
    endloop
  endfacet
  facet normal 0.0327282 0.999464 -0
    outer loop
      vertex 0 7.8 0
      vertex -0.0784836 7.80257 1.39
      vertex 0 7.8 1.39
    endloop
  endfacet
  facet normal 0.0327282 0.999464 0
    outer loop
      vertex -0.0784836 7.80257 1.39
      vertex 0 7.8 0
      vertex -0.0784836 7.80257 0
    endloop
  endfacet
  facet normal -0.812852 0.58247 0
    outer loop
      vertex 0.952024 8.26949 0
      vertex 0.997763 8.33332 1.39
      vertex 0.997763 8.33332 0
    endloop
  endfacet
  facet normal -0.812852 0.58247 0
    outer loop
      vertex 0.997763 8.33332 1.39
      vertex 0.952024 8.26949 0
      vertex 0.952024 8.26949 1.39
    endloop
  endfacet
  facet normal 0.412622 0.910902 -0
    outer loop
      vertex -0.45922 7.89135 0
      vertex -0.530746 7.92375 1.39
      vertex -0.45922 7.89135 1.39
    endloop
  endfacet
  facet normal 0.412622 0.910902 0
    outer loop
      vertex -0.530746 7.92375 1.39
      vertex -0.45922 7.89135 0
      vertex -0.530746 7.92375 0
    endloop
  endfacet
  facet normal 0.582478 0.812846 -0
    outer loop
      vertex -0.666684 8.00224 0
      vertex -0.730514 8.04798 1.39
      vertex -0.666684 8.00224 1.39
    endloop
  endfacet
  facet normal 0.582478 0.812846 0
    outer loop
      vertex -0.730514 8.04798 1.39
      vertex -0.666684 8.00224 0
      vertex -0.730514 8.04798 0
    endloop
  endfacet
  facet normal 0.986644 0.162889 0
    outer loop
      vertex -2.15773 8.5708 3.39
      vertex -2.18118 8.71284 1.39
      vertex -2.18118 8.71284 3.39
    endloop
  endfacet
  facet normal 0.986644 0.162889 0
    outer loop
      vertex -2.18118 8.71284 1.39
      vertex -2.15773 8.5708 3.39
      vertex -2.15773 8.5708 1.39
    endloop
  endfacet
  facet normal -0.995185 -0.0980112 0
    outer loop
      vertex 2.19529 9.14389 1.39
      vertex 2.18118 9.28716 3.39
      vertex 2.18118 9.28716 1.39
    endloop
  endfacet
  facet normal -0.995185 -0.0980112 0
    outer loop
      vertex 2.18118 9.28716 3.39
      vertex 2.19529 9.14389 1.39
      vertex 2.19529 9.14389 3.39
    endloop
  endfacet
  facet normal -0.999465 -0.0327158 0
    outer loop
      vertex 2.2 9 1.39
      vertex 2.19529 9.14389 3.39
      vertex 2.19529 9.14389 1.39
    endloop
  endfacet
  facet normal -0.999465 -0.0327158 0
    outer loop
      vertex 2.19529 9.14389 3.39
      vertex 2.2 9 1.39
      vertex 2.2 9 3.39
    endloop
  endfacet
  facet normal -0.986644 -0.162889 0
    outer loop
      vertex 2.18118 9.28716 1.39
      vertex 2.15773 9.4292 3.39
      vertex 2.15773 9.4292 1.39
    endloop
  endfacet
  facet normal -0.986644 -0.162889 0
    outer loop
      vertex 2.15773 9.4292 3.39
      vertex 2.18118 9.28716 1.39
      vertex 2.18118 9.28716 3.39
    endloop
  endfacet
  facet normal -0.973883 -0.227052 0
    outer loop
      vertex 2.12504 9.5694 1.39
      vertex 2.14122 9.5 3
      vertex 2.12504 9.5694 3
    endloop
  endfacet
  facet normal -0.973877 -0.227076 -1.07862e-06
    outer loop
      vertex 2.15773 9.4292 1.39
      vertex 2.14122 9.5 3
      vertex 2.12504 9.5694 1.39
    endloop
  endfacet
  facet normal -0.973872 -0.227099 -0
    outer loop
      vertex 2.15773 9.4292 3.39
      vertex 2.14122 9.5 3
      vertex 2.15773 9.4292 1.39
    endloop
  endfacet
  facet normal -0.973872 -0.227099 0
    outer loop
      vertex 2.14122 9.5 3
      vertex 2.15773 9.4292 3.39
      vertex 2.14122 9.5 3.39
    endloop
  endfacet
  facet normal -0.0979424 -0.995192 0
    outer loop
      vertex 0.143887 11.1953 1.39
      vertex 0.287157 11.1812 3
      vertex 0.143887 11.1953 3
    endloop
  endfacet
  facet normal -0.0979424 -0.995192 -0
    outer loop
      vertex 0.287157 11.1812 3
      vertex 0.143887 11.1953 1.39
      vertex 0.287157 11.1812 1.39
    endloop
  endfacet
  facet normal -0.582453 0.812864 0
    outer loop
      vertex 1.33927 7.25462 1.39
      vertex 1.22225 7.17077 3.39
      vertex 1.33927 7.25462 3.39
    endloop
  endfacet
  facet normal -0.582453 0.812864 0
    outer loop
      vertex 1.22225 7.17077 3.39
      vertex 1.33927 7.25462 1.39
      vertex 1.22225 7.17077 1.39
    endloop
  endfacet
  facet normal -0.986644 0.162889 0
    outer loop
      vertex 2.15773 8.5708 1.39
      vertex 2.18118 8.71284 3.39
      vertex 2.18118 8.71284 1.39
    endloop
  endfacet
  facet normal -0.986644 0.162889 0
    outer loop
      vertex 2.18118 8.71284 3.39
      vertex 2.15773 8.5708 1.39
      vertex 2.15773 8.5708 3.39
    endloop
  endfacet
  facet normal 0.471374 0.881933 -0
    outer loop
      vertex -0.973035 7.02688 1.39
      vertex -1.1 7.09474 3.39
      vertex -0.973035 7.02688 3.39
    endloop
  endfacet
  facet normal 0.471374 0.881933 0
    outer loop
      vertex -1.1 7.09474 3.39
      vertex -0.973035 7.02688 1.39
      vertex -1.1 7.09474 1.39
    endloop
  endfacet
  facet normal 0.68356 -0.729895 0
    outer loop
      vertex -1.55563 10.5556 1.39
      vertex -1.45056 10.654 3
      vertex -1.55563 10.5556 3
    endloop
  endfacet
  facet normal 0.68356 -0.729895 0
    outer loop
      vertex -1.45056 10.654 3
      vertex -1.55563 10.5556 1.39
      vertex -1.45056 10.654 1.39
    endloop
  endfacet
  facet normal 0.729825 0.683634 0
    outer loop
      vertex -1.55563 7.44437 3.39
      vertex -1.65405 7.54944 1.39
      vertex -1.65405 7.54944 3.39
    endloop
  endfacet
  facet normal 0.729825 0.683634 0
    outer loop
      vertex -1.65405 7.54944 1.39
      vertex -1.55563 7.44437 3.39
      vertex -1.55563 7.44437 1.39
    endloop
  endfacet
  facet normal 0.999465 0.0327158 0
    outer loop
      vertex -2.19529 8.85611 3.39
      vertex -2.2 9 1.39
      vertex -2.2 9 3.39
    endloop
  endfacet
  facet normal 0.999465 0.0327158 0
    outer loop
      vertex -2.2 9 1.39
      vertex -2.19529 8.85611 3.39
      vertex -2.19529 8.85611 1.39
    endloop
  endfacet
  facet normal 0.995185 -0.0980112 0
    outer loop
      vertex -2.19529 9.14389 3.39
      vertex -2.18118 9.28716 1.39
      vertex -2.18118 9.28716 3.39
    endloop
  endfacet
  facet normal 0.995185 -0.0980112 0
    outer loop
      vertex -2.18118 9.28716 1.39
      vertex -2.19529 9.14389 3.39
      vertex -2.19529 9.14389 1.39
    endloop
  endfacet
  facet normal -0.634379 0.773022 0
    outer loop
      vertex 1.45056 7.34595 1.39
      vertex 1.33927 7.25462 3.39
      vertex 1.45056 7.34595 3.39
    endloop
  endfacet
  facet normal -0.634379 0.773022 0
    outer loop
      vertex 1.33927 7.25462 3.39
      vertex 1.45056 7.34595 1.39
      vertex 1.33927 7.25462 1.39
    endloop
  endfacet
  facet normal -0.729598 -0.683876 0
    outer loop
      vertex 1.65405 10.4506 1.39
      vertex 1.55563 10.5556 3
      vertex 1.55563 10.5556 1.39
    endloop
  endfacet
  facet normal -0.729598 -0.683876 0
    outer loop
      vertex 1.55563 10.5556 3
      vertex 1.65405 10.4506 1.39
      vertex 1.65405 10.4506 3
    endloop
  endfacet
  facet normal 0.162888 0.986645 -0
    outer loop
      vertex -0.287157 6.81882 1.39
      vertex -0.429198 6.84227 3.39
      vertex -0.287157 6.81882 3.39
    endloop
  endfacet
  facet normal 0.162888 0.986645 0
    outer loop
      vertex -0.429198 6.84227 3.39
      vertex -0.287157 6.81882 1.39
      vertex -0.429198 6.84227 1.39
    endloop
  endfacet
  facet normal -0.352305 0.935885 0
    outer loop
      vertex 0.841903 6.96747 1.39
      vertex 0.707167 6.91675 3.39
      vertex 0.841903 6.96747 3.39
    endloop
  endfacet
  facet normal -0.352305 0.935885 0
    outer loop
      vertex 0.707167 6.91675 3.39
      vertex 0.841903 6.96747 1.39
      vertex 0.707167 6.91675 1.39
    endloop
  endfacet
  facet normal 0.0326471 -0.999467 0
    outer loop
      vertex -0.143887 11.1953 1.39
      vertex 0 11.2 3
      vertex -0.143887 11.1953 3
    endloop
  endfacet
  facet normal 0.0326471 -0.999467 0
    outer loop
      vertex 0 11.2 3
      vertex -0.143887 11.1953 1.39
      vertex 0 11.2 1.39
    endloop
  endfacet
  facet normal 0.910875 0.412683 0
    outer loop
      vertex -1.97312 8.02697 3.39
      vertex -2.03253 8.1581 1.39
      vertex -2.03253 8.1581 3.39
    endloop
  endfacet
  facet normal 0.910875 0.412683 0
    outer loop
      vertex -2.03253 8.1581 1.39
      vertex -1.97312 8.02697 3.39
      vertex -1.97312 8.02697 1.39
    endloop
  endfacet
  facet normal -0.77305 -0.634345 0
    outer loop
      vertex 1.74538 10.3393 1.39
      vertex 1.65405 10.4506 3
      vertex 1.65405 10.4506 1.39
    endloop
  endfacet
  facet normal -0.77305 -0.634345 0
    outer loop
      vertex 1.65405 10.4506 3
      vertex 1.74538 10.3393 1.39
      vertex 1.74538 10.3393 3
    endloop
  endfacet
  facet normal -0.352183 -0.935931 0
    outer loop
      vertex 0.707167 11.0832 1.39
      vertex 0.841903 11.0325 3
      vertex 0.707167 11.0832 3
    endloop
  endfacet
  facet normal -0.352183 -0.935931 -0
    outer loop
      vertex 0.841903 11.0325 3
      vertex 0.707167 11.0832 1.39
      vertex 0.841903 11.0325 1.39
    endloop
  endfacet
  facet normal 0.849171 0.528118 0
    outer loop
      vertex -1.82923 7.77775 3.39
      vertex -1.90526 7.9 1.39
      vertex -1.90526 7.9 3.39
    endloop
  endfacet
  facet normal 0.849171 0.528118 0
    outer loop
      vertex -1.90526 7.9 1.39
      vertex -1.82923 7.77775 3.39
      vertex -1.82923 7.77775 1.39
    endloop
  endfacet
  facet normal 0.41262 -0.910903 0
    outer loop
      vertex -0.973035 10.9731 1.39
      vertex -0.841903 11.0325 3
      vertex -0.973035 10.9731 3
    endloop
  endfacet
  facet normal 0.41262 -0.910903 0
    outer loop
      vertex -0.841903 11.0325 3
      vertex -0.973035 10.9731 1.39
      vertex -0.841903 11.0325 1.39
    endloop
  endfacet
  facet normal 0.812817 -0.582519 0
    outer loop
      vertex -1.82923 10.2223 3
      vertex -1.74538 10.3393 1.39
      vertex -1.74538 10.3393 3
    endloop
  endfacet
  facet normal 0.812817 -0.582519 0
    outer loop
      vertex -1.74538 10.3393 1.39
      vertex -1.82923 10.2223 3
      vertex -1.82923 10.2223 1.39
    endloop
  endfacet
  facet normal 0.995185 0.0980112 0
    outer loop
      vertex -2.18118 8.71284 3.39
      vertex -2.19529 8.85611 1.39
      vertex -2.19529 8.85611 3.39
    endloop
  endfacet
  facet normal 0.995185 0.0980112 0
    outer loop
      vertex -2.19529 8.85611 1.39
      vertex -2.18118 8.71284 3.39
      vertex -2.18118 8.71284 1.39
    endloop
  endfacet
  facet normal 0.63467 -0.772783 0
    outer loop
      vertex -1.45056 10.654 1.39
      vertex -1.33927 10.7454 3
      vertex -1.45056 10.654 3
    endloop
  endfacet
  facet normal 0.63467 -0.772783 0
    outer loop
      vertex -1.33927 10.7454 3
      vertex -1.45056 10.654 1.39
      vertex -1.33927 10.7454 1.39
    endloop
  endfacet
  facet normal -0.973877 0.227076 0
    outer loop
      vertex 2.12504 8.4306 1.39
      vertex 2.15773 8.5708 3.39
      vertex 2.15773 8.5708 1.39
    endloop
  endfacet
  facet normal -0.973877 0.227076 0
    outer loop
      vertex 2.15773 8.5708 3.39
      vertex 2.12504 8.4306 1.39
      vertex 2.12504 8.4306 3.39
    endloop
  endfacet
  facet normal -0.47105 -0.882107 0
    outer loop
      vertex 0.973035 10.9731 1.39
      vertex 1.1 10.9053 3
      vertex 0.973035 10.9731 3
    endloop
  endfacet
  facet normal -0.47105 -0.882107 -0
    outer loop
      vertex 1.1 10.9053 3
      vertex 0.973035 10.9731 1.39
      vertex 1.1 10.9053 1.39
    endloop
  endfacet
  facet normal -0.683634 0.729825 0
    outer loop
      vertex 1.55563 7.44437 1.39
      vertex 1.45056 7.34595 3.39
      vertex 1.55563 7.44437 3.39
    endloop
  endfacet
  facet normal -0.683634 0.729825 0
    outer loop
      vertex 1.45056 7.34595 3.39
      vertex 1.55563 7.44437 1.39
      vertex 1.45056 7.34595 1.39
    endloop
  endfacet
  facet normal -0.290281 0.956941 0
    outer loop
      vertex 0.707167 6.91675 1.39
      vertex 0.569402 6.87496 3.39
      vertex 0.707167 6.91675 3.39
    endloop
  endfacet
  facet normal -0.290281 0.956941 0
    outer loop
      vertex 0.569402 6.87496 3.39
      vertex 0.707167 6.91675 1.39
      vertex 0.569402 6.87496 1.39
    endloop
  endfacet
  facet normal -0.412677 0.910877 0
    outer loop
      vertex 0.973035 7.02688 1.39
      vertex 0.841903 6.96747 3.39
      vertex 0.973035 7.02688 3.39
    endloop
  endfacet
  facet normal -0.412677 0.910877 0
    outer loop
      vertex 0.841903 6.96747 3.39
      vertex 0.973035 7.02688 1.39
      vertex 0.841903 6.96747 1.39
    endloop
  endfacet
  facet normal 0.582224 -0.813029 0
    outer loop
      vertex -1.33927 10.7454 1.39
      vertex -1.22225 10.8292 3
      vertex -1.33927 10.7454 3
    endloop
  endfacet
  facet normal 0.582224 -0.813029 0
    outer loop
      vertex -1.22225 10.8292 3
      vertex -1.33927 10.7454 1.39
      vertex -1.22225 10.8292 1.39
    endloop
  endfacet
  facet normal -0.956944 -0.290271 0
    outer loop
      vertex 2.12504 9.5694 1.39
      vertex 2.08325 9.70717 3
      vertex 2.08325 9.70717 1.39
    endloop
  endfacet
  facet normal -0.956944 -0.290271 0
    outer loop
      vertex 2.08325 9.70717 3
      vertex 2.12504 9.5694 1.39
      vertex 2.12504 9.5694 3
    endloop
  endfacet
  facet normal -0.849171 0.528118 0
    outer loop
      vertex 1.82923 7.77775 1.39
      vertex 1.90526 7.9 3.39
      vertex 1.90526 7.9 1.39
    endloop
  endfacet
  facet normal -0.849171 0.528118 0
    outer loop
      vertex 1.90526 7.9 3.39
      vertex 1.82923 7.77775 1.39
      vertex 1.82923 7.77775 3.39
    endloop
  endfacet
  facet normal 0.973872 -0.227099 0
    outer loop
      vertex -2.14122 9.5 3.39
      vertex -2.15773 9.4292 3.39
      vertex -2.14122 9.5 3
    endloop
  endfacet
  facet normal 0.973883 -0.227052 0
    outer loop
      vertex -2.14122 9.5 3
      vertex -2.12504 9.5694 1.39
      vertex -2.12504 9.5694 3
    endloop
  endfacet
  facet normal 0.973872 -0.227099 0
    outer loop
      vertex -2.15773 9.4292 1.39
      vertex -2.14122 9.5 3
      vertex -2.15773 9.4292 3.39
    endloop
  endfacet
  facet normal 0.973877 -0.227076 -1.07862e-06
    outer loop
      vertex -2.14122 9.5 3
      vertex -2.15773 9.4292 1.39
      vertex -2.12504 9.5694 1.39
    endloop
  endfacet
  facet normal -0.41262 -0.910903 0
    outer loop
      vertex 0.841903 11.0325 1.39
      vertex 0.973035 10.9731 3
      vertex 0.841903 11.0325 3
    endloop
  endfacet
  facet normal -0.41262 -0.910903 -0
    outer loop
      vertex 0.973035 10.9731 3
      vertex 0.841903 11.0325 1.39
      vertex 0.973035 10.9731 1.39
    endloop
  endfacet
  facet normal -0.227136 -0.973863 0
    outer loop
      vertex 0.429198 11.1577 1.39
      vertex 0.569402 11.125 3
      vertex 0.429198 11.1577 3
    endloop
  endfacet
  facet normal -0.227136 -0.973863 -0
    outer loop
      vertex 0.569402 11.125 3
      vertex 0.429198 11.1577 1.39
      vertex 0.569402 11.125 1.39
    endloop
  endfacet
  facet normal -0.0980112 0.995185 0
    outer loop
      vertex 0.287157 6.81882 1.39
      vertex 0.143887 6.80471 3.39
      vertex 0.287157 6.81882 3.39
    endloop
  endfacet
  facet normal -0.0980112 0.995185 0
    outer loop
      vertex 0.143887 6.80471 3.39
      vertex 0.287157 6.81882 1.39
      vertex 0.143887 6.80471 1.39
    endloop
  endfacet
  facet normal -0.881941 -0.47136 0
    outer loop
      vertex 1.97312 9.97303 1.39
      vertex 1.90526 10.1 3
      vertex 1.90526 10.1 1.39
    endloop
  endfacet
  facet normal -0.881941 -0.47136 0
    outer loop
      vertex 1.90526 10.1 3
      vertex 1.97312 9.97303 1.39
      vertex 1.97312 9.97303 3
    endloop
  endfacet
  facet normal -0.773022 0.634379 0
    outer loop
      vertex 1.65405 7.54944 1.39
      vertex 1.74538 7.66073 3.39
      vertex 1.74538 7.66073 1.39
    endloop
  endfacet
  facet normal -0.773022 0.634379 0
    outer loop
      vertex 1.74538 7.66073 3.39
      vertex 1.65405 7.54944 1.39
      vertex 1.65405 7.54944 3.39
    endloop
  endfacet
  facet normal 0.163226 -0.986589 0
    outer loop
      vertex -0.429198 11.1577 1.39
      vertex -0.287157 11.1812 3
      vertex -0.429198 11.1577 3
    endloop
  endfacet
  facet normal 0.163226 -0.986589 0
    outer loop
      vertex -0.287157 11.1812 3
      vertex -0.429198 11.1577 1.39
      vertex -0.287157 11.1812 1.39
    endloop
  endfacet
  facet normal -0.63467 -0.772783 0
    outer loop
      vertex 1.33927 10.7454 1.39
      vertex 1.45056 10.654 3
      vertex 1.33927 10.7454 3
    endloop
  endfacet
  facet normal -0.63467 -0.772783 -0
    outer loop
      vertex 1.45056 10.654 3
      vertex 1.33927 10.7454 1.39
      vertex 1.45056 10.654 1.39
    endloop
  endfacet
  facet normal -0.582224 -0.813029 0
    outer loop
      vertex 1.22225 10.8292 1.39
      vertex 1.33927 10.7454 3
      vertex 1.22225 10.8292 3
    endloop
  endfacet
  facet normal -0.582224 -0.813029 -0
    outer loop
      vertex 1.33927 10.7454 3
      vertex 1.22225 10.8292 1.39
      vertex 1.33927 10.7454 1.39
    endloop
  endfacet
  facet normal -0.812864 0.582453 0
    outer loop
      vertex 1.74538 7.66073 1.39
      vertex 1.82923 7.77775 3.39
      vertex 1.82923 7.77775 1.39
    endloop
  endfacet
  facet normal -0.812864 0.582453 0
    outer loop
      vertex 1.82923 7.77775 3.39
      vertex 1.74538 7.66073 1.39
      vertex 1.74538 7.66073 3.39
    endloop
  endfacet
  facet normal 0.986644 -0.162889 0
    outer loop
      vertex -2.18118 9.28716 3.39
      vertex -2.15773 9.4292 1.39
      vertex -2.15773 9.4292 3.39
    endloop
  endfacet
  facet normal 0.986644 -0.162889 0
    outer loop
      vertex -2.15773 9.4292 1.39
      vertex -2.18118 9.28716 3.39
      vertex -2.18118 9.28716 1.39
    endloop
  endfacet
  facet normal -0.881941 0.47136 0
    outer loop
      vertex 1.90526 7.9 1.39
      vertex 1.97312 8.02697 3.39
      vertex 1.97312 8.02697 1.39
    endloop
  endfacet
  facet normal -0.881941 0.47136 0
    outer loop
      vertex 1.97312 8.02697 3.39
      vertex 1.90526 7.9 1.39
      vertex 1.90526 7.9 3.39
    endloop
  endfacet
  facet normal -0.0326471 -0.999467 0
    outer loop
      vertex 0 11.2 1.39
      vertex 0.143887 11.1953 3
      vertex 0 11.2 3
    endloop
  endfacet
  facet normal -0.0326471 -0.999467 -0
    outer loop
      vertex 0.143887 11.1953 3
      vertex 0 11.2 1.39
      vertex 0.143887 11.1953 1.39
    endloop
  endfacet
  facet normal 0.227136 -0.973863 0
    outer loop
      vertex -0.569402 11.125 1.39
      vertex -0.429198 11.1577 3
      vertex -0.569402 11.125 3
    endloop
  endfacet
  facet normal 0.227136 -0.973863 0
    outer loop
      vertex -0.429198 11.1577 3
      vertex -0.569402 11.125 1.39
      vertex -0.429198 11.1577 1.39
    endloop
  endfacet
  facet normal -0.162888 0.986645 0
    outer loop
      vertex 0.429198 6.84227 1.39
      vertex 0.287157 6.81882 3.39
      vertex 0.429198 6.84227 3.39
    endloop
  endfacet
  facet normal -0.162888 0.986645 0
    outer loop
      vertex 0.287157 6.81882 3.39
      vertex 0.429198 6.84227 1.39
      vertex 0.287157 6.81882 1.39
    endloop
  endfacet
  facet normal 0.956944 0.290271 0
    outer loop
      vertex -2.08325 8.29283 3.39
      vertex -2.12504 8.4306 1.39
      vertex -2.12504 8.4306 3.39
    endloop
  endfacet
  facet normal 0.956944 0.290271 0
    outer loop
      vertex -2.12504 8.4306 1.39
      vertex -2.08325 8.29283 3.39
      vertex -2.08325 8.29283 1.39
    endloop
  endfacet
  facet normal -0.0327165 0.999465 0
    outer loop
      vertex 0.143887 6.80471 1.39
      vertex 0 6.8 3.39
      vertex 0.143887 6.80471 3.39
    endloop
  endfacet
  facet normal -0.0327165 0.999465 0
    outer loop
      vertex 0 6.8 3.39
      vertex 0.143887 6.80471 1.39
      vertex 0 6.8 1.39
    endloop
  endfacet
  facet normal -0.93588 0.352318 0
    outer loop
      vertex 2.03253 8.1581 1.39
      vertex 2.08325 8.29283 3.39
      vertex 2.08325 8.29283 1.39
    endloop
  endfacet
  facet normal -0.93588 0.352318 0
    outer loop
      vertex 2.08325 8.29283 3.39
      vertex 2.03253 8.1581 1.39
      vertex 2.03253 8.1581 3.39
    endloop
  endfacet
  facet normal 0.0979424 -0.995192 0
    outer loop
      vertex -0.287157 11.1812 1.39
      vertex -0.143887 11.1953 3
      vertex -0.287157 11.1812 3
    endloop
  endfacet
  facet normal 0.0979424 -0.995192 0
    outer loop
      vertex -0.143887 11.1953 3
      vertex -0.287157 11.1812 1.39
      vertex -0.143887 11.1953 1.39
    endloop
  endfacet
  facet normal 0.290345 -0.956922 0
    outer loop
      vertex -0.707167 11.0832 1.39
      vertex -0.569402 11.125 3
      vertex -0.707167 11.0832 3
    endloop
  endfacet
  facet normal 0.290345 -0.956922 0
    outer loop
      vertex -0.569402 11.125 3
      vertex -0.707167 11.0832 1.39
      vertex -0.569402 11.125 1.39
    endloop
  endfacet
  facet normal 0.999465 -0.0327158 0
    outer loop
      vertex -2.2 9 3.39
      vertex -2.19529 9.14389 1.39
      vertex -2.19529 9.14389 3.39
    endloop
  endfacet
  facet normal 0.999465 -0.0327158 0
    outer loop
      vertex -2.19529 9.14389 1.39
      vertex -2.2 9 3.39
      vertex -2.2 9 1.39
    endloop
  endfacet
  facet normal 0.352183 -0.935931 0
    outer loop
      vertex -0.841903 11.0325 1.39
      vertex -0.707167 11.0832 3
      vertex -0.841903 11.0325 3
    endloop
  endfacet
  facet normal 0.352183 -0.935931 0
    outer loop
      vertex -0.707167 11.0832 3
      vertex -0.841903 11.0325 1.39
      vertex -0.707167 11.0832 1.39
    endloop
  endfacet
  facet normal 0.528118 0.849171 -0
    outer loop
      vertex -1.1 7.09474 1.39
      vertex -1.22225 7.17077 3.39
      vertex -1.1 7.09474 3.39
    endloop
  endfacet
  facet normal 0.528118 0.849171 0
    outer loop
      vertex -1.22225 7.17077 3.39
      vertex -1.1 7.09474 1.39
      vertex -1.22225 7.17077 1.39
    endloop
  endfacet
  facet normal -0.995185 0.0980112 0
    outer loop
      vertex 2.18118 8.71284 1.39
      vertex 2.19529 8.85611 3.39
      vertex 2.19529 8.85611 1.39
    endloop
  endfacet
  facet normal -0.995185 0.0980112 0
    outer loop
      vertex 2.19529 8.85611 3.39
      vertex 2.18118 8.71284 1.39
      vertex 2.18118 8.71284 3.39
    endloop
  endfacet
  facet normal -0.999465 0.0327158 0
    outer loop
      vertex 2.19529 8.85611 1.39
      vertex 2.2 9 3.39
      vertex 2.2 9 1.39
    endloop
  endfacet
  facet normal -0.999465 0.0327158 0
    outer loop
      vertex 2.2 9 3.39
      vertex 2.19529 8.85611 1.39
      vertex 2.19529 8.85611 3.39
    endloop
  endfacet
  facet normal 0.290281 0.956941 -0
    outer loop
      vertex -0.569402 6.87496 1.39
      vertex -0.707167 6.91675 3.39
      vertex -0.569402 6.87496 3.39
    endloop
  endfacet
  facet normal 0.290281 0.956941 0
    outer loop
      vertex -0.707167 6.91675 3.39
      vertex -0.569402 6.87496 1.39
      vertex -0.707167 6.91675 1.39
    endloop
  endfacet
  facet normal -0.849268 -0.527963 0
    outer loop
      vertex 1.90526 10.1 1.39
      vertex 1.82923 10.2223 3
      vertex 1.82923 10.2223 1.39
    endloop
  endfacet
  facet normal -0.849268 -0.527963 0
    outer loop
      vertex 1.82923 10.2223 3
      vertex 1.90526 10.1 1.39
      vertex 1.90526 10.1 3
    endloop
  endfacet
  facet normal -0.956944 0.290271 0
    outer loop
      vertex 2.08325 8.29283 1.39
      vertex 2.12504 8.4306 3.39
      vertex 2.12504 8.4306 1.39
    endloop
  endfacet
  facet normal -0.956944 0.290271 0
    outer loop
      vertex 2.12504 8.4306 3.39
      vertex 2.08325 8.29283 1.39
      vertex 2.08325 8.29283 3.39
    endloop
  endfacet
  facet normal 0.352305 0.935885 -0
    outer loop
      vertex -0.707167 6.91675 1.39
      vertex -0.841903 6.96747 3.39
      vertex -0.707167 6.91675 3.39
    endloop
  endfacet
  facet normal 0.352305 0.935885 0
    outer loop
      vertex -0.841903 6.96747 3.39
      vertex -0.707167 6.91675 1.39
      vertex -0.841903 6.96747 1.39
    endloop
  endfacet
  facet normal 0.910875 -0.412683 0
    outer loop
      vertex -2.03253 9.8419 3
      vertex -1.97312 9.97303 1.39
      vertex -1.97312 9.97303 3
    endloop
  endfacet
  facet normal 0.910875 -0.412683 0
    outer loop
      vertex -1.97312 9.97303 1.39
      vertex -2.03253 9.8419 3
      vertex -2.03253 9.8419 1.39
    endloop
  endfacet
  facet normal -0.910875 -0.412683 0
    outer loop
      vertex 2.03253 9.8419 1.39
      vertex 1.97312 9.97303 3
      vertex 1.97312 9.97303 1.39
    endloop
  endfacet
  facet normal -0.910875 -0.412683 0
    outer loop
      vertex 1.97312 9.97303 3
      vertex 2.03253 9.8419 1.39
      vertex 2.03253 9.8419 3
    endloop
  endfacet
  facet normal 0.528469 -0.848953 0
    outer loop
      vertex -1.22225 10.8292 1.39
      vertex -1.1 10.9053 3
      vertex -1.22225 10.8292 3
    endloop
  endfacet
  facet normal 0.528469 -0.848953 0
    outer loop
      vertex -1.1 10.9053 3
      vertex -1.22225 10.8292 1.39
      vertex -1.1 10.9053 1.39
    endloop
  endfacet
  facet normal -0.68356 -0.729895 0
    outer loop
      vertex 1.45056 10.654 1.39
      vertex 1.55563 10.5556 3
      vertex 1.45056 10.654 3
    endloop
  endfacet
  facet normal -0.68356 -0.729895 -0
    outer loop
      vertex 1.55563 10.5556 3
      vertex 1.45056 10.654 1.39
      vertex 1.55563 10.5556 1.39
    endloop
  endfacet
  facet normal 0.77305 -0.634345 0
    outer loop
      vertex -1.74538 10.3393 3
      vertex -1.65405 10.4506 1.39
      vertex -1.65405 10.4506 3
    endloop
  endfacet
  facet normal 0.77305 -0.634345 0
    outer loop
      vertex -1.65405 10.4506 1.39
      vertex -1.74538 10.3393 3
      vertex -1.74538 10.3393 1.39
    endloop
  endfacet
  facet normal 0.849268 -0.527963 0
    outer loop
      vertex -1.90526 10.1 3
      vertex -1.82923 10.2223 1.39
      vertex -1.82923 10.2223 3
    endloop
  endfacet
  facet normal 0.849268 -0.527963 0
    outer loop
      vertex -1.82923 10.2223 1.39
      vertex -1.90526 10.1 3
      vertex -1.90526 10.1 1.39
    endloop
  endfacet
  facet normal -0.812817 -0.582519 0
    outer loop
      vertex 1.82923 10.2223 1.39
      vertex 1.74538 10.3393 3
      vertex 1.74538 10.3393 1.39
    endloop
  endfacet
  facet normal -0.812817 -0.582519 0
    outer loop
      vertex 1.74538 10.3393 3
      vertex 1.82923 10.2223 1.39
      vertex 1.82923 10.2223 3
    endloop
  endfacet
  facet normal -0.528469 -0.848953 0
    outer loop
      vertex 1.1 10.9053 1.39
      vertex 1.22225 10.8292 3
      vertex 1.1 10.9053 3
    endloop
  endfacet
  facet normal -0.528469 -0.848953 -0
    outer loop
      vertex 1.22225 10.8292 3
      vertex 1.1 10.9053 1.39
      vertex 1.22225 10.8292 1.39
    endloop
  endfacet
  facet normal -0.471374 0.881933 0
    outer loop
      vertex 1.1 7.09474 1.39
      vertex 0.973035 7.02688 3.39
      vertex 1.1 7.09474 3.39
    endloop
  endfacet
  facet normal -0.471374 0.881933 0
    outer loop
      vertex 0.973035 7.02688 3.39
      vertex 1.1 7.09474 1.39
      vertex 0.973035 7.02688 1.39
    endloop
  endfacet
  facet normal 0.47105 -0.882107 0
    outer loop
      vertex -1.1 10.9053 1.39
      vertex -0.973035 10.9731 3
      vertex -1.1 10.9053 3
    endloop
  endfacet
  facet normal 0.47105 -0.882107 0
    outer loop
      vertex -0.973035 10.9731 3
      vertex -1.1 10.9053 1.39
      vertex -0.973035 10.9731 1.39
    endloop
  endfacet
  facet normal 0.773022 0.634379 0
    outer loop
      vertex -1.65405 7.54944 3.39
      vertex -1.74538 7.66073 1.39
      vertex -1.74538 7.66073 3.39
    endloop
  endfacet
  facet normal 0.773022 0.634379 0
    outer loop
      vertex -1.74538 7.66073 1.39
      vertex -1.65405 7.54944 3.39
      vertex -1.65405 7.54944 1.39
    endloop
  endfacet
  facet normal 0.93588 0.352318 0
    outer loop
      vertex -2.03253 8.1581 3.39
      vertex -2.08325 8.29283 1.39
      vertex -2.08325 8.29283 3.39
    endloop
  endfacet
  facet normal 0.93588 0.352318 0
    outer loop
      vertex -2.08325 8.29283 1.39
      vertex -2.03253 8.1581 3.39
      vertex -2.03253 8.1581 1.39
    endloop
  endfacet
  facet normal 0.0327165 0.999465 -0
    outer loop
      vertex 0 6.8 1.39
      vertex -0.143887 6.80471 3.39
      vertex 0 6.8 3.39
    endloop
  endfacet
  facet normal 0.0327165 0.999465 0
    outer loop
      vertex -0.143887 6.80471 3.39
      vertex 0 6.8 1.39
      vertex -0.143887 6.80471 1.39
    endloop
  endfacet
  facet normal -0.910875 0.412683 0
    outer loop
      vertex 1.97312 8.02697 1.39
      vertex 2.03253 8.1581 3.39
      vertex 2.03253 8.1581 1.39
    endloop
  endfacet
  facet normal -0.910875 0.412683 0
    outer loop
      vertex 2.03253 8.1581 3.39
      vertex 1.97312 8.02697 1.39
      vertex 1.97312 8.02697 3.39
    endloop
  endfacet
  facet normal 0.956944 -0.290271 0
    outer loop
      vertex -2.12504 9.5694 3
      vertex -2.08325 9.70717 1.39
      vertex -2.08325 9.70717 3
    endloop
  endfacet
  facet normal 0.956944 -0.290271 0
    outer loop
      vertex -2.08325 9.70717 1.39
      vertex -2.12504 9.5694 3
      vertex -2.12504 9.5694 1.39
    endloop
  endfacet
  facet normal 0.729598 -0.683876 0
    outer loop
      vertex -1.65405 10.4506 3
      vertex -1.55563 10.5556 1.39
      vertex -1.55563 10.5556 3
    endloop
  endfacet
  facet normal 0.729598 -0.683876 0
    outer loop
      vertex -1.55563 10.5556 1.39
      vertex -1.65405 10.4506 3
      vertex -1.65405 10.4506 1.39
    endloop
  endfacet
  facet normal -0.93588 -0.352318 0
    outer loop
      vertex 2.08325 9.70717 1.39
      vertex 2.03253 9.8419 3
      vertex 2.03253 9.8419 1.39
    endloop
  endfacet
  facet normal -0.93588 -0.352318 0
    outer loop
      vertex 2.03253 9.8419 3
      vertex 2.08325 9.70717 1.39
      vertex 2.08325 9.70717 3
    endloop
  endfacet
  facet normal -0.22707 0.973878 0
    outer loop
      vertex 0.569402 6.87496 1.39
      vertex 0.429198 6.84227 3.39
      vertex 0.569402 6.87496 3.39
    endloop
  endfacet
  facet normal -0.22707 0.973878 0
    outer loop
      vertex 0.429198 6.84227 3.39
      vertex 0.569402 6.87496 1.39
      vertex 0.429198 6.84227 1.39
    endloop
  endfacet
  facet normal -0.163226 -0.986589 0
    outer loop
      vertex 0.287157 11.1812 1.39
      vertex 0.429198 11.1577 3
      vertex 0.287157 11.1812 3
    endloop
  endfacet
  facet normal -0.163226 -0.986589 -0
    outer loop
      vertex 0.429198 11.1577 3
      vertex 0.287157 11.1812 1.39
      vertex 0.429198 11.1577 1.39
    endloop
  endfacet
  facet normal 0.683634 0.729825 -0
    outer loop
      vertex -1.45056 7.34595 1.39
      vertex -1.55563 7.44437 3.39
      vertex -1.45056 7.34595 3.39
    endloop
  endfacet
  facet normal 0.683634 0.729825 0
    outer loop
      vertex -1.55563 7.44437 3.39
      vertex -1.45056 7.34595 1.39
      vertex -1.55563 7.44437 1.39
    endloop
  endfacet
  facet normal 0.22707 0.973878 -0
    outer loop
      vertex -0.429198 6.84227 1.39
      vertex -0.569402 6.87496 3.39
      vertex -0.429198 6.84227 3.39
    endloop
  endfacet
  facet normal 0.22707 0.973878 0
    outer loop
      vertex -0.569402 6.87496 3.39
      vertex -0.429198 6.84227 1.39
      vertex -0.569402 6.87496 1.39
    endloop
  endfacet
  facet normal 0.812864 0.582453 0
    outer loop
      vertex -1.74538 7.66073 3.39
      vertex -1.82923 7.77775 1.39
      vertex -1.82923 7.77775 3.39
    endloop
  endfacet
  facet normal 0.812864 0.582453 0
    outer loop
      vertex -1.82923 7.77775 1.39
      vertex -1.74538 7.66073 3.39
      vertex -1.74538 7.66073 1.39
    endloop
  endfacet
  facet normal 0.973877 0.227076 0
    outer loop
      vertex -2.12504 8.4306 3.39
      vertex -2.15773 8.5708 1.39
      vertex -2.15773 8.5708 3.39
    endloop
  endfacet
  facet normal 0.973877 0.227076 0
    outer loop
      vertex -2.15773 8.5708 1.39
      vertex -2.12504 8.4306 3.39
      vertex -2.12504 8.4306 1.39
    endloop
  endfacet
  facet normal -0.290345 -0.956922 0
    outer loop
      vertex 0.569402 11.125 1.39
      vertex 0.707167 11.0832 3
      vertex 0.569402 11.125 3
    endloop
  endfacet
  facet normal -0.290345 -0.956922 -0
    outer loop
      vertex 0.707167 11.0832 3
      vertex 0.569402 11.125 1.39
      vertex 0.707167 11.0832 1.39
    endloop
  endfacet
  facet normal -0.528118 0.849171 0
    outer loop
      vertex 1.22225 7.17077 1.39
      vertex 1.1 7.09474 3.39
      vertex 1.22225 7.17077 3.39
    endloop
  endfacet
  facet normal -0.528118 0.849171 0
    outer loop
      vertex 1.1 7.09474 3.39
      vertex 1.22225 7.17077 1.39
      vertex 1.1 7.09474 1.39
    endloop
  endfacet
  facet normal -0.729825 0.683634 0
    outer loop
      vertex 1.55563 7.44437 1.39
      vertex 1.65405 7.54944 3.39
      vertex 1.65405 7.54944 1.39
    endloop
  endfacet
  facet normal -0.729825 0.683634 0
    outer loop
      vertex 1.65405 7.54944 3.39
      vertex 1.55563 7.44437 1.39
      vertex 1.55563 7.44437 3.39
    endloop
  endfacet
  facet normal 0.881941 0.47136 0
    outer loop
      vertex -1.90526 7.9 3.39
      vertex -1.97312 8.02697 1.39
      vertex -1.97312 8.02697 3.39
    endloop
  endfacet
  facet normal 0.881941 0.47136 0
    outer loop
      vertex -1.97312 8.02697 1.39
      vertex -1.90526 7.9 3.39
      vertex -1.90526 7.9 1.39
    endloop
  endfacet
  facet normal 0.634379 0.773022 -0
    outer loop
      vertex -1.33927 7.25462 1.39
      vertex -1.45056 7.34595 3.39
      vertex -1.33927 7.25462 3.39
    endloop
  endfacet
  facet normal 0.634379 0.773022 0
    outer loop
      vertex -1.45056 7.34595 3.39
      vertex -1.33927 7.25462 1.39
      vertex -1.45056 7.34595 1.39
    endloop
  endfacet
  facet normal 0.0980112 0.995185 -0
    outer loop
      vertex -0.143887 6.80471 1.39
      vertex -0.287157 6.81882 3.39
      vertex -0.143887 6.80471 3.39
    endloop
  endfacet
  facet normal 0.0980112 0.995185 0
    outer loop
      vertex -0.287157 6.81882 3.39
      vertex -0.143887 6.80471 1.39
      vertex -0.287157 6.81882 1.39
    endloop
  endfacet
  facet normal 0.93588 -0.352318 0
    outer loop
      vertex -2.08325 9.70717 3
      vertex -2.03253 9.8419 1.39
      vertex -2.03253 9.8419 3
    endloop
  endfacet
  facet normal 0.93588 -0.352318 0
    outer loop
      vertex -2.03253 9.8419 1.39
      vertex -2.08325 9.70717 3
      vertex -2.08325 9.70717 1.39
    endloop
  endfacet
  facet normal 0.582453 0.812864 -0
    outer loop
      vertex -1.22225 7.17077 1.39
      vertex -1.33927 7.25462 3.39
      vertex -1.22225 7.17077 3.39
    endloop
  endfacet
  facet normal 0.582453 0.812864 0
    outer loop
      vertex -1.33927 7.25462 3.39
      vertex -1.22225 7.17077 1.39
      vertex -1.33927 7.25462 1.39
    endloop
  endfacet
  facet normal 0.881941 -0.47136 0
    outer loop
      vertex -1.97312 9.97303 3
      vertex -1.90526 10.1 1.39
      vertex -1.90526 10.1 3
    endloop
  endfacet
  facet normal 0.881941 -0.47136 0
    outer loop
      vertex -1.90526 10.1 1.39
      vertex -1.97312 9.97303 3
      vertex -1.97312 9.97303 1.39
    endloop
  endfacet
  facet normal 0 0 1
    outer loop
      vertex 1.2 9 1.39
      vertex 2.2 9 1.39
      vertex 2.19529 9.14389 1.39
    endloop
  endfacet
  facet normal 0 0 1
    outer loop
      vertex 1.19743 9.07848 1.39
      vertex 2.19529 9.14389 1.39
      vertex 2.18118 9.28716 1.39
    endloop
  endfacet
  facet normal 0 0 1
    outer loop
      vertex 2.2 9 1.39
      vertex 1.2 9 1.39
      vertex 2.19529 8.85611 1.39
    endloop
  endfacet
  facet normal 0 0 1
    outer loop
      vertex 1.18973 9.15663 1.39
      vertex 2.18118 9.28716 1.39
      vertex 2.15773 9.4292 1.39
    endloop
  endfacet
  facet normal -0 0 1
    outer loop
      vertex 1.19743 8.92152 1.39
      vertex 2.19529 8.85611 1.39
      vertex 1.2 9 1.39
    endloop
  endfacet
  facet normal 0 0 1
    outer loop
      vertex 1.17694 9.23411 1.39
      vertex 2.15773 9.4292 1.39
      vertex 2.12504 9.5694 1.39
    endloop
  endfacet
  facet normal 0 0 1
    outer loop
      vertex 2.19529 8.85611 1.39
      vertex 1.19743 8.92152 1.39
      vertex 2.18118 8.71284 1.39
    endloop
  endfacet
  facet normal 0 0 1
    outer loop
      vertex 1.15911 9.31058 1.39
      vertex 2.12504 9.5694 1.39
      vertex 2.08325 9.70717 1.39
    endloop
  endfacet
  facet normal -0 0 1
    outer loop
      vertex 1.18973 8.84337 1.39
      vertex 2.18118 8.71284 1.39
      vertex 1.19743 8.92152 1.39
    endloop
  endfacet
  facet normal 0 0 1
    outer loop
      vertex 1.13632 9.38573 1.39
      vertex 2.08325 9.70717 1.39
      vertex 2.03253 9.8419 1.39
    endloop
  endfacet
  facet normal 0 0 1
    outer loop
      vertex 2.18118 8.71284 1.39
      vertex 1.18973 8.84337 1.39
      vertex 2.15773 8.5708 1.39
    endloop
  endfacet
  facet normal 0 0 1
    outer loop
      vertex 1.10865 9.45922 1.39
      vertex 2.03253 9.8419 1.39
      vertex 1.97312 9.97303 1.39
    endloop
  endfacet
  facet normal -0 0 1
    outer loop
      vertex 1.17694 8.76589 1.39
      vertex 2.15773 8.5708 1.39
      vertex 1.18973 8.84337 1.39
    endloop
  endfacet
  facet normal 0 0 1
    outer loop
      vertex 1.07625 9.53075 1.39
      vertex 1.97312 9.97303 1.39
      vertex 1.90526 10.1 1.39
    endloop
  endfacet
  facet normal 0 0 1
    outer loop
      vertex 2.15773 8.5708 1.39
      vertex 1.17694 8.76589 1.39
      vertex 2.12504 8.4306 1.39
    endloop
  endfacet
  facet normal 0 0 1
    outer loop
      vertex 1.03923 9.6 1.39
      vertex 1.90526 10.1 1.39
      vertex 1.82923 10.2223 1.39
    endloop
  endfacet
  facet normal -0 0 1
    outer loop
      vertex 1.15911 8.68942 1.39
      vertex 2.12504 8.4306 1.39
      vertex 1.17694 8.76589 1.39
    endloop
  endfacet
  facet normal 0 0 1
    outer loop
      vertex 0.997763 9.66668 1.39
      vertex 1.82923 10.2223 1.39
      vertex 1.74538 10.3393 1.39
    endloop
  endfacet
  facet normal 0 0 1
    outer loop
      vertex 2.12504 8.4306 1.39
      vertex 1.15911 8.68942 1.39
      vertex 2.08325 8.29283 1.39
    endloop
  endfacet
  facet normal 0 0 1
    outer loop
      vertex 0.952024 9.73051 1.39
      vertex 1.74538 10.3393 1.39
      vertex 1.65405 10.4506 1.39
    endloop
  endfacet
  facet normal -0 0 1
    outer loop
      vertex 1.13632 8.61427 1.39
      vertex 2.08325 8.29283 1.39
      vertex 1.15911 8.68942 1.39
    endloop
  endfacet
  facet normal 0 0 1
    outer loop
      vertex 0.902207 9.79121 1.39
      vertex 1.65405 10.4506 1.39
      vertex 1.55563 10.5556 1.39
    endloop
  endfacet
  facet normal 0 0 1
    outer loop
      vertex 2.08325 8.29283 1.39
      vertex 1.13632 8.61427 1.39
      vertex 2.03253 8.1581 1.39
    endloop
  endfacet
  facet normal 0 0 1
    outer loop
      vertex 0.848528 9.84853 1.39
      vertex 1.55563 10.5556 1.39
      vertex 1.45056 10.654 1.39
    endloop
  endfacet
  facet normal -0 0 1
    outer loop
      vertex 1.10865 8.54078 1.39
      vertex 2.03253 8.1581 1.39
      vertex 1.13632 8.61427 1.39
    endloop
  endfacet
  facet normal 0 0 1
    outer loop
      vertex 0.791215 9.90221 1.39
      vertex 1.45056 10.654 1.39
      vertex 1.33927 10.7454 1.39
    endloop
  endfacet
  facet normal 0 0 1
    outer loop
      vertex 2.03253 8.1581 1.39
      vertex 1.10865 8.54078 1.39
      vertex 1.97312 8.02697 1.39
    endloop
  endfacet
  facet normal 0 0 1
    outer loop
      vertex 0.730514 9.95202 1.39
      vertex 1.33927 10.7454 1.39
      vertex 1.22225 10.8292 1.39
    endloop
  endfacet
  facet normal -0 0 1
    outer loop
      vertex 1.07625 8.46925 1.39
      vertex 1.97312 8.02697 1.39
      vertex 1.10865 8.54078 1.39
    endloop
  endfacet
  facet normal 0 0 1
    outer loop
      vertex 1.97312 8.02697 1.39
      vertex 1.07625 8.46925 1.39
      vertex 1.90526 7.9 1.39
    endloop
  endfacet
  facet normal 0 0 1
    outer loop
      vertex 2.19529 9.14389 1.39
      vertex 1.19743 9.07848 1.39
      vertex 1.2 9 1.39
    endloop
  endfacet
  facet normal 0 0 1
    outer loop
      vertex 2.18118 9.28716 1.39
      vertex 1.18973 9.15663 1.39
      vertex 1.19743 9.07848 1.39
    endloop
  endfacet
  facet normal 0 0 1
    outer loop
      vertex 2.15773 9.4292 1.39
      vertex 1.17694 9.23411 1.39
      vertex 1.18973 9.15663 1.39
    endloop
  endfacet
  facet normal 0 0 1
    outer loop
      vertex 2.12504 9.5694 1.39
      vertex 1.15911 9.31058 1.39
      vertex 1.17694 9.23411 1.39
    endloop
  endfacet
  facet normal 0 0 1
    outer loop
      vertex 2.08325 9.70717 1.39
      vertex 1.13632 9.38573 1.39
      vertex 1.15911 9.31058 1.39
    endloop
  endfacet
  facet normal 0 0 1
    outer loop
      vertex 2.03253 9.8419 1.39
      vertex 1.10865 9.45922 1.39
      vertex 1.13632 9.38573 1.39
    endloop
  endfacet
  facet normal 0 0 1
    outer loop
      vertex 0.666684 9.99776 1.39
      vertex 1.22225 10.8292 1.39
      vertex 1.1 10.9053 1.39
    endloop
  endfacet
  facet normal 0 0 1
    outer loop
      vertex 1.97312 9.97303 1.39
      vertex 1.07625 9.53075 1.39
      vertex 1.10865 9.45922 1.39
    endloop
  endfacet
  facet normal 0 0 1
    outer loop
      vertex 1.90526 10.1 1.39
      vertex 1.03923 9.6 1.39
      vertex 1.07625 9.53075 1.39
    endloop
  endfacet
  facet normal 0 0 1
    outer loop
      vertex 1.82923 10.2223 1.39
      vertex 0.997763 9.66668 1.39
      vertex 1.03923 9.6 1.39
    endloop
  endfacet
  facet normal 0 0 1
    outer loop
      vertex 0.599999 10.0392 1.39
      vertex 1.1 10.9053 1.39
      vertex 0.973035 10.9731 1.39
    endloop
  endfacet
  facet normal 0 0 1
    outer loop
      vertex 1.74538 10.3393 1.39
      vertex 0.952024 9.73051 1.39
      vertex 0.997763 9.66668 1.39
    endloop
  endfacet
  facet normal 0 0 1
    outer loop
      vertex 1.65405 10.4506 1.39
      vertex 0.902207 9.79121 1.39
      vertex 0.952024 9.73051 1.39
    endloop
  endfacet
  facet normal 0 0 1
    outer loop
      vertex 1.55563 10.5556 1.39
      vertex 0.848528 9.84853 1.39
      vertex 0.902207 9.79121 1.39
    endloop
  endfacet
  facet normal 0 0 1
    outer loop
      vertex 0.530746 10.0762 1.39
      vertex 0.973035 10.9731 1.39
      vertex 0.841903 11.0325 1.39
    endloop
  endfacet
  facet normal 0 0 1
    outer loop
      vertex 1.45056 10.654 1.39
      vertex 0.791215 9.90221 1.39
      vertex 0.848528 9.84853 1.39
    endloop
  endfacet
  facet normal 0 0 1
    outer loop
      vertex 1.33927 10.7454 1.39
      vertex 0.730514 9.95202 1.39
      vertex 0.791215 9.90221 1.39
    endloop
  endfacet
  facet normal 0 0 1
    outer loop
      vertex 0.45922 10.1087 1.39
      vertex 0.841903 11.0325 1.39
      vertex 0.707167 11.0832 1.39
    endloop
  endfacet
  facet normal 0 0 1
    outer loop
      vertex 1.22225 10.8292 1.39
      vertex 0.666684 9.99776 1.39
      vertex 0.730514 9.95202 1.39
    endloop
  endfacet
  facet normal 0 0 1
    outer loop
      vertex 1.1 10.9053 1.39
      vertex 0.599999 10.0392 1.39
      vertex 0.666684 9.99776 1.39
    endloop
  endfacet
  facet normal 0 0 1
    outer loop
      vertex 0.385727 10.1363 1.39
      vertex 0.707167 11.0832 1.39
      vertex 0.569402 11.125 1.39
    endloop
  endfacet
  facet normal 0 0 1
    outer loop
      vertex 0.973035 10.9731 1.39
      vertex 0.530746 10.0762 1.39
      vertex 0.599999 10.0392 1.39
    endloop
  endfacet
  facet normal 0 0 1
    outer loop
      vertex 0.841903 11.0325 1.39
      vertex 0.45922 10.1087 1.39
      vertex 0.530746 10.0762 1.39
    endloop
  endfacet
  facet normal 0 0 1
    outer loop
      vertex 0.310582 10.1591 1.39
      vertex 0.569402 11.125 1.39
      vertex 0.429198 11.1577 1.39
    endloop
  endfacet
  facet normal 0 0 1
    outer loop
      vertex 0.707167 11.0832 1.39
      vertex 0.385727 10.1363 1.39
      vertex 0.45922 10.1087 1.39
    endloop
  endfacet
  facet normal 0 0 1
    outer loop
      vertex 0.569402 11.125 1.39
      vertex 0.310582 10.1591 1.39
      vertex 0.385727 10.1363 1.39
    endloop
  endfacet
  facet normal 0 0 1
    outer loop
      vertex 0.234108 10.1769 1.39
      vertex 0.429198 11.1577 1.39
      vertex 0.287157 11.1812 1.39
    endloop
  endfacet
  facet normal 0 0 1
    outer loop
      vertex 0.429198 11.1577 1.39
      vertex 0.234108 10.1769 1.39
      vertex 0.310582 10.1591 1.39
    endloop
  endfacet
  facet normal 0 0 1
    outer loop
      vertex 0.287157 11.1812 1.39
      vertex 0.156631 10.1897 1.39
      vertex 0.234108 10.1769 1.39
    endloop
  endfacet
  facet normal 0 0 1
    outer loop
      vertex 0.143887 11.1953 1.39
      vertex 0.156631 10.1897 1.39
      vertex 0.287157 11.1812 1.39
    endloop
  endfacet
  facet normal 0 0 1
    outer loop
      vertex 0.143887 11.1953 1.39
      vertex 0.0784836 10.1974 1.39
      vertex 0.156631 10.1897 1.39
    endloop
  endfacet
  facet normal 0 0 1
    outer loop
      vertex 0 11.2 1.39
      vertex 0.0784836 10.1974 1.39
      vertex 0.143887 11.1953 1.39
    endloop
  endfacet
  facet normal 0 0 1
    outer loop
      vertex 0 11.2 1.39
      vertex 0 10.2 1.39
      vertex 0.0784836 10.1974 1.39
    endloop
  endfacet
  facet normal 0 0 1
    outer loop
      vertex 0 11.2 1.39
      vertex -0.0784836 10.1974 1.39
      vertex 0 10.2 1.39
    endloop
  endfacet
  facet normal -0 0 1
    outer loop
      vertex -0.143887 11.1953 1.39
      vertex -0.0784836 10.1974 1.39
      vertex 0 11.2 1.39
    endloop
  endfacet
  facet normal 0 0 1
    outer loop
      vertex -0.143887 11.1953 1.39
      vertex -0.156631 10.1897 1.39
      vertex -0.0784836 10.1974 1.39
    endloop
  endfacet
  facet normal -0 0 1
    outer loop
      vertex -0.287157 11.1812 1.39
      vertex -0.156631 10.1897 1.39
      vertex -0.143887 11.1953 1.39
    endloop
  endfacet
  facet normal 0 0 1
    outer loop
      vertex -0.156631 10.1897 1.39
      vertex -0.287157 11.1812 1.39
      vertex -0.234108 10.1769 1.39
    endloop
  endfacet
  facet normal -0 0 1
    outer loop
      vertex -0.429198 11.1577 1.39
      vertex -0.234108 10.1769 1.39
      vertex -0.287157 11.1812 1.39
    endloop
  endfacet
  facet normal 0 0 1
    outer loop
      vertex -0.234108 10.1769 1.39
      vertex -0.429198 11.1577 1.39
      vertex -0.310582 10.1591 1.39
    endloop
  endfacet
  facet normal -0 0 1
    outer loop
      vertex -0.569402 11.125 1.39
      vertex -0.310582 10.1591 1.39
      vertex -0.429198 11.1577 1.39
    endloop
  endfacet
  facet normal 0 0 1
    outer loop
      vertex -0.310582 10.1591 1.39
      vertex -0.569402 11.125 1.39
      vertex -0.385727 10.1363 1.39
    endloop
  endfacet
  facet normal -0 0 1
    outer loop
      vertex -0.707167 11.0832 1.39
      vertex -0.385727 10.1363 1.39
      vertex -0.569402 11.125 1.39
    endloop
  endfacet
  facet normal 0 0 1
    outer loop
      vertex -0.385727 10.1363 1.39
      vertex -0.707167 11.0832 1.39
      vertex -0.45922 10.1087 1.39
    endloop
  endfacet
  facet normal -0 0 1
    outer loop
      vertex -0.841903 11.0325 1.39
      vertex -0.45922 10.1087 1.39
      vertex -0.707167 11.0832 1.39
    endloop
  endfacet
  facet normal 0 0 1
    outer loop
      vertex -0.45922 10.1087 1.39
      vertex -0.841903 11.0325 1.39
      vertex -0.530746 10.0762 1.39
    endloop
  endfacet
  facet normal -0 0 1
    outer loop
      vertex -0.973035 10.9731 1.39
      vertex -0.530746 10.0762 1.39
      vertex -0.841903 11.0325 1.39
    endloop
  endfacet
  facet normal 0 0 1
    outer loop
      vertex -0.530746 10.0762 1.39
      vertex -0.973035 10.9731 1.39
      vertex -0.599999 10.0392 1.39
    endloop
  endfacet
  facet normal -0 0 1
    outer loop
      vertex -1.1 10.9053 1.39
      vertex -0.599999 10.0392 1.39
      vertex -0.973035 10.9731 1.39
    endloop
  endfacet
  facet normal 0 0 1
    outer loop
      vertex -0.599999 10.0392 1.39
      vertex -1.1 10.9053 1.39
      vertex -0.666684 9.99776 1.39
    endloop
  endfacet
  facet normal -0 0 1
    outer loop
      vertex -1.22225 10.8292 1.39
      vertex -0.666684 9.99776 1.39
      vertex -1.1 10.9053 1.39
    endloop
  endfacet
  facet normal 0 0 1
    outer loop
      vertex -0.666684 9.99776 1.39
      vertex -1.22225 10.8292 1.39
      vertex -0.730514 9.95202 1.39
    endloop
  endfacet
  facet normal -0 0 1
    outer loop
      vertex -1.33927 10.7454 1.39
      vertex -0.730514 9.95202 1.39
      vertex -1.22225 10.8292 1.39
    endloop
  endfacet
  facet normal 0 0 1
    outer loop
      vertex -0.730514 9.95202 1.39
      vertex -1.33927 10.7454 1.39
      vertex -0.791215 9.90221 1.39
    endloop
  endfacet
  facet normal -0 0 1
    outer loop
      vertex -1.45056 10.654 1.39
      vertex -0.791215 9.90221 1.39
      vertex -1.33927 10.7454 1.39
    endloop
  endfacet
  facet normal 0 0 1
    outer loop
      vertex -0.791215 9.90221 1.39
      vertex -1.45056 10.654 1.39
      vertex -0.848528 9.84853 1.39
    endloop
  endfacet
  facet normal -0 0 1
    outer loop
      vertex -1.55563 10.5556 1.39
      vertex -0.848528 9.84853 1.39
      vertex -1.45056 10.654 1.39
    endloop
  endfacet
  facet normal 0 0 1
    outer loop
      vertex -0.848528 9.84853 1.39
      vertex -1.55563 10.5556 1.39
      vertex -0.902207 9.79121 1.39
    endloop
  endfacet
  facet normal -0 0 1
    outer loop
      vertex -1.65405 10.4506 1.39
      vertex -0.902207 9.79121 1.39
      vertex -1.55563 10.5556 1.39
    endloop
  endfacet
  facet normal 0 0 1
    outer loop
      vertex -0.902207 9.79121 1.39
      vertex -1.65405 10.4506 1.39
      vertex -0.952024 9.73051 1.39
    endloop
  endfacet
  facet normal -0 0 1
    outer loop
      vertex -1.74538 10.3393 1.39
      vertex -0.952024 9.73051 1.39
      vertex -1.65405 10.4506 1.39
    endloop
  endfacet
  facet normal 0 0 1
    outer loop
      vertex -0.952024 9.73051 1.39
      vertex -1.74538 10.3393 1.39
      vertex -0.997763 9.66668 1.39
    endloop
  endfacet
  facet normal -0 0 1
    outer loop
      vertex -1.82923 10.2223 1.39
      vertex -0.997763 9.66668 1.39
      vertex -1.74538 10.3393 1.39
    endloop
  endfacet
  facet normal 0 0 1
    outer loop
      vertex -0.997763 9.66668 1.39
      vertex -1.82923 10.2223 1.39
      vertex -1.03923 9.6 1.39
    endloop
  endfacet
  facet normal 0 0 1
    outer loop
      vertex -1.03923 9.6 1.39
      vertex -1.90526 10.1 1.39
      vertex -1.07625 9.53075 1.39
    endloop
  endfacet
  facet normal -0 0 1
    outer loop
      vertex -1.90526 10.1 1.39
      vertex -1.03923 9.6 1.39
      vertex -1.82923 10.2223 1.39
    endloop
  endfacet
  facet normal -0 0 1
    outer loop
      vertex 1.03923 8.4 1.39
      vertex 1.90526 7.9 1.39
      vertex 1.07625 8.46925 1.39
    endloop
  endfacet
  facet normal 0 0 1
    outer loop
      vertex 1.90526 7.9 1.39
      vertex 1.03923 8.4 1.39
      vertex 1.82923 7.77775 1.39
    endloop
  endfacet
  facet normal -0 0 1
    outer loop
      vertex 0.997763 8.33332 1.39
      vertex 1.82923 7.77775 1.39
      vertex 1.03923 8.4 1.39
    endloop
  endfacet
  facet normal 0 0 1
    outer loop
      vertex 1.82923 7.77775 1.39
      vertex 0.997763 8.33332 1.39
      vertex 1.74538 7.66073 1.39
    endloop
  endfacet
  facet normal -0 0 1
    outer loop
      vertex 0.952024 8.26949 1.39
      vertex 1.74538 7.66073 1.39
      vertex 0.997763 8.33332 1.39
    endloop
  endfacet
  facet normal 0 0 1
    outer loop
      vertex 1.74538 7.66073 1.39
      vertex 0.952024 8.26949 1.39
      vertex 1.65405 7.54944 1.39
    endloop
  endfacet
  facet normal -0 0 1
    outer loop
      vertex 0.902207 8.20879 1.39
      vertex 1.65405 7.54944 1.39
      vertex 0.952024 8.26949 1.39
    endloop
  endfacet
  facet normal 0 0 1
    outer loop
      vertex 1.65405 7.54944 1.39
      vertex 0.902207 8.20879 1.39
      vertex 1.55563 7.44437 1.39
    endloop
  endfacet
  facet normal -0 0 1
    outer loop
      vertex 0.848528 8.15147 1.39
      vertex 1.55563 7.44437 1.39
      vertex 0.902207 8.20879 1.39
    endloop
  endfacet
  facet normal 0 0 1
    outer loop
      vertex 1.55563 7.44437 1.39
      vertex 0.848528 8.15147 1.39
      vertex 1.45056 7.34595 1.39
    endloop
  endfacet
  facet normal -0 0 1
    outer loop
      vertex 0.791215 8.09779 1.39
      vertex 1.45056 7.34595 1.39
      vertex 0.848528 8.15147 1.39
    endloop
  endfacet
  facet normal 0 0 1
    outer loop
      vertex 1.45056 7.34595 1.39
      vertex 0.791215 8.09779 1.39
      vertex 1.33927 7.25462 1.39
    endloop
  endfacet
  facet normal -0 0 1
    outer loop
      vertex 0.730514 8.04798 1.39
      vertex 1.33927 7.25462 1.39
      vertex 0.791215 8.09779 1.39
    endloop
  endfacet
  facet normal 0 0 1
    outer loop
      vertex 1.33927 7.25462 1.39
      vertex 0.730514 8.04798 1.39
      vertex 1.22225 7.17077 1.39
    endloop
  endfacet
  facet normal -0 0 1
    outer loop
      vertex 0.666684 8.00224 1.39
      vertex 1.22225 7.17077 1.39
      vertex 0.730514 8.04798 1.39
    endloop
  endfacet
  facet normal 0 0 1
    outer loop
      vertex 1.22225 7.17077 1.39
      vertex 0.666684 8.00224 1.39
      vertex 1.1 7.09474 1.39
    endloop
  endfacet
  facet normal -0 0 1
    outer loop
      vertex 0.599999 7.96077 1.39
      vertex 1.1 7.09474 1.39
      vertex 0.666684 8.00224 1.39
    endloop
  endfacet
  facet normal 0 0 1
    outer loop
      vertex 1.1 7.09474 1.39
      vertex 0.599999 7.96077 1.39
      vertex 0.973035 7.02688 1.39
    endloop
  endfacet
  facet normal -0 0 1
    outer loop
      vertex 0.530746 7.92375 1.39
      vertex 0.973035 7.02688 1.39
      vertex 0.599999 7.96077 1.39
    endloop
  endfacet
  facet normal 0 0 1
    outer loop
      vertex 0.973035 7.02688 1.39
      vertex 0.530746 7.92375 1.39
      vertex 0.841903 6.96747 1.39
    endloop
  endfacet
  facet normal -0 0 1
    outer loop
      vertex 0.45922 7.89135 1.39
      vertex 0.841903 6.96747 1.39
      vertex 0.530746 7.92375 1.39
    endloop
  endfacet
  facet normal 0 0 1
    outer loop
      vertex 0.841903 6.96747 1.39
      vertex 0.45922 7.89135 1.39
      vertex 0.707167 6.91675 1.39
    endloop
  endfacet
  facet normal -0 0 1
    outer loop
      vertex 0.385727 7.86368 1.39
      vertex 0.707167 6.91675 1.39
      vertex 0.45922 7.89135 1.39
    endloop
  endfacet
  facet normal 0 0 1
    outer loop
      vertex 0.707167 6.91675 1.39
      vertex 0.385727 7.86368 1.39
      vertex 0.569402 6.87496 1.39
    endloop
  endfacet
  facet normal -0 0 1
    outer loop
      vertex 0.310582 7.84089 1.39
      vertex 0.569402 6.87496 1.39
      vertex 0.385727 7.86368 1.39
    endloop
  endfacet
  facet normal 0 0 1
    outer loop
      vertex 0.569402 6.87496 1.39
      vertex 0.310582 7.84089 1.39
      vertex 0.429198 6.84227 1.39
    endloop
  endfacet
  facet normal -0 0 1
    outer loop
      vertex 0.234108 7.82306 1.39
      vertex 0.429198 6.84227 1.39
      vertex 0.310582 7.84089 1.39
    endloop
  endfacet
  facet normal 0 0 1
    outer loop
      vertex 0.429198 6.84227 1.39
      vertex 0.234108 7.82306 1.39
      vertex 0.287157 6.81882 1.39
    endloop
  endfacet
  facet normal -0 0 1
    outer loop
      vertex 0.156631 7.81027 1.39
      vertex 0.287157 6.81882 1.39
      vertex 0.234108 7.82306 1.39
    endloop
  endfacet
  facet normal 0 0 1
    outer loop
      vertex 0.156631 7.81027 1.39
      vertex 0.143887 6.80471 1.39
      vertex 0.287157 6.81882 1.39
    endloop
  endfacet
  facet normal -0 0 1
    outer loop
      vertex 0.0784836 7.80257 1.39
      vertex 0.143887 6.80471 1.39
      vertex 0.156631 7.81027 1.39
    endloop
  endfacet
  facet normal -0 0 1
    outer loop
      vertex 0 7.8 1.39
      vertex 0.143887 6.80471 1.39
      vertex 0.0784836 7.80257 1.39
    endloop
  endfacet
  facet normal 0 0 1
    outer loop
      vertex 0 7.8 1.39
      vertex 0 6.8 1.39
      vertex 0.143887 6.80471 1.39
    endloop
  endfacet
  facet normal 0 0 1
    outer loop
      vertex -0.0784836 7.80257 1.39
      vertex 0 6.8 1.39
      vertex 0 7.8 1.39
    endloop
  endfacet
  facet normal 0 0 1
    outer loop
      vertex -0.0784836 7.80257 1.39
      vertex -0.143887 6.80471 1.39
      vertex 0 6.8 1.39
    endloop
  endfacet
  facet normal 0 0 1
    outer loop
      vertex -0.156631 7.81027 1.39
      vertex -0.143887 6.80471 1.39
      vertex -0.0784836 7.80257 1.39
    endloop
  endfacet
  facet normal 0 0 1
    outer loop
      vertex -0.287157 6.81882 1.39
      vertex -0.156631 7.81027 1.39
      vertex -0.234108 7.82306 1.39
    endloop
  endfacet
  facet normal 0 0 1
    outer loop
      vertex -0.156631 7.81027 1.39
      vertex -0.287157 6.81882 1.39
      vertex -0.143887 6.80471 1.39
    endloop
  endfacet
  facet normal 0 0 1
    outer loop
      vertex -0.429198 6.84227 1.39
      vertex -0.234108 7.82306 1.39
      vertex -0.310582 7.84089 1.39
    endloop
  endfacet
  facet normal 0 0 1
    outer loop
      vertex -0.569402 6.87496 1.39
      vertex -0.310582 7.84089 1.39
      vertex -0.385727 7.86368 1.39
    endloop
  endfacet
  facet normal 0 0 1
    outer loop
      vertex -0.234108 7.82306 1.39
      vertex -0.429198 6.84227 1.39
      vertex -0.287157 6.81882 1.39
    endloop
  endfacet
  facet normal 0 0 1
    outer loop
      vertex -0.707167 6.91675 1.39
      vertex -0.385727 7.86368 1.39
      vertex -0.45922 7.89135 1.39
    endloop
  endfacet
  facet normal 0 0 1
    outer loop
      vertex -0.841903 6.96747 1.39
      vertex -0.45922 7.89135 1.39
      vertex -0.530746 7.92375 1.39
    endloop
  endfacet
  facet normal 0 0 1
    outer loop
      vertex -0.310582 7.84089 1.39
      vertex -0.569402 6.87496 1.39
      vertex -0.429198 6.84227 1.39
    endloop
  endfacet
  facet normal 0 0 1
    outer loop
      vertex -0.973035 7.02688 1.39
      vertex -0.530746 7.92375 1.39
      vertex -0.599999 7.96077 1.39
    endloop
  endfacet
  facet normal 0 0 1
    outer loop
      vertex -1.1 7.09474 1.39
      vertex -0.599999 7.96077 1.39
      vertex -0.666684 8.00224 1.39
    endloop
  endfacet
  facet normal 0 0 1
    outer loop
      vertex -0.385727 7.86368 1.39
      vertex -0.707167 6.91675 1.39
      vertex -0.569402 6.87496 1.39
    endloop
  endfacet
  facet normal 0 0 1
    outer loop
      vertex -1.22225 7.17077 1.39
      vertex -0.666684 8.00224 1.39
      vertex -0.730514 8.04798 1.39
    endloop
  endfacet
  facet normal 0 0 1
    outer loop
      vertex -1.33927 7.25462 1.39
      vertex -0.730514 8.04798 1.39
      vertex -0.791215 8.09779 1.39
    endloop
  endfacet
  facet normal 0 0 1
    outer loop
      vertex -0.45922 7.89135 1.39
      vertex -0.841903 6.96747 1.39
      vertex -0.707167 6.91675 1.39
    endloop
  endfacet
  facet normal 0 0 1
    outer loop
      vertex -1.45056 7.34595 1.39
      vertex -0.791215 8.09779 1.39
      vertex -0.848528 8.15147 1.39
    endloop
  endfacet
  facet normal 0 0 1
    outer loop
      vertex -1.55563 7.44437 1.39
      vertex -0.848528 8.15147 1.39
      vertex -0.902207 8.20879 1.39
    endloop
  endfacet
  facet normal 0 0 1
    outer loop
      vertex -1.65405 7.54944 1.39
      vertex -0.902207 8.20879 1.39
      vertex -0.952024 8.26949 1.39
    endloop
  endfacet
  facet normal 0 0 1
    outer loop
      vertex -0.530746 7.92375 1.39
      vertex -0.973035 7.02688 1.39
      vertex -0.841903 6.96747 1.39
    endloop
  endfacet
  facet normal 0 0 1
    outer loop
      vertex -1.74538 7.66073 1.39
      vertex -0.952024 8.26949 1.39
      vertex -0.997763 8.33332 1.39
    endloop
  endfacet
  facet normal 0 0 1
    outer loop
      vertex -1.82923 7.77775 1.39
      vertex -0.997763 8.33332 1.39
      vertex -1.03923 8.4 1.39
    endloop
  endfacet
  facet normal 0 0 1
    outer loop
      vertex -1.90526 7.9 1.39
      vertex -1.03923 8.4 1.39
      vertex -1.07625 8.46925 1.39
    endloop
  endfacet
  facet normal 0 0 1
    outer loop
      vertex -0.599999 7.96077 1.39
      vertex -1.1 7.09474 1.39
      vertex -0.973035 7.02688 1.39
    endloop
  endfacet
  facet normal 0 0 1
    outer loop
      vertex -1.97312 8.02697 1.39
      vertex -1.07625 8.46925 1.39
      vertex -1.10865 8.54078 1.39
    endloop
  endfacet
  facet normal 0 0 1
    outer loop
      vertex -2.03253 8.1581 1.39
      vertex -1.10865 8.54078 1.39
      vertex -1.13632 8.61427 1.39
    endloop
  endfacet
  facet normal 0 0 1
    outer loop
      vertex -2.08325 8.29283 1.39
      vertex -1.13632 8.61427 1.39
      vertex -1.15911 8.68942 1.39
    endloop
  endfacet
  facet normal 0 0 1
    outer loop
      vertex -2.12504 8.4306 1.39
      vertex -1.15911 8.68942 1.39
      vertex -1.17694 8.76589 1.39
    endloop
  endfacet
  facet normal 0 0 1
    outer loop
      vertex -2.15773 8.5708 1.39
      vertex -1.17694 8.76589 1.39
      vertex -1.18973 8.84337 1.39
    endloop
  endfacet
  facet normal 0 0 1
    outer loop
      vertex -2.18118 8.71284 1.39
      vertex -1.18973 8.84337 1.39
      vertex -1.19743 8.92152 1.39
    endloop
  endfacet
  facet normal 0 0 1
    outer loop
      vertex -0.666684 8.00224 1.39
      vertex -1.22225 7.17077 1.39
      vertex -1.1 7.09474 1.39
    endloop
  endfacet
  facet normal 0 0 1
    outer loop
      vertex -2.19529 8.85611 1.39
      vertex -1.19743 8.92152 1.39
      vertex -1.2 9 1.39
    endloop
  endfacet
  facet normal -0 0 1
    outer loop
      vertex -1.97312 9.97303 1.39
      vertex -1.07625 9.53075 1.39
      vertex -1.90526 10.1 1.39
    endloop
  endfacet
  facet normal 0 0 1
    outer loop
      vertex -1.07625 9.53075 1.39
      vertex -1.97312 9.97303 1.39
      vertex -1.10865 9.45922 1.39
    endloop
  endfacet
  facet normal 0 0 1
    outer loop
      vertex -0.730514 8.04798 1.39
      vertex -1.33927 7.25462 1.39
      vertex -1.22225 7.17077 1.39
    endloop
  endfacet
  facet normal -0 0 1
    outer loop
      vertex -2.03253 9.8419 1.39
      vertex -1.10865 9.45922 1.39
      vertex -1.97312 9.97303 1.39
    endloop
  endfacet
  facet normal 0 0 1
    outer loop
      vertex -0.791215 8.09779 1.39
      vertex -1.45056 7.34595 1.39
      vertex -1.33927 7.25462 1.39
    endloop
  endfacet
  facet normal 0 0 1
    outer loop
      vertex -1.10865 9.45922 1.39
      vertex -2.03253 9.8419 1.39
      vertex -1.13632 9.38573 1.39
    endloop
  endfacet
  facet normal 0 0 1
    outer loop
      vertex -0.848528 8.15147 1.39
      vertex -1.55563 7.44437 1.39
      vertex -1.45056 7.34595 1.39
    endloop
  endfacet
  facet normal -0 0 1
    outer loop
      vertex -2.08325 9.70717 1.39
      vertex -1.13632 9.38573 1.39
      vertex -2.03253 9.8419 1.39
    endloop
  endfacet
  facet normal 0 0 1
    outer loop
      vertex -0.902207 8.20879 1.39
      vertex -1.65405 7.54944 1.39
      vertex -1.55563 7.44437 1.39
    endloop
  endfacet
  facet normal 0 0 1
    outer loop
      vertex -1.13632 9.38573 1.39
      vertex -2.08325 9.70717 1.39
      vertex -1.15911 9.31058 1.39
    endloop
  endfacet
  facet normal 0 0 1
    outer loop
      vertex -0.952024 8.26949 1.39
      vertex -1.74538 7.66073 1.39
      vertex -1.65405 7.54944 1.39
    endloop
  endfacet
  facet normal -0 0 1
    outer loop
      vertex -2.12504 9.5694 1.39
      vertex -1.15911 9.31058 1.39
      vertex -2.08325 9.70717 1.39
    endloop
  endfacet
  facet normal 0 0 1
    outer loop
      vertex -0.997763 8.33332 1.39
      vertex -1.82923 7.77775 1.39
      vertex -1.74538 7.66073 1.39
    endloop
  endfacet
  facet normal 0 0 1
    outer loop
      vertex -1.15911 9.31058 1.39
      vertex -2.12504 9.5694 1.39
      vertex -1.17694 9.23411 1.39
    endloop
  endfacet
  facet normal 0 0 1
    outer loop
      vertex -1.03923 8.4 1.39
      vertex -1.90526 7.9 1.39
      vertex -1.82923 7.77775 1.39
    endloop
  endfacet
  facet normal -0 0 1
    outer loop
      vertex -2.15773 9.4292 1.39
      vertex -1.17694 9.23411 1.39
      vertex -2.12504 9.5694 1.39
    endloop
  endfacet
  facet normal 0 0 1
    outer loop
      vertex -1.07625 8.46925 1.39
      vertex -1.97312 8.02697 1.39
      vertex -1.90526 7.9 1.39
    endloop
  endfacet
  facet normal 0 0 1
    outer loop
      vertex -1.17694 9.23411 1.39
      vertex -2.15773 9.4292 1.39
      vertex -1.18973 9.15663 1.39
    endloop
  endfacet
  facet normal 0 0 1
    outer loop
      vertex -1.10865 8.54078 1.39
      vertex -2.03253 8.1581 1.39
      vertex -1.97312 8.02697 1.39
    endloop
  endfacet
  facet normal -0 0 1
    outer loop
      vertex -2.18118 9.28716 1.39
      vertex -1.18973 9.15663 1.39
      vertex -2.15773 9.4292 1.39
    endloop
  endfacet
  facet normal 0 0 1
    outer loop
      vertex -1.13632 8.61427 1.39
      vertex -2.08325 8.29283 1.39
      vertex -2.03253 8.1581 1.39
    endloop
  endfacet
  facet normal 0 0 1
    outer loop
      vertex -1.18973 9.15663 1.39
      vertex -2.18118 9.28716 1.39
      vertex -1.19743 9.07848 1.39
    endloop
  endfacet
  facet normal 0 0 1
    outer loop
      vertex -1.15911 8.68942 1.39
      vertex -2.12504 8.4306 1.39
      vertex -2.08325 8.29283 1.39
    endloop
  endfacet
  facet normal -0 0 1
    outer loop
      vertex -2.19529 9.14389 1.39
      vertex -1.19743 9.07848 1.39
      vertex -2.18118 9.28716 1.39
    endloop
  endfacet
  facet normal 0 0 1
    outer loop
      vertex -1.17694 8.76589 1.39
      vertex -2.15773 8.5708 1.39
      vertex -2.12504 8.4306 1.39
    endloop
  endfacet
  facet normal 0 0 1
    outer loop
      vertex -1.19743 9.07848 1.39
      vertex -2.19529 9.14389 1.39
      vertex -1.2 9 1.39
    endloop
  endfacet
  facet normal 0 0 1
    outer loop
      vertex -1.18973 8.84337 1.39
      vertex -2.18118 8.71284 1.39
      vertex -2.15773 8.5708 1.39
    endloop
  endfacet
  facet normal 0 0 1
    outer loop
      vertex -2.2 9 1.39
      vertex -1.2 9 1.39
      vertex -2.19529 9.14389 1.39
    endloop
  endfacet
  facet normal 0 0 1
    outer loop
      vertex -1.19743 8.92152 1.39
      vertex -2.19529 8.85611 1.39
      vertex -2.18118 8.71284 1.39
    endloop
  endfacet
  facet normal 0 0 1
    outer loop
      vertex -1.2 9 1.39
      vertex -2.2 9 1.39
      vertex -2.19529 8.85611 1.39
    endloop
  endfacet
  facet normal 0.412677 0.910877 -0
    outer loop
      vertex -0.841903 6.96747 1.39
      vertex -0.973035 7.02688 3.39
      vertex -0.841903 6.96747 3.39
    endloop
  endfacet
  facet normal 0.412677 0.910877 0
    outer loop
      vertex -0.973035 7.02688 3.39
      vertex -0.841903 6.96747 1.39
      vertex -0.973035 7.02688 1.39
    endloop
  endfacet
  facet normal 0 0 -1
    outer loop
      vertex 2.19529 8.85611 3.39
      vertex 2.19529 9.14389 3.39
      vertex 2.2 9 3.39
    endloop
  endfacet
  facet normal 0 0 -1
    outer loop
      vertex 2.18118 8.71284 3.39
      vertex 2.19529 9.14389 3.39
      vertex 2.19529 8.85611 3.39
    endloop
  endfacet
  facet normal 0 0 -1
    outer loop
      vertex 2.18118 8.71284 3.39
      vertex 2.18118 9.28716 3.39
      vertex 2.19529 9.14389 3.39
    endloop
  endfacet
  facet normal 0 0 -1
    outer loop
      vertex 2.15773 8.5708 3.39
      vertex 2.18118 9.28716 3.39
      vertex 2.18118 8.71284 3.39
    endloop
  endfacet
  facet normal 0 0 -1
    outer loop
      vertex 2.14122 9.5 3.39
      vertex 2.18118 9.28716 3.39
      vertex 2.15773 8.5708 3.39
    endloop
  endfacet
  facet normal 0 0 -1
    outer loop
      vertex 2.18118 9.28716 3.39
      vertex 2.14122 9.5 3.39
      vertex 2.15773 9.4292 3.39
    endloop
  endfacet
  facet normal 0 0 -1
    outer loop
      vertex 2.12504 8.4306 3.39
      vertex 2.14122 9.5 3.39
      vertex 2.15773 8.5708 3.39
    endloop
  endfacet
  facet normal 0 0 -1
    outer loop
      vertex 2.08325 8.29283 3.39
      vertex 2.14122 9.5 3.39
      vertex 2.12504 8.4306 3.39
    endloop
  endfacet
  facet normal 0 0 -1
    outer loop
      vertex 2.03253 8.1581 3.39
      vertex 2.14122 9.5 3.39
      vertex 2.08325 8.29283 3.39
    endloop
  endfacet
  facet normal 0 0 -1
    outer loop
      vertex 1.97312 8.02697 3.39
      vertex 2.14122 9.5 3.39
      vertex 2.03253 8.1581 3.39
    endloop
  endfacet
  facet normal 0 0 -1
    outer loop
      vertex 1.90526 7.9 3.39
      vertex 2.14122 9.5 3.39
      vertex 1.97312 8.02697 3.39
    endloop
  endfacet
  facet normal 0 0 -1
    outer loop
      vertex 1.82923 7.77775 3.39
      vertex 2.14122 9.5 3.39
      vertex 1.90526 7.9 3.39
    endloop
  endfacet
  facet normal 0 0 -1
    outer loop
      vertex 1.74538 7.66073 3.39
      vertex 2.14122 9.5 3.39
      vertex 1.82923 7.77775 3.39
    endloop
  endfacet
  facet normal 0 0 -1
    outer loop
      vertex 1.65405 7.54944 3.39
      vertex 2.14122 9.5 3.39
      vertex 1.74538 7.66073 3.39
    endloop
  endfacet
  facet normal 0 0 -1
    outer loop
      vertex 1.55563 7.44437 3.39
      vertex 2.14122 9.5 3.39
      vertex 1.65405 7.54944 3.39
    endloop
  endfacet
  facet normal 0 0 -1
    outer loop
      vertex 1.45056 7.34595 3.39
      vertex 2.14122 9.5 3.39
      vertex 1.55563 7.44437 3.39
    endloop
  endfacet
  facet normal 0 0 -1
    outer loop
      vertex 1.33927 7.25462 3.39
      vertex 2.14122 9.5 3.39
      vertex 1.45056 7.34595 3.39
    endloop
  endfacet
  facet normal 0 0 -1
    outer loop
      vertex 1.22225 7.17077 3.39
      vertex 2.14122 9.5 3.39
      vertex 1.33927 7.25462 3.39
    endloop
  endfacet
  facet normal 0 0 -1
    outer loop
      vertex 1.1 7.09474 3.39
      vertex 2.14122 9.5 3.39
      vertex 1.22225 7.17077 3.39
    endloop
  endfacet
  facet normal 0 0 -1
    outer loop
      vertex 0.973035 7.02688 3.39
      vertex 2.14122 9.5 3.39
      vertex 1.1 7.09474 3.39
    endloop
  endfacet
  facet normal 0 0 -1
    outer loop
      vertex 0.841903 6.96747 3.39
      vertex 2.14122 9.5 3.39
      vertex 0.973035 7.02688 3.39
    endloop
  endfacet
  facet normal 0 0 -1
    outer loop
      vertex 0.707167 6.91675 3.39
      vertex 2.14122 9.5 3.39
      vertex 0.841903 6.96747 3.39
    endloop
  endfacet
  facet normal 0 0 -1
    outer loop
      vertex 0.569402 6.87496 3.39
      vertex 2.14122 9.5 3.39
      vertex 0.707167 6.91675 3.39
    endloop
  endfacet
  facet normal 0 0 -1
    outer loop
      vertex 0.429198 6.84227 3.39
      vertex 2.14122 9.5 3.39
      vertex 0.569402 6.87496 3.39
    endloop
  endfacet
  facet normal 0 0 -1
    outer loop
      vertex 0.287157 6.81882 3.39
      vertex 2.14122 9.5 3.39
      vertex 0.429198 6.84227 3.39
    endloop
  endfacet
  facet normal 0 0 -1
    outer loop
      vertex 0.143887 6.80471 3.39
      vertex 2.14122 9.5 3.39
      vertex 0.287157 6.81882 3.39
    endloop
  endfacet
  facet normal 0 0 -1
    outer loop
      vertex 0 6.8 3.39
      vertex 2.14122 9.5 3.39
      vertex 0.143887 6.80471 3.39
    endloop
  endfacet
  facet normal 0 0 -1
    outer loop
      vertex -0.143887 6.80471 3.39
      vertex 2.14122 9.5 3.39
      vertex 0 6.8 3.39
    endloop
  endfacet
  facet normal 0 0 -1
    outer loop
      vertex -0.287157 6.81882 3.39
      vertex 2.14122 9.5 3.39
      vertex -0.143887 6.80471 3.39
    endloop
  endfacet
  facet normal 0 0 -1
    outer loop
      vertex -0.429198 6.84227 3.39
      vertex 2.14122 9.5 3.39
      vertex -0.287157 6.81882 3.39
    endloop
  endfacet
  facet normal 0 0 -1
    outer loop
      vertex -0.569402 6.87496 3.39
      vertex 2.14122 9.5 3.39
      vertex -0.429198 6.84227 3.39
    endloop
  endfacet
  facet normal 0 0 -1
    outer loop
      vertex -0.707167 6.91675 3.39
      vertex 2.14122 9.5 3.39
      vertex -0.569402 6.87496 3.39
    endloop
  endfacet
  facet normal 0 0 -1
    outer loop
      vertex -0.841903 6.96747 3.39
      vertex 2.14122 9.5 3.39
      vertex -0.707167 6.91675 3.39
    endloop
  endfacet
  facet normal 0 0 -1
    outer loop
      vertex -0.973035 7.02688 3.39
      vertex 2.14122 9.5 3.39
      vertex -0.841903 6.96747 3.39
    endloop
  endfacet
  facet normal 0 0 -1
    outer loop
      vertex -1.1 7.09474 3.39
      vertex 2.14122 9.5 3.39
      vertex -0.973035 7.02688 3.39
    endloop
  endfacet
  facet normal 0 0 -1
    outer loop
      vertex -1.22225 7.17077 3.39
      vertex 2.14122 9.5 3.39
      vertex -1.1 7.09474 3.39
    endloop
  endfacet
  facet normal 0 0 -1
    outer loop
      vertex -1.33927 7.25462 3.39
      vertex 2.14122 9.5 3.39
      vertex -1.22225 7.17077 3.39
    endloop
  endfacet
  facet normal 0 0 -1
    outer loop
      vertex -1.45056 7.34595 3.39
      vertex 2.14122 9.5 3.39
      vertex -1.33927 7.25462 3.39
    endloop
  endfacet
  facet normal 0 0 -1
    outer loop
      vertex -1.55563 7.44437 3.39
      vertex 2.14122 9.5 3.39
      vertex -1.45056 7.34595 3.39
    endloop
  endfacet
  facet normal 0 0 -1
    outer loop
      vertex -1.65405 7.54944 3.39
      vertex 2.14122 9.5 3.39
      vertex -1.55563 7.44437 3.39
    endloop
  endfacet
  facet normal 0 0 -1
    outer loop
      vertex -1.74538 7.66073 3.39
      vertex 2.14122 9.5 3.39
      vertex -1.65405 7.54944 3.39
    endloop
  endfacet
  facet normal 0 0 -1
    outer loop
      vertex -1.82923 7.77775 3.39
      vertex 2.14122 9.5 3.39
      vertex -1.74538 7.66073 3.39
    endloop
  endfacet
  facet normal 0 0 -1
    outer loop
      vertex -1.90526 7.9 3.39
      vertex 2.14122 9.5 3.39
      vertex -1.82923 7.77775 3.39
    endloop
  endfacet
  facet normal 0 0 -1
    outer loop
      vertex -1.97312 8.02697 3.39
      vertex 2.14122 9.5 3.39
      vertex -1.90526 7.9 3.39
    endloop
  endfacet
  facet normal 0 0 -1
    outer loop
      vertex -2.03253 8.1581 3.39
      vertex 2.14122 9.5 3.39
      vertex -1.97312 8.02697 3.39
    endloop
  endfacet
  facet normal 0 0 -1
    outer loop
      vertex -2.08325 8.29283 3.39
      vertex 2.14122 9.5 3.39
      vertex -2.03253 8.1581 3.39
    endloop
  endfacet
  facet normal 0 0 -1
    outer loop
      vertex -2.12504 8.4306 3.39
      vertex 2.14122 9.5 3.39
      vertex -2.08325 8.29283 3.39
    endloop
  endfacet
  facet normal 0 0 -1
    outer loop
      vertex -2.12504 8.4306 3.39
      vertex -2.14122 9.5 3.39
      vertex 2.14122 9.5 3.39
    endloop
  endfacet
  facet normal 0 0 -1
    outer loop
      vertex -2.15773 8.5708 3.39
      vertex -2.14122 9.5 3.39
      vertex -2.12504 8.4306 3.39
    endloop
  endfacet
  facet normal 0 0 -1
    outer loop
      vertex -2.18118 8.71284 3.39
      vertex -2.14122 9.5 3.39
      vertex -2.15773 8.5708 3.39
    endloop
  endfacet
  facet normal 0 0 -1
    outer loop
      vertex -2.18118 9.28716 3.39
      vertex -2.14122 9.5 3.39
      vertex -2.18118 8.71284 3.39
    endloop
  endfacet
  facet normal 0 0 -1
    outer loop
      vertex -2.14122 9.5 3.39
      vertex -2.18118 9.28716 3.39
      vertex -2.15773 9.4292 3.39
    endloop
  endfacet
  facet normal 0 0 -1
    outer loop
      vertex -2.19529 8.85611 3.39
      vertex -2.18118 9.28716 3.39
      vertex -2.18118 8.71284 3.39
    endloop
  endfacet
  facet normal 0 0 -1
    outer loop
      vertex -2.19529 8.85611 3.39
      vertex -2.19529 9.14389 3.39
      vertex -2.18118 9.28716 3.39
    endloop
  endfacet
  facet normal 0 -0 -1
    outer loop
      vertex -2.19529 9.14389 3.39
      vertex -2.19529 8.85611 3.39
      vertex -2.2 9 3.39
    endloop
  endfacet
  facet normal 0 -0.162881 0.986646
    outer loop
      vertex -6 1.3949 3.98738
      vertex 6 0.933262 3.91117
      vertex 6 1.3949 3.98738
    endloop
  endfacet
  facet normal 0 -0.162881 0.986646
    outer loop
      vertex 6 0.933262 3.91117
      vertex -6 1.3949 3.98738
      vertex -6 0.933262 3.91117
    endloop
  endfacet
  facet normal 0 -0.227173 0.973854
    outer loop
      vertex -6 1.449 4
      vertex 6 1.3949 3.98738
      vertex 6 1.449 4
    endloop
  endfacet
  facet normal 0 -0.227173 0.973854
    outer loop
      vertex 6 1.3949 3.98738
      vertex -6 1.449 4
      vertex -6 1.3949 3.98738
    endloop
  endfacet
  facet normal -0 0.162881 0.986646
    outer loop
      vertex -6 -0.933262 3.91117
      vertex 6 -1.3949 3.98738
      vertex 6 -0.933262 3.91117
    endloop
  endfacet
  facet normal 0 0.162881 0.986646
    outer loop
      vertex 6 -1.3949 3.98738
      vertex -6 -0.933262 3.91117
      vertex -6 -1.3949 3.98738
    endloop
  endfacet
  facet normal 0 -0.0327219 0.999464
    outer loop
      vertex -6 0.467632 3.86531
      vertex 6 0 3.85
      vertex 6 0.467632 3.86531
    endloop
  endfacet
  facet normal 0 -0.0327219 0.999464
    outer loop
      vertex 6 0 3.85
      vertex -6 0.467632 3.86531
      vertex -6 0 3.85
    endloop
  endfacet
  facet normal -0 0.0327219 0.999464
    outer loop
      vertex -6 0 3.85
      vertex 6 -0.467632 3.86531
      vertex 6 0 3.85
    endloop
  endfacet
  facet normal 0 0.0327219 0.999464
    outer loop
      vertex 6 -0.467632 3.86531
      vertex -6 0 3.85
      vertex -6 -0.467632 3.86531
    endloop
  endfacet
  facet normal -0 0.098016 0.995185
    outer loop
      vertex -6 -0.467632 3.86531
      vertex 6 -0.933262 3.91117
      vertex 6 -0.467632 3.86531
    endloop
  endfacet
  facet normal 0 0.098016 0.995185
    outer loop
      vertex 6 -0.933262 3.91117
      vertex -6 -0.467632 3.86531
      vertex -6 -0.933262 3.91117
    endloop
  endfacet
  facet normal -0 0.227173 0.973854
    outer loop
      vertex -6 -1.3949 3.98738
      vertex 6 -1.449 4
      vertex 6 -1.3949 3.98738
    endloop
  endfacet
  facet normal 0 0.227173 0.973854
    outer loop
      vertex 6 -1.449 4
      vertex -6 -1.3949 3.98738
      vertex -6 -1.449 4
    endloop
  endfacet
  facet normal 0 -0.098016 0.995185
    outer loop
      vertex -6 0.933262 3.91117
      vertex 6 0.467632 3.86531
      vertex 6 0.933262 3.91117
    endloop
  endfacet
  facet normal 0 -0.098016 0.995185
    outer loop
      vertex 6 0.467632 3.86531
      vertex -6 0.933262 3.91117
      vertex -6 0.467632 3.86531
    endloop
  endfacet
  facet normal -0 0 1
    outer loop
      vertex -6 7.15 4
      vertex 6 1.449 4
      vertex 6 7.15 4
    endloop
  endfacet
  facet normal 0 0 1
    outer loop
      vertex 6 1.449 4
      vertex -6 7.15 4
      vertex -6 1.449 4
    endloop
  endfacet
  facet normal -0 0 1
    outer loop
      vertex -6 -1.449 4
      vertex 6 -7.15 4
      vertex 6 -1.449 4
    endloop
  endfacet
  facet normal 0 0 1
    outer loop
      vertex 6 -7.15 4
      vertex -6 -1.449 4
      vertex -6 -7.15 4
    endloop
  endfacet
  facet normal 0 -1 0
    outer loop
      vertex -6 7.15 4
      vertex 6 7.15 10.19
      vertex -6 7.15 10.19
    endloop
  endfacet
  facet normal 0 -1 -0
    outer loop
      vertex 6 7.15 10.19
      vertex -6 7.15 4
      vertex 6 7.15 4
    endloop
  endfacet
  facet normal 0 1 -0
    outer loop
      vertex 6 -7.15 4
      vertex -6 -7.15 10.19
      vertex 6 -7.15 10.19
    endloop
  endfacet
  facet normal 0 1 0
    outer loop
      vertex -6 -7.15 10.19
      vertex 6 -7.15 4
      vertex -6 -7.15 4
    endloop
  endfacet
endsolid OpenSCAD_Model
