solid OpenSCAD_Model
  facet normal 1 -0 0
    outer loop
      vertex 23 -1.6 13
      vertex 23 1.6 -13
      vertex 23 1.6 13
    endloop
  endfacet
  facet normal 1 0 0
    outer loop
      vertex 23 1.6 -13
      vertex 23 -1.6 13
      vertex 23 -1.6 -13
    endloop
  endfacet
  facet normal -0 0 1
    outer loop
      vertex -23 1.6 13
      vertex 23 -1.6 13
      vertex 23 1.6 13
    endloop
  endfacet
  facet normal 0 0 1
    outer loop
      vertex 23 -1.6 13
      vertex -23 1.6 13
      vertex -23 -1.6 13
    endloop
  endfacet
  facet normal 0 0 -1
    outer loop
      vertex -7 -1.6 -13
      vertex 23 1.6 -13
      vertex 23 -1.6 -13
    endloop
  endfacet
  facet normal 0 0 -1
    outer loop
      vertex -23 1.6 -13
      vertex -7 -1.6 -13
      vertex -23 -1.6 -13
    endloop
  endfacet
  facet normal 0 0 -1
    outer loop
      vertex -7 -1.6 -13
      vertex -23 1.6 -13
      vertex 23 1.6 -13
    endloop
  endfacet
  facet normal -1 0 0
    outer loop
      vertex -23 -1.6 -13
      vertex -23 1.6 13
      vertex -23 1.6 -13
    endloop
  endfacet
  facet normal -1 -0 0
    outer loop
      vertex -23 1.6 13
      vertex -23 -1.6 -13
      vertex -23 -1.6 13
    endloop
  endfacet
  facet normal 0 1 0
    outer loop
      vertex 15.5779 1.6 6.28288
      vertex -0.759786 1.6 2
      vertex -0.985281 1.6 2.27477
    endloop
  endfacet
  facet normal 0 1 0
    outer loop
      vertex 16.7171 1.6 7.42214
      vertex 23 1.6 13
      vertex 16.8107 1.6 7.43759
    endloop
  endfacet
  facet normal 0 1 0
    outer loop
      vertex -23 1.6 13
      vertex -16.9052 1.6 7.44689
      vertex -17 1.6 7.45
    endloop
  endfacet
  facet normal 0 1 0
    outer loop
      vertex 16.6247 1.6 7.40059
      vertex 23 1.6 13
      vertex 16.7171 1.6 7.42214
    endloop
  endfacet
  facet normal 0 1 0
    outer loop
      vertex -23 1.6 13
      vertex -16.8107 1.6 7.43759
      vertex -16.9052 1.6 7.44689
    endloop
  endfacet
  facet normal 0 1 0
    outer loop
      vertex 16.5339 1.6 7.37305
      vertex 23 1.6 13
      vertex 16.6247 1.6 7.40059
    endloop
  endfacet
  facet normal 0 1 0
    outer loop
      vertex -23 1.6 13
      vertex -16.7171 1.6 7.42214
      vertex -16.8107 1.6 7.43759
    endloop
  endfacet
  facet normal 0 1 0
    outer loop
      vertex 16.4451 1.6 7.33962
      vertex 23 1.6 13
      vertex 16.5339 1.6 7.37305
    endloop
  endfacet
  facet normal 0 1 0
    outer loop
      vertex -23 1.6 13
      vertex -16.6247 1.6 7.40059
      vertex -16.7171 1.6 7.42214
    endloop
  endfacet
  facet normal 0 1 0
    outer loop
      vertex 16.3587 1.6 7.30046
      vertex 23 1.6 13
      vertex 16.4451 1.6 7.33962
    endloop
  endfacet
  facet normal 0 1 0
    outer loop
      vertex -23 1.6 13
      vertex -16.5339 1.6 7.37305
      vertex -16.6247 1.6 7.40059
    endloop
  endfacet
  facet normal 0 1 0
    outer loop
      vertex 23 1.6 13
      vertex -5.43928 1.6 4.84628
      vertex -23 1.6 13
    endloop
  endfacet
  facet normal -0 1 -0
    outer loop
      vertex -6.47677 1.6 4.98287
      vertex -23 1.6 13
      vertex -5.95579 1.6 4.93156
    endloop
  endfacet
  facet normal 0 1 0
    outer loop
      vertex 16.275 1.6 7.25574
      vertex 23 1.6 13
      vertex 16.3587 1.6 7.30046
    endloop
  endfacet
  facet normal 0 1 0
    outer loop
      vertex -23 1.6 13
      vertex -16.4451 1.6 7.33962
      vertex -16.5339 1.6 7.37305
    endloop
  endfacet
  facet normal 0 1 0
    outer loop
      vertex 23 1.6 13
      vertex 16.275 1.6 7.25574
      vertex -4.92945 1.6 4.72741
    endloop
  endfacet
  facet normal -0 1 -0
    outer loop
      vertex -7 1.6 5
      vertex -23 1.6 13
      vertex -6.47677 1.6 4.98287
    endloop
  endfacet
  facet normal 0 1 0
    outer loop
      vertex -4.42848 1.6 4.57544
      vertex 16.275 1.6 7.25574
      vertex 16.1944 1.6 7.20563
    endloop
  endfacet
  facet normal 0 1 0
    outer loop
      vertex -23 1.6 13
      vertex -16.3587 1.6 7.30046
      vertex -16.4451 1.6 7.33962
    endloop
  endfacet
  facet normal 0 1 0
    outer loop
      vertex -4.42848 1.6 4.57544
      vertex 16.1944 1.6 7.20563
      vertex 16.1173 1.6 7.15036
    endloop
  endfacet
  facet normal 0 1 0
    outer loop
      vertex -23 1.6 13
      vertex -7 1.6 5
      vertex -16.3587 1.6 7.30046
    endloop
  endfacet
  facet normal 0 1 0
    outer loop
      vertex -3.93853 1.6 4.39104
      vertex 16.1173 1.6 7.15036
      vertex 16.0439 1.6 7.09017
    endloop
  endfacet
  facet normal 0 1 0
    outer loop
      vertex -16.3587 1.6 7.30046
      vertex -7 1.6 5
      vertex -16.275 1.6 7.25574
    endloop
  endfacet
  facet normal 0 1 0
    outer loop
      vertex -3.46169 1.6 4.17498
      vertex 16.0439 1.6 7.09017
      vertex 15.9747 1.6 7.0253
    endloop
  endfacet
  facet normal 0 1 -0
    outer loop
      vertex -7.52322 1.6 4.98287
      vertex -16.275 1.6 7.25574
      vertex -7 1.6 5
    endloop
  endfacet
  facet normal 0 1 0
    outer loop
      vertex -3 1.6 3.9282
      vertex 15.9747 1.6 7.0253
      vertex 15.9098 1.6 6.95605
    endloop
  endfacet
  facet normal 0 1 0
    outer loop
      vertex -16.275 1.6 7.25574
      vertex -7.52322 1.6 4.98287
      vertex -16.1944 1.6 7.20563
    endloop
  endfacet
  facet normal 0 1 0
    outer loop
      vertex -3 1.6 3.9282
      vertex 15.9098 1.6 6.95605
      vertex 15.8496 1.6 6.8827
    endloop
  endfacet
  facet normal 0 1 0
    outer loop
      vertex -16.1944 1.6 7.20563
      vertex -7.52322 1.6 4.98287
      vertex -16.1173 1.6 7.15036
    endloop
  endfacet
  facet normal 0 1 0
    outer loop
      vertex -2.55544 1.6 3.65176
      vertex 15.8496 1.6 6.8827
      vertex 15.7944 1.6 6.80558
    endloop
  endfacet
  facet normal 0 1 -0
    outer loop
      vertex -8.04421 1.6 4.93156
      vertex -16.1173 1.6 7.15036
      vertex -7.52322 1.6 4.98287
    endloop
  endfacet
  facet normal 0 1 0
    outer loop
      vertex -2.12991 1.6 3.34683
      vertex 15.7944 1.6 6.80558
      vertex 15.7443 1.6 6.725
    endloop
  endfacet
  facet normal 0 1 -0
    outer loop
      vertex -8.56072 1.6 4.84628
      vertex -16.0439 1.6 7.09017
      vertex -8.04421 1.6 4.93156
    endloop
  endfacet
  facet normal 0 1 0
    outer loop
      vertex -2.12991 1.6 3.34683
      vertex 15.7443 1.6 6.725
      vertex 15.6995 1.6 6.64132
    endloop
  endfacet
  facet normal 0 1 0
    outer loop
      vertex -16.0439 1.6 7.09017
      vertex -8.56072 1.6 4.84628
      vertex -15.9747 1.6 7.0253
    endloop
  endfacet
  facet normal 0 1 0
    outer loop
      vertex -1.72523 1.6 3.01472
      vertex 15.6995 1.6 6.64132
      vertex 15.6604 1.6 6.55489
    endloop
  endfacet
  facet normal 0 1 0
    outer loop
      vertex -15.9747 1.6 7.0253
      vertex -8.56072 1.6 4.84628
      vertex -15.9098 1.6 6.95605
    endloop
  endfacet
  facet normal 0 1 0
    outer loop
      vertex -1.34315 1.6 2.65685
      vertex 15.6604 1.6 6.55489
      vertex 15.627 1.6 6.46609
    endloop
  endfacet
  facet normal 0 1 -0
    outer loop
      vertex -9.07055 1.6 4.72741
      vertex -15.9098 1.6 6.95605
      vertex -8.56072 1.6 4.84628
    endloop
  endfacet
  facet normal 0 1 0
    outer loop
      vertex -1.34315 1.6 2.65685
      vertex 15.627 1.6 6.46609
      vertex 15.5994 1.6 6.37529
    endloop
  endfacet
  facet normal 0 1 0
    outer loop
      vertex -15.9098 1.6 6.95605
      vertex -9.07055 1.6 4.72741
      vertex -15.8496 1.6 6.8827
    endloop
  endfacet
  facet normal 0 1 0
    outer loop
      vertex -0.985281 1.6 2.27477
      vertex 15.5994 1.6 6.37529
      vertex 15.5779 1.6 6.28288
    endloop
  endfacet
  facet normal 0 1 0
    outer loop
      vertex -15.8496 1.6 6.8827
      vertex -9.07055 1.6 4.72741
      vertex -15.7944 1.6 6.80558
    endloop
  endfacet
  facet normal 0 1 0
    outer loop
      vertex -0.759786 1.6 2
      vertex 15.5779 1.6 6.28288
      vertex 15.5624 1.6 6.18926
    endloop
  endfacet
  facet normal 0 1 -0
    outer loop
      vertex -9.57152 1.6 4.57544
      vertex -15.7944 1.6 6.80558
      vertex -9.07055 1.6 4.72741
    endloop
  endfacet
  facet normal 0 1 0
    outer loop
      vertex -0.759786 1.6 2
      vertex 15.5624 1.6 6.18926
      vertex 15.5531 1.6 6.09483
    endloop
  endfacet
  facet normal 0 1 0
    outer loop
      vertex -15.7944 1.6 6.80558
      vertex -9.57152 1.6 4.57544
      vertex -15.7443 1.6 6.725
    endloop
  endfacet
  facet normal 0 1 0
    outer loop
      vertex -0.759786 1.6 2
      vertex 15.5531 1.6 6.09483
      vertex 15.55 1.6 6
    endloop
  endfacet
  facet normal 0 1 0
    outer loop
      vertex -15.7443 1.6 6.725
      vertex -9.57152 1.6 4.57544
      vertex -15.6995 1.6 6.64132
    endloop
  endfacet
  facet normal 0 1 0
    outer loop
      vertex -0.759786 1.6 2
      vertex 15.55 1.6 6
      vertex 15.5531 1.6 5.90516
    endloop
  endfacet
  facet normal 0 1 -0
    outer loop
      vertex -10.0615 1.6 4.39104
      vertex -15.6995 1.6 6.64132
      vertex -9.57152 1.6 4.57544
    endloop
  endfacet
  facet normal 0 1 0
    outer loop
      vertex -0.759786 1.6 2
      vertex 15.5531 1.6 5.90516
      vertex 15.5624 1.6 5.81074
    endloop
  endfacet
  facet normal 0 1 0
    outer loop
      vertex -15.6995 1.6 6.64132
      vertex -10.0615 1.6 4.39104
      vertex -15.6604 1.6 6.55489
    endloop
  endfacet
  facet normal 0 1 0
    outer loop
      vertex -0.759786 1.6 2
      vertex 15.5624 1.6 5.81074
      vertex 15.5779 1.6 5.71712
    endloop
  endfacet
  facet normal 0 1 0
    outer loop
      vertex -15.6604 1.6 6.55489
      vertex -10.0615 1.6 4.39104
      vertex -15.627 1.6 6.46609
    endloop
  endfacet
  facet normal 0 1 0
    outer loop
      vertex -0.759786 1.6 2
      vertex 15.5779 1.6 5.71712
      vertex 15.5994 1.6 5.62471
    endloop
  endfacet
  facet normal 0 1 -0
    outer loop
      vertex -10.5383 1.6 4.17498
      vertex -15.627 1.6 6.46609
      vertex -10.0615 1.6 4.39104
    endloop
  endfacet
  facet normal 0 1 0
    outer loop
      vertex -0.759786 1.6 2
      vertex 15.5994 1.6 5.62471
      vertex 15.627 1.6 5.53391
    endloop
  endfacet
  facet normal 0 1 0
    outer loop
      vertex -15.627 1.6 6.46609
      vertex -10.5383 1.6 4.17498
      vertex -15.5994 1.6 6.37529
    endloop
  endfacet
  facet normal 0 1 0
    outer loop
      vertex -0.759786 1.6 2
      vertex 15.627 1.6 5.53391
      vertex 15.6604 1.6 5.44511
    endloop
  endfacet
  facet normal 0 1 -0
    outer loop
      vertex -11 1.6 3.9282
      vertex -15.5779 1.6 6.28288
      vertex -10.5383 1.6 4.17498
    endloop
  endfacet
  facet normal 0 1 0
    outer loop
      vertex -0.759786 1.6 2
      vertex 15.6604 1.6 5.44511
      vertex 15.6995 1.6 5.35868
    endloop
  endfacet
  facet normal 0 1 0
    outer loop
      vertex -15.5779 1.6 6.28288
      vertex -11 1.6 3.9282
      vertex -15.5624 1.6 6.18926
    endloop
  endfacet
  facet normal 0 1 0
    outer loop
      vertex -0.759786 1.6 2
      vertex 15.6995 1.6 5.35868
      vertex 15.7443 1.6 5.275
    endloop
  endfacet
  facet normal 0 1 0
    outer loop
      vertex -15.5624 1.6 6.18926
      vertex -11 1.6 3.9282
      vertex -15.5531 1.6 6.09483
    endloop
  endfacet
  facet normal 0 1 0
    outer loop
      vertex -0.759786 1.6 2
      vertex 15.7443 1.6 5.275
      vertex 15.7944 1.6 5.19442
    endloop
  endfacet
  facet normal 0 1 -0
    outer loop
      vertex -11.4446 1.6 3.65176
      vertex -15.5531 1.6 6.09483
      vertex -11 1.6 3.9282
    endloop
  endfacet
  facet normal 0 1 0
    outer loop
      vertex -0.759786 1.6 2
      vertex 15.7944 1.6 5.19442
      vertex 15.8496 1.6 5.1173
    endloop
  endfacet
  facet normal 0 1 0
    outer loop
      vertex -15.5531 1.6 6.09483
      vertex -11.4446 1.6 3.65176
      vertex -15.55 1.6 6
    endloop
  endfacet
  facet normal 0 1 0
    outer loop
      vertex -0.759786 1.6 2
      vertex 15.8496 1.6 5.1173
      vertex 15.9098 1.6 5.04395
    endloop
  endfacet
  facet normal 0 1 0
    outer loop
      vertex -15.55 1.6 6
      vertex -11.4446 1.6 3.65176
      vertex -15.5531 1.6 5.90516
    endloop
  endfacet
  facet normal 0 1 0
    outer loop
      vertex -15.5531 1.6 5.90516
      vertex -11.4446 1.6 3.65176
      vertex -15.5624 1.6 5.81074
    endloop
  endfacet
  facet normal 0 1 0
    outer loop
      vertex -15.5994 1.6 6.37529
      vertex -10.5383 1.6 4.17498
      vertex -15.5779 1.6 6.28288
    endloop
  endfacet
  facet normal 0 1 0
    outer loop
      vertex -0.759786 1.6 2
      vertex 15.9098 1.6 5.04395
      vertex 15.9747 1.6 4.97469
    endloop
  endfacet
  facet normal 0 1 0
    outer loop
      vertex -16.1173 1.6 7.15036
      vertex -8.04421 1.6 4.93156
      vertex -16.0439 1.6 7.09017
    endloop
  endfacet
  facet normal 0 1 0
    outer loop
      vertex -0.759786 1.6 2
      vertex 15.9747 1.6 4.97469
      vertex 16.0439 1.6 4.90983
    endloop
  endfacet
  facet normal 0 1 0
    outer loop
      vertex -0.759786 1.6 2
      vertex 16.0439 1.6 4.90983
      vertex 16.1173 1.6 4.84964
    endloop
  endfacet
  facet normal 0 1 0
    outer loop
      vertex -23 1.6 13
      vertex -5.43928 1.6 4.84628
      vertex -5.95579 1.6 4.93156
    endloop
  endfacet
  facet normal 0 1 0
    outer loop
      vertex -0.759786 1.6 2
      vertex 16.1173 1.6 4.84964
      vertex 16.1944 1.6 4.79437
    endloop
  endfacet
  facet normal 0 1 0
    outer loop
      vertex -0.759786 1.6 2
      vertex 16.1944 1.6 4.79437
      vertex 16.275 1.6 4.74426
    endloop
  endfacet
  facet normal 0 1 0
    outer loop
      vertex 23 1.6 13
      vertex -4.92945 1.6 4.72741
      vertex -5.43928 1.6 4.84628
    endloop
  endfacet
  facet normal 0 1 0
    outer loop
      vertex -0.759786 1.6 2
      vertex 16.275 1.6 4.74426
      vertex 16.3587 1.6 4.69953
    endloop
  endfacet
  facet normal 0 1 0
    outer loop
      vertex 20.3 1.6 2
      vertex 16.3587 1.6 4.69953
      vertex 16.4451 1.6 4.66037
    endloop
  endfacet
  facet normal 0 1 0
    outer loop
      vertex 20.3 1.6 2
      vertex 16.4451 1.6 4.66037
      vertex 16.5339 1.6 4.62695
    endloop
  endfacet
  facet normal 0 1 0
    outer loop
      vertex 20.3 1.6 2
      vertex 16.5339 1.6 4.62695
      vertex 16.6247 1.6 4.59941
    endloop
  endfacet
  facet normal 0 1 0
    outer loop
      vertex 20.3 1.6 2
      vertex 16.6247 1.6 4.59941
      vertex 16.7171 1.6 4.57786
    endloop
  endfacet
  facet normal 0 1 0
    outer loop
      vertex 16.275 1.6 7.25574
      vertex -4.42848 1.6 4.57544
      vertex -4.92945 1.6 4.72741
    endloop
  endfacet
  facet normal 0 1 0
    outer loop
      vertex 20.3 1.6 2
      vertex 16.7171 1.6 4.57786
      vertex 16.8107 1.6 4.5624
    endloop
  endfacet
  facet normal 0 1 0
    outer loop
      vertex 20.3 1.6 2
      vertex 16.8107 1.6 4.5624
      vertex 16.9052 1.6 4.5531
    endloop
  endfacet
  facet normal 0 1 0
    outer loop
      vertex 20.3 1.6 2
      vertex 16.9052 1.6 4.5531
      vertex 17 1.6 4.55
    endloop
  endfacet
  facet normal 0 1 0
    outer loop
      vertex 16.1173 1.6 7.15036
      vertex -3.93853 1.6 4.39104
      vertex -4.42848 1.6 4.57544
    endloop
  endfacet
  facet normal 0 1 0
    outer loop
      vertex 16.9052 1.6 7.44689
      vertex 23 1.6 13
      vertex 17 1.6 7.45
    endloop
  endfacet
  facet normal 0 1 0
    outer loop
      vertex 23 1.6 13
      vertex 17.0948 1.6 7.44689
      vertex 17 1.6 7.45
    endloop
  endfacet
  facet normal 0 1 0
    outer loop
      vertex 23 1.6 13
      vertex 17.1893 1.6 7.43759
      vertex 17.0948 1.6 7.44689
    endloop
  endfacet
  facet normal 0 1 0
    outer loop
      vertex 23 1.6 13
      vertex 17.2829 1.6 7.42214
      vertex 17.1893 1.6 7.43759
    endloop
  endfacet
  facet normal 0 1 0
    outer loop
      vertex 23 1.6 13
      vertex 17.3753 1.6 7.40059
      vertex 17.2829 1.6 7.42214
    endloop
  endfacet
  facet normal 0 1 0
    outer loop
      vertex 23 1.6 13
      vertex 17.4661 1.6 7.37305
      vertex 17.3753 1.6 7.40059
    endloop
  endfacet
  facet normal 0 1 0
    outer loop
      vertex 23 1.6 13
      vertex 17.5549 1.6 7.33962
      vertex 17.4661 1.6 7.37305
    endloop
  endfacet
  facet normal 0 1 0
    outer loop
      vertex 23 1.6 13
      vertex 17.6413 1.6 7.30046
      vertex 17.5549 1.6 7.33962
    endloop
  endfacet
  facet normal 0 1 0
    outer loop
      vertex 23 1.6 13
      vertex 17.725 1.6 7.25574
      vertex 17.6413 1.6 7.30046
    endloop
  endfacet
  facet normal 0 1 0
    outer loop
      vertex 23 1.6 13
      vertex 17.8056 1.6 7.20563
      vertex 17.725 1.6 7.25574
    endloop
  endfacet
  facet normal 0 1 0
    outer loop
      vertex 23 1.6 13
      vertex 17.8827 1.6 7.15036
      vertex 17.8056 1.6 7.20563
    endloop
  endfacet
  facet normal 0 1 0
    outer loop
      vertex 23 1.6 13
      vertex 17.9561 1.6 7.09017
      vertex 17.8827 1.6 7.15036
    endloop
  endfacet
  facet normal 0 1 0
    outer loop
      vertex 23 1.6 13
      vertex 18.0253 1.6 7.0253
      vertex 17.9561 1.6 7.09017
    endloop
  endfacet
  facet normal 0 1 0
    outer loop
      vertex 23 1.6 13
      vertex 18.0902 1.6 6.95605
      vertex 18.0253 1.6 7.0253
    endloop
  endfacet
  facet normal 0 1 0
    outer loop
      vertex 23 1.6 13
      vertex 18.1504 1.6 6.8827
      vertex 18.0902 1.6 6.95605
    endloop
  endfacet
  facet normal 0 1 0
    outer loop
      vertex 23 1.6 13
      vertex 18.2056 1.6 6.80558
      vertex 18.1504 1.6 6.8827
    endloop
  endfacet
  facet normal 0 1 0
    outer loop
      vertex 23 1.6 13
      vertex 18.2557 1.6 6.725
      vertex 18.2056 1.6 6.80558
    endloop
  endfacet
  facet normal 0 1 0
    outer loop
      vertex 23 1.6 13
      vertex 18.3005 1.6 6.64132
      vertex 18.2557 1.6 6.725
    endloop
  endfacet
  facet normal 0 1 0
    outer loop
      vertex 23 1.6 13
      vertex 18.3396 1.6 6.55489
      vertex 18.3005 1.6 6.64132
    endloop
  endfacet
  facet normal 0 1 0
    outer loop
      vertex 23 1.6 13
      vertex 18.373 1.6 6.46609
      vertex 18.3396 1.6 6.55489
    endloop
  endfacet
  facet normal 0 1 0
    outer loop
      vertex 23 1.6 13
      vertex 18.4006 1.6 6.37529
      vertex 18.373 1.6 6.46609
    endloop
  endfacet
  facet normal 0 1 0
    outer loop
      vertex 23 1.6 13
      vertex 18.4221 1.6 6.28288
      vertex 18.4006 1.6 6.37529
    endloop
  endfacet
  facet normal 0 1 0
    outer loop
      vertex 23 1.6 13
      vertex 18.4376 1.6 6.18926
      vertex 18.4221 1.6 6.28288
    endloop
  endfacet
  facet normal 0 1 0
    outer loop
      vertex 23 1.6 13
      vertex 18.4469 1.6 6.09483
      vertex 18.4376 1.6 6.18926
    endloop
  endfacet
  facet normal 0 1 -0
    outer loop
      vertex 20.3 1.6 2
      vertex 18.4469 1.6 6.09483
      vertex 23 1.6 13
    endloop
  endfacet
  facet normal 0 1 0
    outer loop
      vertex 18.4469 1.6 6.09483
      vertex 20.3 1.6 2
      vertex 18.45 1.6 6
    endloop
  endfacet
  facet normal 0 1 0
    outer loop
      vertex 18.45 1.6 6
      vertex 20.3 1.6 2
      vertex 18.4469 1.6 5.90516
    endloop
  endfacet
  facet normal 0 1 0
    outer loop
      vertex 18.4469 1.6 5.90516
      vertex 20.3 1.6 2
      vertex 18.4376 1.6 5.81074
    endloop
  endfacet
  facet normal 0 1 0
    outer loop
      vertex 18.4376 1.6 5.81074
      vertex 20.3 1.6 2
      vertex 18.4221 1.6 5.71712
    endloop
  endfacet
  facet normal 0 1 0
    outer loop
      vertex 18.4221 1.6 5.71712
      vertex 20.3 1.6 2
      vertex 18.4006 1.6 5.62471
    endloop
  endfacet
  facet normal 0 1 0
    outer loop
      vertex 18.4006 1.6 5.62471
      vertex 20.3 1.6 2
      vertex 18.373 1.6 5.53391
    endloop
  endfacet
  facet normal 0 1 0
    outer loop
      vertex 18.373 1.6 5.53391
      vertex 20.3 1.6 2
      vertex 18.3396 1.6 5.44511
    endloop
  endfacet
  facet normal 0 1 0
    outer loop
      vertex 18.3396 1.6 5.44511
      vertex 20.3 1.6 2
      vertex 18.3005 1.6 5.35868
    endloop
  endfacet
  facet normal 0 1 0
    outer loop
      vertex 16.0439 1.6 7.09017
      vertex -3.46169 1.6 4.17498
      vertex -3.93853 1.6 4.39104
    endloop
  endfacet
  facet normal 0 1 0
    outer loop
      vertex 15.9747 1.6 7.0253
      vertex -3 1.6 3.9282
      vertex -3.46169 1.6 4.17498
    endloop
  endfacet
  facet normal 0 1 0
    outer loop
      vertex 15.8496 1.6 6.8827
      vertex -2.55544 1.6 3.65176
      vertex -3 1.6 3.9282
    endloop
  endfacet
  facet normal 0 1 0
    outer loop
      vertex 20.3 1.6 2
      vertex 17 1.6 4.55
      vertex 17.0948 1.6 4.5531
    endloop
  endfacet
  facet normal 0 1 0
    outer loop
      vertex 15.7944 1.6 6.80558
      vertex -2.12991 1.6 3.34683
      vertex -2.55544 1.6 3.65176
    endloop
  endfacet
  facet normal 0 1 0
    outer loop
      vertex 15.6995 1.6 6.64132
      vertex -1.72523 1.6 3.01472
      vertex -2.12991 1.6 3.34683
    endloop
  endfacet
  facet normal 0 1 0
    outer loop
      vertex 15.6604 1.6 6.55489
      vertex -1.34315 1.6 2.65685
      vertex -1.72523 1.6 3.01472
    endloop
  endfacet
  facet normal 0 1 0
    outer loop
      vertex 20.3 1.6 2
      vertex 17.0948 1.6 4.5531
      vertex 17.1893 1.6 4.5624
    endloop
  endfacet
  facet normal 0 1 0
    outer loop
      vertex 15.5994 1.6 6.37529
      vertex -0.985281 1.6 2.27477
      vertex -1.34315 1.6 2.65685
    endloop
  endfacet
  facet normal 0 1 0
    outer loop
      vertex -0.759786 1.6 2
      vertex 16.3587 1.6 4.69953
      vertex 20.3 1.6 2
    endloop
  endfacet
  facet normal 0 1 0
    outer loop
      vertex 17.2829 1.6 4.57786
      vertex 20.3 1.6 2
      vertex 17.1893 1.6 4.5624
    endloop
  endfacet
  facet normal 0 1 0
    outer loop
      vertex 17.3753 1.6 4.59941
      vertex 20.3 1.6 2
      vertex 17.2829 1.6 4.57786
    endloop
  endfacet
  facet normal 0 1 0
    outer loop
      vertex 17.4661 1.6 4.62695
      vertex 20.3 1.6 2
      vertex 17.3753 1.6 4.59941
    endloop
  endfacet
  facet normal 0 1 0
    outer loop
      vertex 17.5549 1.6 4.66037
      vertex 20.3 1.6 2
      vertex 17.4661 1.6 4.62695
    endloop
  endfacet
  facet normal 0 1 0
    outer loop
      vertex 17.6413 1.6 4.69953
      vertex 20.3 1.6 2
      vertex 17.5549 1.6 4.66037
    endloop
  endfacet
  facet normal 0 1 0
    outer loop
      vertex 17.725 1.6 4.74426
      vertex 20.3 1.6 2
      vertex 17.6413 1.6 4.69953
    endloop
  endfacet
  facet normal 0 1 0
    outer loop
      vertex 17.8056 1.6 4.79437
      vertex 20.3 1.6 2
      vertex 17.725 1.6 4.74426
    endloop
  endfacet
  facet normal 0 1 0
    outer loop
      vertex 17.8827 1.6 4.84964
      vertex 20.3 1.6 2
      vertex 17.8056 1.6 4.79437
    endloop
  endfacet
  facet normal 0 1 0
    outer loop
      vertex 17.9561 1.6 4.90983
      vertex 20.3 1.6 2
      vertex 17.8827 1.6 4.84964
    endloop
  endfacet
  facet normal 0 1 0
    outer loop
      vertex 18.0253 1.6 4.97469
      vertex 20.3 1.6 2
      vertex 17.9561 1.6 4.90983
    endloop
  endfacet
  facet normal 0 1 0
    outer loop
      vertex 18.0902 1.6 5.04395
      vertex 20.3 1.6 2
      vertex 18.0253 1.6 4.97469
    endloop
  endfacet
  facet normal 0 1 0
    outer loop
      vertex 18.1504 1.6 5.1173
      vertex 20.3 1.6 2
      vertex 18.0902 1.6 5.04395
    endloop
  endfacet
  facet normal 0 1 0
    outer loop
      vertex 18.2056 1.6 5.19442
      vertex 20.3 1.6 2
      vertex 18.1504 1.6 5.1173
    endloop
  endfacet
  facet normal 0 1 0
    outer loop
      vertex 18.2557 1.6 5.275
      vertex 20.3 1.6 2
      vertex 18.2056 1.6 5.19442
    endloop
  endfacet
  facet normal 0 1 0
    outer loop
      vertex 18.3005 1.6 5.35868
      vertex 20.3 1.6 2
      vertex 18.2557 1.6 5.275
    endloop
  endfacet
  facet normal 0 1 -0
    outer loop
      vertex 23 1.6 -13
      vertex 20.3 1.6 2
      vertex 23 1.6 13
    endloop
  endfacet
  facet normal 0 1 0
    outer loop
      vertex 20.3 1.6 -12
      vertex 23 1.6 -13
      vertex -20.3 1.6 -12
    endloop
  endfacet
  facet normal 0 1 0
    outer loop
      vertex 20.3 1.6 2
      vertex 23 1.6 -13
      vertex 20.3 1.6 -12
    endloop
  endfacet
  facet normal 0 1 0
    outer loop
      vertex 16.8107 1.6 7.43759
      vertex 23 1.6 13
      vertex 16.9052 1.6 7.44689
    endloop
  endfacet
  facet normal 0 1 -0
    outer loop
      vertex -17.0948 1.6 7.44689
      vertex -23 1.6 13
      vertex -17 1.6 7.45
    endloop
  endfacet
  facet normal 0 1 -0
    outer loop
      vertex -17.1893 1.6 7.43759
      vertex -23 1.6 13
      vertex -17.0948 1.6 7.44689
    endloop
  endfacet
  facet normal 0 1 -0
    outer loop
      vertex -17.2829 1.6 7.42214
      vertex -23 1.6 13
      vertex -17.1893 1.6 7.43759
    endloop
  endfacet
  facet normal 0 1 -0
    outer loop
      vertex -17.3753 1.6 7.40059
      vertex -23 1.6 13
      vertex -17.2829 1.6 7.42214
    endloop
  endfacet
  facet normal 0 1 -0
    outer loop
      vertex -17.4661 1.6 7.37305
      vertex -23 1.6 13
      vertex -17.3753 1.6 7.40059
    endloop
  endfacet
  facet normal 0 1 -0
    outer loop
      vertex -17.5549 1.6 7.33962
      vertex -23 1.6 13
      vertex -17.4661 1.6 7.37305
    endloop
  endfacet
  facet normal 0 1 -0
    outer loop
      vertex -17.6413 1.6 7.30046
      vertex -23 1.6 13
      vertex -17.5549 1.6 7.33962
    endloop
  endfacet
  facet normal 0 1 -0
    outer loop
      vertex -17.725 1.6 7.25574
      vertex -23 1.6 13
      vertex -17.6413 1.6 7.30046
    endloop
  endfacet
  facet normal 0 1 -0
    outer loop
      vertex -17.8056 1.6 7.20563
      vertex -23 1.6 13
      vertex -17.725 1.6 7.25574
    endloop
  endfacet
  facet normal 0 1 -0
    outer loop
      vertex -17.8827 1.6 7.15036
      vertex -23 1.6 13
      vertex -17.8056 1.6 7.20563
    endloop
  endfacet
  facet normal 0 1 -0
    outer loop
      vertex -17.9561 1.6 7.09017
      vertex -23 1.6 13
      vertex -17.8827 1.6 7.15036
    endloop
  endfacet
  facet normal 0 1 -0
    outer loop
      vertex -18.0253 1.6 7.0253
      vertex -23 1.6 13
      vertex -17.9561 1.6 7.09017
    endloop
  endfacet
  facet normal 0 1 -0
    outer loop
      vertex -18.0902 1.6 6.95605
      vertex -23 1.6 13
      vertex -18.0253 1.6 7.0253
    endloop
  endfacet
  facet normal 0 1 -0
    outer loop
      vertex -18.1504 1.6 6.8827
      vertex -23 1.6 13
      vertex -18.0902 1.6 6.95605
    endloop
  endfacet
  facet normal 0 1 -0
    outer loop
      vertex -18.2056 1.6 6.80558
      vertex -23 1.6 13
      vertex -18.1504 1.6 6.8827
    endloop
  endfacet
  facet normal 0 1 -0
    outer loop
      vertex -18.2557 1.6 6.725
      vertex -23 1.6 13
      vertex -18.2056 1.6 6.80558
    endloop
  endfacet
  facet normal 0 1 -0
    outer loop
      vertex -18.3005 1.6 6.64132
      vertex -23 1.6 13
      vertex -18.2557 1.6 6.725
    endloop
  endfacet
  facet normal 0 1 -0
    outer loop
      vertex -18.3396 1.6 6.55489
      vertex -23 1.6 13
      vertex -18.3005 1.6 6.64132
    endloop
  endfacet
  facet normal 0 1 -0
    outer loop
      vertex -18.373 1.6 6.46609
      vertex -23 1.6 13
      vertex -18.3396 1.6 6.55489
    endloop
  endfacet
  facet normal 0 1 -0
    outer loop
      vertex -18.4006 1.6 6.37529
      vertex -23 1.6 13
      vertex -18.373 1.6 6.46609
    endloop
  endfacet
  facet normal 0 1 -0
    outer loop
      vertex -18.4221 1.6 6.28288
      vertex -23 1.6 13
      vertex -18.4006 1.6 6.37529
    endloop
  endfacet
  facet normal 0 1 -0
    outer loop
      vertex -18.4376 1.6 6.18926
      vertex -23 1.6 13
      vertex -18.4221 1.6 6.28288
    endloop
  endfacet
  facet normal 0 1 -0
    outer loop
      vertex -18.4469 1.6 6.09483
      vertex -23 1.6 13
      vertex -18.4376 1.6 6.18926
    endloop
  endfacet
  facet normal 0 1 0
    outer loop
      vertex -20.3 1.6 2
      vertex -18.4469 1.6 6.09483
      vertex -18.45 1.6 6
    endloop
  endfacet
  facet normal 0 1 0
    outer loop
      vertex -20.3 1.6 2
      vertex -18.45 1.6 6
      vertex -18.4469 1.6 5.90516
    endloop
  endfacet
  facet normal 0 1 0
    outer loop
      vertex -20.3 1.6 2
      vertex -18.4469 1.6 5.90516
      vertex -18.4376 1.6 5.81074
    endloop
  endfacet
  facet normal 0 1 0
    outer loop
      vertex -20.3 1.6 2
      vertex -18.4376 1.6 5.81074
      vertex -18.4221 1.6 5.71712
    endloop
  endfacet
  facet normal 0 1 0
    outer loop
      vertex -20.3 1.6 2
      vertex -18.4221 1.6 5.71712
      vertex -18.4006 1.6 5.62471
    endloop
  endfacet
  facet normal 0 1 0
    outer loop
      vertex -20.3 1.6 2
      vertex -18.4006 1.6 5.62471
      vertex -18.373 1.6 5.53391
    endloop
  endfacet
  facet normal 0 1 0
    outer loop
      vertex -20.3 1.6 2
      vertex -18.373 1.6 5.53391
      vertex -18.3396 1.6 5.44511
    endloop
  endfacet
  facet normal 0 1 0
    outer loop
      vertex -20.3 1.6 2
      vertex -18.3396 1.6 5.44511
      vertex -18.3005 1.6 5.35868
    endloop
  endfacet
  facet normal 0 1 0
    outer loop
      vertex -20.3 1.6 2
      vertex -18.3005 1.6 5.35868
      vertex -18.2557 1.6 5.275
    endloop
  endfacet
  facet normal 0 1 0
    outer loop
      vertex -16.275 1.6 4.74426
      vertex -13.2402 1.6 2
      vertex -16.3587 1.6 4.69953
    endloop
  endfacet
  facet normal 0 1 0
    outer loop
      vertex -16.3587 1.6 4.69953
      vertex -13.2402 1.6 2
      vertex -16.4451 1.6 4.66037
    endloop
  endfacet
  facet normal 0 1 0
    outer loop
      vertex -16.4451 1.6 4.66037
      vertex -13.2402 1.6 2
      vertex -16.5339 1.6 4.62695
    endloop
  endfacet
  facet normal 0 1 0
    outer loop
      vertex -16.5339 1.6 4.62695
      vertex -13.2402 1.6 2
      vertex -16.6247 1.6 4.59941
    endloop
  endfacet
  facet normal 0 1 0
    outer loop
      vertex -16.6247 1.6 4.59941
      vertex -13.2402 1.6 2
      vertex -16.7171 1.6 4.57786
    endloop
  endfacet
  facet normal 0 1 0
    outer loop
      vertex -16.7171 1.6 4.57786
      vertex -13.2402 1.6 2
      vertex -16.8107 1.6 4.5624
    endloop
  endfacet
  facet normal 0 1 0
    outer loop
      vertex -16.8107 1.6 4.5624
      vertex -13.2402 1.6 2
      vertex -16.9052 1.6 4.5531
    endloop
  endfacet
  facet normal 0 1 0
    outer loop
      vertex -20.3 1.6 2
      vertex -16.9052 1.6 4.5531
      vertex -13.2402 1.6 2
    endloop
  endfacet
  facet normal 0 1 0
    outer loop
      vertex -16.9052 1.6 4.5531
      vertex -20.3 1.6 2
      vertex -17 1.6 4.55
    endloop
  endfacet
  facet normal 0 1 0
    outer loop
      vertex -17 1.6 4.55
      vertex -20.3 1.6 2
      vertex -17.0948 1.6 4.5531
    endloop
  endfacet
  facet normal 0 1 0
    outer loop
      vertex -17.0948 1.6 4.5531
      vertex -20.3 1.6 2
      vertex -17.1893 1.6 4.5624
    endloop
  endfacet
  facet normal 0 1 0
    outer loop
      vertex -17.1893 1.6 4.5624
      vertex -20.3 1.6 2
      vertex -17.2829 1.6 4.57786
    endloop
  endfacet
  facet normal 0 1 0
    outer loop
      vertex -17.2829 1.6 4.57786
      vertex -20.3 1.6 2
      vertex -17.3753 1.6 4.59941
    endloop
  endfacet
  facet normal 0 1 0
    outer loop
      vertex -17.3753 1.6 4.59941
      vertex -20.3 1.6 2
      vertex -17.4661 1.6 4.62695
    endloop
  endfacet
  facet normal 0 1 0
    outer loop
      vertex -17.4661 1.6 4.62695
      vertex -20.3 1.6 2
      vertex -17.5549 1.6 4.66037
    endloop
  endfacet
  facet normal 0 1 0
    outer loop
      vertex -17.5549 1.6 4.66037
      vertex -20.3 1.6 2
      vertex -17.6413 1.6 4.69953
    endloop
  endfacet
  facet normal 0 1 0
    outer loop
      vertex -17.6413 1.6 4.69953
      vertex -20.3 1.6 2
      vertex -17.725 1.6 4.74426
    endloop
  endfacet
  facet normal 0 1 0
    outer loop
      vertex -20.3 1.6 2
      vertex -17.8056 1.6 4.79437
      vertex -17.725 1.6 4.74426
    endloop
  endfacet
  facet normal 0 1 0
    outer loop
      vertex -20.3 1.6 2
      vertex -17.8827 1.6 4.84964
      vertex -17.8056 1.6 4.79437
    endloop
  endfacet
  facet normal 0 1 0
    outer loop
      vertex -20.3 1.6 2
      vertex -17.9561 1.6 4.90983
      vertex -17.8827 1.6 4.84964
    endloop
  endfacet
  facet normal 0 1 0
    outer loop
      vertex -20.3 1.6 2
      vertex -18.0253 1.6 4.97469
      vertex -17.9561 1.6 4.90983
    endloop
  endfacet
  facet normal 0 1 0
    outer loop
      vertex -20.3 1.6 2
      vertex -18.0902 1.6 5.04395
      vertex -18.0253 1.6 4.97469
    endloop
  endfacet
  facet normal 0 1 0
    outer loop
      vertex -20.3 1.6 2
      vertex -18.1504 1.6 5.1173
      vertex -18.0902 1.6 5.04395
    endloop
  endfacet
  facet normal 0 1 0
    outer loop
      vertex -20.3 1.6 2
      vertex -18.2056 1.6 5.19442
      vertex -18.1504 1.6 5.1173
    endloop
  endfacet
  facet normal 0 1 0
    outer loop
      vertex -20.3 1.6 2
      vertex -18.2557 1.6 5.275
      vertex -18.2056 1.6 5.19442
    endloop
  endfacet
  facet normal 0 1 0
    outer loop
      vertex -18.4469 1.6 6.09483
      vertex -20.3 1.6 2
      vertex -23 1.6 13
    endloop
  endfacet
  facet normal 0 1 0
    outer loop
      vertex -23 1.6 -13
      vertex -20.3 1.6 2
      vertex -20.3 1.6 -12
    endloop
  endfacet
  facet normal 0 1 0
    outer loop
      vertex -20.3 1.6 2
      vertex -23 1.6 -13
      vertex -23 1.6 13
    endloop
  endfacet
  facet normal 0 1 0
    outer loop
      vertex -23 1.6 -13
      vertex -20.3 1.6 -12
      vertex 23 1.6 -13
    endloop
  endfacet
  facet normal 0 1 -0
    outer loop
      vertex -11.8701 1.6 3.34683
      vertex -15.5624 1.6 5.81074
      vertex -11.4446 1.6 3.65176
    endloop
  endfacet
  facet normal 0 1 0
    outer loop
      vertex -15.5624 1.6 5.81074
      vertex -11.8701 1.6 3.34683
      vertex -15.5779 1.6 5.71712
    endloop
  endfacet
  facet normal 0 1 0
    outer loop
      vertex -15.5779 1.6 5.71712
      vertex -11.8701 1.6 3.34683
      vertex -15.5994 1.6 5.62471
    endloop
  endfacet
  facet normal 0 1 0
    outer loop
      vertex -15.5994 1.6 5.62471
      vertex -11.8701 1.6 3.34683
      vertex -15.627 1.6 5.53391
    endloop
  endfacet
  facet normal 0 1 -0
    outer loop
      vertex -12.2748 1.6 3.01472
      vertex -15.627 1.6 5.53391
      vertex -11.8701 1.6 3.34683
    endloop
  endfacet
  facet normal 0 1 0
    outer loop
      vertex -15.627 1.6 5.53391
      vertex -12.2748 1.6 3.01472
      vertex -15.6604 1.6 5.44511
    endloop
  endfacet
  facet normal 0 1 0
    outer loop
      vertex -15.6604 1.6 5.44511
      vertex -12.2748 1.6 3.01472
      vertex -15.6995 1.6 5.35868
    endloop
  endfacet
  facet normal 0 1 0
    outer loop
      vertex -15.6995 1.6 5.35868
      vertex -12.2748 1.6 3.01472
      vertex -15.7443 1.6 5.275
    endloop
  endfacet
  facet normal 0 1 -0
    outer loop
      vertex -12.6569 1.6 2.65685
      vertex -15.7443 1.6 5.275
      vertex -12.2748 1.6 3.01472
    endloop
  endfacet
  facet normal 0 1 0
    outer loop
      vertex -15.7443 1.6 5.275
      vertex -12.6569 1.6 2.65685
      vertex -15.7944 1.6 5.19442
    endloop
  endfacet
  facet normal 0 1 0
    outer loop
      vertex -15.7944 1.6 5.19442
      vertex -12.6569 1.6 2.65685
      vertex -15.8496 1.6 5.1173
    endloop
  endfacet
  facet normal 0 1 -0
    outer loop
      vertex -13.0147 1.6 2.27477
      vertex -15.8496 1.6 5.1173
      vertex -12.6569 1.6 2.65685
    endloop
  endfacet
  facet normal 0 1 0
    outer loop
      vertex -15.8496 1.6 5.1173
      vertex -13.0147 1.6 2.27477
      vertex -15.9098 1.6 5.04395
    endloop
  endfacet
  facet normal 0 1 0
    outer loop
      vertex -15.9098 1.6 5.04395
      vertex -13.0147 1.6 2.27477
      vertex -15.9747 1.6 4.97469
    endloop
  endfacet
  facet normal 0 1 0
    outer loop
      vertex -15.9747 1.6 4.97469
      vertex -13.0147 1.6 2.27477
      vertex -16.0439 1.6 4.90983
    endloop
  endfacet
  facet normal 0 1 -0
    outer loop
      vertex -13.2402 1.6 2
      vertex -16.0439 1.6 4.90983
      vertex -13.0147 1.6 2.27477
    endloop
  endfacet
  facet normal 0 1 0
    outer loop
      vertex -16.0439 1.6 4.90983
      vertex -13.2402 1.6 2
      vertex -16.1173 1.6 4.84964
    endloop
  endfacet
  facet normal 0 1 0
    outer loop
      vertex -16.1173 1.6 4.84964
      vertex -13.2402 1.6 2
      vertex -16.1944 1.6 4.79437
    endloop
  endfacet
  facet normal 0 1 0
    outer loop
      vertex -16.1944 1.6 4.79437
      vertex -13.2402 1.6 2
      vertex -16.275 1.6 4.74426
    endloop
  endfacet
  facet normal 0 -1 0
    outer loop
      vertex 17.1766 -1.6 3.30578
      vertex 17.3388 -1.6 0.402021
      vertex 17.4042 -1.6 0.404162
    endloop
  endfacet
  facet normal 0 -1 0
    outer loop
      vertex 16.7448 -1.6 0.156002
      vertex 15.9979 -1.6 0.465403
      vertex 16 -1.6 0.4
    endloop
  endfacet
  facet normal 0 -1 0
    outer loop
      vertex 15.9914 -1.6 0.530526
      vertex 17.2736 -1.6 0.395607
      vertex 17.3388 -1.6 0.402021
    endloop
  endfacet
  facet normal 0 -1 0
    outer loop
      vertex 15.9914 -1.6 0.530526
      vertex 17.2091 -1.6 0.384948
      vertex 17.2736 -1.6 0.395607
    endloop
  endfacet
  facet normal 0 -1 0
    outer loop
      vertex 15.9914 -1.6 0.530526
      vertex 17.1453 -1.6 0.370089
      vertex 17.2091 -1.6 0.384948
    endloop
  endfacet
  facet normal 0 -1 0
    outer loop
      vertex 15.9914 -1.6 0.530526
      vertex 17.0827 -1.6 0.351092
      vertex 17.1453 -1.6 0.370089
    endloop
  endfacet
  facet normal 0 -1 0
    outer loop
      vertex 16.6971 -1.6 0.111269
      vertex 16 -1.6 0.4
      vertex 15.9979 -1.6 0.334597
    endloop
  endfacet
  facet normal 0 -1 0
    outer loop
      vertex 15.9914 -1.6 0.530526
      vertex 17.0215 -1.6 0.328042
      vertex 17.0827 -1.6 0.351092
    endloop
  endfacet
  facet normal 0 -1 0
    outer loop
      vertex 15.9914 -1.6 0.530526
      vertex 16.9619 -1.6 0.301035
      vertex 17.0215 -1.6 0.328042
    endloop
  endfacet
  facet normal 0 -1 0
    outer loop
      vertex 15.9914 -1.6 0.530526
      vertex 16.9042 -1.6 0.270188
      vertex 16.9619 -1.6 0.301035
    endloop
  endfacet
  facet normal 0 -1 0
    outer loop
      vertex 16.6523 -1.6 0.063508
      vertex 15.9979 -1.6 0.334597
      vertex 15.9914 -1.6 0.269473
    endloop
  endfacet
  facet normal 0 -1 0
    outer loop
      vertex 15.9914 -1.6 0.530526
      vertex 16.8486 -1.6 0.235632
      vertex 16.9042 -1.6 0.270188
    endloop
  endfacet
  facet normal 0 -1 0
    outer loop
      vertex 16.6108 -1.6 0.0129242
      vertex 15.9914 -1.6 0.269473
      vertex 15.9808 -1.6 0.204909
    endloop
  endfacet
  facet normal 0 -1 0
    outer loop
      vertex 15.9914 -1.6 0.530526
      vertex 16.7954 -1.6 0.197515
      vertex 16.8486 -1.6 0.235632
    endloop
  endfacet
  facet normal 0 -1 0
    outer loop
      vertex 15.9979 -1.6 0.465403
      vertex 16.7448 -1.6 0.156002
      vertex 16.7954 -1.6 0.197515
    endloop
  endfacet
  facet normal 0 -1 0
    outer loop
      vertex 16.5727 -1.6 -0.040266
      vertex 15.9808 -1.6 0.204909
      vertex 15.9659 -1.6 0.14118
    endloop
  endfacet
  facet normal 0 -1 0
    outer loop
      vertex 16 -1.6 0.4
      vertex 16.6971 -1.6 0.111269
      vertex 16.7448 -1.6 0.156002
    endloop
  endfacet
  facet normal 0 -1 0
    outer loop
      vertex 16.5381 -1.6 -0.0958366
      vertex 15.9659 -1.6 0.14118
      vertex 15.9469 -1.6 0.0785599
    endloop
  endfacet
  facet normal 0 -1 0
    outer loop
      vertex 15.9979 -1.6 0.334597
      vertex 16.6523 -1.6 0.063508
      vertex 16.6971 -1.6 0.111269
    endloop
  endfacet
  facet normal 0 -1 0
    outer loop
      vertex 16.5073 -1.6 -0.153548
      vertex 15.9469 -1.6 0.0785599
      vertex 15.9239 -1.6 0.0173159
    endloop
  endfacet
  facet normal 0 -1 0
    outer loop
      vertex 15.9914 -1.6 0.269473
      vertex 16.6108 -1.6 0.0129242
      vertex 16.6523 -1.6 0.063508
    endloop
  endfacet
  facet normal 0 -1 0
    outer loop
      vertex 15.9808 -1.6 0.204909
      vertex 16.5727 -1.6 -0.040266
      vertex 16.6108 -1.6 0.0129242
    endloop
  endfacet
  facet normal 0 -1 0
    outer loop
      vertex 16.4803 -1.6 -0.213153
      vertex 15.9239 -1.6 0.0173159
      vertex 15.8969 -1.6 -0.0422878
    endloop
  endfacet
  facet normal 0 -1 0
    outer loop
      vertex 15.9659 -1.6 0.14118
      vertex 16.5381 -1.6 -0.0958366
      vertex 16.5727 -1.6 -0.040266
    endloop
  endfacet
  facet normal 0 -1 0
    outer loop
      vertex 16.4572 -1.6 -0.274397
      vertex 15.8969 -1.6 -0.0422878
      vertex 15.866 -1.6 -0.0999994
    endloop
  endfacet
  facet normal 0 -1 0
    outer loop
      vertex 15.9469 -1.6 0.0785599
      vertex 16.5073 -1.6 -0.153548
      vertex 16.5381 -1.6 -0.0958366
    endloop
  endfacet
  facet normal 0 -1 0
    outer loop
      vertex 16.4382 -1.6 -0.337017
      vertex 15.866 -1.6 -0.0999994
      vertex 15.8315 -1.6 -0.15557
    endloop
  endfacet
  facet normal 0 -1 0
    outer loop
      vertex 16.4234 -1.6 -0.400746
      vertex 15.8315 -1.6 -0.15557
      vertex 15.7934 -1.6 -0.208761
    endloop
  endfacet
  facet normal 0 -1 0
    outer loop
      vertex 15.9239 -1.6 0.0173159
      vertex 16.4803 -1.6 -0.213153
      vertex 16.5073 -1.6 -0.153548
    endloop
  endfacet
  facet normal 0 -1 0
    outer loop
      vertex 16.4127 -1.6 -0.46531
      vertex 15.7934 -1.6 -0.208761
      vertex 15.7518 -1.6 -0.259345
    endloop
  endfacet
  facet normal 0 -1 0
    outer loop
      vertex 15.8969 -1.6 -0.0422878
      vertex 16.4572 -1.6 -0.274397
      vertex 16.4803 -1.6 -0.213153
    endloop
  endfacet
  facet normal 0 -1 0
    outer loop
      vertex 16.4063 -1.6 -0.530434
      vertex 15.7518 -1.6 -0.259345
      vertex 15.7071 -1.6 -0.307106
    endloop
  endfacet
  facet normal 0 -1 0
    outer loop
      vertex 15.866 -1.6 -0.0999994
      vertex 16.4382 -1.6 -0.337017
      vertex 16.4572 -1.6 -0.274397
    endloop
  endfacet
  facet normal 0 -1 0
    outer loop
      vertex 16.4042 -1.6 -0.595837
      vertex 15.7071 -1.6 -0.307106
      vertex 15.6593 -1.6 -0.351839
    endloop
  endfacet
  facet normal 0 -1 0
    outer loop
      vertex 16.4063 -1.6 -0.66124
      vertex 15.6593 -1.6 -0.351839
      vertex 15.6088 -1.6 -0.393353
    endloop
  endfacet
  facet normal 0 -1 0
    outer loop
      vertex 15.8315 -1.6 -0.15557
      vertex 16.4234 -1.6 -0.400746
      vertex 16.4382 -1.6 -0.337017
    endloop
  endfacet
  facet normal 0 -1 0
    outer loop
      vertex 16.4127 -1.6 -0.726362
      vertex 15.6088 -1.6 -0.393353
      vertex 15.5556 -1.6 -0.431469
    endloop
  endfacet
  facet normal 0 -1 0
    outer loop
      vertex 15.7934 -1.6 -0.208761
      vertex 16.4127 -1.6 -0.46531
      vertex 16.4234 -1.6 -0.400746
    endloop
  endfacet
  facet normal 0 -1 0
    outer loop
      vertex 16.4234 -1.6 -0.790927
      vertex 15.5556 -1.6 -0.431469
      vertex 15.5 -1.6 -0.466025
    endloop
  endfacet
  facet normal 0 -1 0
    outer loop
      vertex 16.4382 -1.6 -0.854655
      vertex 15.5 -1.6 -0.466025
      vertex 15.4423 -1.6 -0.496872
    endloop
  endfacet
  facet normal 0 -1 0
    outer loop
      vertex 15.4592 -1.6 -1.89134
      vertex 15.4423 -1.6 -0.496872
      vertex 15.3827 -1.6 -0.523879
    endloop
  endfacet
  facet normal 0 -1 0
    outer loop
      vertex 15.7518 -1.6 -0.259345
      vertex 16.4063 -1.6 -0.530434
      vertex 16.4127 -1.6 -0.46531
    endloop
  endfacet
  facet normal 0 -1 0
    outer loop
      vertex 15.3857 -1.6 -1.86368
      vertex 15.3827 -1.6 -0.523879
      vertex 15.3214 -1.6 -0.546929
    endloop
  endfacet
  facet normal 0 -1 0
    outer loop
      vertex 15.3106 -1.6 -1.84089
      vertex 15.3214 -1.6 -0.546929
      vertex 15.2588 -1.6 -0.565926
    endloop
  endfacet
  facet normal 0 -1 0
    outer loop
      vertex 15.2341 -1.6 -1.82306
      vertex 15.2588 -1.6 -0.565926
      vertex 15.1951 -1.6 -0.580785
    endloop
  endfacet
  facet normal 0 -1 0
    outer loop
      vertex 15.1566 -1.6 -1.81027
      vertex 15.1951 -1.6 -0.580785
      vertex 15.1305 -1.6 -0.591444
    endloop
  endfacet
  facet normal 0 -1 0
    outer loop
      vertex 15.7071 -1.6 -0.307106
      vertex 16.4042 -1.6 -0.595837
      vertex 16.4063 -1.6 -0.530434
    endloop
  endfacet
  facet normal 0 -1 0
    outer loop
      vertex 15.0785 -1.6 -1.80257
      vertex 15.1305 -1.6 -0.591444
      vertex 15.0654 -1.6 -0.597858
    endloop
  endfacet
  facet normal 0 -1 0
    outer loop
      vertex 15 -1.6 -1.8
      vertex 15.0654 -1.6 -0.597858
      vertex 15 -1.6 -0.599999
    endloop
  endfacet
  facet normal 0 -1 -0
    outer loop
      vertex 14.6173 -1.6 -0.523879
      vertex 14.6143 -1.6 -1.86368
      vertex 14.6786 -1.6 -0.546929
    endloop
  endfacet
  facet normal 0 -1 -0
    outer loop
      vertex 15.0654 -1.6 -0.597858
      vertex 15 -1.6 -1.8
      vertex 15.0785 -1.6 -1.80257
    endloop
  endfacet
  facet normal -0 -1 0
    outer loop
      vertex 14.6894 -1.6 -1.84089
      vertex 14.6786 -1.6 -0.546929
      vertex 14.6143 -1.6 -1.86368
    endloop
  endfacet
  facet normal 0 -1 -0
    outer loop
      vertex 15.1305 -1.6 -0.591444
      vertex 15.0785 -1.6 -1.80257
      vertex 15.1566 -1.6 -1.81027
    endloop
  endfacet
  facet normal 0 -1 0
    outer loop
      vertex 14.7412 -1.6 -0.565926
      vertex 14.7659 -1.6 -1.82306
      vertex 14.8049 -1.6 -0.580785
    endloop
  endfacet
  facet normal 0 -1 -0
    outer loop
      vertex 15.1951 -1.6 -0.580785
      vertex 15.1566 -1.6 -1.81027
      vertex 15.2341 -1.6 -1.82306
    endloop
  endfacet
  facet normal -0 -1 0
    outer loop
      vertex 14.8434 -1.6 -1.81027
      vertex 14.8049 -1.6 -0.580785
      vertex 14.7659 -1.6 -1.82306
    endloop
  endfacet
  facet normal 0 -1 0
    outer loop
      vertex 15.6593 -1.6 -0.351839
      vertex 16.4063 -1.6 -0.66124
      vertex 16.4042 -1.6 -0.595837
    endloop
  endfacet
  facet normal -0 -1 0
    outer loop
      vertex 14.7659 -1.6 -1.82306
      vertex 14.7412 -1.6 -0.565926
      vertex 14.6894 -1.6 -1.84089
    endloop
  endfacet
  facet normal 0 -1 -0
    outer loop
      vertex 15.2588 -1.6 -0.565926
      vertex 15.2341 -1.6 -1.82306
      vertex 15.3106 -1.6 -1.84089
    endloop
  endfacet
  facet normal 0 -1 0
    outer loop
      vertex 14.5408 -1.6 -1.89134
      vertex 13.5428 -1.6 -0.917276
      vertex 13.5197 -1.6 -0.978519
    endloop
  endfacet
  facet normal 0 -1 0
    outer loop
      vertex 15.6088 -1.6 -0.393353
      vertex 16.4127 -1.6 -0.726362
      vertex 16.4063 -1.6 -0.66124
    endloop
  endfacet
  facet normal 0 -1 0
    outer loop
      vertex 14.4693 -1.6 -1.92375
      vertex 13.5197 -1.6 -0.978519
      vertex 13.4927 -1.6 -1.03813
    endloop
  endfacet
  facet normal 0 -1 0
    outer loop
      vertex 15.5556 -1.6 -0.431469
      vertex 16.4234 -1.6 -0.790927
      vertex 16.4127 -1.6 -0.726362
    endloop
  endfacet
  facet normal 0 -1 0
    outer loop
      vertex 14.4 -1.6 -1.96077
      vertex 13.4927 -1.6 -1.03813
      vertex 13.4619 -1.6 -1.09584
    endloop
  endfacet
  facet normal 0 -1 -0
    outer loop
      vertex 15.3214 -1.6 -0.546929
      vertex 15.3106 -1.6 -1.84089
      vertex 15.3857 -1.6 -1.86368
    endloop
  endfacet
  facet normal 0 -1 0
    outer loop
      vertex 14.3333 -1.6 -2.00224
      vertex 13.4619 -1.6 -1.09584
      vertex 13.4273 -1.6 -1.15141
    endloop
  endfacet
  facet normal 0 -1 0
    outer loop
      vertex 15.5 -1.6 -0.466025
      vertex 16.4382 -1.6 -0.854655
      vertex 16.4234 -1.6 -0.790927
    endloop
  endfacet
  facet normal 0 -1 0
    outer loop
      vertex 14.2695 -1.6 -2.04798
      vertex 13.4273 -1.6 -1.15141
      vertex 13.3892 -1.6 -1.2046
    endloop
  endfacet
  facet normal 0 -1 0
    outer loop
      vertex 15.3827 -1.6 -0.523879
      vertex 15.3857 -1.6 -1.86368
      vertex 15.4592 -1.6 -1.89134
    endloop
  endfacet
  facet normal 0 -1 0
    outer loop
      vertex 14.2088 -1.6 -2.09779
      vertex 13.3892 -1.6 -1.2046
      vertex 13.3477 -1.6 -1.25518
    endloop
  endfacet
  facet normal 0 -1 0
    outer loop
      vertex 15.4423 -1.6 -0.496872
      vertex 16.4572 -1.6 -0.917276
      vertex 16.4382 -1.6 -0.854655
    endloop
  endfacet
  facet normal 0 -1 0
    outer loop
      vertex 14.1515 -1.6 -2.15147
      vertex 13.3477 -1.6 -1.25518
      vertex 13.3029 -1.6 -1.30294
    endloop
  endfacet
  facet normal 0 -1 0
    outer loop
      vertex 15.4423 -1.6 -0.496872
      vertex 15.4592 -1.6 -1.89134
      vertex 16.4572 -1.6 -0.917276
    endloop
  endfacet
  facet normal 0 -1 0
    outer loop
      vertex 14.1515 -1.6 -2.15147
      vertex 13.3029 -1.6 -1.30294
      vertex 13.2552 -1.6 -1.34768
    endloop
  endfacet
  facet normal 0 -1 -0
    outer loop
      vertex 16.4572 -1.6 -0.917276
      vertex 15.4592 -1.6 -1.89134
      vertex 16.4803 -1.6 -0.978519
    endloop
  endfacet
  facet normal 0 -1 0
    outer loop
      vertex 14.0978 -1.6 -2.20878
      vertex 13.2552 -1.6 -1.34768
      vertex 13.2046 -1.6 -1.38919
    endloop
  endfacet
  facet normal 0 -1 0
    outer loop
      vertex 15.5307 -1.6 -1.92375
      vertex 16.4803 -1.6 -0.978519
      vertex 15.4592 -1.6 -1.89134
    endloop
  endfacet
  facet normal 0 -1 0
    outer loop
      vertex 14.048 -1.6 -2.26949
      vertex 13.2046 -1.6 -1.38919
      vertex 13.1514 -1.6 -1.42731
    endloop
  endfacet
  facet normal 0 -1 -0
    outer loop
      vertex 16.4803 -1.6 -0.978519
      vertex 15.5307 -1.6 -1.92375
      vertex 16.5073 -1.6 -1.03813
    endloop
  endfacet
  facet normal 0 -1 0
    outer loop
      vertex 14.0022 -1.6 -2.33331
      vertex 13.1514 -1.6 -1.42731
      vertex 13.0958 -1.6 -1.46186
    endloop
  endfacet
  facet normal 0 -1 0
    outer loop
      vertex 15.6 -1.6 -1.96077
      vertex 16.5073 -1.6 -1.03813
      vertex 15.5307 -1.6 -1.92375
    endloop
  endfacet
  facet normal 0 -1 0
    outer loop
      vertex 13.9608 -1.6 -2.4
      vertex 13.0958 -1.6 -1.46186
      vertex 13.0381 -1.6 -1.49271
    endloop
  endfacet
  facet normal 0 -1 -0
    outer loop
      vertex 16.5073 -1.6 -1.03813
      vertex 15.6 -1.6 -1.96077
      vertex 16.5381 -1.6 -1.09584
    endloop
  endfacet
  facet normal 0 -1 0
    outer loop
      vertex 13.9238 -1.6 -2.46925
      vertex 13.0381 -1.6 -1.49271
      vertex 12.9785 -1.6 -1.51972
    endloop
  endfacet
  facet normal 0 -1 0
    outer loop
      vertex 15.6667 -1.6 -2.00224
      vertex 16.5381 -1.6 -1.09584
      vertex 15.6 -1.6 -1.96077
    endloop
  endfacet
  facet normal 0 -1 0
    outer loop
      vertex 13.8913 -1.6 -2.54078
      vertex 12.9785 -1.6 -1.51972
      vertex 12.9173 -1.6 -1.54277
    endloop
  endfacet
  facet normal 0 -1 -0
    outer loop
      vertex 16.5381 -1.6 -1.09584
      vertex 15.6667 -1.6 -2.00224
      vertex 16.5727 -1.6 -1.15141
    endloop
  endfacet
  facet normal 0 -1 0
    outer loop
      vertex 12.4969 -1.6 -2.55771
      vertex 12.9173 -1.6 -1.54277
      vertex 12.8547 -1.6 -1.56176
    endloop
  endfacet
  facet normal 0 -1 0
    outer loop
      vertex 15.7305 -1.6 -2.04798
      vertex 16.5727 -1.6 -1.15141
      vertex 15.6667 -1.6 -2.00224
    endloop
  endfacet
  facet normal 0 -1 0
    outer loop
      vertex 12.466 -1.6 -2.5
      vertex 12.8547 -1.6 -1.56176
      vertex 12.7909 -1.6 -1.57662
    endloop
  endfacet
  facet normal 0 -1 -0
    outer loop
      vertex 16.5727 -1.6 -1.15141
      vertex 15.7305 -1.6 -2.04798
      vertex 16.6108 -1.6 -1.2046
    endloop
  endfacet
  facet normal 0 -1 0
    outer loop
      vertex 12.4315 -1.6 -2.44443
      vertex 12.7909 -1.6 -1.57662
      vertex 12.7264 -1.6 -1.58728
    endloop
  endfacet
  facet normal 0 -1 0
    outer loop
      vertex 15.7912 -1.6 -2.09779
      vertex 16.6108 -1.6 -1.2046
      vertex 15.7305 -1.6 -2.04798
    endloop
  endfacet
  facet normal 0 -1 0
    outer loop
      vertex 12.3934 -1.6 -2.39124
      vertex 12.7264 -1.6 -1.58728
      vertex 12.6612 -1.6 -1.5937
    endloop
  endfacet
  facet normal 0 -1 -0
    outer loop
      vertex 16.6108 -1.6 -1.2046
      vertex 15.7912 -1.6 -2.09779
      vertex 16.6523 -1.6 -1.25518
    endloop
  endfacet
  facet normal 0 -1 0
    outer loop
      vertex 12.3518 -1.6 -2.34065
      vertex 12.6612 -1.6 -1.5937
      vertex 12.5958 -1.6 -1.59584
    endloop
  endfacet
  facet normal 0 -1 0
    outer loop
      vertex 15.8485 -1.6 -2.15147
      vertex 16.6523 -1.6 -1.25518
      vertex 15.7912 -1.6 -2.09779
    endloop
  endfacet
  facet normal 0 -1 0
    outer loop
      vertex 15.5 -1.6 3.75503
      vertex 14.9346 -1.6 1.39786
      vertex 15 -1.6 1.4
    endloop
  endfacet
  facet normal 0 -1 0
    outer loop
      vertex 1.66025 -1.6 2
      vertex 14.8695 -1.6 1.39144
      vertex 14.9346 -1.6 1.39786
    endloop
  endfacet
  facet normal 0 -1 0
    outer loop
      vertex 1.66025 -1.6 2
      vertex 14.8049 -1.6 1.38078
      vertex 14.8695 -1.6 1.39144
    endloop
  endfacet
  facet normal 0 -1 0
    outer loop
      vertex 1.66025 -1.6 2
      vertex 14.7412 -1.6 1.36593
      vertex 14.8049 -1.6 1.38078
    endloop
  endfacet
  facet normal 0 -1 0
    outer loop
      vertex 1.66025 -1.6 2
      vertex 14.6786 -1.6 1.34693
      vertex 14.7412 -1.6 1.36593
    endloop
  endfacet
  facet normal 0 -1 0
    outer loop
      vertex 1.66025 -1.6 2
      vertex 14.6173 -1.6 1.32388
      vertex 14.6786 -1.6 1.34693
    endloop
  endfacet
  facet normal 0 -1 0
    outer loop
      vertex 1.66025 -1.6 2
      vertex 14.5577 -1.6 1.29687
      vertex 14.6173 -1.6 1.32388
    endloop
  endfacet
  facet normal 0 -1 0
    outer loop
      vertex 1.66025 -1.6 2
      vertex 14.5 -1.6 1.26602
      vertex 14.5577 -1.6 1.29687
    endloop
  endfacet
  facet normal 0 -1 0
    outer loop
      vertex 1.66025 -1.6 2
      vertex 12.337 -1.6 0.370089
      vertex 14.5 -1.6 1.26602
    endloop
  endfacet
  facet normal 0 -1 0
    outer loop
      vertex 14.5 -1.6 1.26602
      vertex 12.337 -1.6 0.370089
      vertex 14.4444 -1.6 1.23147
    endloop
  endfacet
  facet normal -0 -1 0
    outer loop
      vertex 12.4007 -1.6 0.384948
      vertex 14.4444 -1.6 1.23147
      vertex 12.337 -1.6 0.370089
    endloop
  endfacet
  facet normal 0 -1 0
    outer loop
      vertex 14.4444 -1.6 1.23147
      vertex 12.4007 -1.6 0.384948
      vertex 14.3912 -1.6 1.19335
    endloop
  endfacet
  facet normal -0 -1 0
    outer loop
      vertex 12.4653 -1.6 0.395607
      vertex 14.3912 -1.6 1.19335
      vertex 12.4007 -1.6 0.384948
    endloop
  endfacet
  facet normal 0 -1 0
    outer loop
      vertex 14.3912 -1.6 1.19335
      vertex 12.4653 -1.6 0.395607
      vertex 14.3407 -1.6 1.15184
    endloop
  endfacet
  facet normal -0 -1 0
    outer loop
      vertex 12.5304 -1.6 0.402021
      vertex 14.3407 -1.6 1.15184
      vertex 12.4653 -1.6 0.395607
    endloop
  endfacet
  facet normal 0 -1 0
    outer loop
      vertex 14.3407 -1.6 1.15184
      vertex 12.5304 -1.6 0.402021
      vertex 14.2929 -1.6 1.10711
    endloop
  endfacet
  facet normal 0 -1 0
    outer loop
      vertex 14.2929 -1.6 1.10711
      vertex 12.5958 -1.6 0.404162
      vertex 14.2482 -1.6 1.05935
    endloop
  endfacet
  facet normal 0 -1 0
    outer loop
      vertex 11.8025 -1.6 0.0129242
      vertex 1.96873 -1.6 1.42289
      vertex 2.2388 -1.6 0.826834
    endloop
  endfacet
  facet normal 0 -1 0
    outer loop
      vertex 12.6612 -1.6 0.402021
      vertex 14.2482 -1.6 1.05935
      vertex 12.5958 -1.6 0.404162
    endloop
  endfacet
  facet normal 0 -1 0
    outer loop
      vertex 14.2482 -1.6 1.05935
      vertex 12.6612 -1.6 0.402021
      vertex 14.2066 -1.6 1.00876
    endloop
  endfacet
  facet normal 0 -1 0
    outer loop
      vertex 14.2066 -1.6 1.00876
      vertex 12.7264 -1.6 0.395607
      vertex 14.1685 -1.6 0.95557
    endloop
  endfacet
  facet normal 0 -1 0
    outer loop
      vertex 12.7909 -1.6 0.384948
      vertex 14.1685 -1.6 0.95557
      vertex 12.7264 -1.6 0.395607
    endloop
  endfacet
  facet normal 0 -1 0
    outer loop
      vertex 12.8547 -1.6 0.370089
      vertex 14.134 -1.6 0.9
      vertex 12.7909 -1.6 0.384948
    endloop
  endfacet
  facet normal 0 -1 0
    outer loop
      vertex 14.134 -1.6 0.9
      vertex 12.8547 -1.6 0.370089
      vertex 14.1031 -1.6 0.842288
    endloop
  endfacet
  facet normal 0 -1 0
    outer loop
      vertex 14.1031 -1.6 0.842288
      vertex 12.9173 -1.6 0.351092
      vertex 14.0761 -1.6 0.782683
    endloop
  endfacet
  facet normal 0 -1 0
    outer loop
      vertex 12.9173 -1.6 0.351092
      vertex 14.1031 -1.6 0.842288
      vertex 12.8547 -1.6 0.370089
    endloop
  endfacet
  facet normal 0 -1 0
    outer loop
      vertex 14.1685 -1.6 0.95557
      vertex 12.7909 -1.6 0.384948
      vertex 14.134 -1.6 0.9
    endloop
  endfacet
  facet normal 0 -1 0
    outer loop
      vertex 12.7264 -1.6 0.395607
      vertex 14.2066 -1.6 1.00876
      vertex 12.6612 -1.6 0.402021
    endloop
  endfacet
  facet normal -0 -1 0
    outer loop
      vertex 12.5958 -1.6 0.404162
      vertex 14.2929 -1.6 1.10711
      vertex 12.5304 -1.6 0.402021
    endloop
  endfacet
  facet normal 0 -1 0
    outer loop
      vertex 1.66025 -1.6 2
      vertex 12.2744 -1.6 0.351092
      vertex 12.337 -1.6 0.370089
    endloop
  endfacet
  facet normal 0 -1 0
    outer loop
      vertex 1.66025 -1.6 2
      vertex 12.2132 -1.6 0.328042
      vertex 12.2744 -1.6 0.351092
    endloop
  endfacet
  facet normal 0 -1 0
    outer loop
      vertex 1.66025 -1.6 2
      vertex 12.1535 -1.6 0.301035
      vertex 12.2132 -1.6 0.328042
    endloop
  endfacet
  facet normal 0 -1 0
    outer loop
      vertex 1.66025 -1.6 2
      vertex 12.0958 -1.6 0.270188
      vertex 12.1535 -1.6 0.301035
    endloop
  endfacet
  facet normal 0 -1 0
    outer loop
      vertex 1.66025 -1.6 2
      vertex 12.0403 -1.6 0.235632
      vertex 12.0958 -1.6 0.270188
    endloop
  endfacet
  facet normal 0 -1 0
    outer loop
      vertex 11.7298 -1.6 -0.0958366
      vertex 2.2388 -1.6 0.826834
      vertex 2.4693 -1.6 0.214395
    endloop
  endfacet
  facet normal 0 -1 0
    outer loop
      vertex 1.66025 -1.6 2
      vertex 11.9871 -1.6 0.197515
      vertex 12.0403 -1.6 0.235632
    endloop
  endfacet
  facet normal 0 -1 0
    outer loop
      vertex 1.66025 -1.6 2
      vertex 11.9365 -1.6 0.156002
      vertex 11.9871 -1.6 0.197515
    endloop
  endfacet
  facet normal 0 -1 0
    outer loop
      vertex 1.66025 -1.6 2
      vertex 11.8887 -1.6 0.111269
      vertex 11.9365 -1.6 0.156002
    endloop
  endfacet
  facet normal 0 -1 0
    outer loop
      vertex 1.96873 -1.6 1.42289
      vertex 11.844 -1.6 0.063508
      vertex 11.8887 -1.6 0.111269
    endloop
  endfacet
  facet normal 0 -1 0
    outer loop
      vertex 1.96873 -1.6 1.42289
      vertex 11.8025 -1.6 0.0129242
      vertex 11.844 -1.6 0.063508
    endloop
  endfacet
  facet normal 0 -1 0
    outer loop
      vertex 2.2388 -1.6 0.826834
      vertex 11.7644 -1.6 -0.040266
      vertex 11.8025 -1.6 0.0129242
    endloop
  endfacet
  facet normal 0 -1 0
    outer loop
      vertex 2.2388 -1.6 0.826834
      vertex 11.7298 -1.6 -0.0958366
      vertex 11.7644 -1.6 -0.040266
    endloop
  endfacet
  facet normal 0 -1 0
    outer loop
      vertex 2.4693 -1.6 0.214395
      vertex 11.699 -1.6 -0.153548
      vertex 11.7298 -1.6 -0.0958366
    endloop
  endfacet
  facet normal 0 -1 0
    outer loop
      vertex 2.4693 -1.6 0.214395
      vertex 11.672 -1.6 -0.213153
      vertex 11.699 -1.6 -0.153548
    endloop
  endfacet
  facet normal 0 -1 0
    outer loop
      vertex 2.4693 -1.6 0.214395
      vertex 11.6489 -1.6 -0.274397
      vertex 11.672 -1.6 -0.213153
    endloop
  endfacet
  facet normal 0 -1 0
    outer loop
      vertex 2.65926 -1.6 -0.411809
      vertex 11.6489 -1.6 -0.274397
      vertex 2.4693 -1.6 0.214395
    endloop
  endfacet
  facet normal 0 -1 0
    outer loop
      vertex 11.6489 -1.6 -0.274397
      vertex 2.65926 -1.6 -0.411809
      vertex 11.6299 -1.6 -0.337017
    endloop
  endfacet
  facet normal 0 -1 0
    outer loop
      vertex 11.6299 -1.6 -0.337017
      vertex 2.65926 -1.6 -0.411809
      vertex 11.6151 -1.6 -0.400746
    endloop
  endfacet
  facet normal 0 -1 0
    outer loop
      vertex 2.65926 -1.6 -0.411809
      vertex 11.6044 -1.6 -0.46531
      vertex 11.6151 -1.6 -0.400746
    endloop
  endfacet
  facet normal 0 -1 0
    outer loop
      vertex 2.80785 -1.6 -1.0491
      vertex 11.6044 -1.6 -0.46531
      vertex 2.65926 -1.6 -0.411809
    endloop
  endfacet
  facet normal 0 -1 0
    outer loop
      vertex 11.6044 -1.6 -0.46531
      vertex 2.80785 -1.6 -1.0491
      vertex 11.598 -1.6 -0.530434
    endloop
  endfacet
  facet normal 0 -1 0
    outer loop
      vertex 11.598 -1.6 -0.530434
      vertex 2.80785 -1.6 -1.0491
      vertex 11.5958 -1.6 -0.595837
    endloop
  endfacet
  facet normal 0 -1 0
    outer loop
      vertex 11.3412 -1.6 -2.03407
      vertex 11.5958 -1.6 -0.595837
      vertex 2.80785 -1.6 -1.0491
    endloop
  endfacet
  facet normal 0 -1 -0
    outer loop
      vertex 11.5958 -1.6 -0.595837
      vertex 11.3412 -1.6 -2.03407
      vertex 11.598 -1.6 -0.66124
    endloop
  endfacet
  facet normal 0 -1 -0
    outer loop
      vertex 11.598 -1.6 -0.66124
      vertex 11.3412 -1.6 -2.03407
      vertex 11.6044 -1.6 -0.726362
    endloop
  endfacet
  facet normal 0 -1 -0
    outer loop
      vertex 11.6044 -1.6 -0.726362
      vertex 11.3412 -1.6 -2.03407
      vertex 11.6151 -1.6 -0.790927
    endloop
  endfacet
  facet normal 0 -1 -0
    outer loop
      vertex 11.6151 -1.6 -0.790927
      vertex 11.3412 -1.6 -2.03407
      vertex 11.6299 -1.6 -0.854655
    endloop
  endfacet
  facet normal 0 -1 -0
    outer loop
      vertex 11.6299 -1.6 -0.854655
      vertex 11.3412 -1.6 -2.03407
      vertex 11.6489 -1.6 -0.917276
    endloop
  endfacet
  facet normal 0 -1 -0
    outer loop
      vertex 11.6489 -1.6 -0.917276
      vertex 11.3412 -1.6 -2.03407
      vertex 11.672 -1.6 -0.978519
    endloop
  endfacet
  facet normal 0 -1 -0
    outer loop
      vertex 11.672 -1.6 -0.978519
      vertex 11.3412 -1.6 -2.03407
      vertex 11.699 -1.6 -1.03813
    endloop
  endfacet
  facet normal 0 -1 -0
    outer loop
      vertex 11.699 -1.6 -1.03813
      vertex 11.3412 -1.6 -2.03407
      vertex 11.7298 -1.6 -1.09584
    endloop
  endfacet
  facet normal 0 -1 -0
    outer loop
      vertex 11.7298 -1.6 -1.09584
      vertex 11.3412 -1.6 -2.03407
      vertex 11.7644 -1.6 -1.15141
    endloop
  endfacet
  facet normal -0 -1 0
    outer loop
      vertex 11.4049 -1.6 -2.01921
      vertex 11.7644 -1.6 -1.15141
      vertex 11.3412 -1.6 -2.03407
    endloop
  endfacet
  facet normal 0 -1 -0
    outer loop
      vertex 11.7644 -1.6 -1.15141
      vertex 11.4049 -1.6 -2.01921
      vertex 11.8025 -1.6 -1.2046
    endloop
  endfacet
  facet normal -0 -1 0
    outer loop
      vertex 11.4695 -1.6 -2.00855
      vertex 11.8025 -1.6 -1.2046
      vertex 11.4049 -1.6 -2.01921
    endloop
  endfacet
  facet normal 0 -1 -0
    outer loop
      vertex 11.8025 -1.6 -1.2046
      vertex 11.4695 -1.6 -2.00855
      vertex 11.844 -1.6 -1.25518
    endloop
  endfacet
  facet normal -0 -1 0
    outer loop
      vertex 11.5346 -1.6 -2.00214
      vertex 11.844 -1.6 -1.25518
      vertex 11.4695 -1.6 -2.00855
    endloop
  endfacet
  facet normal 0 -1 -0
    outer loop
      vertex 11.844 -1.6 -1.25518
      vertex 11.5346 -1.6 -2.00214
      vertex 11.8887 -1.6 -1.30294
    endloop
  endfacet
  facet normal -0 -1 0
    outer loop
      vertex 11.6 -1.6 -2
      vertex 11.8887 -1.6 -1.30294
      vertex 11.5346 -1.6 -2.00214
    endloop
  endfacet
  facet normal 0 -1 -0
    outer loop
      vertex 11.8887 -1.6 -1.30294
      vertex 11.6 -1.6 -2
      vertex 11.9365 -1.6 -1.34768
    endloop
  endfacet
  facet normal 0 -1 0
    outer loop
      vertex 11.6654 -1.6 -2.00214
      vertex 11.9365 -1.6 -1.34768
      vertex 11.6 -1.6 -2
    endloop
  endfacet
  facet normal 0 -1 -0
    outer loop
      vertex 11.9365 -1.6 -1.34768
      vertex 11.6654 -1.6 -2.00214
      vertex 11.9871 -1.6 -1.38919
    endloop
  endfacet
  facet normal 0 -1 0
    outer loop
      vertex 11.7305 -1.6 -2.00855
      vertex 11.9871 -1.6 -1.38919
      vertex 11.6654 -1.6 -2.00214
    endloop
  endfacet
  facet normal 0 -1 -0
    outer loop
      vertex 11.9871 -1.6 -1.38919
      vertex 11.7305 -1.6 -2.00855
      vertex 12.0403 -1.6 -1.42731
    endloop
  endfacet
  facet normal 0 -1 0
    outer loop
      vertex 11.7951 -1.6 -2.01921
      vertex 12.0403 -1.6 -1.42731
      vertex 11.7305 -1.6 -2.00855
    endloop
  endfacet
  facet normal 0 -1 0
    outer loop
      vertex 11.8588 -1.6 -2.03407
      vertex 12.0958 -1.6 -1.46186
      vertex 11.7951 -1.6 -2.01921
    endloop
  endfacet
  facet normal 0 -1 -0
    outer loop
      vertex 12.0403 -1.6 -1.42731
      vertex 11.7951 -1.6 -2.01921
      vertex 12.0958 -1.6 -1.46186
    endloop
  endfacet
  facet normal 0 -1 0
    outer loop
      vertex 11.3412 -1.6 -2.03407
      vertex 2.80785 -1.6 -1.0491
      vertex 2.91445 -1.6 -1.69474
    endloop
  endfacet
  facet normal 0 -1 0
    outer loop
      vertex 12.9785 -1.6 0.328042
      vertex 14.0761 -1.6 0.782683
      vertex 12.9173 -1.6 0.351092
    endloop
  endfacet
  facet normal 0 -1 0
    outer loop
      vertex 14.0761 -1.6 0.782683
      vertex 12.9785 -1.6 0.328042
      vertex 14.0531 -1.6 0.721439
    endloop
  endfacet
  facet normal 0 -1 0
    outer loop
      vertex 13.0381 -1.6 0.301035
      vertex 14.0531 -1.6 0.721439
      vertex 12.9785 -1.6 0.328042
    endloop
  endfacet
  facet normal 0 -1 0
    outer loop
      vertex 14.0531 -1.6 0.721439
      vertex 13.0381 -1.6 0.301035
      vertex 14.0341 -1.6 0.658818
    endloop
  endfacet
  facet normal 0 -1 0
    outer loop
      vertex 13.0958 -1.6 0.270188
      vertex 14.0341 -1.6 0.658818
      vertex 13.0381 -1.6 0.301035
    endloop
  endfacet
  facet normal 0 -1 0
    outer loop
      vertex 14.0341 -1.6 0.658818
      vertex 13.0958 -1.6 0.270188
      vertex 14.0192 -1.6 0.59509
    endloop
  endfacet
  facet normal 0 -1 0
    outer loop
      vertex 13.1514 -1.6 0.235632
      vertex 14.0192 -1.6 0.59509
      vertex 13.0958 -1.6 0.270188
    endloop
  endfacet
  facet normal 0 -1 0
    outer loop
      vertex 14.0192 -1.6 0.59509
      vertex 13.1514 -1.6 0.235632
      vertex 14.0086 -1.6 0.530526
    endloop
  endfacet
  facet normal 0 -1 0
    outer loop
      vertex 13.2046 -1.6 0.197515
      vertex 14.0086 -1.6 0.530526
      vertex 13.1514 -1.6 0.235632
    endloop
  endfacet
  facet normal 0 -1 0
    outer loop
      vertex 14.0086 -1.6 0.530526
      vertex 13.2046 -1.6 0.197515
      vertex 14.0021 -1.6 0.465403
    endloop
  endfacet
  facet normal 0 -1 0
    outer loop
      vertex 13.2552 -1.6 0.156002
      vertex 14.0021 -1.6 0.465403
      vertex 13.2046 -1.6 0.197515
    endloop
  endfacet
  facet normal 0 -1 0
    outer loop
      vertex 14.0021 -1.6 0.465403
      vertex 13.2552 -1.6 0.156002
      vertex 14 -1.6 0.4
    endloop
  endfacet
  facet normal 0 -1 0
    outer loop
      vertex 13.3029 -1.6 0.111269
      vertex 14 -1.6 0.4
      vertex 13.2552 -1.6 0.156002
    endloop
  endfacet
  facet normal 0 -1 -0
    outer loop
      vertex 14 -1.6 0.4
      vertex 13.3029 -1.6 0.111269
      vertex 14.0021 -1.6 0.334597
    endloop
  endfacet
  facet normal 0 -1 0
    outer loop
      vertex 13.3477 -1.6 0.063508
      vertex 14.0021 -1.6 0.334597
      vertex 13.3029 -1.6 0.111269
    endloop
  endfacet
  facet normal 0 -1 -0
    outer loop
      vertex 14.0021 -1.6 0.334597
      vertex 13.3477 -1.6 0.063508
      vertex 14.0086 -1.6 0.269473
    endloop
  endfacet
  facet normal 0 -1 0
    outer loop
      vertex 13.3892 -1.6 0.0129242
      vertex 14.0086 -1.6 0.269473
      vertex 13.3477 -1.6 0.063508
    endloop
  endfacet
  facet normal 0 -1 -0
    outer loop
      vertex 14.0086 -1.6 0.269473
      vertex 13.3892 -1.6 0.0129242
      vertex 14.0192 -1.6 0.204909
    endloop
  endfacet
  facet normal 0 -1 0
    outer loop
      vertex 13.4273 -1.6 -0.040266
      vertex 14.0192 -1.6 0.204909
      vertex 13.3892 -1.6 0.0129242
    endloop
  endfacet
  facet normal 0 -1 -0
    outer loop
      vertex 14.0192 -1.6 0.204909
      vertex 13.4273 -1.6 -0.040266
      vertex 14.0341 -1.6 0.14118
    endloop
  endfacet
  facet normal 0 -1 0
    outer loop
      vertex 13.4619 -1.6 -0.0958366
      vertex 14.0341 -1.6 0.14118
      vertex 13.4273 -1.6 -0.040266
    endloop
  endfacet
  facet normal 0 -1 -0
    outer loop
      vertex 14.0341 -1.6 0.14118
      vertex 13.4619 -1.6 -0.0958366
      vertex 14.0531 -1.6 0.0785599
    endloop
  endfacet
  facet normal 0 -1 0
    outer loop
      vertex 13.4927 -1.6 -0.153548
      vertex 14.0531 -1.6 0.0785599
      vertex 13.4619 -1.6 -0.0958366
    endloop
  endfacet
  facet normal 0 -1 -0
    outer loop
      vertex 14.0531 -1.6 0.0785599
      vertex 13.4927 -1.6 -0.153548
      vertex 14.0761 -1.6 0.0173159
    endloop
  endfacet
  facet normal 0 -1 0
    outer loop
      vertex 13.5197 -1.6 -0.213153
      vertex 14.0761 -1.6 0.0173159
      vertex 13.4927 -1.6 -0.153548
    endloop
  endfacet
  facet normal 0 -1 -0
    outer loop
      vertex 14.0761 -1.6 0.0173159
      vertex 13.5197 -1.6 -0.213153
      vertex 14.1031 -1.6 -0.0422878
    endloop
  endfacet
  facet normal 0 -1 0
    outer loop
      vertex 13.5428 -1.6 -0.274397
      vertex 14.1031 -1.6 -0.0422878
      vertex 13.5197 -1.6 -0.213153
    endloop
  endfacet
  facet normal 0 -1 -0
    outer loop
      vertex 14.1031 -1.6 -0.0422878
      vertex 13.5428 -1.6 -0.274397
      vertex 14.134 -1.6 -0.0999994
    endloop
  endfacet
  facet normal 0 -1 0
    outer loop
      vertex 13.5618 -1.6 -0.337017
      vertex 14.134 -1.6 -0.0999994
      vertex 13.5428 -1.6 -0.274397
    endloop
  endfacet
  facet normal 0 -1 -0
    outer loop
      vertex 14.134 -1.6 -0.0999994
      vertex 13.5618 -1.6 -0.337017
      vertex 14.1685 -1.6 -0.15557
    endloop
  endfacet
  facet normal 0 -1 0
    outer loop
      vertex 13.5766 -1.6 -0.400746
      vertex 14.1685 -1.6 -0.15557
      vertex 13.5618 -1.6 -0.337017
    endloop
  endfacet
  facet normal 0 -1 -0
    outer loop
      vertex 14.1685 -1.6 -0.15557
      vertex 13.5766 -1.6 -0.400746
      vertex 14.2066 -1.6 -0.208761
    endloop
  endfacet
  facet normal 0 -1 0
    outer loop
      vertex 13.5873 -1.6 -0.46531
      vertex 14.2066 -1.6 -0.208761
      vertex 13.5766 -1.6 -0.400746
    endloop
  endfacet
  facet normal 0 -1 -0
    outer loop
      vertex 14.2066 -1.6 -0.208761
      vertex 13.5873 -1.6 -0.46531
      vertex 14.2482 -1.6 -0.259345
    endloop
  endfacet
  facet normal 0 -1 0
    outer loop
      vertex 13.5937 -1.6 -0.530434
      vertex 14.2482 -1.6 -0.259345
      vertex 13.5873 -1.6 -0.46531
    endloop
  endfacet
  facet normal 0 -1 -0
    outer loop
      vertex 14.2482 -1.6 -0.259345
      vertex 13.5937 -1.6 -0.530434
      vertex 14.2929 -1.6 -0.307106
    endloop
  endfacet
  facet normal 0 -1 0
    outer loop
      vertex 13.5958 -1.6 -0.595837
      vertex 14.2929 -1.6 -0.307106
      vertex 13.5937 -1.6 -0.530434
    endloop
  endfacet
  facet normal 0 -1 -0
    outer loop
      vertex 14.2929 -1.6 -0.307106
      vertex 13.5958 -1.6 -0.595837
      vertex 14.3407 -1.6 -0.351839
    endloop
  endfacet
  facet normal 0 -1 0
    outer loop
      vertex 13.5937 -1.6 -0.66124
      vertex 14.3407 -1.6 -0.351839
      vertex 13.5958 -1.6 -0.595837
    endloop
  endfacet
  facet normal 0 -1 -0
    outer loop
      vertex 14.3407 -1.6 -0.351839
      vertex 13.5937 -1.6 -0.66124
      vertex 14.3912 -1.6 -0.393353
    endloop
  endfacet
  facet normal 0 -1 0
    outer loop
      vertex 13.5873 -1.6 -0.726362
      vertex 14.3912 -1.6 -0.393353
      vertex 13.5937 -1.6 -0.66124
    endloop
  endfacet
  facet normal 0 -1 -0
    outer loop
      vertex 14.3912 -1.6 -0.393353
      vertex 13.5873 -1.6 -0.726362
      vertex 14.4444 -1.6 -0.431469
    endloop
  endfacet
  facet normal 0 -1 0
    outer loop
      vertex 13.5766 -1.6 -0.790927
      vertex 14.4444 -1.6 -0.431469
      vertex 13.5873 -1.6 -0.726362
    endloop
  endfacet
  facet normal 0 -1 -0
    outer loop
      vertex 14.4444 -1.6 -0.431469
      vertex 13.5766 -1.6 -0.790927
      vertex 14.5 -1.6 -0.466025
    endloop
  endfacet
  facet normal 0 -1 0
    outer loop
      vertex 13.5618 -1.6 -0.854655
      vertex 14.5 -1.6 -0.466025
      vertex 13.5766 -1.6 -0.790927
    endloop
  endfacet
  facet normal 0 -1 -0
    outer loop
      vertex 14.5 -1.6 -0.466025
      vertex 13.5618 -1.6 -0.854655
      vertex 14.5577 -1.6 -0.496872
    endloop
  endfacet
  facet normal 0 -1 0
    outer loop
      vertex 13.5428 -1.6 -0.917276
      vertex 14.5577 -1.6 -0.496872
      vertex 13.5618 -1.6 -0.854655
    endloop
  endfacet
  facet normal 0 -1 0
    outer loop
      vertex 14.5408 -1.6 -1.89134
      vertex 14.5577 -1.6 -0.496872
      vertex 13.5428 -1.6 -0.917276
    endloop
  endfacet
  facet normal 0 -1 -0
    outer loop
      vertex 14.5577 -1.6 -0.496872
      vertex 14.5408 -1.6 -1.89134
      vertex 14.6173 -1.6 -0.523879
    endloop
  endfacet
  facet normal -0 -1 0
    outer loop
      vertex 14.6143 -1.6 -1.86368
      vertex 14.6173 -1.6 -0.523879
      vertex 14.5408 -1.6 -1.89134
    endloop
  endfacet
  facet normal 0 -1 0
    outer loop
      vertex -16.4733 -1.6 8.64812
      vertex -23 -1.6 13
      vertex -16.6476 -1.6 8.6769
    endloop
  endfacet
  facet normal 0 -1 0
    outer loop
      vertex 23 -1.6 13
      vertex 16.8234 -1.6 8.69422
      vertex 17 -1.6 8.7
    endloop
  endfacet
  facet normal 0 -1 0
    outer loop
      vertex -16.3012 -1.6 8.608
      vertex -23 -1.6 13
      vertex -16.4733 -1.6 8.64812
    endloop
  endfacet
  facet normal 0 -1 0
    outer loop
      vertex 23 -1.6 13
      vertex 16.6476 -1.6 8.6769
      vertex 16.8234 -1.6 8.69422
    endloop
  endfacet
  facet normal 0 -1 0
    outer loop
      vertex -16.1321 -1.6 8.55671
      vertex -23 -1.6 13
      vertex -16.3012 -1.6 8.608
    endloop
  endfacet
  facet normal 0 -1 0
    outer loop
      vertex 23 -1.6 13
      vertex 16.4733 -1.6 8.64812
      vertex 16.6476 -1.6 8.6769
    endloop
  endfacet
  facet normal 0 -1 0
    outer loop
      vertex -5.69474 -1.6 6.91445
      vertex -23 -1.6 13
      vertex -6.34597 -1.6 6.97859
    endloop
  endfacet
  facet normal 0 -1 0
    outer loop
      vertex 23 -1.6 13
      vertex 16.3012 -1.6 8.608
      vertex 16.4733 -1.6 8.64812
    endloop
  endfacet
  facet normal 0 -1 0
    outer loop
      vertex -15.9668 -1.6 8.49447
      vertex -23 -1.6 13
      vertex -16.1321 -1.6 8.55671
    endloop
  endfacet
  facet normal 0 -1 0
    outer loop
      vertex -23 -1.6 13
      vertex -5.69474 -1.6 6.91445
      vertex 23 -1.6 13
    endloop
  endfacet
  facet normal 0 -1 0
    outer loop
      vertex -23 -1.6 13
      vertex -15.9668 -1.6 8.49447
      vertex -7 -1.6 7
    endloop
  endfacet
  facet normal 0 -1 0
    outer loop
      vertex -5.0491 -1.6 6.80785
      vertex 23 -1.6 13
      vertex -5.69474 -1.6 6.91445
    endloop
  endfacet
  facet normal 0 -1 0
    outer loop
      vertex -7.65403 -1.6 6.97859
      vertex -15.9668 -1.6 8.49447
      vertex -15.8058 -1.6 8.42156
    endloop
  endfacet
  facet normal 0 -1 0
    outer loop
      vertex 23 -1.6 13
      vertex 16.1321 -1.6 8.55671
      vertex 16.3012 -1.6 8.608
    endloop
  endfacet
  facet normal 0 -1 0
    outer loop
      vertex -8.30526 -1.6 6.91445
      vertex -15.8058 -1.6 8.42156
      vertex -15.65 -1.6 8.33827
    endloop
  endfacet
  facet normal 0 -1 0
    outer loop
      vertex -4.41181 -1.6 6.65926
      vertex 23 -1.6 13
      vertex -5.0491 -1.6 6.80785
    endloop
  endfacet
  facet normal 0 -1 0
    outer loop
      vertex -8.30526 -1.6 6.91445
      vertex -15.65 -1.6 8.33827
      vertex -15.5 -1.6 8.24497
    endloop
  endfacet
  facet normal 0 -1 0
    outer loop
      vertex 23 -1.6 13
      vertex 15.9668 -1.6 8.49447
      vertex 16.1321 -1.6 8.55671
    endloop
  endfacet
  facet normal 0 -1 0
    outer loop
      vertex -8.9509 -1.6 6.80785
      vertex -15.5 -1.6 8.24497
      vertex -15.3563 -1.6 8.14205
    endloop
  endfacet
  facet normal 0 -1 0
    outer loop
      vertex 23 -1.6 13
      vertex -4.41181 -1.6 6.65926
      vertex 15.9668 -1.6 8.49447
    endloop
  endfacet
  facet normal 0 -1 0
    outer loop
      vertex -9.58819 -1.6 6.65926
      vertex -15.3563 -1.6 8.14205
      vertex -15.2198 -1.6 8.02997
    endloop
  endfacet
  facet normal 0 -1 0
    outer loop
      vertex 15.9668 -1.6 8.49447
      vertex -4.41181 -1.6 6.65926
      vertex 15.8058 -1.6 8.42156
    endloop
  endfacet
  facet normal 0 -1 0
    outer loop
      vertex -9.58819 -1.6 6.65926
      vertex -15.2198 -1.6 8.02997
      vertex -15.0908 -1.6 7.90919
    endloop
  endfacet
  facet normal 0 -1 0
    outer loop
      vertex -3.7856 -1.6 6.4693
      vertex 15.8058 -1.6 8.42156
      vertex -4.41181 -1.6 6.65926
    endloop
  endfacet
  facet normal 0 -1 0
    outer loop
      vertex -10.2144 -1.6 6.4693
      vertex -15.0908 -1.6 7.90919
      vertex -14.97 -1.6 7.78023
    endloop
  endfacet
  facet normal 0 -1 0
    outer loop
      vertex 15.8058 -1.6 8.42156
      vertex -3.7856 -1.6 6.4693
      vertex 15.65 -1.6 8.33827
    endloop
  endfacet
  facet normal 0 -1 0
    outer loop
      vertex -10.2144 -1.6 6.4693
      vertex -14.97 -1.6 7.78023
      vertex -14.8579 -1.6 7.64366
    endloop
  endfacet
  facet normal 0 -1 0
    outer loop
      vertex 15.65 -1.6 8.33827
      vertex -3.7856 -1.6 6.4693
      vertex 15.5 -1.6 8.24497
    endloop
  endfacet
  facet normal 0 -1 0
    outer loop
      vertex -10.8268 -1.6 6.2388
      vertex -14.8579 -1.6 7.64366
      vertex -14.755 -1.6 7.50004
    endloop
  endfacet
  facet normal 0 -1 0
    outer loop
      vertex -23 -1.6 13
      vertex -7 -1.6 7
      vertex -6.34597 -1.6 6.97859
    endloop
  endfacet
  facet normal 0 -1 0
    outer loop
      vertex -10.8268 -1.6 6.2388
      vertex -14.755 -1.6 7.50004
      vertex -14.6617 -1.6 7.35
    endloop
  endfacet
  facet normal 0 -1 0
    outer loop
      vertex -3.17317 -1.6 6.2388
      vertex 15.5 -1.6 8.24497
      vertex -3.7856 -1.6 6.4693
    endloop
  endfacet
  facet normal 0 -1 0
    outer loop
      vertex -10.8268 -1.6 6.2388
      vertex -14.6617 -1.6 7.35
      vertex -14.5784 -1.6 7.19418
    endloop
  endfacet
  facet normal 0 -1 0
    outer loop
      vertex 15.5 -1.6 8.24497
      vertex -3.17317 -1.6 6.2388
      vertex 15.3563 -1.6 8.14205
    endloop
  endfacet
  facet normal 0 -1 0
    outer loop
      vertex -11.4229 -1.6 5.96873
      vertex -14.5784 -1.6 7.19418
      vertex -14.5055 -1.6 7.03325
    endloop
  endfacet
  facet normal 0 -1 0
    outer loop
      vertex -2.57711 -1.6 5.96873
      vertex 15.3563 -1.6 8.14205
      vertex -3.17317 -1.6 6.2388
    endloop
  endfacet
  facet normal 0 -1 0
    outer loop
      vertex 15.3563 -1.6 8.14205
      vertex -2.57711 -1.6 5.96873
      vertex 15.2198 -1.6 8.02997
    endloop
  endfacet
  facet normal 0 -1 0
    outer loop
      vertex -15.9668 -1.6 8.49447
      vertex -7.65403 -1.6 6.97859
      vertex -7 -1.6 7
    endloop
  endfacet
  facet normal 0 -1 0
    outer loop
      vertex -15.8058 -1.6 8.42156
      vertex -8.30526 -1.6 6.91445
      vertex -7.65403 -1.6 6.97859
    endloop
  endfacet
  facet normal 0 -1 0
    outer loop
      vertex -11.4229 -1.6 5.96873
      vertex -14.5055 -1.6 7.03325
      vertex -14.4433 -1.6 6.86789
    endloop
  endfacet
  facet normal 0 -1 0
    outer loop
      vertex -15.5 -1.6 8.24497
      vertex -8.9509 -1.6 6.80785
      vertex -8.30526 -1.6 6.91445
    endloop
  endfacet
  facet normal 0 -1 0
    outer loop
      vertex -12 -1.6 5.66025
      vertex -14.4433 -1.6 6.86789
      vertex -14.392 -1.6 6.69881
    endloop
  endfacet
  facet normal 0 -1 0
    outer loop
      vertex -15.3563 -1.6 8.14205
      vertex -9.58819 -1.6 6.65926
      vertex -8.9509 -1.6 6.80785
    endloop
  endfacet
  facet normal 0 -1 0
    outer loop
      vertex -12 -1.6 5.66025
      vertex -14.392 -1.6 6.69881
      vertex -14.3519 -1.6 6.52674
    endloop
  endfacet
  facet normal 0 -1 0
    outer loop
      vertex -15.0908 -1.6 7.90919
      vertex -10.2144 -1.6 6.4693
      vertex -9.58819 -1.6 6.65926
    endloop
  endfacet
  facet normal 0 -1 0
    outer loop
      vertex -12 -1.6 5.66025
      vertex -14.3519 -1.6 6.52674
      vertex -14.3231 -1.6 6.35242
    endloop
  endfacet
  facet normal 0 -1 0
    outer loop
      vertex -14.8579 -1.6 7.64366
      vertex -10.8268 -1.6 6.2388
      vertex -10.2144 -1.6 6.4693
    endloop
  endfacet
  facet normal 0 -1 0
    outer loop
      vertex -12.5557 -1.6 5.3147
      vertex -14.3231 -1.6 6.35242
      vertex -14.3058 -1.6 6.17659
    endloop
  endfacet
  facet normal 0 -1 0
    outer loop
      vertex -12.5557 -1.6 5.3147
      vertex -14.3058 -1.6 6.17659
      vertex -14.3 -1.6 6
    endloop
  endfacet
  facet normal 0 -1 0
    outer loop
      vertex -14.5784 -1.6 7.19418
      vertex -11.4229 -1.6 5.96873
      vertex -10.8268 -1.6 6.2388
    endloop
  endfacet
  facet normal 0 -1 0
    outer loop
      vertex -12.5557 -1.6 5.3147
      vertex -14.3 -1.6 6
      vertex -14.3058 -1.6 5.82341
    endloop
  endfacet
  facet normal 0 -1 0
    outer loop
      vertex -14.4433 -1.6 6.86789
      vertex -12 -1.6 5.66025
      vertex -11.4229 -1.6 5.96873
    endloop
  endfacet
  facet normal 0 -1 0
    outer loop
      vertex -13.0876 -1.6 4.93353
      vertex -14.3058 -1.6 5.82341
      vertex -14.3231 -1.6 5.64758
    endloop
  endfacet
  facet normal 0 -1 0
    outer loop
      vertex -13.0876 -1.6 4.93353
      vertex -14.3231 -1.6 5.64758
      vertex -14.3519 -1.6 5.47326
    endloop
  endfacet
  facet normal 0 -1 0
    outer loop
      vertex -14.3231 -1.6 6.35242
      vertex -12.5557 -1.6 5.3147
      vertex -12 -1.6 5.66025
    endloop
  endfacet
  facet normal 0 -1 0
    outer loop
      vertex -13.0876 -1.6 4.93353
      vertex -14.3519 -1.6 5.47326
      vertex -14.392 -1.6 5.30119
    endloop
  endfacet
  facet normal 0 -1 0
    outer loop
      vertex -13.5935 -1.6 4.5184
      vertex -14.392 -1.6 5.30119
      vertex -14.4433 -1.6 5.13211
    endloop
  endfacet
  facet normal 0 -1 0
    outer loop
      vertex -13.5935 -1.6 4.5184
      vertex -14.4433 -1.6 5.13211
      vertex -14.5055 -1.6 4.96675
    endloop
  endfacet
  facet normal 0 -1 0
    outer loop
      vertex -14.3058 -1.6 5.82341
      vertex -13.0876 -1.6 4.93353
      vertex -12.5557 -1.6 5.3147
    endloop
  endfacet
  facet normal 0 -1 0
    outer loop
      vertex -13.5935 -1.6 4.5184
      vertex -14.5055 -1.6 4.96675
      vertex -14.5784 -1.6 4.80582
    endloop
  endfacet
  facet normal 0 -1 0
    outer loop
      vertex -14.0711 -1.6 4.07107
      vertex -14.5784 -1.6 4.80582
      vertex -14.6617 -1.6 4.65
    endloop
  endfacet
  facet normal 0 -1 0
    outer loop
      vertex -14.392 -1.6 5.30119
      vertex -13.5935 -1.6 4.5184
      vertex -13.0876 -1.6 4.93353
    endloop
  endfacet
  facet normal 0 -1 0
    outer loop
      vertex -14.0711 -1.6 4.07107
      vertex -14.6617 -1.6 4.65
      vertex -14.755 -1.6 4.49996
    endloop
  endfacet
  facet normal 0 -1 0
    outer loop
      vertex -14.0711 -1.6 4.07107
      vertex -14.755 -1.6 4.49996
      vertex -14.8579 -1.6 4.35634
    endloop
  endfacet
  facet normal 0 -1 0
    outer loop
      vertex -14.5184 -1.6 3.59346
      vertex -14.8579 -1.6 4.35634
      vertex -14.97 -1.6 4.21977
    endloop
  endfacet
  facet normal 0 -1 0
    outer loop
      vertex -14.5184 -1.6 3.59346
      vertex -14.97 -1.6 4.21977
      vertex -15.0908 -1.6 4.09081
    endloop
  endfacet
  facet normal 0 -1 0
    outer loop
      vertex -14.5784 -1.6 4.80582
      vertex -14.0711 -1.6 4.07107
      vertex -13.5935 -1.6 4.5184
    endloop
  endfacet
  facet normal 0 -1 0
    outer loop
      vertex -14.5184 -1.6 3.59346
      vertex -15.0908 -1.6 4.09081
      vertex -15.2198 -1.6 3.97003
    endloop
  endfacet
  facet normal 0 -1 0
    outer loop
      vertex -14.5184 -1.6 3.59346
      vertex -15.2198 -1.6 3.97003
      vertex -15.3563 -1.6 3.85795
    endloop
  endfacet
  facet normal 0 -1 0
    outer loop
      vertex -14.9335 -1.6 3.08761
      vertex -15.3563 -1.6 3.85795
      vertex -15.5 -1.6 3.75503
    endloop
  endfacet
  facet normal 0 -1 0
    outer loop
      vertex -14.9335 -1.6 3.08761
      vertex -15.5 -1.6 3.75503
      vertex -15.65 -1.6 3.66173
    endloop
  endfacet
  facet normal 0 -1 0
    outer loop
      vertex -14.8579 -1.6 4.35634
      vertex -14.5184 -1.6 3.59346
      vertex -14.0711 -1.6 4.07107
    endloop
  endfacet
  facet normal 0 -1 0
    outer loop
      vertex -14.9335 -1.6 3.08761
      vertex -15.65 -1.6 3.66173
      vertex -15.8058 -1.6 3.57844
    endloop
  endfacet
  facet normal 0 -1 0
    outer loop
      vertex -15.3147 -1.6 2.5557
      vertex -15.8058 -1.6 3.57844
      vertex -15.9668 -1.6 3.50552
    endloop
  endfacet
  facet normal 0 -1 0
    outer loop
      vertex -15.3147 -1.6 2.5557
      vertex -15.9668 -1.6 3.50552
      vertex -16.1321 -1.6 3.44329
    endloop
  endfacet
  facet normal 0 -1 0
    outer loop
      vertex -15.3147 -1.6 2.5557
      vertex -16.1321 -1.6 3.44329
      vertex -16.3012 -1.6 3.392
    endloop
  endfacet
  facet normal 0 -1 0
    outer loop
      vertex -15.6603 -1.6 2
      vertex -16.3012 -1.6 3.392
      vertex -16.4733 -1.6 3.35188
    endloop
  endfacet
  facet normal 0 -1 0
    outer loop
      vertex -15.6603 -1.6 2
      vertex -16.4733 -1.6 3.35188
      vertex -16.6476 -1.6 3.3231
    endloop
  endfacet
  facet normal 0 -1 0
    outer loop
      vertex -15.3563 -1.6 3.85795
      vertex -14.9335 -1.6 3.08761
      vertex -14.5184 -1.6 3.59346
    endloop
  endfacet
  facet normal 0 -1 0
    outer loop
      vertex -15.6603 -1.6 2
      vertex -16.6476 -1.6 3.3231
      vertex -16.8234 -1.6 3.30578
    endloop
  endfacet
  facet normal 0 -1 0
    outer loop
      vertex -15.9687 -1.6 1.42289
      vertex -16.8234 -1.6 3.30578
      vertex -17 -1.6 3.3
    endloop
  endfacet
  facet normal 0 -1 0
    outer loop
      vertex -16.8234 -1.6 8.69422
      vertex -23 -1.6 13
      vertex -17 -1.6 8.7
    endloop
  endfacet
  facet normal 0 -1 0
    outer loop
      vertex -23 -1.6 13
      vertex -17.1766 -1.6 8.69422
      vertex -17 -1.6 8.7
    endloop
  endfacet
  facet normal 0 -1 0
    outer loop
      vertex -23 -1.6 13
      vertex -17.3524 -1.6 8.6769
      vertex -17.1766 -1.6 8.69422
    endloop
  endfacet
  facet normal 0 -1 0
    outer loop
      vertex -23 -1.6 13
      vertex -17.5267 -1.6 8.64812
      vertex -17.3524 -1.6 8.6769
    endloop
  endfacet
  facet normal 0 -1 0
    outer loop
      vertex -23 -1.6 13
      vertex -17.6988 -1.6 8.608
      vertex -17.5267 -1.6 8.64812
    endloop
  endfacet
  facet normal 0 -1 0
    outer loop
      vertex -23 -1.6 13
      vertex -17.8679 -1.6 8.55671
      vertex -17.6988 -1.6 8.608
    endloop
  endfacet
  facet normal 0 -1 0
    outer loop
      vertex -23 -1.6 13
      vertex -18.0332 -1.6 8.49447
      vertex -17.8679 -1.6 8.55671
    endloop
  endfacet
  facet normal 0 -1 0
    outer loop
      vertex -23 -1.6 13
      vertex -18.1942 -1.6 8.42156
      vertex -18.0332 -1.6 8.49447
    endloop
  endfacet
  facet normal 0 -1 0
    outer loop
      vertex -23 -1.6 13
      vertex -18.35 -1.6 8.33827
      vertex -18.1942 -1.6 8.42156
    endloop
  endfacet
  facet normal 0 -1 0
    outer loop
      vertex -23 -1.6 13
      vertex -18.5 -1.6 8.24497
      vertex -18.35 -1.6 8.33827
    endloop
  endfacet
  facet normal 0 -1 0
    outer loop
      vertex -23 -1.6 13
      vertex -18.6437 -1.6 8.14205
      vertex -18.5 -1.6 8.24497
    endloop
  endfacet
  facet normal 0 -1 0
    outer loop
      vertex -23 -1.6 13
      vertex -18.7802 -1.6 8.02997
      vertex -18.6437 -1.6 8.14205
    endloop
  endfacet
  facet normal 0 -1 0
    outer loop
      vertex -23 -1.6 13
      vertex -18.9092 -1.6 7.90919
      vertex -18.7802 -1.6 8.02997
    endloop
  endfacet
  facet normal 0 -1 0
    outer loop
      vertex -23 -1.6 13
      vertex -19.03 -1.6 7.78023
      vertex -18.9092 -1.6 7.90919
    endloop
  endfacet
  facet normal 0 -1 0
    outer loop
      vertex -23 -1.6 13
      vertex -19.1421 -1.6 7.64366
      vertex -19.03 -1.6 7.78023
    endloop
  endfacet
  facet normal 0 -1 0
    outer loop
      vertex -23 -1.6 13
      vertex -19.245 -1.6 7.50004
      vertex -19.1421 -1.6 7.64366
    endloop
  endfacet
  facet normal 0 -1 0
    outer loop
      vertex -23 -1.6 13
      vertex -19.3383 -1.6 7.35
      vertex -19.245 -1.6 7.50004
    endloop
  endfacet
  facet normal 0 -1 0
    outer loop
      vertex -23 -1.6 13
      vertex -19.4216 -1.6 7.19418
      vertex -19.3383 -1.6 7.35
    endloop
  endfacet
  facet normal 0 -1 0
    outer loop
      vertex -23 -1.6 13
      vertex -19.4945 -1.6 7.03325
      vertex -19.4216 -1.6 7.19418
    endloop
  endfacet
  facet normal 0 -1 0
    outer loop
      vertex -23 -1.6 13
      vertex -19.5567 -1.6 6.86789
      vertex -19.4945 -1.6 7.03325
    endloop
  endfacet
  facet normal 0 -1 0
    outer loop
      vertex -23 -1.6 13
      vertex -19.608 -1.6 6.69881
      vertex -19.5567 -1.6 6.86789
    endloop
  endfacet
  facet normal 0 -1 0
    outer loop
      vertex -23 -1.6 13
      vertex -19.6481 -1.6 6.52674
      vertex -19.608 -1.6 6.69881
    endloop
  endfacet
  facet normal 0 -1 0
    outer loop
      vertex -23 -1.6 13
      vertex -19.6769 -1.6 6.35242
      vertex -19.6481 -1.6 6.52674
    endloop
  endfacet
  facet normal 0 -1 0
    outer loop
      vertex -23 -1.6 13
      vertex -19.6942 -1.6 6.17659
      vertex -19.6769 -1.6 6.35242
    endloop
  endfacet
  facet normal 0 -1 0
    outer loop
      vertex -23 -1.6 13
      vertex -19.7 -1.6 6
      vertex -19.6942 -1.6 6.17659
    endloop
  endfacet
  facet normal 0 -1 0
    outer loop
      vertex -23 -1.6 13
      vertex -19.6942 -1.6 5.82341
      vertex -19.7 -1.6 6
    endloop
  endfacet
  facet normal 0 -1 0
    outer loop
      vertex -23 -1.6 13
      vertex -19.6769 -1.6 5.64758
      vertex -19.6942 -1.6 5.82341
    endloop
  endfacet
  facet normal 0 -1 0
    outer loop
      vertex -23 -1.6 13
      vertex -19.6481 -1.6 5.47326
      vertex -19.6769 -1.6 5.64758
    endloop
  endfacet
  facet normal 0 -1 0
    outer loop
      vertex -23 -1.6 13
      vertex -19.608 -1.6 5.30119
      vertex -19.6481 -1.6 5.47326
    endloop
  endfacet
  facet normal 0 -1 0
    outer loop
      vertex -23 -1.6 -13
      vertex -19.608 -1.6 5.30119
      vertex -23 -1.6 13
    endloop
  endfacet
  facet normal 0 -1 -0
    outer loop
      vertex -19.608 -1.6 5.30119
      vertex -23 -1.6 -13
      vertex -19.5567 -1.6 5.13211
    endloop
  endfacet
  facet normal 0 -1 0
    outer loop
      vertex -15.9687 -1.6 1.42289
      vertex -17 -1.6 3.3
      vertex -17.1766 -1.6 3.30578
    endloop
  endfacet
  facet normal 0 -1 0
    outer loop
      vertex -15.8058 -1.6 3.57844
      vertex -15.3147 -1.6 2.5557
      vertex -14.9335 -1.6 3.08761
    endloop
  endfacet
  facet normal 0 -1 0
    outer loop
      vertex -15.9687 -1.6 1.42289
      vertex -17.1766 -1.6 3.30578
      vertex -17.3524 -1.6 3.3231
    endloop
  endfacet
  facet normal 0 -1 0
    outer loop
      vertex -16.2388 -1.6 0.826834
      vertex -17.3524 -1.6 3.3231
      vertex -17.5267 -1.6 3.35188
    endloop
  endfacet
  facet normal 0 -1 0
    outer loop
      vertex -16.2388 -1.6 0.826834
      vertex -17.5267 -1.6 3.35188
      vertex -17.6988 -1.6 3.392
    endloop
  endfacet
  facet normal 0 -1 0
    outer loop
      vertex -16.2388 -1.6 0.826834
      vertex -17.6988 -1.6 3.392
      vertex -17.8679 -1.6 3.44329
    endloop
  endfacet
  facet normal 0 -1 0
    outer loop
      vertex -16.3012 -1.6 3.392
      vertex -15.6603 -1.6 2
      vertex -15.3147 -1.6 2.5557
    endloop
  endfacet
  facet normal 0 -1 0
    outer loop
      vertex -16.4693 -1.6 0.214395
      vertex -17.8679 -1.6 3.44329
      vertex -18.0332 -1.6 3.50552
    endloop
  endfacet
  facet normal 0 -1 0
    outer loop
      vertex -16.4693 -1.6 0.214395
      vertex -18.0332 -1.6 3.50552
      vertex -18.1942 -1.6 3.57844
    endloop
  endfacet
  facet normal 0 -1 0
    outer loop
      vertex -16.6593 -1.6 -0.411809
      vertex -18.1942 -1.6 3.57844
      vertex -18.35 -1.6 3.66173
    endloop
  endfacet
  facet normal 0 -1 0
    outer loop
      vertex -16.8234 -1.6 3.30578
      vertex -15.9687 -1.6 1.42289
      vertex -15.6603 -1.6 2
    endloop
  endfacet
  facet normal 0 -1 0
    outer loop
      vertex -16.6593 -1.6 -0.411809
      vertex -18.35 -1.6 3.66173
      vertex -18.5 -1.6 3.75503
    endloop
  endfacet
  facet normal 0 -1 0
    outer loop
      vertex -16.8079 -1.6 -1.0491
      vertex -18.5 -1.6 3.75503
      vertex -18.6437 -1.6 3.85795
    endloop
  endfacet
  facet normal 0 -1 0
    outer loop
      vertex -16.8079 -1.6 -1.0491
      vertex -18.6437 -1.6 3.85795
      vertex -18.7802 -1.6 3.97003
    endloop
  endfacet
  facet normal 0 -1 0
    outer loop
      vertex -17.3524 -1.6 3.3231
      vertex -16.2388 -1.6 0.826834
      vertex -15.9687 -1.6 1.42289
    endloop
  endfacet
  facet normal 0 -1 0
    outer loop
      vertex -16.9144 -1.6 -1.69474
      vertex -18.7802 -1.6 3.97003
      vertex -18.9092 -1.6 4.09081
    endloop
  endfacet
  facet normal 0 -1 0
    outer loop
      vertex -16.9144 -1.6 -1.69474
      vertex -18.9092 -1.6 4.09081
      vertex -19.03 -1.6 4.21977
    endloop
  endfacet
  facet normal 0 -1 0
    outer loop
      vertex -17.8679 -1.6 3.44329
      vertex -16.4693 -1.6 0.214395
      vertex -16.2388 -1.6 0.826834
    endloop
  endfacet
  facet normal 0 -1 0
    outer loop
      vertex -16.9786 -1.6 -2.34597
      vertex -19.03 -1.6 4.21977
      vertex -19.1421 -1.6 4.35634
    endloop
  endfacet
  facet normal 0 -1 0
    outer loop
      vertex -17 -1.6 -3
      vertex -19.1421 -1.6 4.35634
      vertex -19.245 -1.6 4.49996
    endloop
  endfacet
  facet normal 0 -1 0
    outer loop
      vertex -18.1942 -1.6 3.57844
      vertex -16.6593 -1.6 -0.411809
      vertex -16.4693 -1.6 0.214395
    endloop
  endfacet
  facet normal 0 -1 0
    outer loop
      vertex -23 -1.6 -13
      vertex -19.245 -1.6 4.49996
      vertex -19.3383 -1.6 4.65
    endloop
  endfacet
  facet normal 0 -1 0
    outer loop
      vertex -23 -1.6 -13
      vertex -19.3383 -1.6 4.65
      vertex -19.4216 -1.6 4.80582
    endloop
  endfacet
  facet normal 0 -1 0
    outer loop
      vertex -18.5 -1.6 3.75503
      vertex -16.8079 -1.6 -1.0491
      vertex -16.6593 -1.6 -0.411809
    endloop
  endfacet
  facet normal 0 -1 0
    outer loop
      vertex -23 -1.6 -13
      vertex -19.4216 -1.6 4.80582
      vertex -19.4945 -1.6 4.96675
    endloop
  endfacet
  facet normal 0 -1 0
    outer loop
      vertex -18.7802 -1.6 3.97003
      vertex -16.9144 -1.6 -1.69474
      vertex -16.8079 -1.6 -1.0491
    endloop
  endfacet
  facet normal 0 -1 -0
    outer loop
      vertex -19.5567 -1.6 5.13211
      vertex -23 -1.6 -13
      vertex -19.4945 -1.6 4.96675
    endloop
  endfacet
  facet normal 0 -1 -0
    outer loop
      vertex -19.245 -1.6 4.49996
      vertex -23 -1.6 -13
      vertex -17 -1.6 -3
    endloop
  endfacet
  facet normal 0 -1 0
    outer loop
      vertex -19.03 -1.6 4.21977
      vertex -16.9786 -1.6 -2.34597
      vertex -16.9144 -1.6 -1.69474
    endloop
  endfacet
  facet normal 0 -1 0
    outer loop
      vertex -19.1421 -1.6 4.35634
      vertex -17 -1.6 -3
      vertex -16.9786 -1.6 -2.34597
    endloop
  endfacet
  facet normal 0 -1 -0
    outer loop
      vertex -17 -1.6 -3
      vertex -23 -1.6 -13
      vertex -16.9786 -1.6 -3.65403
    endloop
  endfacet
  facet normal 0 -1 -0
    outer loop
      vertex -16.9786 -1.6 -3.65403
      vertex -23 -1.6 -13
      vertex -16.9144 -1.6 -4.30526
    endloop
  endfacet
  facet normal 0 -1 -0
    outer loop
      vertex -16.9144 -1.6 -4.30526
      vertex -23 -1.6 -13
      vertex -16.8079 -1.6 -4.9509
    endloop
  endfacet
  facet normal 0 -1 -0
    outer loop
      vertex -16.8079 -1.6 -4.9509
      vertex -23 -1.6 -13
      vertex -16.6593 -1.6 -5.58819
    endloop
  endfacet
  facet normal 0 -1 -0
    outer loop
      vertex -16.6593 -1.6 -5.58819
      vertex -23 -1.6 -13
      vertex -16.4693 -1.6 -6.21439
    endloop
  endfacet
  facet normal 0 -1 0
    outer loop
      vertex -23 -1.6 -13
      vertex -16.2388 -1.6 -6.82683
      vertex -16.4693 -1.6 -6.21439
    endloop
  endfacet
  facet normal 0 -1 0
    outer loop
      vertex -23 -1.6 -13
      vertex -15.9687 -1.6 -7.42289
      vertex -16.2388 -1.6 -6.82683
    endloop
  endfacet
  facet normal 0 -1 0
    outer loop
      vertex -23 -1.6 -13
      vertex -15.6603 -1.6 -8
      vertex -15.9687 -1.6 -7.42289
    endloop
  endfacet
  facet normal 0 -1 0
    outer loop
      vertex -23 -1.6 -13
      vertex -15.3147 -1.6 -8.5557
      vertex -15.6603 -1.6 -8
    endloop
  endfacet
  facet normal 0 -1 0
    outer loop
      vertex -23 -1.6 -13
      vertex -14.9335 -1.6 -9.08761
      vertex -15.3147 -1.6 -8.5557
    endloop
  endfacet
  facet normal 0 -1 0
    outer loop
      vertex -23 -1.6 -13
      vertex -14.5184 -1.6 -9.59346
      vertex -14.9335 -1.6 -9.08761
    endloop
  endfacet
  facet normal 0 -1 0
    outer loop
      vertex -23 -1.6 -13
      vertex -14.0711 -1.6 -10.0711
      vertex -14.5184 -1.6 -9.59346
    endloop
  endfacet
  facet normal 0 -1 0
    outer loop
      vertex -23 -1.6 -13
      vertex -13.5935 -1.6 -10.5184
      vertex -14.0711 -1.6 -10.0711
    endloop
  endfacet
  facet normal 0 -1 0
    outer loop
      vertex -23 -1.6 -13
      vertex -13.0876 -1.6 -10.9335
      vertex -13.5935 -1.6 -10.5184
    endloop
  endfacet
  facet normal 0 -1 0
    outer loop
      vertex -23 -1.6 -13
      vertex -12.5557 -1.6 -11.3147
      vertex -13.0876 -1.6 -10.9335
    endloop
  endfacet
  facet normal 0 -1 0
    outer loop
      vertex -23 -1.6 -13
      vertex -12 -1.6 -11.6603
      vertex -12.5557 -1.6 -11.3147
    endloop
  endfacet
  facet normal 0 -1 0
    outer loop
      vertex -23 -1.6 -13
      vertex -11.4229 -1.6 -11.9687
      vertex -12 -1.6 -11.6603
    endloop
  endfacet
  facet normal 0 -1 0
    outer loop
      vertex -23 -1.6 -13
      vertex -10.8268 -1.6 -12.2388
      vertex -11.4229 -1.6 -11.9687
    endloop
  endfacet
  facet normal 0 -1 0
    outer loop
      vertex -23 -1.6 -13
      vertex -10.2144 -1.6 -12.4693
      vertex -10.8268 -1.6 -12.2388
    endloop
  endfacet
  facet normal 0 -1 0
    outer loop
      vertex -23 -1.6 -13
      vertex -9.58819 -1.6 -12.6593
      vertex -10.2144 -1.6 -12.4693
    endloop
  endfacet
  facet normal 0 -1 0
    outer loop
      vertex -23 -1.6 -13
      vertex -8.9509 -1.6 -12.8079
      vertex -9.58819 -1.6 -12.6593
    endloop
  endfacet
  facet normal 0 -1 0
    outer loop
      vertex -23 -1.6 -13
      vertex -8.30526 -1.6 -12.9144
      vertex -8.9509 -1.6 -12.8079
    endloop
  endfacet
  facet normal 0 -1 0
    outer loop
      vertex -23 -1.6 -13
      vertex -7.65403 -1.6 -12.9786
      vertex -8.30526 -1.6 -12.9144
    endloop
  endfacet
  facet normal 0 -1 -0
    outer loop
      vertex -7.65403 -1.6 -12.9786
      vertex -23 -1.6 -13
      vertex -7 -1.6 -13
    endloop
  endfacet
  facet normal 0 -1 0
    outer loop
      vertex -16.6476 -1.6 8.6769
      vertex -23 -1.6 13
      vertex -16.8234 -1.6 8.69422
    endloop
  endfacet
  facet normal 0 -1 0
    outer loop
      vertex 17.1766 -1.6 8.69422
      vertex 23 -1.6 13
      vertex 17 -1.6 8.7
    endloop
  endfacet
  facet normal 0 -1 0
    outer loop
      vertex 17.3524 -1.6 8.6769
      vertex 23 -1.6 13
      vertex 17.1766 -1.6 8.69422
    endloop
  endfacet
  facet normal 0 -1 0
    outer loop
      vertex 17.5267 -1.6 8.64812
      vertex 23 -1.6 13
      vertex 17.3524 -1.6 8.6769
    endloop
  endfacet
  facet normal 0 -1 0
    outer loop
      vertex 17.6988 -1.6 8.608
      vertex 23 -1.6 13
      vertex 17.5267 -1.6 8.64812
    endloop
  endfacet
  facet normal 0 -1 0
    outer loop
      vertex 17.8679 -1.6 8.55671
      vertex 23 -1.6 13
      vertex 17.6988 -1.6 8.608
    endloop
  endfacet
  facet normal 0 -1 0
    outer loop
      vertex 18.0332 -1.6 8.49447
      vertex 23 -1.6 13
      vertex 17.8679 -1.6 8.55671
    endloop
  endfacet
  facet normal 0 -1 0
    outer loop
      vertex 18.1942 -1.6 8.42156
      vertex 23 -1.6 13
      vertex 18.0332 -1.6 8.49447
    endloop
  endfacet
  facet normal 0 -1 0
    outer loop
      vertex 18.35 -1.6 8.33827
      vertex 23 -1.6 13
      vertex 18.1942 -1.6 8.42156
    endloop
  endfacet
  facet normal 0 -1 0
    outer loop
      vertex 18.5 -1.6 8.24497
      vertex 23 -1.6 13
      vertex 18.35 -1.6 8.33827
    endloop
  endfacet
  facet normal 0 -1 0
    outer loop
      vertex 18.6437 -1.6 8.14205
      vertex 23 -1.6 13
      vertex 18.5 -1.6 8.24497
    endloop
  endfacet
  facet normal 0 -1 0
    outer loop
      vertex 18.7802 -1.6 8.02997
      vertex 23 -1.6 13
      vertex 18.6437 -1.6 8.14205
    endloop
  endfacet
  facet normal 0 -1 0
    outer loop
      vertex 18.9092 -1.6 7.90919
      vertex 23 -1.6 13
      vertex 18.7802 -1.6 8.02997
    endloop
  endfacet
  facet normal 0 -1 0
    outer loop
      vertex 19.03 -1.6 7.78023
      vertex 23 -1.6 13
      vertex 18.9092 -1.6 7.90919
    endloop
  endfacet
  facet normal 0 -1 0
    outer loop
      vertex 19.1421 -1.6 7.64366
      vertex 23 -1.6 13
      vertex 19.03 -1.6 7.78023
    endloop
  endfacet
  facet normal 0 -1 0
    outer loop
      vertex 19.245 -1.6 7.50004
      vertex 23 -1.6 13
      vertex 19.1421 -1.6 7.64366
    endloop
  endfacet
  facet normal 0 -1 0
    outer loop
      vertex 19.3383 -1.6 7.35
      vertex 23 -1.6 13
      vertex 19.245 -1.6 7.50004
    endloop
  endfacet
  facet normal 0 -1 0
    outer loop
      vertex 19.4216 -1.6 7.19418
      vertex 23 -1.6 13
      vertex 19.3383 -1.6 7.35
    endloop
  endfacet
  facet normal 0 -1 0
    outer loop
      vertex 19.4945 -1.6 7.03325
      vertex 23 -1.6 13
      vertex 19.4216 -1.6 7.19418
    endloop
  endfacet
  facet normal 0 -1 0
    outer loop
      vertex 19.5567 -1.6 6.86789
      vertex 23 -1.6 13
      vertex 19.4945 -1.6 7.03325
    endloop
  endfacet
  facet normal 0 -1 0
    outer loop
      vertex 19.608 -1.6 6.69881
      vertex 23 -1.6 13
      vertex 19.5567 -1.6 6.86789
    endloop
  endfacet
  facet normal 0 -1 0
    outer loop
      vertex 19.6481 -1.6 6.52674
      vertex 23 -1.6 13
      vertex 19.608 -1.6 6.69881
    endloop
  endfacet
  facet normal 0 -1 0
    outer loop
      vertex 19.6769 -1.6 6.35242
      vertex 23 -1.6 13
      vertex 19.6481 -1.6 6.52674
    endloop
  endfacet
  facet normal 0 -1 0
    outer loop
      vertex 19.6942 -1.6 6.17659
      vertex 23 -1.6 13
      vertex 19.6769 -1.6 6.35242
    endloop
  endfacet
  facet normal 0 -1 0
    outer loop
      vertex 19.7 -1.6 6
      vertex 23 -1.6 13
      vertex 19.6942 -1.6 6.17659
    endloop
  endfacet
  facet normal 0 -1 0
    outer loop
      vertex 19.6942 -1.6 5.82341
      vertex 23 -1.6 13
      vertex 19.7 -1.6 6
    endloop
  endfacet
  facet normal 0 -1 0
    outer loop
      vertex 19.6769 -1.6 5.64758
      vertex 23 -1.6 13
      vertex 19.6942 -1.6 5.82341
    endloop
  endfacet
  facet normal 0 -1 0
    outer loop
      vertex 19.6481 -1.6 5.47326
      vertex 23 -1.6 13
      vertex 19.6769 -1.6 5.64758
    endloop
  endfacet
  facet normal 0 -1 0
    outer loop
      vertex 19.608 -1.6 5.30119
      vertex 23 -1.6 13
      vertex 19.6481 -1.6 5.47326
    endloop
  endfacet
  facet normal 0 -1 0
    outer loop
      vertex 19.3659 -1.6 -2.74118
      vertex 19.608 -1.6 5.30119
      vertex 19.5567 -1.6 5.13211
    endloop
  endfacet
  facet normal 0 -1 0
    outer loop
      vertex 19.3469 -1.6 -2.67856
      vertex 19.5567 -1.6 5.13211
      vertex 19.4945 -1.6 4.96675
    endloop
  endfacet
  facet normal 0 -1 0
    outer loop
      vertex 15.3214 -1.6 1.34693
      vertex 15.9668 -1.6 3.50552
      vertex 15.2588 -1.6 1.36593
    endloop
  endfacet
  facet normal 0 -1 -0
    outer loop
      vertex 15.9668 -1.6 3.50552
      vertex 15.3214 -1.6 1.34693
      vertex 16.1321 -1.6 3.44329
    endloop
  endfacet
  facet normal 0 -1 0
    outer loop
      vertex 14.9346 -1.6 1.39786
      vertex 1.3147 -1.6 2.5557
      vertex 1.66025 -1.6 2
    endloop
  endfacet
  facet normal 0 -1 0
    outer loop
      vertex 11.8887 -1.6 0.111269
      vertex 1.66025 -1.6 2
      vertex 1.96873 -1.6 1.42289
    endloop
  endfacet
  facet normal 0 -1 0
    outer loop
      vertex 15.3827 -1.6 1.32388
      vertex 16.1321 -1.6 3.44329
      vertex 15.3214 -1.6 1.34693
    endloop
  endfacet
  facet normal 0 -1 -0
    outer loop
      vertex 16.1321 -1.6 3.44329
      vertex 15.3827 -1.6 1.32388
      vertex 16.3012 -1.6 3.392
    endloop
  endfacet
  facet normal 0 -1 0
    outer loop
      vertex 15.4423 -1.6 1.29687
      vertex 16.3012 -1.6 3.392
      vertex 15.3827 -1.6 1.32388
    endloop
  endfacet
  facet normal 0 -1 0
    outer loop
      vertex 15.5 -1.6 1.26602
      vertex 16.3012 -1.6 3.392
      vertex 15.4423 -1.6 1.29687
    endloop
  endfacet
  facet normal 0 -1 -0
    outer loop
      vertex 16.3012 -1.6 3.392
      vertex 15.5 -1.6 1.26602
      vertex 16.4733 -1.6 3.35188
    endloop
  endfacet
  facet normal 0 -1 0
    outer loop
      vertex 15.5556 -1.6 1.23147
      vertex 16.4733 -1.6 3.35188
      vertex 15.5 -1.6 1.26602
    endloop
  endfacet
  facet normal 0 -1 0
    outer loop
      vertex 15.6088 -1.6 1.19335
      vertex 16.4733 -1.6 3.35188
      vertex 15.5556 -1.6 1.23147
    endloop
  endfacet
  facet normal 0 -1 -0
    outer loop
      vertex 16.4733 -1.6 3.35188
      vertex 15.6088 -1.6 1.19335
      vertex 16.6476 -1.6 3.3231
    endloop
  endfacet
  facet normal 0 -1 0
    outer loop
      vertex 15.6593 -1.6 1.15184
      vertex 16.6476 -1.6 3.3231
      vertex 15.6088 -1.6 1.19335
    endloop
  endfacet
  facet normal 0 -1 0
    outer loop
      vertex 15.7071 -1.6 1.10711
      vertex 16.6476 -1.6 3.3231
      vertex 15.6593 -1.6 1.15184
    endloop
  endfacet
  facet normal 0 -1 -0
    outer loop
      vertex 16.6476 -1.6 3.3231
      vertex 15.7071 -1.6 1.10711
      vertex 16.8234 -1.6 3.30578
    endloop
  endfacet
  facet normal 0 -1 0
    outer loop
      vertex 15.7518 -1.6 1.05935
      vertex 16.8234 -1.6 3.30578
      vertex 15.7071 -1.6 1.10711
    endloop
  endfacet
  facet normal 0 -1 0
    outer loop
      vertex 15.7934 -1.6 1.00876
      vertex 16.8234 -1.6 3.30578
      vertex 15.7518 -1.6 1.05935
    endloop
  endfacet
  facet normal 0 -1 -0
    outer loop
      vertex 16.8234 -1.6 3.30578
      vertex 15.7934 -1.6 1.00876
      vertex 17 -1.6 3.3
    endloop
  endfacet
  facet normal 0 -1 0
    outer loop
      vertex 15.8315 -1.6 0.95557
      vertex 17 -1.6 3.3
      vertex 15.7934 -1.6 1.00876
    endloop
  endfacet
  facet normal 0 -1 0
    outer loop
      vertex 17.3388 -1.6 0.402021
      vertex 17.1766 -1.6 3.30578
      vertex 17 -1.6 3.3
    endloop
  endfacet
  facet normal 0 -1 0
    outer loop
      vertex 17.1766 -1.6 3.30578
      vertex 17.4042 -1.6 0.404162
      vertex 17.3524 -1.6 3.3231
    endloop
  endfacet
  facet normal 0 -1 0
    outer loop
      vertex 17.4696 -1.6 0.402021
      vertex 17.3524 -1.6 3.3231
      vertex 17.4042 -1.6 0.404162
    endloop
  endfacet
  facet normal 0 -1 0
    outer loop
      vertex 17.5347 -1.6 0.395607
      vertex 17.3524 -1.6 3.3231
      vertex 17.4696 -1.6 0.402021
    endloop
  endfacet
  facet normal 0 -1 0
    outer loop
      vertex 17.3524 -1.6 3.3231
      vertex 17.5347 -1.6 0.395607
      vertex 17.5267 -1.6 3.35188
    endloop
  endfacet
  facet normal 0 -1 0
    outer loop
      vertex 17.5267 -1.6 3.35188
      vertex 17.5993 -1.6 0.384948
      vertex 17.6988 -1.6 3.392
    endloop
  endfacet
  facet normal 0 -1 0
    outer loop
      vertex 17.663 -1.6 0.370089
      vertex 17.6988 -1.6 3.392
      vertex 17.5993 -1.6 0.384948
    endloop
  endfacet
  facet normal 0 -1 0
    outer loop
      vertex 17.7256 -1.6 0.351092
      vertex 17.6988 -1.6 3.392
      vertex 17.663 -1.6 0.370089
    endloop
  endfacet
  facet normal 0 -1 0
    outer loop
      vertex 17.6988 -1.6 3.392
      vertex 17.7256 -1.6 0.351092
      vertex 17.8679 -1.6 3.44329
    endloop
  endfacet
  facet normal 0 -1 0
    outer loop
      vertex 17.7868 -1.6 0.328042
      vertex 17.8679 -1.6 3.44329
      vertex 17.7256 -1.6 0.351092
    endloop
  endfacet
  facet normal 0 -1 0
    outer loop
      vertex 17.5993 -1.6 0.384948
      vertex 17.5267 -1.6 3.35188
      vertex 17.5347 -1.6 0.395607
    endloop
  endfacet
  facet normal 0 -1 0
    outer loop
      vertex 17.3388 -1.6 0.402021
      vertex 17 -1.6 3.3
      vertex 15.8315 -1.6 0.95557
    endloop
  endfacet
  facet normal 0 -1 0
    outer loop
      vertex 17.3388 -1.6 0.402021
      vertex 15.8315 -1.6 0.95557
      vertex 15.866 -1.6 0.9
    endloop
  endfacet
  facet normal 0 -1 0
    outer loop
      vertex 17.3388 -1.6 0.402021
      vertex 15.866 -1.6 0.9
      vertex 15.8969 -1.6 0.842288
    endloop
  endfacet
  facet normal 0 -1 0
    outer loop
      vertex 17.8465 -1.6 0.301035
      vertex 17.8679 -1.6 3.44329
      vertex 17.7868 -1.6 0.328042
    endloop
  endfacet
  facet normal 0 -1 0
    outer loop
      vertex 17.3388 -1.6 0.402021
      vertex 15.8969 -1.6 0.842288
      vertex 15.9239 -1.6 0.782683
    endloop
  endfacet
  facet normal 0 -1 0
    outer loop
      vertex 17.3388 -1.6 0.402021
      vertex 15.9239 -1.6 0.782683
      vertex 15.9469 -1.6 0.721439
    endloop
  endfacet
  facet normal 0 -1 0
    outer loop
      vertex 17.3388 -1.6 0.402021
      vertex 15.9469 -1.6 0.721439
      vertex 15.9659 -1.6 0.658818
    endloop
  endfacet
  facet normal 0 -1 0
    outer loop
      vertex 17.3388 -1.6 0.402021
      vertex 15.9659 -1.6 0.658818
      vertex 15.9808 -1.6 0.59509
    endloop
  endfacet
  facet normal 0 -1 0
    outer loop
      vertex 17.3388 -1.6 0.402021
      vertex 15.9808 -1.6 0.59509
      vertex 15.9914 -1.6 0.530526
    endloop
  endfacet
  facet normal 0 -1 0
    outer loop
      vertex 16.7954 -1.6 0.197515
      vertex 15.9914 -1.6 0.530526
      vertex 15.9979 -1.6 0.465403
    endloop
  endfacet
  facet normal 0 -1 -0
    outer loop
      vertex 17.8679 -1.6 3.44329
      vertex 17.8465 -1.6 0.301035
      vertex 18.0332 -1.6 3.50552
    endloop
  endfacet
  facet normal 0 -1 0
    outer loop
      vertex 17.9042 -1.6 0.270188
      vertex 18.0332 -1.6 3.50552
      vertex 17.8465 -1.6 0.301035
    endloop
  endfacet
  facet normal 0 -1 -0
    outer loop
      vertex 18.0332 -1.6 3.50552
      vertex 17.9042 -1.6 0.270188
      vertex 18.1942 -1.6 3.57844
    endloop
  endfacet
  facet normal 0 -1 0
    outer loop
      vertex 17.9597 -1.6 0.235632
      vertex 18.1942 -1.6 3.57844
      vertex 17.9042 -1.6 0.270188
    endloop
  endfacet
  facet normal 0 -1 0
    outer loop
      vertex 18.0129 -1.6 0.197515
      vertex 18.1942 -1.6 3.57844
      vertex 17.9597 -1.6 0.235632
    endloop
  endfacet
  facet normal 0 -1 -0
    outer loop
      vertex 18.1942 -1.6 3.57844
      vertex 18.0129 -1.6 0.197515
      vertex 18.35 -1.6 3.66173
    endloop
  endfacet
  facet normal 0 -1 0
    outer loop
      vertex 18.0635 -1.6 0.156002
      vertex 18.35 -1.6 3.66173
      vertex 18.0129 -1.6 0.197515
    endloop
  endfacet
  facet normal 0 -1 -0
    outer loop
      vertex 18.35 -1.6 3.66173
      vertex 18.0635 -1.6 0.156002
      vertex 18.5 -1.6 3.75503
    endloop
  endfacet
  facet normal 0 -1 0
    outer loop
      vertex 18.1113 -1.6 0.111269
      vertex 18.5 -1.6 3.75503
      vertex 18.0635 -1.6 0.156002
    endloop
  endfacet
  facet normal 0 -1 0
    outer loop
      vertex 18.156 -1.6 0.063508
      vertex 18.5 -1.6 3.75503
      vertex 18.1113 -1.6 0.111269
    endloop
  endfacet
  facet normal 0 -1 -0
    outer loop
      vertex 18.5 -1.6 3.75503
      vertex 18.156 -1.6 0.063508
      vertex 18.6437 -1.6 3.85795
    endloop
  endfacet
  facet normal 0 -1 0
    outer loop
      vertex 18.1975 -1.6 0.0129242
      vertex 18.6437 -1.6 3.85795
      vertex 18.156 -1.6 0.063508
    endloop
  endfacet
  facet normal 0 -1 -0
    outer loop
      vertex 18.6437 -1.6 3.85795
      vertex 18.1975 -1.6 0.0129242
      vertex 18.7802 -1.6 3.97003
    endloop
  endfacet
  facet normal 0 -1 0
    outer loop
      vertex 18.2356 -1.6 -0.040266
      vertex 18.7802 -1.6 3.97003
      vertex 18.1975 -1.6 0.0129242
    endloop
  endfacet
  facet normal 0 -1 0
    outer loop
      vertex 18.2702 -1.6 -0.0958366
      vertex 18.7802 -1.6 3.97003
      vertex 18.2356 -1.6 -0.040266
    endloop
  endfacet
  facet normal 0 -1 -0
    outer loop
      vertex 18.7802 -1.6 3.97003
      vertex 18.2702 -1.6 -0.0958366
      vertex 18.9092 -1.6 4.09081
    endloop
  endfacet
  facet normal 0 -1 0
    outer loop
      vertex 18.301 -1.6 -0.153548
      vertex 18.9092 -1.6 4.09081
      vertex 18.2702 -1.6 -0.0958366
    endloop
  endfacet
  facet normal 0 -1 -0
    outer loop
      vertex 18.9092 -1.6 4.09081
      vertex 18.301 -1.6 -0.153548
      vertex 19.03 -1.6 4.21977
    endloop
  endfacet
  facet normal 0 -1 0
    outer loop
      vertex 18.328 -1.6 -0.213153
      vertex 19.03 -1.6 4.21977
      vertex 18.301 -1.6 -0.153548
    endloop
  endfacet
  facet normal 0 -1 -0
    outer loop
      vertex 19.03 -1.6 4.21977
      vertex 18.328 -1.6 -0.213153
      vertex 19.1421 -1.6 4.35634
    endloop
  endfacet
  facet normal 0 -1 0
    outer loop
      vertex 18.3511 -1.6 -0.274397
      vertex 19.1421 -1.6 4.35634
      vertex 18.328 -1.6 -0.213153
    endloop
  endfacet
  facet normal 0 -1 0
    outer loop
      vertex 18.3701 -1.6 -0.337017
      vertex 19.1421 -1.6 4.35634
      vertex 18.3511 -1.6 -0.274397
    endloop
  endfacet
  facet normal 0 -1 -0
    outer loop
      vertex 19.1421 -1.6 4.35634
      vertex 18.3701 -1.6 -0.337017
      vertex 19.245 -1.6 4.49996
    endloop
  endfacet
  facet normal 0 -1 0
    outer loop
      vertex 18.3849 -1.6 -0.400746
      vertex 19.245 -1.6 4.49996
      vertex 18.3701 -1.6 -0.337017
    endloop
  endfacet
  facet normal 0 -1 0
    outer loop
      vertex 19.2315 -1.6 -2.44443
      vertex 19.245 -1.6 4.49996
      vertex 18.3849 -1.6 -0.400746
    endloop
  endfacet
  facet normal 0 -1 0
    outer loop
      vertex 19.266 -1.6 -2.5
      vertex 19.245 -1.6 4.49996
      vertex 19.2315 -1.6 -2.44443
    endloop
  endfacet
  facet normal 0 -1 0
    outer loop
      vertex 19.245 -1.6 4.49996
      vertex 19.266 -1.6 -2.5
      vertex 19.3383 -1.6 4.65
    endloop
  endfacet
  facet normal 0 -1 -0
    outer loop
      vertex 19.3383 -1.6 4.65
      vertex 19.2969 -1.6 -2.55771
      vertex 19.4216 -1.6 4.80582
    endloop
  endfacet
  facet normal 0 -1 0
    outer loop
      vertex 19.2315 -1.6 -2.44443
      vertex 18.3849 -1.6 -0.400746
      vertex 18.3956 -1.6 -0.46531
    endloop
  endfacet
  facet normal 0 -1 0
    outer loop
      vertex 19.1934 -1.6 -2.39124
      vertex 18.3956 -1.6 -0.46531
      vertex 18.402 -1.6 -0.530434
    endloop
  endfacet
  facet normal 0 -1 0
    outer loop
      vertex 19.1518 -1.6 -2.34065
      vertex 18.402 -1.6 -0.530434
      vertex 18.4042 -1.6 -0.595837
    endloop
  endfacet
  facet normal 0 -1 0
    outer loop
      vertex 19.1071 -1.6 -2.29289
      vertex 18.4042 -1.6 -0.595837
      vertex 18.402 -1.6 -0.66124
    endloop
  endfacet
  facet normal 0 -1 0
    outer loop
      vertex 19.0593 -1.6 -2.24816
      vertex 18.402 -1.6 -0.66124
      vertex 18.3956 -1.6 -0.726362
    endloop
  endfacet
  facet normal 0 -1 0
    outer loop
      vertex 19.0088 -1.6 -2.20665
      vertex 18.3956 -1.6 -0.726362
      vertex 18.3849 -1.6 -0.790927
    endloop
  endfacet
  facet normal 0 -1 0
    outer loop
      vertex 18.9556 -1.6 -2.16853
      vertex 18.3849 -1.6 -0.790927
      vertex 18.3701 -1.6 -0.854655
    endloop
  endfacet
  facet normal 0 -1 0
    outer loop
      vertex 18.9 -1.6 -2.13397
      vertex 18.3701 -1.6 -0.854655
      vertex 18.3511 -1.6 -0.917276
    endloop
  endfacet
  facet normal 0 -1 0
    outer loop
      vertex 14.9346 -1.6 -0.597858
      vertex 15 -1.6 -1.8
      vertex 15 -1.6 -0.599999
    endloop
  endfacet
  facet normal 0 -1 -0
    outer loop
      vertex 16.6971 -1.6 -1.30294
      vertex 15.8485 -1.6 -2.15147
      vertex 16.7448 -1.6 -1.34768
    endloop
  endfacet
  facet normal 0 -1 0
    outer loop
      vertex 15.9022 -1.6 -2.20878
      vertex 16.7448 -1.6 -1.34768
      vertex 15.8485 -1.6 -2.15147
    endloop
  endfacet
  facet normal 0 -1 -0
    outer loop
      vertex 16.7448 -1.6 -1.34768
      vertex 15.9022 -1.6 -2.20878
      vertex 16.7954 -1.6 -1.38919
    endloop
  endfacet
  facet normal 0 -1 0
    outer loop
      vertex 15.952 -1.6 -2.26949
      vertex 16.7954 -1.6 -1.38919
      vertex 15.9022 -1.6 -2.20878
    endloop
  endfacet
  facet normal 0 -1 -0
    outer loop
      vertex 16.7954 -1.6 -1.38919
      vertex 15.952 -1.6 -2.26949
      vertex 16.8486 -1.6 -1.42731
    endloop
  endfacet
  facet normal 0 -1 0
    outer loop
      vertex 15.9978 -1.6 -2.33331
      vertex 16.8486 -1.6 -1.42731
      vertex 15.952 -1.6 -2.26949
    endloop
  endfacet
  facet normal 0 -1 -0
    outer loop
      vertex 16.8486 -1.6 -1.42731
      vertex 15.9978 -1.6 -2.33331
      vertex 16.9042 -1.6 -1.46186
    endloop
  endfacet
  facet normal 0 -1 0
    outer loop
      vertex 16.0392 -1.6 -2.4
      vertex 16.9042 -1.6 -1.46186
      vertex 15.9978 -1.6 -2.33331
    endloop
  endfacet
  facet normal 0 -1 -0
    outer loop
      vertex 16.9042 -1.6 -1.46186
      vertex 16.0392 -1.6 -2.4
      vertex 16.9619 -1.6 -1.49271
    endloop
  endfacet
  facet normal 0 -1 0
    outer loop
      vertex 16.0762 -1.6 -2.46925
      vertex 16.9619 -1.6 -1.49271
      vertex 16.0392 -1.6 -2.4
    endloop
  endfacet
  facet normal 0 -1 -0
    outer loop
      vertex 16.9619 -1.6 -1.49271
      vertex 16.0762 -1.6 -2.46925
      vertex 17.0215 -1.6 -1.51972
    endloop
  endfacet
  facet normal 0 -1 0
    outer loop
      vertex 16.1087 -1.6 -2.54078
      vertex 17.0215 -1.6 -1.51972
      vertex 16.0762 -1.6 -2.46925
    endloop
  endfacet
  facet normal 0 -1 0
    outer loop
      vertex 18.3346 -1.6 -2.00214
      vertex 17.663 -1.6 -1.56176
      vertex 17.5993 -1.6 -1.57662
    endloop
  endfacet
  facet normal 0 -1 0
    outer loop
      vertex 18.3346 -1.6 -2.00214
      vertex 17.7256 -1.6 -1.54277
      vertex 17.663 -1.6 -1.56176
    endloop
  endfacet
  facet normal 0 -1 0
    outer loop
      vertex 18.3346 -1.6 -2.00214
      vertex 17.7868 -1.6 -1.51972
      vertex 17.7256 -1.6 -1.54277
    endloop
  endfacet
  facet normal 0 -1 0
    outer loop
      vertex 18.3346 -1.6 -2.00214
      vertex 17.8465 -1.6 -1.49271
      vertex 17.7868 -1.6 -1.51972
    endloop
  endfacet
  facet normal 0 -1 0
    outer loop
      vertex 18.3346 -1.6 -2.00214
      vertex 17.9042 -1.6 -1.46186
      vertex 17.8465 -1.6 -1.49271
    endloop
  endfacet
  facet normal 0 -1 0
    outer loop
      vertex 18.3346 -1.6 -2.00214
      vertex 17.9597 -1.6 -1.42731
      vertex 17.9042 -1.6 -1.46186
    endloop
  endfacet
  facet normal 0 -1 0
    outer loop
      vertex 18.3346 -1.6 -2.00214
      vertex 18.0129 -1.6 -1.38919
      vertex 17.9597 -1.6 -1.42731
    endloop
  endfacet
  facet normal 0 -1 0
    outer loop
      vertex 18.3346 -1.6 -2.00214
      vertex 18.0635 -1.6 -1.34768
      vertex 18.0129 -1.6 -1.38919
    endloop
  endfacet
  facet normal 0 -1 0
    outer loop
      vertex 18.4 -1.6 -2
      vertex 18.1113 -1.6 -1.30294
      vertex 18.0635 -1.6 -1.34768
    endloop
  endfacet
  facet normal 0 -1 0
    outer loop
      vertex 18.4 -1.6 -2
      vertex 18.156 -1.6 -1.25518
      vertex 18.1113 -1.6 -1.30294
    endloop
  endfacet
  facet normal 0 -1 0
    outer loop
      vertex 18.4654 -1.6 -2.00214
      vertex 18.156 -1.6 -1.25518
      vertex 18.4 -1.6 -2
    endloop
  endfacet
  facet normal 0 -1 0
    outer loop
      vertex 18.156 -1.6 -1.25518
      vertex 18.4654 -1.6 -2.00214
      vertex 18.1975 -1.6 -1.2046
    endloop
  endfacet
  facet normal 0 -1 0
    outer loop
      vertex 18.5305 -1.6 -2.00855
      vertex 18.1975 -1.6 -1.2046
      vertex 18.4654 -1.6 -2.00214
    endloop
  endfacet
  facet normal 0 -1 0
    outer loop
      vertex 18.1975 -1.6 -1.2046
      vertex 18.5305 -1.6 -2.00855
      vertex 18.2356 -1.6 -1.15141
    endloop
  endfacet
  facet normal 0 -1 0
    outer loop
      vertex 18.5951 -1.6 -2.01921
      vertex 18.2356 -1.6 -1.15141
      vertex 18.5305 -1.6 -2.00855
    endloop
  endfacet
  facet normal 0 -1 0
    outer loop
      vertex 18.2356 -1.6 -1.15141
      vertex 18.5951 -1.6 -2.01921
      vertex 18.2702 -1.6 -1.09584
    endloop
  endfacet
  facet normal 0 -1 0
    outer loop
      vertex 18.6588 -1.6 -2.03407
      vertex 18.2702 -1.6 -1.09584
      vertex 18.5951 -1.6 -2.01921
    endloop
  endfacet
  facet normal 0 -1 0
    outer loop
      vertex 18.2702 -1.6 -1.09584
      vertex 18.6588 -1.6 -2.03407
      vertex 18.301 -1.6 -1.03813
    endloop
  endfacet
  facet normal 0 -1 0
    outer loop
      vertex 18.7214 -1.6 -2.05307
      vertex 18.301 -1.6 -1.03813
      vertex 18.6588 -1.6 -2.03407
    endloop
  endfacet
  facet normal 0 -1 0
    outer loop
      vertex 18.301 -1.6 -1.03813
      vertex 18.7214 -1.6 -2.05307
      vertex 18.328 -1.6 -0.978519
    endloop
  endfacet
  facet normal 0 -1 0
    outer loop
      vertex 18.7827 -1.6 -2.07612
      vertex 18.328 -1.6 -0.978519
      vertex 18.7214 -1.6 -2.05307
    endloop
  endfacet
  facet normal 0 -1 0
    outer loop
      vertex 18.328 -1.6 -0.978519
      vertex 18.7827 -1.6 -2.07612
      vertex 18.3511 -1.6 -0.917276
    endloop
  endfacet
  facet normal 0 -1 0
    outer loop
      vertex 18.8423 -1.6 -2.10313
      vertex 18.3511 -1.6 -0.917276
      vertex 18.7827 -1.6 -2.07612
    endloop
  endfacet
  facet normal 0 -1 0
    outer loop
      vertex 18.9 -1.6 -2.13397
      vertex 18.3511 -1.6 -0.917276
      vertex 18.8423 -1.6 -2.10313
    endloop
  endfacet
  facet normal 0 -1 0
    outer loop
      vertex 18.3701 -1.6 -0.854655
      vertex 18.9 -1.6 -2.13397
      vertex 18.9556 -1.6 -2.16853
    endloop
  endfacet
  facet normal 0 -1 0
    outer loop
      vertex 18.3849 -1.6 -0.790927
      vertex 18.9556 -1.6 -2.16853
      vertex 19.0088 -1.6 -2.20665
    endloop
  endfacet
  facet normal 0 -1 0
    outer loop
      vertex 18.3956 -1.6 -0.726362
      vertex 19.0088 -1.6 -2.20665
      vertex 19.0593 -1.6 -2.24816
    endloop
  endfacet
  facet normal 0 -1 0
    outer loop
      vertex 18.402 -1.6 -0.66124
      vertex 19.0593 -1.6 -2.24816
      vertex 19.1071 -1.6 -2.29289
    endloop
  endfacet
  facet normal 0 -1 0
    outer loop
      vertex 18.4042 -1.6 -0.595837
      vertex 19.1071 -1.6 -2.29289
      vertex 19.1518 -1.6 -2.34065
    endloop
  endfacet
  facet normal 0 -1 0
    outer loop
      vertex 18.402 -1.6 -0.530434
      vertex 19.1518 -1.6 -2.34065
      vertex 19.1934 -1.6 -2.39124
    endloop
  endfacet
  facet normal 0 -1 0
    outer loop
      vertex 18.3956 -1.6 -0.46531
      vertex 19.1934 -1.6 -2.39124
      vertex 19.2315 -1.6 -2.44443
    endloop
  endfacet
  facet normal 0 -1 0
    outer loop
      vertex 19.2969 -1.6 -2.55771
      vertex 19.3383 -1.6 4.65
      vertex 19.266 -1.6 -2.5
    endloop
  endfacet
  facet normal 0 -1 0
    outer loop
      vertex 19.3239 -1.6 -2.61732
      vertex 19.4216 -1.6 4.80582
      vertex 19.2969 -1.6 -2.55771
    endloop
  endfacet
  facet normal 0 -1 -0
    outer loop
      vertex 19.4216 -1.6 4.80582
      vertex 19.3239 -1.6 -2.61732
      vertex 19.4945 -1.6 4.96675
    endloop
  endfacet
  facet normal 0 -1 0
    outer loop
      vertex 19.3469 -1.6 -2.67856
      vertex 19.4945 -1.6 4.96675
      vertex 19.3239 -1.6 -2.61732
    endloop
  endfacet
  facet normal 0 -1 0
    outer loop
      vertex 19.5567 -1.6 5.13211
      vertex 19.3469 -1.6 -2.67856
      vertex 19.3659 -1.6 -2.74118
    endloop
  endfacet
  facet normal 0 -1 0
    outer loop
      vertex 19.608 -1.6 5.30119
      vertex 19.3659 -1.6 -2.74118
      vertex 19.3808 -1.6 -2.80491
    endloop
  endfacet
  facet normal 0 -1 -0
    outer loop
      vertex 19.608 -1.6 5.30119
      vertex 19.3808 -1.6 -2.80491
      vertex 23 -1.6 13
    endloop
  endfacet
  facet normal 0 -1 0
    outer loop
      vertex 19.3914 -1.6 -2.86947
      vertex 23 -1.6 13
      vertex 19.3808 -1.6 -2.80491
    endloop
  endfacet
  facet normal 0 -1 0
    outer loop
      vertex 23 -1.6 -13
      vertex 19.3914 -1.6 -2.86947
      vertex 19.3979 -1.6 -2.9346
    endloop
  endfacet
  facet normal 0 -1 0
    outer loop
      vertex 23 -1.6 -13
      vertex 19.3979 -1.6 -2.9346
      vertex 19.4 -1.6 -3
    endloop
  endfacet
  facet normal 0 -1 0
    outer loop
      vertex 23 -1.6 -13
      vertex 19.4 -1.6 -3
      vertex 19.3979 -1.6 -3.0654
    endloop
  endfacet
  facet normal 0 -1 0
    outer loop
      vertex 23 -1.6 -13
      vertex 19.3979 -1.6 -3.0654
      vertex 19.3914 -1.6 -3.13053
    endloop
  endfacet
  facet normal 0 -1 0
    outer loop
      vertex 23 -1.6 -13
      vertex 19.3914 -1.6 -3.13053
      vertex 19.3808 -1.6 -3.19509
    endloop
  endfacet
  facet normal 0 -1 -0
    outer loop
      vertex 17.9 -1.6 -3.86602
      vertex 17.663 -1.6 -4.43824
      vertex 17.9577 -1.6 -3.89687
    endloop
  endfacet
  facet normal 0 -1 0
    outer loop
      vertex 16.4803 -1.6 -5.02148
      vertex 15.5307 -1.6 -4.07625
      vertex 15.4592 -1.6 -4.10865
    endloop
  endfacet
  facet normal 0 -1 0
    outer loop
      vertex 17.7256 -1.6 -4.45723
      vertex 17.9577 -1.6 -3.89687
      vertex 17.663 -1.6 -4.43824
    endloop
  endfacet
  facet normal 0 -1 0
    outer loop
      vertex 15.3827 -1.6 -5.47612
      vertex 15.4592 -1.6 -4.10865
      vertex 15.3857 -1.6 -4.13632
    endloop
  endfacet
  facet normal 0 -1 0
    outer loop
      vertex 15.3214 -1.6 -5.45307
      vertex 15.3857 -1.6 -4.13632
      vertex 15.3106 -1.6 -4.15911
    endloop
  endfacet
  facet normal 0 -1 0
    outer loop
      vertex 15.2588 -1.6 -5.43407
      vertex 15.3106 -1.6 -4.15911
      vertex 15.2341 -1.6 -4.17694
    endloop
  endfacet
  facet normal 0 -1 0
    outer loop
      vertex 15.1951 -1.6 -5.41921
      vertex 15.2341 -1.6 -4.17694
      vertex 15.1566 -1.6 -4.18973
    endloop
  endfacet
  facet normal 0 -1 0
    outer loop
      vertex 15.1305 -1.6 -5.40856
      vertex 15.1566 -1.6 -4.18973
      vertex 15.0785 -1.6 -4.19743
    endloop
  endfacet
  facet normal 0 -1 -0
    outer loop
      vertex 14.0978 -1.6 -3.79121
      vertex 13.2552 -1.6 -4.65232
      vertex 14.1515 -1.6 -3.84853
    endloop
  endfacet
  facet normal 0 -1 0
    outer loop
      vertex 13.3477 -1.6 -4.74482
      vertex 14.1515 -1.6 -3.84853
      vertex 13.3029 -1.6 -4.69706
    endloop
  endfacet
  facet normal 0 -1 -0
    outer loop
      vertex 14.1515 -1.6 -3.84853
      vertex 13.3477 -1.6 -4.74482
      vertex 14.2088 -1.6 -3.90221
    endloop
  endfacet
  facet normal 0 -1 0
    outer loop
      vertex 13.3892 -1.6 -4.7954
      vertex 14.2088 -1.6 -3.90221
      vertex 13.3477 -1.6 -4.74482
    endloop
  endfacet
  facet normal 0 -1 0
    outer loop
      vertex 17.8465 -1.6 -4.50729
      vertex 18.0786 -1.6 -3.94693
      vertex 17.7868 -1.6 -4.48028
    endloop
  endfacet
  facet normal 0 -1 -0
    outer loop
      vertex 18.0786 -1.6 -3.94693
      vertex 17.8465 -1.6 -4.50729
      vertex 18.1412 -1.6 -3.96593
    endloop
  endfacet
  facet normal 0 -1 0
    outer loop
      vertex 17.9042 -1.6 -4.53814
      vertex 18.1412 -1.6 -3.96593
      vertex 17.8465 -1.6 -4.50729
    endloop
  endfacet
  facet normal 0 -1 -0
    outer loop
      vertex 18.1412 -1.6 -3.96593
      vertex 17.9042 -1.6 -4.53814
      vertex 18.2049 -1.6 -3.98078
    endloop
  endfacet
  facet normal 0 -1 0
    outer loop
      vertex 17.9597 -1.6 -4.57269
      vertex 18.2049 -1.6 -3.98078
      vertex 17.9042 -1.6 -4.53814
    endloop
  endfacet
  facet normal 0 -1 -0
    outer loop
      vertex 18.2049 -1.6 -3.98078
      vertex 17.9597 -1.6 -4.57269
      vertex 18.2695 -1.6 -3.99144
    endloop
  endfacet
  facet normal 0 -1 0
    outer loop
      vertex 18.0129 -1.6 -4.61081
      vertex 18.2695 -1.6 -3.99144
      vertex 17.9597 -1.6 -4.57269
    endloop
  endfacet
  facet normal 0 -1 -0
    outer loop
      vertex 18.2695 -1.6 -3.99144
      vertex 18.0129 -1.6 -4.61081
      vertex 18.3346 -1.6 -3.99786
    endloop
  endfacet
  facet normal 0 -1 0
    outer loop
      vertex 18.0635 -1.6 -4.65232
      vertex 18.3346 -1.6 -3.99786
      vertex 18.0129 -1.6 -4.61081
    endloop
  endfacet
  facet normal 0 -1 -0
    outer loop
      vertex 18.3346 -1.6 -3.99786
      vertex 18.0635 -1.6 -4.65232
      vertex 18.4 -1.6 -4
    endloop
  endfacet
  facet normal 0 -1 0
    outer loop
      vertex 18.1113 -1.6 -4.69706
      vertex 18.4 -1.6 -4
      vertex 18.0635 -1.6 -4.65232
    endloop
  endfacet
  facet normal 0 -1 -0
    outer loop
      vertex 18.4 -1.6 -4
      vertex 18.1113 -1.6 -4.69706
      vertex 18.4654 -1.6 -3.99786
    endloop
  endfacet
  facet normal 0 -1 0
    outer loop
      vertex 18.156 -1.6 -4.74482
      vertex 18.4654 -1.6 -3.99786
      vertex 18.1113 -1.6 -4.69706
    endloop
  endfacet
  facet normal 0 -1 -0
    outer loop
      vertex 18.4654 -1.6 -3.99786
      vertex 18.156 -1.6 -4.74482
      vertex 18.5305 -1.6 -3.99144
    endloop
  endfacet
  facet normal 0 -1 0
    outer loop
      vertex 18.1975 -1.6 -4.7954
      vertex 18.5305 -1.6 -3.99144
      vertex 18.156 -1.6 -4.74482
    endloop
  endfacet
  facet normal 0 -1 -0
    outer loop
      vertex 18.5305 -1.6 -3.99144
      vertex 18.1975 -1.6 -4.7954
      vertex 18.5951 -1.6 -3.98078
    endloop
  endfacet
  facet normal 0 -1 0
    outer loop
      vertex 18.2356 -1.6 -4.84859
      vertex 18.5951 -1.6 -3.98078
      vertex 18.1975 -1.6 -4.7954
    endloop
  endfacet
  facet normal 0 -1 -0
    outer loop
      vertex 18.5951 -1.6 -3.98078
      vertex 18.2356 -1.6 -4.84859
      vertex 18.6588 -1.6 -3.96593
    endloop
  endfacet
  facet normal 0 -1 0
    outer loop
      vertex 18.2702 -1.6 -4.90416
      vertex 18.6588 -1.6 -3.96593
      vertex 18.2356 -1.6 -4.84859
    endloop
  endfacet
  facet normal 0 -1 -0
    outer loop
      vertex 18.6588 -1.6 -3.96593
      vertex 18.2702 -1.6 -4.90416
      vertex 18.7214 -1.6 -3.94693
    endloop
  endfacet
  facet normal 0 -1 0
    outer loop
      vertex 18.301 -1.6 -4.96187
      vertex 18.7214 -1.6 -3.94693
      vertex 18.2702 -1.6 -4.90416
    endloop
  endfacet
  facet normal 0 -1 -0
    outer loop
      vertex 18.7214 -1.6 -3.94693
      vertex 18.301 -1.6 -4.96187
      vertex 18.7827 -1.6 -3.92388
    endloop
  endfacet
  facet normal 0 -1 0
    outer loop
      vertex 18.328 -1.6 -5.02148
      vertex 18.7827 -1.6 -3.92388
      vertex 18.301 -1.6 -4.96187
    endloop
  endfacet
  facet normal 0 -1 -0
    outer loop
      vertex 18.7827 -1.6 -3.92388
      vertex 18.328 -1.6 -5.02148
      vertex 18.8423 -1.6 -3.89687
    endloop
  endfacet
  facet normal 0 -1 0
    outer loop
      vertex 18.3511 -1.6 -5.08272
      vertex 18.8423 -1.6 -3.89687
      vertex 18.328 -1.6 -5.02148
    endloop
  endfacet
  facet normal 0 -1 -0
    outer loop
      vertex 18.8423 -1.6 -3.89687
      vertex 18.3511 -1.6 -5.08272
      vertex 18.9 -1.6 -3.86602
    endloop
  endfacet
  facet normal 0 -1 0
    outer loop
      vertex 18.3701 -1.6 -5.14534
      vertex 18.9 -1.6 -3.86602
      vertex 18.3511 -1.6 -5.08272
    endloop
  endfacet
  facet normal 0 -1 -0
    outer loop
      vertex 18.9 -1.6 -3.86602
      vertex 18.3701 -1.6 -5.14534
      vertex 18.9556 -1.6 -3.83147
    endloop
  endfacet
  facet normal 0 -1 0
    outer loop
      vertex 18.3849 -1.6 -5.20907
      vertex 18.9556 -1.6 -3.83147
      vertex 18.3701 -1.6 -5.14534
    endloop
  endfacet
  facet normal 0 -1 -0
    outer loop
      vertex 18.9556 -1.6 -3.83147
      vertex 18.3849 -1.6 -5.20907
      vertex 19.0088 -1.6 -3.79335
    endloop
  endfacet
  facet normal 0 -1 0
    outer loop
      vertex 18.3956 -1.6 -5.27364
      vertex 19.0088 -1.6 -3.79335
      vertex 18.3849 -1.6 -5.20907
    endloop
  endfacet
  facet normal 0 -1 -0
    outer loop
      vertex 19.0088 -1.6 -3.79335
      vertex 18.3956 -1.6 -5.27364
      vertex 19.0593 -1.6 -3.75184
    endloop
  endfacet
  facet normal 0 -1 0
    outer loop
      vertex 18.402 -1.6 -5.33876
      vertex 19.0593 -1.6 -3.75184
      vertex 18.3956 -1.6 -5.27364
    endloop
  endfacet
  facet normal 0 -1 -0
    outer loop
      vertex 19.0593 -1.6 -3.75184
      vertex 18.402 -1.6 -5.33876
      vertex 19.1071 -1.6 -3.70711
    endloop
  endfacet
  facet normal 0 -1 0
    outer loop
      vertex 18.4042 -1.6 -5.40416
      vertex 19.1071 -1.6 -3.70711
      vertex 18.402 -1.6 -5.33876
    endloop
  endfacet
  facet normal 0 -1 -0
    outer loop
      vertex 19.1071 -1.6 -3.70711
      vertex 18.4042 -1.6 -5.40416
      vertex 19.1518 -1.6 -3.65935
    endloop
  endfacet
  facet normal 0 -1 0
    outer loop
      vertex 18.402 -1.6 -5.46957
      vertex 19.1518 -1.6 -3.65935
      vertex 18.4042 -1.6 -5.40416
    endloop
  endfacet
  facet normal 0 -1 -0
    outer loop
      vertex 19.1518 -1.6 -3.65935
      vertex 18.402 -1.6 -5.46957
      vertex 19.1934 -1.6 -3.60876
    endloop
  endfacet
  facet normal 0 -1 0
    outer loop
      vertex 18.3956 -1.6 -5.53469
      vertex 19.1934 -1.6 -3.60876
      vertex 18.402 -1.6 -5.46957
    endloop
  endfacet
  facet normal 0 -1 -0
    outer loop
      vertex 19.1934 -1.6 -3.60876
      vertex 18.3956 -1.6 -5.53469
      vertex 19.2315 -1.6 -3.55557
    endloop
  endfacet
  facet normal 0 -1 0
    outer loop
      vertex 18.3849 -1.6 -5.59925
      vertex 19.2315 -1.6 -3.55557
      vertex 18.3956 -1.6 -5.53469
    endloop
  endfacet
  facet normal 0 -1 0
    outer loop
      vertex 23 -1.6 -13
      vertex 19.2315 -1.6 -3.55557
      vertex 18.3849 -1.6 -5.59925
    endloop
  endfacet
  facet normal 0 -1 0
    outer loop
      vertex 19.2315 -1.6 -3.55557
      vertex 23 -1.6 -13
      vertex 19.266 -1.6 -3.5
    endloop
  endfacet
  facet normal 0 -1 0
    outer loop
      vertex 19.266 -1.6 -3.5
      vertex 23 -1.6 -13
      vertex 19.2969 -1.6 -3.44229
    endloop
  endfacet
  facet normal 0 -1 0
    outer loop
      vertex 23 -1.6 -13
      vertex 18.3849 -1.6 -5.59925
      vertex 18.3701 -1.6 -5.66298
    endloop
  endfacet
  facet normal 0 -1 0
    outer loop
      vertex 23 -1.6 -13
      vertex 18.3701 -1.6 -5.66298
      vertex 18.3511 -1.6 -5.7256
    endloop
  endfacet
  facet normal 0 -1 0
    outer loop
      vertex 23 -1.6 -13
      vertex 18.3511 -1.6 -5.7256
      vertex 18.328 -1.6 -5.78685
    endloop
  endfacet
  facet normal 0 -1 0
    outer loop
      vertex 15.8969 -1.6 -6.84229
      vertex 17.0827 -1.6 -6.35109
      vertex 15.9239 -1.6 -6.78268
    endloop
  endfacet
  facet normal 0 -1 -0
    outer loop
      vertex 17.0827 -1.6 -6.35109
      vertex 15.8969 -1.6 -6.84229
      vertex 17.1453 -1.6 -6.37009
    endloop
  endfacet
  facet normal 0 -1 0
    outer loop
      vertex 15.866 -1.6 -6.9
      vertex 17.1453 -1.6 -6.37009
      vertex 15.8969 -1.6 -6.84229
    endloop
  endfacet
  facet normal 0 -1 -0
    outer loop
      vertex 17.1453 -1.6 -6.37009
      vertex 15.866 -1.6 -6.9
      vertex 17.2091 -1.6 -6.38495
    endloop
  endfacet
  facet normal 0 -1 0
    outer loop
      vertex 15.8315 -1.6 -6.95557
      vertex 17.2091 -1.6 -6.38495
      vertex 15.866 -1.6 -6.9
    endloop
  endfacet
  facet normal 0 -1 -0
    outer loop
      vertex 17.2091 -1.6 -6.38495
      vertex 15.8315 -1.6 -6.95557
      vertex 17.2736 -1.6 -6.39561
    endloop
  endfacet
  facet normal 0 -1 0
    outer loop
      vertex 15.7934 -1.6 -7.00876
      vertex 17.2736 -1.6 -6.39561
      vertex 15.8315 -1.6 -6.95557
    endloop
  endfacet
  facet normal 0 -1 -0
    outer loop
      vertex 17.2736 -1.6 -6.39561
      vertex 15.7934 -1.6 -7.00876
      vertex 17.3388 -1.6 -6.40202
    endloop
  endfacet
  facet normal 0 -1 0
    outer loop
      vertex 15.7518 -1.6 -7.05935
      vertex 17.3388 -1.6 -6.40202
      vertex 15.7934 -1.6 -7.00876
    endloop
  endfacet
  facet normal 0 -1 -0
    outer loop
      vertex 17.3388 -1.6 -6.40202
      vertex 15.7518 -1.6 -7.05935
      vertex 17.4042 -1.6 -6.40416
    endloop
  endfacet
  facet normal 0 -1 0
    outer loop
      vertex 15.7071 -1.6 -7.10711
      vertex 17.4042 -1.6 -6.40416
      vertex 15.7518 -1.6 -7.05935
    endloop
  endfacet
  facet normal 0 -1 -0
    outer loop
      vertex 17.4042 -1.6 -6.40416
      vertex 15.7071 -1.6 -7.10711
      vertex 17.4696 -1.6 -6.40202
    endloop
  endfacet
  facet normal 0 -1 0
    outer loop
      vertex 15.6593 -1.6 -7.15184
      vertex 17.4696 -1.6 -6.40202
      vertex 15.7071 -1.6 -7.10711
    endloop
  endfacet
  facet normal 0 -1 -0
    outer loop
      vertex 17.4696 -1.6 -6.40202
      vertex 15.6593 -1.6 -7.15184
      vertex 17.5347 -1.6 -6.39561
    endloop
  endfacet
  facet normal 0 -1 0
    outer loop
      vertex 15.6088 -1.6 -7.19335
      vertex 17.5347 -1.6 -6.39561
      vertex 15.6593 -1.6 -7.15184
    endloop
  endfacet
  facet normal 0 -1 -0
    outer loop
      vertex 17.5347 -1.6 -6.39561
      vertex 15.6088 -1.6 -7.19335
      vertex 17.5993 -1.6 -6.38495
    endloop
  endfacet
  facet normal 0 -1 0
    outer loop
      vertex 15.5556 -1.6 -7.23147
      vertex 17.5993 -1.6 -6.38495
      vertex 15.6088 -1.6 -7.19335
    endloop
  endfacet
  facet normal 0 -1 0
    outer loop
      vertex 23 -1.6 -13
      vertex 17.5993 -1.6 -6.38495
      vertex 15.5556 -1.6 -7.23147
    endloop
  endfacet
  facet normal 0 -1 0
    outer loop
      vertex 17.5993 -1.6 -6.38495
      vertex 23 -1.6 -13
      vertex 17.663 -1.6 -6.37009
    endloop
  endfacet
  facet normal 0 -1 0
    outer loop
      vertex 17.663 -1.6 -6.37009
      vertex 23 -1.6 -13
      vertex 17.7256 -1.6 -6.35109
    endloop
  endfacet
  facet normal 0 -1 0
    outer loop
      vertex 23 -1.6 -13
      vertex 15.5556 -1.6 -7.23147
      vertex 15.5 -1.6 -7.26602
    endloop
  endfacet
  facet normal 0 -1 0
    outer loop
      vertex 23 -1.6 -13
      vertex 15.5 -1.6 -7.26602
      vertex 15.4423 -1.6 -7.29687
    endloop
  endfacet
  facet normal 0 -1 0
    outer loop
      vertex 23 -1.6 -13
      vertex 15.4423 -1.6 -7.29687
      vertex 15.3827 -1.6 -7.32388
    endloop
  endfacet
  facet normal 0 -1 0
    outer loop
      vertex -0.406542 -1.6 -10.5184
      vertex 14.6786 -1.6 -7.34693
      vertex 0.0710678 -1.6 -10.0711
    endloop
  endfacet
  facet normal 0 -1 -0
    outer loop
      vertex 14.6786 -1.6 -7.34693
      vertex -0.406542 -1.6 -10.5184
      vertex 14.7412 -1.6 -7.36593
    endloop
  endfacet
  facet normal 0 -1 0
    outer loop
      vertex 23 -1.6 -13
      vertex 14.7412 -1.6 -7.36593
      vertex -0.406542 -1.6 -10.5184
    endloop
  endfacet
  facet normal 0 -1 0
    outer loop
      vertex 14.7412 -1.6 -7.36593
      vertex 23 -1.6 -13
      vertex 14.8049 -1.6 -7.38078
    endloop
  endfacet
  facet normal 0 -1 0
    outer loop
      vertex 14.8049 -1.6 -7.38078
      vertex 23 -1.6 -13
      vertex 14.8695 -1.6 -7.39144
    endloop
  endfacet
  facet normal 0 -1 0
    outer loop
      vertex 14.8695 -1.6 -7.39144
      vertex 23 -1.6 -13
      vertex 14.9346 -1.6 -7.39786
    endloop
  endfacet
  facet normal 0 -1 0
    outer loop
      vertex 14.9346 -1.6 -7.39786
      vertex 23 -1.6 -13
      vertex 15 -1.6 -7.4
    endloop
  endfacet
  facet normal 0 -1 0
    outer loop
      vertex 15 -1.6 -7.4
      vertex 23 -1.6 -13
      vertex 15.0654 -1.6 -7.39786
    endloop
  endfacet
  facet normal 0 -1 0
    outer loop
      vertex 15.0654 -1.6 -7.39786
      vertex 23 -1.6 -13
      vertex 15.1305 -1.6 -7.39144
    endloop
  endfacet
  facet normal 0 -1 0
    outer loop
      vertex 23 -1.6 -13
      vertex -0.406542 -1.6 -10.5184
      vertex -0.912385 -1.6 -10.9335
    endloop
  endfacet
  facet normal 0 -1 0
    outer loop
      vertex 23 -1.6 -13
      vertex -0.912385 -1.6 -10.9335
      vertex -1.4443 -1.6 -11.3147
    endloop
  endfacet
  facet normal 0 -1 0
    outer loop
      vertex 15.1305 -1.6 -7.39144
      vertex 23 -1.6 -13
      vertex 15.1951 -1.6 -7.38078
    endloop
  endfacet
  facet normal 0 -1 0
    outer loop
      vertex 23 -1.6 -13
      vertex -1.4443 -1.6 -11.3147
      vertex -2 -1.6 -11.6603
    endloop
  endfacet
  facet normal 0 -1 0
    outer loop
      vertex 23 -1.6 -13
      vertex -2 -1.6 -11.6603
      vertex -2.57711 -1.6 -11.9687
    endloop
  endfacet
  facet normal 0 -1 0
    outer loop
      vertex 23 -1.6 -13
      vertex -2.57711 -1.6 -11.9687
      vertex -3.17317 -1.6 -12.2388
    endloop
  endfacet
  facet normal 0 -1 0
    outer loop
      vertex 23 -1.6 -13
      vertex -3.17317 -1.6 -12.2388
      vertex -3.7856 -1.6 -12.4693
    endloop
  endfacet
  facet normal 0 -1 0
    outer loop
      vertex 23 -1.6 -13
      vertex -3.7856 -1.6 -12.4693
      vertex -4.41181 -1.6 -12.6593
    endloop
  endfacet
  facet normal 0 -1 0
    outer loop
      vertex 19.3914 -1.6 -2.86947
      vertex 23 -1.6 -13
      vertex 23 -1.6 13
    endloop
  endfacet
  facet normal 0 -1 0
    outer loop
      vertex 19.3659 -1.6 -3.25882
      vertex 23 -1.6 -13
      vertex 19.3808 -1.6 -3.19509
    endloop
  endfacet
  facet normal 0 -1 0
    outer loop
      vertex 19.3469 -1.6 -3.32144
      vertex 23 -1.6 -13
      vertex 19.3659 -1.6 -3.25882
    endloop
  endfacet
  facet normal 0 -1 0
    outer loop
      vertex 19.3239 -1.6 -3.38268
      vertex 23 -1.6 -13
      vertex 19.3469 -1.6 -3.32144
    endloop
  endfacet
  facet normal 0 -1 0
    outer loop
      vertex 19.2969 -1.6 -3.44229
      vertex 23 -1.6 -13
      vertex 19.3239 -1.6 -3.38268
    endloop
  endfacet
  facet normal 0 -1 0
    outer loop
      vertex 18.301 -1.6 -5.84645
      vertex 23 -1.6 -13
      vertex 18.328 -1.6 -5.78685
    endloop
  endfacet
  facet normal 0 -1 0
    outer loop
      vertex 18.2702 -1.6 -5.90416
      vertex 23 -1.6 -13
      vertex 18.301 -1.6 -5.84645
    endloop
  endfacet
  facet normal 0 -1 0
    outer loop
      vertex 18.2356 -1.6 -5.95973
      vertex 23 -1.6 -13
      vertex 18.2702 -1.6 -5.90416
    endloop
  endfacet
  facet normal 0 -1 0
    outer loop
      vertex 18.1975 -1.6 -6.01292
      vertex 23 -1.6 -13
      vertex 18.2356 -1.6 -5.95973
    endloop
  endfacet
  facet normal 0 -1 0
    outer loop
      vertex 18.156 -1.6 -6.06351
      vertex 23 -1.6 -13
      vertex 18.1975 -1.6 -6.01292
    endloop
  endfacet
  facet normal 0 -1 0
    outer loop
      vertex 18.1113 -1.6 -6.11127
      vertex 23 -1.6 -13
      vertex 18.156 -1.6 -6.06351
    endloop
  endfacet
  facet normal 0 -1 0
    outer loop
      vertex 18.0635 -1.6 -6.156
      vertex 23 -1.6 -13
      vertex 18.1113 -1.6 -6.11127
    endloop
  endfacet
  facet normal 0 -1 0
    outer loop
      vertex 18.0129 -1.6 -6.19752
      vertex 23 -1.6 -13
      vertex 18.0635 -1.6 -6.156
    endloop
  endfacet
  facet normal 0 -1 0
    outer loop
      vertex 17.9597 -1.6 -6.23563
      vertex 23 -1.6 -13
      vertex 18.0129 -1.6 -6.19752
    endloop
  endfacet
  facet normal 0 -1 0
    outer loop
      vertex 17.9042 -1.6 -6.27019
      vertex 23 -1.6 -13
      vertex 17.9597 -1.6 -6.23563
    endloop
  endfacet
  facet normal 0 -1 0
    outer loop
      vertex 17.8465 -1.6 -6.30103
      vertex 23 -1.6 -13
      vertex 17.9042 -1.6 -6.27019
    endloop
  endfacet
  facet normal 0 -1 0
    outer loop
      vertex 17.7868 -1.6 -6.32804
      vertex 23 -1.6 -13
      vertex 17.8465 -1.6 -6.30103
    endloop
  endfacet
  facet normal 0 -1 0
    outer loop
      vertex 17.7256 -1.6 -6.35109
      vertex 23 -1.6 -13
      vertex 17.7868 -1.6 -6.32804
    endloop
  endfacet
  facet normal 0 -1 0
    outer loop
      vertex 15.3214 -1.6 -7.34693
      vertex 23 -1.6 -13
      vertex 15.3827 -1.6 -7.32388
    endloop
  endfacet
  facet normal 0 -1 0
    outer loop
      vertex 15.2588 -1.6 -7.36593
      vertex 23 -1.6 -13
      vertex 15.3214 -1.6 -7.34693
    endloop
  endfacet
  facet normal 0 -1 0
    outer loop
      vertex 15.1951 -1.6 -7.38078
      vertex 23 -1.6 -13
      vertex 15.2588 -1.6 -7.36593
    endloop
  endfacet
  facet normal 0 -1 0
    outer loop
      vertex -5.0491 -1.6 -12.8079
      vertex 23 -1.6 -13
      vertex -4.41181 -1.6 -12.6593
    endloop
  endfacet
  facet normal 0 -1 0
    outer loop
      vertex -5.69474 -1.6 -12.9144
      vertex 23 -1.6 -13
      vertex -5.0491 -1.6 -12.8079
    endloop
  endfacet
  facet normal 0 -1 0
    outer loop
      vertex -6.34597 -1.6 -12.9786
      vertex 23 -1.6 -13
      vertex -5.69474 -1.6 -12.9144
    endloop
  endfacet
  facet normal 0 -1 0
    outer loop
      vertex 23 -1.6 -13
      vertex -6.34597 -1.6 -12.9786
      vertex -7 -1.6 -13
    endloop
  endfacet
  facet normal 0 -1 0
    outer loop
      vertex -2 -1.6 5.66025
      vertex 15.2198 -1.6 8.02997
      vertex -2.57711 -1.6 5.96873
    endloop
  endfacet
  facet normal 0 -1 0
    outer loop
      vertex 15.2198 -1.6 8.02997
      vertex -2 -1.6 5.66025
      vertex 15.0908 -1.6 7.90919
    endloop
  endfacet
  facet normal 0 -1 0
    outer loop
      vertex 15.0908 -1.6 7.90919
      vertex -2 -1.6 5.66025
      vertex 14.97 -1.6 7.78023
    endloop
  endfacet
  facet normal 0 -1 0
    outer loop
      vertex -1.4443 -1.6 5.3147
      vertex 14.97 -1.6 7.78023
      vertex -2 -1.6 5.66025
    endloop
  endfacet
  facet normal 0 -1 0
    outer loop
      vertex 14.97 -1.6 7.78023
      vertex -1.4443 -1.6 5.3147
      vertex 14.8579 -1.6 7.64366
    endloop
  endfacet
  facet normal 0 -1 0
    outer loop
      vertex -0.912385 -1.6 4.93353
      vertex 14.8579 -1.6 7.64366
      vertex -1.4443 -1.6 5.3147
    endloop
  endfacet
  facet normal 0 -1 0
    outer loop
      vertex 14.8579 -1.6 7.64366
      vertex -0.912385 -1.6 4.93353
      vertex 14.755 -1.6 7.50004
    endloop
  endfacet
  facet normal 0 -1 0
    outer loop
      vertex 14.755 -1.6 7.50004
      vertex -0.912385 -1.6 4.93353
      vertex 14.6617 -1.6 7.35
    endloop
  endfacet
  facet normal 0 -1 0
    outer loop
      vertex -0.406542 -1.6 4.5184
      vertex 14.6617 -1.6 7.35
      vertex -0.912385 -1.6 4.93353
    endloop
  endfacet
  facet normal 0 -1 0
    outer loop
      vertex 14.6617 -1.6 7.35
      vertex -0.406542 -1.6 4.5184
      vertex 14.5784 -1.6 7.19418
    endloop
  endfacet
  facet normal 0 -1 0
    outer loop
      vertex 0.0710678 -1.6 4.07107
      vertex 14.5784 -1.6 7.19418
      vertex -0.406542 -1.6 4.5184
    endloop
  endfacet
  facet normal 0 -1 0
    outer loop
      vertex 14.5784 -1.6 7.19418
      vertex 0.0710678 -1.6 4.07107
      vertex 14.5055 -1.6 7.03325
    endloop
  endfacet
  facet normal 0 -1 0
    outer loop
      vertex 14.5055 -1.6 7.03325
      vertex 0.0710678 -1.6 4.07107
      vertex 14.4433 -1.6 6.86789
    endloop
  endfacet
  facet normal 0 -1 0
    outer loop
      vertex 0.518397 -1.6 3.59346
      vertex 14.4433 -1.6 6.86789
      vertex 0.0710678 -1.6 4.07107
    endloop
  endfacet
  facet normal 0 -1 0
    outer loop
      vertex 14.4433 -1.6 6.86789
      vertex 0.518397 -1.6 3.59346
      vertex 14.392 -1.6 6.69881
    endloop
  endfacet
  facet normal 0 -1 0
    outer loop
      vertex 14.392 -1.6 6.69881
      vertex 0.518397 -1.6 3.59346
      vertex 14.3519 -1.6 6.52674
    endloop
  endfacet
  facet normal 0 -1 0
    outer loop
      vertex 0.933533 -1.6 3.08761
      vertex 14.3519 -1.6 6.52674
      vertex 0.518397 -1.6 3.59346
    endloop
  endfacet
  facet normal 0 -1 0
    outer loop
      vertex 14.3519 -1.6 6.52674
      vertex 0.933533 -1.6 3.08761
      vertex 14.3231 -1.6 6.35242
    endloop
  endfacet
  facet normal 0 -1 0
    outer loop
      vertex 1.3147 -1.6 2.5557
      vertex 14.3231 -1.6 6.35242
      vertex 0.933533 -1.6 3.08761
    endloop
  endfacet
  facet normal 0 -1 0
    outer loop
      vertex 14.3231 -1.6 6.35242
      vertex 1.3147 -1.6 2.5557
      vertex 14.3058 -1.6 6.17659
    endloop
  endfacet
  facet normal 0 -1 0
    outer loop
      vertex 14.3058 -1.6 6.17659
      vertex 1.3147 -1.6 2.5557
      vertex 14.3 -1.6 6
    endloop
  endfacet
  facet normal 0 -1 -0
    outer loop
      vertex 14.3 -1.6 6
      vertex 1.3147 -1.6 2.5557
      vertex 14.3058 -1.6 5.82341
    endloop
  endfacet
  facet normal 0 -1 -0
    outer loop
      vertex 14.3058 -1.6 5.82341
      vertex 1.3147 -1.6 2.5557
      vertex 14.3231 -1.6 5.64758
    endloop
  endfacet
  facet normal 0 -1 -0
    outer loop
      vertex 14.3231 -1.6 5.64758
      vertex 1.3147 -1.6 2.5557
      vertex 14.3519 -1.6 5.47326
    endloop
  endfacet
  facet normal 0 -1 -0
    outer loop
      vertex 14.3519 -1.6 5.47326
      vertex 1.3147 -1.6 2.5557
      vertex 14.392 -1.6 5.30119
    endloop
  endfacet
  facet normal 0 -1 -0
    outer loop
      vertex 14.392 -1.6 5.30119
      vertex 1.3147 -1.6 2.5557
      vertex 14.4433 -1.6 5.13211
    endloop
  endfacet
  facet normal 0 -1 -0
    outer loop
      vertex 14.4433 -1.6 5.13211
      vertex 1.3147 -1.6 2.5557
      vertex 14.5055 -1.6 4.96675
    endloop
  endfacet
  facet normal 0 -1 0
    outer loop
      vertex 14.9346 -1.6 1.39786
      vertex 14.5055 -1.6 4.96675
      vertex 1.3147 -1.6 2.5557
    endloop
  endfacet
  facet normal 0 -1 0
    outer loop
      vertex 14.9346 -1.6 1.39786
      vertex 14.5784 -1.6 4.80582
      vertex 14.5055 -1.6 4.96675
    endloop
  endfacet
  facet normal 0 -1 0
    outer loop
      vertex 14.9346 -1.6 1.39786
      vertex 14.6617 -1.6 4.65
      vertex 14.5784 -1.6 4.80582
    endloop
  endfacet
  facet normal 0 -1 0
    outer loop
      vertex 14.9346 -1.6 1.39786
      vertex 14.755 -1.6 4.49996
      vertex 14.6617 -1.6 4.65
    endloop
  endfacet
  facet normal 0 -1 0
    outer loop
      vertex 14.9346 -1.6 1.39786
      vertex 14.8579 -1.6 4.35634
      vertex 14.755 -1.6 4.49996
    endloop
  endfacet
  facet normal 0 -1 0
    outer loop
      vertex 14.9346 -1.6 1.39786
      vertex 14.97 -1.6 4.21977
      vertex 14.8579 -1.6 4.35634
    endloop
  endfacet
  facet normal 0 -1 0
    outer loop
      vertex 14.9346 -1.6 1.39786
      vertex 15.0908 -1.6 4.09081
      vertex 14.97 -1.6 4.21977
    endloop
  endfacet
  facet normal 0 -1 0
    outer loop
      vertex 14.9346 -1.6 1.39786
      vertex 15.2198 -1.6 3.97003
      vertex 15.0908 -1.6 4.09081
    endloop
  endfacet
  facet normal 0 -1 0
    outer loop
      vertex 14.9346 -1.6 1.39786
      vertex 15.3563 -1.6 3.85795
      vertex 15.2198 -1.6 3.97003
    endloop
  endfacet
  facet normal 0 -1 0
    outer loop
      vertex 14.9346 -1.6 1.39786
      vertex 15.5 -1.6 3.75503
      vertex 15.3563 -1.6 3.85795
    endloop
  endfacet
  facet normal 0 -1 -0
    outer loop
      vertex 15.5 -1.6 3.75503
      vertex 15 -1.6 1.4
      vertex 15.65 -1.6 3.66173
    endloop
  endfacet
  facet normal 0 -1 0
    outer loop
      vertex 15.0654 -1.6 1.39786
      vertex 15.65 -1.6 3.66173
      vertex 15 -1.6 1.4
    endloop
  endfacet
  facet normal 0 -1 -0
    outer loop
      vertex 15.65 -1.6 3.66173
      vertex 15.0654 -1.6 1.39786
      vertex 15.8058 -1.6 3.57844
    endloop
  endfacet
  facet normal 0 -1 0
    outer loop
      vertex 15.1305 -1.6 1.39144
      vertex 15.8058 -1.6 3.57844
      vertex 15.0654 -1.6 1.39786
    endloop
  endfacet
  facet normal 0 -1 0
    outer loop
      vertex 15.1951 -1.6 1.38078
      vertex 15.8058 -1.6 3.57844
      vertex 15.1305 -1.6 1.39144
    endloop
  endfacet
  facet normal 0 -1 -0
    outer loop
      vertex 15.8058 -1.6 3.57844
      vertex 15.1951 -1.6 1.38078
      vertex 15.9668 -1.6 3.50552
    endloop
  endfacet
  facet normal 0 -1 0
    outer loop
      vertex 15.2588 -1.6 1.36593
      vertex 15.9668 -1.6 3.50552
      vertex 15.1951 -1.6 1.38078
    endloop
  endfacet
  facet normal 0 -1 -0
    outer loop
      vertex 14.2088 -1.6 -3.90221
      vertex 13.3892 -1.6 -4.7954
      vertex 14.2695 -1.6 -3.95202
    endloop
  endfacet
  facet normal 0 -1 -0
    outer loop
      vertex 18.0173 -1.6 -3.92388
      vertex 17.7868 -1.6 -4.48028
      vertex 18.0786 -1.6 -3.94693
    endloop
  endfacet
  facet normal 0 -1 0
    outer loop
      vertex 13.4273 -1.6 -4.84859
      vertex 14.2695 -1.6 -3.95202
      vertex 13.3892 -1.6 -4.7954
    endloop
  endfacet
  facet normal 0 -1 0
    outer loop
      vertex 17.7868 -1.6 -4.48028
      vertex 18.0173 -1.6 -3.92388
      vertex 17.7256 -1.6 -4.45723
    endloop
  endfacet
  facet normal 0 -1 -0
    outer loop
      vertex 14.2695 -1.6 -3.95202
      vertex 13.4273 -1.6 -4.84859
      vertex 14.3333 -1.6 -3.99776
    endloop
  endfacet
  facet normal 0 -1 -0
    outer loop
      vertex 17.9577 -1.6 -3.89687
      vertex 17.7256 -1.6 -4.45723
      vertex 18.0173 -1.6 -3.92388
    endloop
  endfacet
  facet normal 0 -1 0
    outer loop
      vertex 15.5307 -1.6 -4.07625
      vertex 17.1453 -1.6 -4.43824
      vertex 17.2091 -1.6 -4.42338
    endloop
  endfacet
  facet normal 0 -1 0
    outer loop
      vertex 15.5307 -1.6 -4.07625
      vertex 17.2091 -1.6 -4.42338
      vertex 17.2736 -1.6 -4.41272
    endloop
  endfacet
  facet normal 0 -1 0
    outer loop
      vertex 13.4619 -1.6 -4.90416
      vertex 14.3333 -1.6 -3.99776
      vertex 13.4273 -1.6 -4.84859
    endloop
  endfacet
  facet normal 0 -1 0
    outer loop
      vertex 15.5307 -1.6 -4.07625
      vertex 17.0827 -1.6 -4.45723
      vertex 17.1453 -1.6 -4.43824
    endloop
  endfacet
  facet normal 0 -1 -0
    outer loop
      vertex 14.3333 -1.6 -3.99776
      vertex 13.4619 -1.6 -4.90416
      vertex 14.4 -1.6 -4.03923
    endloop
  endfacet
  facet normal 0 -1 0
    outer loop
      vertex 15.5307 -1.6 -4.07625
      vertex 17.0215 -1.6 -4.48028
      vertex 17.0827 -1.6 -4.45723
    endloop
  endfacet
  facet normal 0 -1 0
    outer loop
      vertex 13.4927 -1.6 -4.96187
      vertex 14.4 -1.6 -4.03923
      vertex 13.4619 -1.6 -4.90416
    endloop
  endfacet
  facet normal 0 -1 0
    outer loop
      vertex 15.5307 -1.6 -4.07625
      vertex 16.9619 -1.6 -4.50729
      vertex 17.0215 -1.6 -4.48028
    endloop
  endfacet
  facet normal 0 -1 -0
    outer loop
      vertex 14.4 -1.6 -4.03923
      vertex 13.4927 -1.6 -4.96187
      vertex 14.4693 -1.6 -4.07625
    endloop
  endfacet
  facet normal 0 -1 0
    outer loop
      vertex 15.5307 -1.6 -4.07625
      vertex 16.9042 -1.6 -4.53814
      vertex 16.9619 -1.6 -4.50729
    endloop
  endfacet
  facet normal 0 -1 0
    outer loop
      vertex 13.5197 -1.6 -5.02148
      vertex 14.4693 -1.6 -4.07625
      vertex 13.4927 -1.6 -4.96187
    endloop
  endfacet
  facet normal 0 -1 0
    outer loop
      vertex 15.5307 -1.6 -4.07625
      vertex 16.8486 -1.6 -4.57269
      vertex 16.9042 -1.6 -4.53814
    endloop
  endfacet
  facet normal 0 -1 -0
    outer loop
      vertex 14.4693 -1.6 -4.07625
      vertex 13.5197 -1.6 -5.02148
      vertex 14.5408 -1.6 -4.10865
    endloop
  endfacet
  facet normal 0 -1 0
    outer loop
      vertex 15.5307 -1.6 -4.07625
      vertex 16.7954 -1.6 -4.61081
      vertex 16.8486 -1.6 -4.57269
    endloop
  endfacet
  facet normal 0 -1 0
    outer loop
      vertex 13.5428 -1.6 -5.08272
      vertex 14.5408 -1.6 -4.10865
      vertex 13.5197 -1.6 -5.02148
    endloop
  endfacet
  facet normal 0 -1 0
    outer loop
      vertex 15.5307 -1.6 -4.07625
      vertex 16.7448 -1.6 -4.65232
      vertex 16.7954 -1.6 -4.61081
    endloop
  endfacet
  facet normal 0 -1 0
    outer loop
      vertex 14.5577 -1.6 -5.50313
      vertex 14.5408 -1.6 -4.10865
      vertex 13.5428 -1.6 -5.08272
    endloop
  endfacet
  facet normal 0 -1 0
    outer loop
      vertex 15.5307 -1.6 -4.07625
      vertex 16.6971 -1.6 -4.69706
      vertex 16.7448 -1.6 -4.65232
    endloop
  endfacet
  facet normal -0 -1 0
    outer loop
      vertex 14.6173 -1.6 -5.47612
      vertex 14.5408 -1.6 -4.10865
      vertex 14.5577 -1.6 -5.50313
    endloop
  endfacet
  facet normal 0 -1 0
    outer loop
      vertex 15 -1.6 -4.2
      vertex 15.0654 -1.6 -5.40214
      vertex 15.0785 -1.6 -4.19743
    endloop
  endfacet
  facet normal 0 -1 0
    outer loop
      vertex 14.6143 -1.6 -4.13632
      vertex 14.6786 -1.6 -5.45307
      vertex 14.6894 -1.6 -4.15911
    endloop
  endfacet
  facet normal 0 -1 0
    outer loop
      vertex 15.5307 -1.6 -4.07625
      vertex 16.6523 -1.6 -4.74482
      vertex 16.6971 -1.6 -4.69706
    endloop
  endfacet
  facet normal -0 -1 0
    outer loop
      vertex 14.7412 -1.6 -5.43407
      vertex 14.6894 -1.6 -4.15911
      vertex 14.6786 -1.6 -5.45307
    endloop
  endfacet
  facet normal 0 -1 0
    outer loop
      vertex 15.1305 -1.6 -5.40856
      vertex 15.0785 -1.6 -4.19743
      vertex 15.0654 -1.6 -5.40214
    endloop
  endfacet
  facet normal 0 -1 0
    outer loop
      vertex 14.6894 -1.6 -4.15911
      vertex 14.7412 -1.6 -5.43407
      vertex 14.7659 -1.6 -4.17694
    endloop
  endfacet
  facet normal 0 -1 0
    outer loop
      vertex 15.5307 -1.6 -4.07625
      vertex 16.6108 -1.6 -4.7954
      vertex 16.6523 -1.6 -4.74482
    endloop
  endfacet
  facet normal -0 -1 0
    outer loop
      vertex 14.8049 -1.6 -5.41921
      vertex 14.7659 -1.6 -4.17694
      vertex 14.7412 -1.6 -5.43407
    endloop
  endfacet
  facet normal 0 -1 -0
    outer loop
      vertex 15.1566 -1.6 -4.18973
      vertex 15.1305 -1.6 -5.40856
      vertex 15.1951 -1.6 -5.41921
    endloop
  endfacet
  facet normal 0 -1 0
    outer loop
      vertex 14.7659 -1.6 -4.17694
      vertex 14.8049 -1.6 -5.41921
      vertex 14.8434 -1.6 -4.18973
    endloop
  endfacet
  facet normal 0 -1 0
    outer loop
      vertex 15.5307 -1.6 -4.07625
      vertex 16.5727 -1.6 -4.84859
      vertex 16.6108 -1.6 -4.7954
    endloop
  endfacet
  facet normal 0 -1 0
    outer loop
      vertex 14.5408 -1.6 -4.10865
      vertex 14.6173 -1.6 -5.47612
      vertex 14.6143 -1.6 -4.13632
    endloop
  endfacet
  facet normal 0 -1 -0
    outer loop
      vertex 15.2341 -1.6 -4.17694
      vertex 15.1951 -1.6 -5.41921
      vertex 15.2588 -1.6 -5.43407
    endloop
  endfacet
  facet normal 0 -1 0
    outer loop
      vertex 14.5577 -1.6 -5.50313
      vertex 13.5428 -1.6 -5.08272
      vertex 13.5618 -1.6 -5.14534
    endloop
  endfacet
  facet normal 0 -1 0
    outer loop
      vertex 15.5307 -1.6 -4.07625
      vertex 16.5381 -1.6 -4.90416
      vertex 16.5727 -1.6 -4.84859
    endloop
  endfacet
  facet normal 0 -1 0
    outer loop
      vertex 14.5 -1.6 -5.53397
      vertex 13.5618 -1.6 -5.14534
      vertex 13.5766 -1.6 -5.20907
    endloop
  endfacet
  facet normal 0 -1 -0
    outer loop
      vertex 15.3106 -1.6 -4.15911
      vertex 15.2588 -1.6 -5.43407
      vertex 15.3214 -1.6 -5.45307
    endloop
  endfacet
  facet normal 0 -1 0
    outer loop
      vertex 14.4444 -1.6 -5.56853
      vertex 13.5766 -1.6 -5.20907
      vertex 13.5873 -1.6 -5.27364
    endloop
  endfacet
  facet normal 0 -1 0
    outer loop
      vertex 15.5307 -1.6 -4.07625
      vertex 16.5073 -1.6 -4.96187
      vertex 16.5381 -1.6 -4.90416
    endloop
  endfacet
  facet normal 0 -1 0
    outer loop
      vertex 14.3912 -1.6 -5.60665
      vertex 13.5873 -1.6 -5.27364
      vertex 13.5937 -1.6 -5.33876
    endloop
  endfacet
  facet normal 0 -1 0
    outer loop
      vertex 15.3857 -1.6 -4.13632
      vertex 15.3214 -1.6 -5.45307
      vertex 15.3827 -1.6 -5.47612
    endloop
  endfacet
  facet normal 0 -1 0
    outer loop
      vertex 15.5307 -1.6 -4.07625
      vertex 16.4803 -1.6 -5.02148
      vertex 16.5073 -1.6 -4.96187
    endloop
  endfacet
  facet normal 0 -1 0
    outer loop
      vertex 15.0654 -1.6 -5.40214
      vertex 15 -1.6 -4.2
      vertex 15 -1.6 -5.4
    endloop
  endfacet
  facet normal 0 -1 0
    outer loop
      vertex 14.3407 -1.6 -5.64816
      vertex 13.5937 -1.6 -5.33876
      vertex 13.5958 -1.6 -5.40416
    endloop
  endfacet
  facet normal -0 -1 0
    outer loop
      vertex 15 -1.6 -5.4
      vertex 15 -1.6 -4.2
      vertex 14.9346 -1.6 -5.40214
    endloop
  endfacet
  facet normal 0 -1 0
    outer loop
      vertex 14.9215 -1.6 -4.19743
      vertex 14.9346 -1.6 -5.40214
      vertex 15 -1.6 -4.2
    endloop
  endfacet
  facet normal -0 -1 0
    outer loop
      vertex 14.9346 -1.6 -5.40214
      vertex 14.9215 -1.6 -4.19743
      vertex 14.8695 -1.6 -5.40856
    endloop
  endfacet
  facet normal 0 -1 0
    outer loop
      vertex 14.8434 -1.6 -4.18973
      vertex 14.8695 -1.6 -5.40856
      vertex 14.9215 -1.6 -4.19743
    endloop
  endfacet
  facet normal 0 -1 0
    outer loop
      vertex 14.2929 -1.6 -5.69289
      vertex 13.5958 -1.6 -5.40416
      vertex 13.5937 -1.6 -5.46957
    endloop
  endfacet
  facet normal -0 -1 0
    outer loop
      vertex 14.8695 -1.6 -5.40856
      vertex 14.8434 -1.6 -4.18973
      vertex 14.8049 -1.6 -5.41921
    endloop
  endfacet
  facet normal -0 -1 0
    outer loop
      vertex 14.6786 -1.6 -5.45307
      vertex 14.6143 -1.6 -4.13632
      vertex 14.6173 -1.6 -5.47612
    endloop
  endfacet
  facet normal 0 -1 0
    outer loop
      vertex 13.5618 -1.6 -5.14534
      vertex 14.5 -1.6 -5.53397
      vertex 14.5577 -1.6 -5.50313
    endloop
  endfacet
  facet normal 0 -1 0
    outer loop
      vertex 14.2482 -1.6 -5.74065
      vertex 13.5937 -1.6 -5.46957
      vertex 13.5873 -1.6 -5.53469
    endloop
  endfacet
  facet normal 0 -1 0
    outer loop
      vertex 13.5766 -1.6 -5.20907
      vertex 14.4444 -1.6 -5.56853
      vertex 14.5 -1.6 -5.53397
    endloop
  endfacet
  facet normal 0 -1 0
    outer loop
      vertex 14.2066 -1.6 -5.79124
      vertex 13.5873 -1.6 -5.53469
      vertex 13.5766 -1.6 -5.59925
    endloop
  endfacet
  facet normal 0 -1 0
    outer loop
      vertex 13.5873 -1.6 -5.27364
      vertex 14.3912 -1.6 -5.60665
      vertex 14.4444 -1.6 -5.56853
    endloop
  endfacet
  facet normal 0 -1 0
    outer loop
      vertex 13.5937 -1.6 -5.33876
      vertex 14.3407 -1.6 -5.64816
      vertex 14.3912 -1.6 -5.60665
    endloop
  endfacet
  facet normal 0 -1 0
    outer loop
      vertex 14.1685 -1.6 -5.84443
      vertex 13.5766 -1.6 -5.59925
      vertex 13.5618 -1.6 -5.66298
    endloop
  endfacet
  facet normal 0 -1 0
    outer loop
      vertex 13.5958 -1.6 -5.40416
      vertex 14.2929 -1.6 -5.69289
      vertex 14.3407 -1.6 -5.64816
    endloop
  endfacet
  facet normal 0 -1 0
    outer loop
      vertex 14.134 -1.6 -5.9
      vertex 13.5618 -1.6 -5.66298
      vertex 13.5428 -1.6 -5.7256
    endloop
  endfacet
  facet normal 0 -1 0
    outer loop
      vertex 13.5937 -1.6 -5.46957
      vertex 14.2482 -1.6 -5.74065
      vertex 14.2929 -1.6 -5.69289
    endloop
  endfacet
  facet normal 0 -1 0
    outer loop
      vertex 14.1031 -1.6 -5.95771
      vertex 13.5428 -1.6 -5.7256
      vertex 13.5197 -1.6 -5.78685
    endloop
  endfacet
  facet normal 0 -1 0
    outer loop
      vertex 13.5873 -1.6 -5.53469
      vertex 14.2066 -1.6 -5.79124
      vertex 14.2482 -1.6 -5.74065
    endloop
  endfacet
  facet normal 0 -1 0
    outer loop
      vertex 13.5766 -1.6 -5.59925
      vertex 14.1685 -1.6 -5.84443
      vertex 14.2066 -1.6 -5.79124
    endloop
  endfacet
  facet normal 0 -1 0
    outer loop
      vertex 14.0761 -1.6 -6.01732
      vertex 13.5197 -1.6 -5.78685
      vertex 13.4927 -1.6 -5.84645
    endloop
  endfacet
  facet normal 0 -1 0
    outer loop
      vertex 13.5618 -1.6 -5.66298
      vertex 14.134 -1.6 -5.9
      vertex 14.1685 -1.6 -5.84443
    endloop
  endfacet
  facet normal 0 -1 0
    outer loop
      vertex 14.0531 -1.6 -6.07856
      vertex 13.4927 -1.6 -5.84645
      vertex 13.4619 -1.6 -5.90416
    endloop
  endfacet
  facet normal 0 -1 0
    outer loop
      vertex 13.5428 -1.6 -5.7256
      vertex 14.1031 -1.6 -5.95771
      vertex 14.134 -1.6 -5.9
    endloop
  endfacet
  facet normal 0 -1 0
    outer loop
      vertex 14.0341 -1.6 -6.14118
      vertex 13.4619 -1.6 -5.90416
      vertex 13.4273 -1.6 -5.95973
    endloop
  endfacet
  facet normal 0 -1 0
    outer loop
      vertex 14.0192 -1.6 -6.20491
      vertex 13.4273 -1.6 -5.95973
      vertex 13.3892 -1.6 -6.01292
    endloop
  endfacet
  facet normal 0 -1 0
    outer loop
      vertex 13.5197 -1.6 -5.78685
      vertex 14.0761 -1.6 -6.01732
      vertex 14.1031 -1.6 -5.95771
    endloop
  endfacet
  facet normal 0 -1 0
    outer loop
      vertex 14.0086 -1.6 -6.26947
      vertex 13.3892 -1.6 -6.01292
      vertex 13.3477 -1.6 -6.06351
    endloop
  endfacet
  facet normal 0 -1 0
    outer loop
      vertex 13.4927 -1.6 -5.84645
      vertex 14.0531 -1.6 -6.07856
      vertex 14.0761 -1.6 -6.01732
    endloop
  endfacet
  facet normal 0 -1 0
    outer loop
      vertex 14.0021 -1.6 -6.3346
      vertex 13.3477 -1.6 -6.06351
      vertex 13.3029 -1.6 -6.11127
    endloop
  endfacet
  facet normal 0 -1 0
    outer loop
      vertex 13.4619 -1.6 -5.90416
      vertex 14.0341 -1.6 -6.14118
      vertex 14.0531 -1.6 -6.07856
    endloop
  endfacet
  facet normal 0 -1 0
    outer loop
      vertex 14 -1.6 -6.4
      vertex 13.3029 -1.6 -6.11127
      vertex 13.2552 -1.6 -6.156
    endloop
  endfacet
  facet normal 0 -1 0
    outer loop
      vertex 14.0021 -1.6 -6.4654
      vertex 13.2552 -1.6 -6.156
      vertex 13.2046 -1.6 -6.19752
    endloop
  endfacet
  facet normal 0 -1 0
    outer loop
      vertex 13.4273 -1.6 -5.95973
      vertex 14.0192 -1.6 -6.20491
      vertex 14.0341 -1.6 -6.14118
    endloop
  endfacet
  facet normal 0 -1 0
    outer loop
      vertex 14.0086 -1.6 -6.53053
      vertex 13.2046 -1.6 -6.19752
      vertex 13.1514 -1.6 -6.23563
    endloop
  endfacet
  facet normal 0 -1 0
    outer loop
      vertex 13.3892 -1.6 -6.01292
      vertex 14.0086 -1.6 -6.26947
      vertex 14.0192 -1.6 -6.20491
    endloop
  endfacet
  facet normal 0 -1 0
    outer loop
      vertex 14.0192 -1.6 -6.59509
      vertex 13.1514 -1.6 -6.23563
      vertex 13.0958 -1.6 -6.27019
    endloop
  endfacet
  facet normal 0 -1 0
    outer loop
      vertex 14.0341 -1.6 -6.65882
      vertex 13.0958 -1.6 -6.27019
      vertex 13.0381 -1.6 -6.30103
    endloop
  endfacet
  facet normal 0 -1 0
    outer loop
      vertex 14.0531 -1.6 -6.72144
      vertex 13.0381 -1.6 -6.30103
      vertex 12.9785 -1.6 -6.32804
    endloop
  endfacet
  facet normal 0 -1 0
    outer loop
      vertex 13.3477 -1.6 -6.06351
      vertex 14.0021 -1.6 -6.3346
      vertex 14.0086 -1.6 -6.26947
    endloop
  endfacet
  facet normal 0 -1 0
    outer loop
      vertex 14.0761 -1.6 -6.78268
      vertex 12.9785 -1.6 -6.32804
      vertex 12.9173 -1.6 -6.35109
    endloop
  endfacet
  facet normal 0 -1 0
    outer loop
      vertex 14.1031 -1.6 -6.84229
      vertex 12.9173 -1.6 -6.35109
      vertex 12.8547 -1.6 -6.37009
    endloop
  endfacet
  facet normal 0 -1 0
    outer loop
      vertex 14.134 -1.6 -6.9
      vertex 12.8547 -1.6 -6.37009
      vertex 12.7909 -1.6 -6.38495
    endloop
  endfacet
  facet normal 0 -1 0
    outer loop
      vertex 14.1685 -1.6 -6.95557
      vertex 12.7909 -1.6 -6.38495
      vertex 12.7264 -1.6 -6.39561
    endloop
  endfacet
  facet normal 0 -1 0
    outer loop
      vertex 13.3029 -1.6 -6.11127
      vertex 14 -1.6 -6.4
      vertex 14.0021 -1.6 -6.3346
    endloop
  endfacet
  facet normal 0 -1 0
    outer loop
      vertex 14.2066 -1.6 -7.00876
      vertex 12.7264 -1.6 -6.39561
      vertex 12.6612 -1.6 -6.40202
    endloop
  endfacet
  facet normal 0 -1 0
    outer loop
      vertex 14.2482 -1.6 -7.05935
      vertex 12.6612 -1.6 -6.40202
      vertex 12.5958 -1.6 -6.40416
    endloop
  endfacet
  facet normal 0 -1 0
    outer loop
      vertex 13.2552 -1.6 -6.156
      vertex 14.0021 -1.6 -6.4654
      vertex 14 -1.6 -6.4
    endloop
  endfacet
  facet normal 0 -1 0
    outer loop
      vertex 13.3029 -1.6 -4.69706
      vertex 14.1515 -1.6 -3.84853
      vertex 13.2552 -1.6 -4.65232
    endloop
  endfacet
  facet normal 0 -1 0
    outer loop
      vertex 2.91445 -1.6 -4.30526
      vertex 12.4653 -1.6 -4.41272
      vertex 12.5304 -1.6 -4.4063
    endloop
  endfacet
  facet normal 0 -1 0
    outer loop
      vertex 2.91445 -1.6 -4.30526
      vertex 12.4007 -1.6 -4.42338
      vertex 12.4653 -1.6 -4.41272
    endloop
  endfacet
  facet normal 0 -1 0
    outer loop
      vertex 2.91445 -1.6 -4.30526
      vertex 12.337 -1.6 -4.43824
      vertex 12.4007 -1.6 -4.42338
    endloop
  endfacet
  facet normal 0 -1 0
    outer loop
      vertex 2.91445 -1.6 -4.30526
      vertex 12.2744 -1.6 -4.45723
      vertex 12.337 -1.6 -4.43824
    endloop
  endfacet
  facet normal 0 -1 0
    outer loop
      vertex 2.91445 -1.6 -4.30526
      vertex 12.2132 -1.6 -4.48028
      vertex 12.2744 -1.6 -4.45723
    endloop
  endfacet
  facet normal 0 -1 0
    outer loop
      vertex 2.91445 -1.6 -4.30526
      vertex 12.1535 -1.6 -4.50729
      vertex 12.2132 -1.6 -4.48028
    endloop
  endfacet
  facet normal 0 -1 0
    outer loop
      vertex 2.91445 -1.6 -4.30526
      vertex 12.0958 -1.6 -4.53814
      vertex 12.1535 -1.6 -4.50729
    endloop
  endfacet
  facet normal 0 -1 0
    outer loop
      vertex 2.91445 -1.6 -4.30526
      vertex 12.0403 -1.6 -4.57269
      vertex 12.0958 -1.6 -4.53814
    endloop
  endfacet
  facet normal 0 -1 0
    outer loop
      vertex 2.91445 -1.6 -4.30526
      vertex 11.9871 -1.6 -4.61081
      vertex 12.0403 -1.6 -4.57269
    endloop
  endfacet
  facet normal 0 -1 0
    outer loop
      vertex 2.91445 -1.6 -4.30526
      vertex 11.9365 -1.6 -4.65232
      vertex 11.9871 -1.6 -4.61081
    endloop
  endfacet
  facet normal 0 -1 0
    outer loop
      vertex 2.91445 -1.6 -4.30526
      vertex 11.8887 -1.6 -4.69706
      vertex 11.9365 -1.6 -4.65232
    endloop
  endfacet
  facet normal 0 -1 0
    outer loop
      vertex 2.91445 -1.6 -4.30526
      vertex 11.844 -1.6 -4.74482
      vertex 11.8887 -1.6 -4.69706
    endloop
  endfacet
  facet normal 0 -1 0
    outer loop
      vertex 2.91445 -1.6 -4.30526
      vertex 11.8025 -1.6 -4.7954
      vertex 11.844 -1.6 -4.74482
    endloop
  endfacet
  facet normal 0 -1 0
    outer loop
      vertex 2.91445 -1.6 -4.30526
      vertex 11.7644 -1.6 -4.84859
      vertex 11.8025 -1.6 -4.7954
    endloop
  endfacet
  facet normal 0 -1 0
    outer loop
      vertex 2.91445 -1.6 -4.30526
      vertex 11.7298 -1.6 -4.90416
      vertex 11.7644 -1.6 -4.84859
    endloop
  endfacet
  facet normal 0 -1 0
    outer loop
      vertex 11.5958 -1.6 -5.40416
      vertex 2.91445 -1.6 -4.30526
      vertex 2.80785 -1.6 -4.9509
    endloop
  endfacet
  facet normal 0 -1 0
    outer loop
      vertex 2.91445 -1.6 -4.30526
      vertex 11.699 -1.6 -4.96187
      vertex 11.7298 -1.6 -4.90416
    endloop
  endfacet
  facet normal 0 -1 0
    outer loop
      vertex 2.91445 -1.6 -4.30526
      vertex 11.672 -1.6 -5.02148
      vertex 11.699 -1.6 -4.96187
    endloop
  endfacet
  facet normal 0 -1 0
    outer loop
      vertex 2.91445 -1.6 -4.30526
      vertex 11.6489 -1.6 -5.08272
      vertex 11.672 -1.6 -5.02148
    endloop
  endfacet
  facet normal 0 -1 0
    outer loop
      vertex 2.91445 -1.6 -4.30526
      vertex 11.6299 -1.6 -5.14534
      vertex 11.6489 -1.6 -5.08272
    endloop
  endfacet
  facet normal 0 -1 0
    outer loop
      vertex 2.91445 -1.6 -4.30526
      vertex 11.6151 -1.6 -5.20907
      vertex 11.6299 -1.6 -5.14534
    endloop
  endfacet
  facet normal 0 -1 0
    outer loop
      vertex 2.91445 -1.6 -4.30526
      vertex 11.6044 -1.6 -5.27364
      vertex 11.6151 -1.6 -5.20907
    endloop
  endfacet
  facet normal 0 -1 0
    outer loop
      vertex 2.91445 -1.6 -4.30526
      vertex 11.598 -1.6 -5.33876
      vertex 11.6044 -1.6 -5.27364
    endloop
  endfacet
  facet normal 0 -1 0
    outer loop
      vertex 2.91445 -1.6 -4.30526
      vertex 11.5958 -1.6 -5.40416
      vertex 11.598 -1.6 -5.33876
    endloop
  endfacet
  facet normal 0 -1 0
    outer loop
      vertex 2.80785 -1.6 -4.9509
      vertex 11.598 -1.6 -5.46957
      vertex 11.5958 -1.6 -5.40416
    endloop
  endfacet
  facet normal 0 -1 0
    outer loop
      vertex 2.80785 -1.6 -4.9509
      vertex 11.6044 -1.6 -5.53469
      vertex 11.598 -1.6 -5.46957
    endloop
  endfacet
  facet normal 0 -1 0
    outer loop
      vertex 2.65926 -1.6 -5.58819
      vertex 11.6044 -1.6 -5.53469
      vertex 2.80785 -1.6 -4.9509
    endloop
  endfacet
  facet normal 0 -1 0
    outer loop
      vertex 2.65926 -1.6 -5.58819
      vertex 11.6151 -1.6 -5.59925
      vertex 11.6044 -1.6 -5.53469
    endloop
  endfacet
  facet normal 0 -1 0
    outer loop
      vertex 2.65926 -1.6 -5.58819
      vertex 11.6299 -1.6 -5.66298
      vertex 11.6151 -1.6 -5.59925
    endloop
  endfacet
  facet normal 0 -1 0
    outer loop
      vertex 2.65926 -1.6 -5.58819
      vertex 11.6489 -1.6 -5.7256
      vertex 11.6299 -1.6 -5.66298
    endloop
  endfacet
  facet normal 0 -1 0
    outer loop
      vertex 2.4693 -1.6 -6.21439
      vertex 11.6489 -1.6 -5.7256
      vertex 2.65926 -1.6 -5.58819
    endloop
  endfacet
  facet normal 0 -1 -0
    outer loop
      vertex 11.6489 -1.6 -5.7256
      vertex 2.4693 -1.6 -6.21439
      vertex 11.672 -1.6 -5.78685
    endloop
  endfacet
  facet normal 0 -1 -0
    outer loop
      vertex 11.672 -1.6 -5.78685
      vertex 2.4693 -1.6 -6.21439
      vertex 11.699 -1.6 -5.84645
    endloop
  endfacet
  facet normal 0 -1 -0
    outer loop
      vertex 11.699 -1.6 -5.84645
      vertex 2.4693 -1.6 -6.21439
      vertex 11.7298 -1.6 -5.90416
    endloop
  endfacet
  facet normal 0 -1 0
    outer loop
      vertex 2.2388 -1.6 -6.82683
      vertex 11.7298 -1.6 -5.90416
      vertex 2.4693 -1.6 -6.21439
    endloop
  endfacet
  facet normal 0 -1 -0
    outer loop
      vertex 11.7298 -1.6 -5.90416
      vertex 2.2388 -1.6 -6.82683
      vertex 11.7644 -1.6 -5.95973
    endloop
  endfacet
  facet normal 0 -1 -0
    outer loop
      vertex 11.7644 -1.6 -5.95973
      vertex 2.2388 -1.6 -6.82683
      vertex 11.8025 -1.6 -6.01292
    endloop
  endfacet
  facet normal 0 -1 0
    outer loop
      vertex 1.96873 -1.6 -7.42289
      vertex 11.8025 -1.6 -6.01292
      vertex 2.2388 -1.6 -6.82683
    endloop
  endfacet
  facet normal 0 -1 -0
    outer loop
      vertex 11.8025 -1.6 -6.01292
      vertex 1.96873 -1.6 -7.42289
      vertex 11.844 -1.6 -6.06351
    endloop
  endfacet
  facet normal 0 -1 -0
    outer loop
      vertex 11.844 -1.6 -6.06351
      vertex 1.96873 -1.6 -7.42289
      vertex 11.8887 -1.6 -6.11127
    endloop
  endfacet
  facet normal 0 -1 0
    outer loop
      vertex 1.66025 -1.6 -8
      vertex 11.8887 -1.6 -6.11127
      vertex 1.96873 -1.6 -7.42289
    endloop
  endfacet
  facet normal 0 -1 -0
    outer loop
      vertex 11.8887 -1.6 -6.11127
      vertex 1.66025 -1.6 -8
      vertex 11.9365 -1.6 -6.156
    endloop
  endfacet
  facet normal 0 -1 -0
    outer loop
      vertex 11.9365 -1.6 -6.156
      vertex 1.66025 -1.6 -8
      vertex 11.9871 -1.6 -6.19752
    endloop
  endfacet
  facet normal 0 -1 -0
    outer loop
      vertex 11.9871 -1.6 -6.19752
      vertex 1.66025 -1.6 -8
      vertex 12.0403 -1.6 -6.23563
    endloop
  endfacet
  facet normal 0 -1 0
    outer loop
      vertex 1.3147 -1.6 -8.5557
      vertex 12.0403 -1.6 -6.23563
      vertex 1.66025 -1.6 -8
    endloop
  endfacet
  facet normal 0 -1 -0
    outer loop
      vertex 12.0403 -1.6 -6.23563
      vertex 1.3147 -1.6 -8.5557
      vertex 12.0958 -1.6 -6.27019
    endloop
  endfacet
  facet normal 0 -1 -0
    outer loop
      vertex 12.0958 -1.6 -6.27019
      vertex 1.3147 -1.6 -8.5557
      vertex 12.1535 -1.6 -6.30103
    endloop
  endfacet
  facet normal 0 -1 0
    outer loop
      vertex 0.933533 -1.6 -9.08761
      vertex 12.1535 -1.6 -6.30103
      vertex 1.3147 -1.6 -8.5557
    endloop
  endfacet
  facet normal 0 -1 -0
    outer loop
      vertex 12.1535 -1.6 -6.30103
      vertex 0.933533 -1.6 -9.08761
      vertex 12.2132 -1.6 -6.32804
    endloop
  endfacet
  facet normal 0 -1 0
    outer loop
      vertex 12.337 -1.6 -6.37009
      vertex 14.5 -1.6 -7.26602
      vertex 12.4007 -1.6 -6.38495
    endloop
  endfacet
  facet normal -0 -1 -0
    outer loop
      vertex 14.4444 -1.6 -7.23147
      vertex 12.4007 -1.6 -6.38495
      vertex 14.5 -1.6 -7.26602
    endloop
  endfacet
  facet normal 0 -1 0
    outer loop
      vertex 13.2046 -1.6 -6.19752
      vertex 14.0086 -1.6 -6.53053
      vertex 14.0021 -1.6 -6.4654
    endloop
  endfacet
  facet normal 0 -1 0
    outer loop
      vertex 13.1514 -1.6 -6.23563
      vertex 14.0192 -1.6 -6.59509
      vertex 14.0086 -1.6 -6.53053
    endloop
  endfacet
  facet normal 0 -1 0
    outer loop
      vertex 13.0958 -1.6 -6.27019
      vertex 14.0341 -1.6 -6.65882
      vertex 14.0192 -1.6 -6.59509
    endloop
  endfacet
  facet normal 0 -1 0
    outer loop
      vertex 13.0381 -1.6 -6.30103
      vertex 14.0531 -1.6 -6.72144
      vertex 14.0341 -1.6 -6.65882
    endloop
  endfacet
  facet normal 0 -1 0
    outer loop
      vertex 12.4007 -1.6 -6.38495
      vertex 14.4444 -1.6 -7.23147
      vertex 12.4653 -1.6 -6.39561
    endloop
  endfacet
  facet normal 0 -1 0
    outer loop
      vertex 12.9785 -1.6 -6.32804
      vertex 14.0761 -1.6 -6.78268
      vertex 14.0531 -1.6 -6.72144
    endloop
  endfacet
  facet normal 0 -1 0
    outer loop
      vertex 12.9173 -1.6 -6.35109
      vertex 14.1031 -1.6 -6.84229
      vertex 14.0761 -1.6 -6.78268
    endloop
  endfacet
  facet normal -0 -1 -0
    outer loop
      vertex 14.3912 -1.6 -7.19335
      vertex 12.4653 -1.6 -6.39561
      vertex 14.4444 -1.6 -7.23147
    endloop
  endfacet
  facet normal 0 -1 0
    outer loop
      vertex 12.8547 -1.6 -6.37009
      vertex 14.134 -1.6 -6.9
      vertex 14.1031 -1.6 -6.84229
    endloop
  endfacet
  facet normal 0 -1 0
    outer loop
      vertex 12.7909 -1.6 -6.38495
      vertex 14.1685 -1.6 -6.95557
      vertex 14.134 -1.6 -6.9
    endloop
  endfacet
  facet normal 0 -1 0
    outer loop
      vertex 12.7264 -1.6 -6.39561
      vertex 14.2066 -1.6 -7.00876
      vertex 14.1685 -1.6 -6.95557
    endloop
  endfacet
  facet normal 0 -1 0
    outer loop
      vertex 12.6612 -1.6 -6.40202
      vertex 14.2482 -1.6 -7.05935
      vertex 14.2066 -1.6 -7.00876
    endloop
  endfacet
  facet normal 0 -1 0
    outer loop
      vertex 12.5958 -1.6 -6.40416
      vertex 14.2929 -1.6 -7.10711
      vertex 14.2482 -1.6 -7.05935
    endloop
  endfacet
  facet normal 0 -1 0
    outer loop
      vertex 12.5958 -1.6 -6.40416
      vertex 14.3407 -1.6 -7.15184
      vertex 14.2929 -1.6 -7.10711
    endloop
  endfacet
  facet normal 0 -1 0
    outer loop
      vertex 12.5304 -1.6 -6.40202
      vertex 14.3407 -1.6 -7.15184
      vertex 12.5958 -1.6 -6.40416
    endloop
  endfacet
  facet normal -0 -1 -0
    outer loop
      vertex 14.3407 -1.6 -7.15184
      vertex 12.5304 -1.6 -6.40202
      vertex 14.3912 -1.6 -7.19335
    endloop
  endfacet
  facet normal 0 -1 0
    outer loop
      vertex 12.4653 -1.6 -6.39561
      vertex 14.3912 -1.6 -7.19335
      vertex 12.5304 -1.6 -6.40202
    endloop
  endfacet
  facet normal 0 -1 0
    outer loop
      vertex 0.518397 -1.6 -9.59346
      vertex 12.2132 -1.6 -6.32804
      vertex 0.933533 -1.6 -9.08761
    endloop
  endfacet
  facet normal 0 -1 -0
    outer loop
      vertex 12.2132 -1.6 -6.32804
      vertex 0.518397 -1.6 -9.59346
      vertex 12.2744 -1.6 -6.35109
    endloop
  endfacet
  facet normal 0 -1 -0
    outer loop
      vertex 12.2744 -1.6 -6.35109
      vertex 0.518397 -1.6 -9.59346
      vertex 12.337 -1.6 -6.37009
    endloop
  endfacet
  facet normal 0 -1 -0
    outer loop
      vertex 12.337 -1.6 -6.37009
      vertex 0.518397 -1.6 -9.59346
      vertex 14.5 -1.6 -7.26602
    endloop
  endfacet
  facet normal 0 -1 -0
    outer loop
      vertex 14.5 -1.6 -7.26602
      vertex 0.518397 -1.6 -9.59346
      vertex 14.5577 -1.6 -7.29687
    endloop
  endfacet
  facet normal 0 -1 0
    outer loop
      vertex 0.0710678 -1.6 -10.0711
      vertex 14.5577 -1.6 -7.29687
      vertex 0.518397 -1.6 -9.59346
    endloop
  endfacet
  facet normal 0 -1 -0
    outer loop
      vertex 14.6173 -1.6 -7.32388
      vertex 0.0710678 -1.6 -10.0711
      vertex 14.6786 -1.6 -7.34693
    endloop
  endfacet
  facet normal 0 -1 -0
    outer loop
      vertex 14.5577 -1.6 -7.29687
      vertex 0.0710678 -1.6 -10.0711
      vertex 14.6173 -1.6 -7.32388
    endloop
  endfacet
  facet normal 0 -1 0
    outer loop
      vertex 15.4592 -1.6 -4.10865
      vertex 15.3827 -1.6 -5.47612
      vertex 15.4423 -1.6 -5.50313
    endloop
  endfacet
  facet normal 0 -1 0
    outer loop
      vertex 15.4592 -1.6 -4.10865
      vertex 16.4572 -1.6 -5.08272
      vertex 16.4803 -1.6 -5.02148
    endloop
  endfacet
  facet normal 0 -1 -0
    outer loop
      vertex 15.4592 -1.6 -4.10865
      vertex 15.4423 -1.6 -5.50313
      vertex 16.4572 -1.6 -5.08272
    endloop
  endfacet
  facet normal 0 -1 0
    outer loop
      vertex 16.4572 -1.6 -5.08272
      vertex 15.4423 -1.6 -5.50313
      vertex 16.4382 -1.6 -5.14534
    endloop
  endfacet
  facet normal 0 -1 0
    outer loop
      vertex 15.5 -1.6 -5.53397
      vertex 16.4382 -1.6 -5.14534
      vertex 15.4423 -1.6 -5.50313
    endloop
  endfacet
  facet normal 0 -1 0
    outer loop
      vertex 16.4382 -1.6 -5.14534
      vertex 15.5 -1.6 -5.53397
      vertex 16.4234 -1.6 -5.20907
    endloop
  endfacet
  facet normal 0 -1 0
    outer loop
      vertex 15.5556 -1.6 -5.56853
      vertex 16.4234 -1.6 -5.20907
      vertex 15.5 -1.6 -5.53397
    endloop
  endfacet
  facet normal 0 -1 0
    outer loop
      vertex 16.4234 -1.6 -5.20907
      vertex 15.5556 -1.6 -5.56853
      vertex 16.4127 -1.6 -5.27364
    endloop
  endfacet
  facet normal 0 -1 0
    outer loop
      vertex 15.6088 -1.6 -5.60665
      vertex 16.4127 -1.6 -5.27364
      vertex 15.5556 -1.6 -5.56853
    endloop
  endfacet
  facet normal 0 -1 0
    outer loop
      vertex 16.4127 -1.6 -5.27364
      vertex 15.6088 -1.6 -5.60665
      vertex 16.4063 -1.6 -5.33876
    endloop
  endfacet
  facet normal 0 -1 0
    outer loop
      vertex 15.6593 -1.6 -5.64816
      vertex 16.4063 -1.6 -5.33876
      vertex 15.6088 -1.6 -5.60665
    endloop
  endfacet
  facet normal 0 -1 0
    outer loop
      vertex 16.4063 -1.6 -5.33876
      vertex 15.6593 -1.6 -5.64816
      vertex 16.4042 -1.6 -5.40416
    endloop
  endfacet
  facet normal 0 -1 0
    outer loop
      vertex 15.7071 -1.6 -5.69289
      vertex 16.4042 -1.6 -5.40416
      vertex 15.6593 -1.6 -5.64816
    endloop
  endfacet
  facet normal 0 -1 -0
    outer loop
      vertex 16.4042 -1.6 -5.40416
      vertex 15.7071 -1.6 -5.69289
      vertex 16.4063 -1.6 -5.46957
    endloop
  endfacet
  facet normal 0 -1 0
    outer loop
      vertex 15.7518 -1.6 -5.74065
      vertex 16.4063 -1.6 -5.46957
      vertex 15.7071 -1.6 -5.69289
    endloop
  endfacet
  facet normal 0 -1 -0
    outer loop
      vertex 16.4063 -1.6 -5.46957
      vertex 15.7518 -1.6 -5.74065
      vertex 16.4127 -1.6 -5.53469
    endloop
  endfacet
  facet normal 0 -1 0
    outer loop
      vertex 15.7934 -1.6 -5.79124
      vertex 16.4127 -1.6 -5.53469
      vertex 15.7518 -1.6 -5.74065
    endloop
  endfacet
  facet normal 0 -1 -0
    outer loop
      vertex 16.4127 -1.6 -5.53469
      vertex 15.7934 -1.6 -5.79124
      vertex 16.4234 -1.6 -5.59925
    endloop
  endfacet
  facet normal 0 -1 0
    outer loop
      vertex 15.8315 -1.6 -5.84443
      vertex 16.4234 -1.6 -5.59925
      vertex 15.7934 -1.6 -5.79124
    endloop
  endfacet
  facet normal 0 -1 -0
    outer loop
      vertex 16.4234 -1.6 -5.59925
      vertex 15.8315 -1.6 -5.84443
      vertex 16.4382 -1.6 -5.66298
    endloop
  endfacet
  facet normal 0 -1 0
    outer loop
      vertex 15.866 -1.6 -5.9
      vertex 16.4382 -1.6 -5.66298
      vertex 15.8315 -1.6 -5.84443
    endloop
  endfacet
  facet normal 0 -1 -0
    outer loop
      vertex 16.4382 -1.6 -5.66298
      vertex 15.866 -1.6 -5.9
      vertex 16.4572 -1.6 -5.7256
    endloop
  endfacet
  facet normal 0 -1 0
    outer loop
      vertex 15.8969 -1.6 -5.95771
      vertex 16.4572 -1.6 -5.7256
      vertex 15.866 -1.6 -5.9
    endloop
  endfacet
  facet normal 0 -1 -0
    outer loop
      vertex 16.4572 -1.6 -5.7256
      vertex 15.8969 -1.6 -5.95771
      vertex 16.4803 -1.6 -5.78685
    endloop
  endfacet
  facet normal 0 -1 0
    outer loop
      vertex 15.9239 -1.6 -6.01732
      vertex 16.4803 -1.6 -5.78685
      vertex 15.8969 -1.6 -5.95771
    endloop
  endfacet
  facet normal 0 -1 -0
    outer loop
      vertex 16.4803 -1.6 -5.78685
      vertex 15.9239 -1.6 -6.01732
      vertex 16.5073 -1.6 -5.84645
    endloop
  endfacet
  facet normal 0 -1 0
    outer loop
      vertex 15.9469 -1.6 -6.07856
      vertex 16.5073 -1.6 -5.84645
      vertex 15.9239 -1.6 -6.01732
    endloop
  endfacet
  facet normal 0 -1 -0
    outer loop
      vertex 16.5073 -1.6 -5.84645
      vertex 15.9469 -1.6 -6.07856
      vertex 16.5381 -1.6 -5.90416
    endloop
  endfacet
  facet normal 0 -1 0
    outer loop
      vertex 15.9659 -1.6 -6.14118
      vertex 16.5381 -1.6 -5.90416
      vertex 15.9469 -1.6 -6.07856
    endloop
  endfacet
  facet normal 0 -1 -0
    outer loop
      vertex 16.5381 -1.6 -5.90416
      vertex 15.9659 -1.6 -6.14118
      vertex 16.5727 -1.6 -5.95973
    endloop
  endfacet
  facet normal 0 -1 0
    outer loop
      vertex 15.9808 -1.6 -6.20491
      vertex 16.5727 -1.6 -5.95973
      vertex 15.9659 -1.6 -6.14118
    endloop
  endfacet
  facet normal 0 -1 -0
    outer loop
      vertex 16.5727 -1.6 -5.95973
      vertex 15.9808 -1.6 -6.20491
      vertex 16.6108 -1.6 -6.01292
    endloop
  endfacet
  facet normal 0 -1 0
    outer loop
      vertex 15.9914 -1.6 -6.26947
      vertex 16.6108 -1.6 -6.01292
      vertex 15.9808 -1.6 -6.20491
    endloop
  endfacet
  facet normal 0 -1 -0
    outer loop
      vertex 16.6108 -1.6 -6.01292
      vertex 15.9914 -1.6 -6.26947
      vertex 16.6523 -1.6 -6.06351
    endloop
  endfacet
  facet normal 0 -1 0
    outer loop
      vertex 15.9979 -1.6 -6.3346
      vertex 16.6523 -1.6 -6.06351
      vertex 15.9914 -1.6 -6.26947
    endloop
  endfacet
  facet normal 0 -1 -0
    outer loop
      vertex 16.6523 -1.6 -6.06351
      vertex 15.9979 -1.6 -6.3346
      vertex 16.6971 -1.6 -6.11127
    endloop
  endfacet
  facet normal 0 -1 0
    outer loop
      vertex 16 -1.6 -6.4
      vertex 16.6971 -1.6 -6.11127
      vertex 15.9979 -1.6 -6.3346
    endloop
  endfacet
  facet normal 0 -1 -0
    outer loop
      vertex 16.6971 -1.6 -6.11127
      vertex 16 -1.6 -6.4
      vertex 16.7448 -1.6 -6.156
    endloop
  endfacet
  facet normal 0 -1 0
    outer loop
      vertex 15.9979 -1.6 -6.4654
      vertex 16.7448 -1.6 -6.156
      vertex 16 -1.6 -6.4
    endloop
  endfacet
  facet normal 0 -1 -0
    outer loop
      vertex 16.7448 -1.6 -6.156
      vertex 15.9979 -1.6 -6.4654
      vertex 16.7954 -1.6 -6.19752
    endloop
  endfacet
  facet normal 0 -1 0
    outer loop
      vertex 15.9914 -1.6 -6.53053
      vertex 16.7954 -1.6 -6.19752
      vertex 15.9979 -1.6 -6.4654
    endloop
  endfacet
  facet normal 0 -1 -0
    outer loop
      vertex 16.7954 -1.6 -6.19752
      vertex 15.9914 -1.6 -6.53053
      vertex 16.8486 -1.6 -6.23563
    endloop
  endfacet
  facet normal 0 -1 0
    outer loop
      vertex 15.9808 -1.6 -6.59509
      vertex 16.8486 -1.6 -6.23563
      vertex 15.9914 -1.6 -6.53053
    endloop
  endfacet
  facet normal 0 -1 -0
    outer loop
      vertex 16.8486 -1.6 -6.23563
      vertex 15.9808 -1.6 -6.59509
      vertex 16.9042 -1.6 -6.27019
    endloop
  endfacet
  facet normal 0 -1 0
    outer loop
      vertex 15.9659 -1.6 -6.65882
      vertex 16.9042 -1.6 -6.27019
      vertex 15.9808 -1.6 -6.59509
    endloop
  endfacet
  facet normal 0 -1 -0
    outer loop
      vertex 16.9042 -1.6 -6.27019
      vertex 15.9659 -1.6 -6.65882
      vertex 16.9619 -1.6 -6.30103
    endloop
  endfacet
  facet normal 0 -1 0
    outer loop
      vertex 15.9469 -1.6 -6.72144
      vertex 16.9619 -1.6 -6.30103
      vertex 15.9659 -1.6 -6.65882
    endloop
  endfacet
  facet normal 0 -1 -0
    outer loop
      vertex 16.9619 -1.6 -6.30103
      vertex 15.9469 -1.6 -6.72144
      vertex 17.0215 -1.6 -6.32804
    endloop
  endfacet
  facet normal 0 -1 0
    outer loop
      vertex 15.9239 -1.6 -6.78268
      vertex 17.0215 -1.6 -6.32804
      vertex 15.9469 -1.6 -6.72144
    endloop
  endfacet
  facet normal 0 -1 -0
    outer loop
      vertex 17.0215 -1.6 -6.32804
      vertex 15.9239 -1.6 -6.78268
      vertex 17.0827 -1.6 -6.35109
    endloop
  endfacet
  facet normal 0 -1 0
    outer loop
      vertex 18.0635 -1.6 -1.34768
      vertex 18.3346 -1.6 -2.00214
      vertex 18.4 -1.6 -2
    endloop
  endfacet
  facet normal 0 -1 -0
    outer loop
      vertex 17.0215 -1.6 -1.51972
      vertex 16.1087 -1.6 -2.54078
      vertex 17.0827 -1.6 -1.54277
    endloop
  endfacet
  facet normal 0 -1 0
    outer loop
      vertex 17.5993 -1.6 -1.57662
      vertex 18.2695 -1.6 -2.00855
      vertex 18.3346 -1.6 -2.00214
    endloop
  endfacet
  facet normal 0 -1 0
    outer loop
      vertex 17.5993 -1.6 -1.57662
      vertex 18.2049 -1.6 -2.01921
      vertex 18.2695 -1.6 -2.00855
    endloop
  endfacet
  facet normal 0 -1 0
    outer loop
      vertex 17.5993 -1.6 -1.57662
      vertex 18.1412 -1.6 -2.03407
      vertex 18.2049 -1.6 -2.01921
    endloop
  endfacet
  facet normal 0 -1 0
    outer loop
      vertex 17.5031 -1.6 -2.55771
      vertex 17.0827 -1.6 -1.54277
      vertex 16.1087 -1.6 -2.54078
    endloop
  endfacet
  facet normal 0 -1 0
    outer loop
      vertex 17.5993 -1.6 -1.57662
      vertex 18.0786 -1.6 -2.05307
      vertex 18.1412 -1.6 -2.03407
    endloop
  endfacet
  facet normal 0 -1 0
    outer loop
      vertex 17.5993 -1.6 -1.57662
      vertex 18.0173 -1.6 -2.07612
      vertex 18.0786 -1.6 -2.05307
    endloop
  endfacet
  facet normal 0 -1 0
    outer loop
      vertex 17.0827 -1.6 -1.54277
      vertex 17.5031 -1.6 -2.55771
      vertex 17.1453 -1.6 -1.56176
    endloop
  endfacet
  facet normal 0 -1 0
    outer loop
      vertex 17.5993 -1.6 -1.57662
      vertex 17.9577 -1.6 -2.10313
      vertex 18.0173 -1.6 -2.07612
    endloop
  endfacet
  facet normal 0 -1 0
    outer loop
      vertex 17.5993 -1.6 -1.57662
      vertex 17.9 -1.6 -2.13397
      vertex 17.9577 -1.6 -2.10313
    endloop
  endfacet
  facet normal -0 -1 0
    outer loop
      vertex 17.534 -1.6 -2.5
      vertex 17.1453 -1.6 -1.56176
      vertex 17.5031 -1.6 -2.55771
    endloop
  endfacet
  facet normal 0 -1 0
    outer loop
      vertex 17.5993 -1.6 -1.57662
      vertex 17.8444 -1.6 -2.16853
      vertex 17.9 -1.6 -2.13397
    endloop
  endfacet
  facet normal 0 -1 0
    outer loop
      vertex 17.5993 -1.6 -1.57662
      vertex 17.7912 -1.6 -2.20665
      vertex 17.8444 -1.6 -2.16853
    endloop
  endfacet
  facet normal -0 -1 0
    outer loop
      vertex 17.5685 -1.6 -2.44443
      vertex 17.2091 -1.6 -1.57662
      vertex 17.534 -1.6 -2.5
    endloop
  endfacet
  facet normal 0 -1 0
    outer loop
      vertex 17.5347 -1.6 -1.58728
      vertex 17.7912 -1.6 -2.20665
      vertex 17.5993 -1.6 -1.57662
    endloop
  endfacet
  facet normal -0 -1 0
    outer loop
      vertex 17.6066 -1.6 -2.39124
      vertex 17.2736 -1.6 -1.58728
      vertex 17.5685 -1.6 -2.44443
    endloop
  endfacet
  facet normal -0 -1 0
    outer loop
      vertex 17.7912 -1.6 -2.20665
      vertex 17.5347 -1.6 -1.58728
      vertex 17.7407 -1.6 -2.24816
    endloop
  endfacet
  facet normal 0 -1 0
    outer loop
      vertex 17.2736 -1.6 -1.58728
      vertex 17.6066 -1.6 -2.39124
      vertex 17.3388 -1.6 -1.5937
    endloop
  endfacet
  facet normal 0 -1 0
    outer loop
      vertex 17.4696 -1.6 -1.5937
      vertex 17.7407 -1.6 -2.24816
      vertex 17.5347 -1.6 -1.58728
    endloop
  endfacet
  facet normal -0 -1 0
    outer loop
      vertex 17.7407 -1.6 -2.24816
      vertex 17.4696 -1.6 -1.5937
      vertex 17.6929 -1.6 -2.29289
    endloop
  endfacet
  facet normal -0 -1 0
    outer loop
      vertex 17.6929 -1.6 -2.29289
      vertex 17.4042 -1.6 -1.59584
      vertex 17.6482 -1.6 -2.34065
    endloop
  endfacet
  facet normal 0 -1 0
    outer loop
      vertex 17.4042 -1.6 -1.59584
      vertex 17.6929 -1.6 -2.29289
      vertex 17.4696 -1.6 -1.5937
    endloop
  endfacet
  facet normal -0 -1 0
    outer loop
      vertex 17.6482 -1.6 -2.34065
      vertex 17.3388 -1.6 -1.5937
      vertex 17.6066 -1.6 -2.39124
    endloop
  endfacet
  facet normal 0 -1 0
    outer loop
      vertex 17.3388 -1.6 -1.5937
      vertex 17.6482 -1.6 -2.34065
      vertex 17.4042 -1.6 -1.59584
    endloop
  endfacet
  facet normal 0 -1 0
    outer loop
      vertex 17.1453 -1.6 -1.56176
      vertex 17.534 -1.6 -2.5
      vertex 17.2091 -1.6 -1.57662
    endloop
  endfacet
  facet normal 0 -1 0
    outer loop
      vertex 17.2091 -1.6 -1.57662
      vertex 17.5685 -1.6 -2.44443
      vertex 17.2736 -1.6 -1.58728
    endloop
  endfacet
  facet normal 0 -1 0
    outer loop
      vertex 17.4761 -1.6 -2.61732
      vertex 16.1087 -1.6 -2.54078
      vertex 16.1363 -1.6 -2.61427
    endloop
  endfacet
  facet normal 0 -1 0
    outer loop
      vertex 16.1087 -1.6 -2.54078
      vertex 17.4761 -1.6 -2.61732
      vertex 17.5031 -1.6 -2.55771
    endloop
  endfacet
  facet normal 0 -1 0
    outer loop
      vertex 16.1363 -1.6 -2.61427
      vertex 17.4531 -1.6 -2.67856
      vertex 17.4761 -1.6 -2.61732
    endloop
  endfacet
  facet normal 0 -1 0
    outer loop
      vertex 16.1591 -1.6 -2.68942
      vertex 17.4531 -1.6 -2.67856
      vertex 16.1363 -1.6 -2.61427
    endloop
  endfacet
  facet normal 0 -1 0
    outer loop
      vertex 16.1591 -1.6 -2.68942
      vertex 17.4341 -1.6 -2.74118
      vertex 17.4531 -1.6 -2.67856
    endloop
  endfacet
  facet normal 0 -1 0
    outer loop
      vertex 16.1769 -1.6 -2.76589
      vertex 17.4341 -1.6 -2.74118
      vertex 16.1591 -1.6 -2.68942
    endloop
  endfacet
  facet normal 0 -1 0
    outer loop
      vertex 16.1769 -1.6 -2.76589
      vertex 17.4192 -1.6 -2.80491
      vertex 17.4341 -1.6 -2.74118
    endloop
  endfacet
  facet normal 0 -1 0
    outer loop
      vertex 16.1897 -1.6 -2.84337
      vertex 17.4192 -1.6 -2.80491
      vertex 16.1769 -1.6 -2.76589
    endloop
  endfacet
  facet normal 0 -1 0
    outer loop
      vertex 16.1897 -1.6 -2.84337
      vertex 17.4086 -1.6 -2.86947
      vertex 17.4192 -1.6 -2.80491
    endloop
  endfacet
  facet normal 0 -1 0
    outer loop
      vertex 16.1974 -1.6 -2.92152
      vertex 17.4086 -1.6 -2.86947
      vertex 16.1897 -1.6 -2.84337
    endloop
  endfacet
  facet normal 0 -1 0
    outer loop
      vertex 16.1974 -1.6 -2.92152
      vertex 17.4021 -1.6 -2.9346
      vertex 17.4086 -1.6 -2.86947
    endloop
  endfacet
  facet normal 0 -1 0
    outer loop
      vertex 16.2 -1.6 -3
      vertex 17.4021 -1.6 -2.9346
      vertex 16.1974 -1.6 -2.92152
    endloop
  endfacet
  facet normal 0 -1 0
    outer loop
      vertex 16.2 -1.6 -3
      vertex 17.4 -1.6 -3
      vertex 17.4021 -1.6 -2.9346
    endloop
  endfacet
  facet normal 0 -1 0
    outer loop
      vertex 16.2 -1.6 -3
      vertex 17.4021 -1.6 -3.0654
      vertex 17.4 -1.6 -3
    endloop
  endfacet
  facet normal 0 -1 0
    outer loop
      vertex 16.1974 -1.6 -3.07848
      vertex 17.4021 -1.6 -3.0654
      vertex 16.2 -1.6 -3
    endloop
  endfacet
  facet normal 0 -1 0
    outer loop
      vertex 16.1974 -1.6 -3.07848
      vertex 17.4086 -1.6 -3.13053
      vertex 17.4021 -1.6 -3.0654
    endloop
  endfacet
  facet normal 0 -1 0
    outer loop
      vertex 16.1897 -1.6 -3.15663
      vertex 17.4086 -1.6 -3.13053
      vertex 16.1974 -1.6 -3.07848
    endloop
  endfacet
  facet normal 0 -1 0
    outer loop
      vertex 16.1897 -1.6 -3.15663
      vertex 17.4192 -1.6 -3.19509
      vertex 17.4086 -1.6 -3.13053
    endloop
  endfacet
  facet normal 0 -1 0
    outer loop
      vertex 16.1769 -1.6 -3.23411
      vertex 17.4192 -1.6 -3.19509
      vertex 16.1897 -1.6 -3.15663
    endloop
  endfacet
  facet normal 0 -1 0
    outer loop
      vertex 16.1769 -1.6 -3.23411
      vertex 17.4341 -1.6 -3.25882
      vertex 17.4192 -1.6 -3.19509
    endloop
  endfacet
  facet normal 0 -1 0
    outer loop
      vertex 16.1591 -1.6 -3.31058
      vertex 17.4341 -1.6 -3.25882
      vertex 16.1769 -1.6 -3.23411
    endloop
  endfacet
  facet normal 0 -1 0
    outer loop
      vertex 16.1591 -1.6 -3.31058
      vertex 17.4531 -1.6 -3.32144
      vertex 17.4341 -1.6 -3.25882
    endloop
  endfacet
  facet normal 0 -1 0
    outer loop
      vertex 16.1363 -1.6 -3.38573
      vertex 17.4531 -1.6 -3.32144
      vertex 16.1591 -1.6 -3.31058
    endloop
  endfacet
  facet normal 0 -1 -0
    outer loop
      vertex 17.4531 -1.6 -3.32144
      vertex 16.1363 -1.6 -3.38573
      vertex 17.4761 -1.6 -3.38268
    endloop
  endfacet
  facet normal 0 -1 0
    outer loop
      vertex 16.1087 -1.6 -3.45922
      vertex 17.4761 -1.6 -3.38268
      vertex 16.1363 -1.6 -3.38573
    endloop
  endfacet
  facet normal 0 -1 -0
    outer loop
      vertex 17.4761 -1.6 -3.38268
      vertex 16.1087 -1.6 -3.45922
      vertex 17.5031 -1.6 -3.44229
    endloop
  endfacet
  facet normal 0 -1 0
    outer loop
      vertex 17.2736 -1.6 -4.41272
      vertex 16.1087 -1.6 -3.45922
      vertex 16.0762 -1.6 -3.53075
    endloop
  endfacet
  facet normal 0 -1 0
    outer loop
      vertex 16.1087 -1.6 -3.45922
      vertex 17.2736 -1.6 -4.41272
      vertex 17.5031 -1.6 -3.44229
    endloop
  endfacet
  facet normal 0 -1 0
    outer loop
      vertex 17.2736 -1.6 -4.41272
      vertex 16.0762 -1.6 -3.53075
      vertex 16.0392 -1.6 -3.6
    endloop
  endfacet
  facet normal 0 -1 -0
    outer loop
      vertex 17.5031 -1.6 -3.44229
      vertex 17.2736 -1.6 -4.41272
      vertex 17.534 -1.6 -3.5
    endloop
  endfacet
  facet normal 0 -1 -0
    outer loop
      vertex 17.534 -1.6 -3.5
      vertex 17.2736 -1.6 -4.41272
      vertex 17.5685 -1.6 -3.55557
    endloop
  endfacet
  facet normal 0 -1 0
    outer loop
      vertex 17.2736 -1.6 -4.41272
      vertex 16.0392 -1.6 -3.6
      vertex 15.9978 -1.6 -3.66668
    endloop
  endfacet
  facet normal 0 -1 -0
    outer loop
      vertex 17.5685 -1.6 -3.55557
      vertex 17.2736 -1.6 -4.41272
      vertex 17.6066 -1.6 -3.60876
    endloop
  endfacet
  facet normal 0 -1 0
    outer loop
      vertex 17.2736 -1.6 -4.41272
      vertex 15.9978 -1.6 -3.66668
      vertex 15.952 -1.6 -3.73051
    endloop
  endfacet
  facet normal 0 -1 -0
    outer loop
      vertex 17.6066 -1.6 -3.60876
      vertex 17.2736 -1.6 -4.41272
      vertex 17.6482 -1.6 -3.65935
    endloop
  endfacet
  facet normal 0 -1 0
    outer loop
      vertex 17.2736 -1.6 -4.41272
      vertex 15.952 -1.6 -3.73051
      vertex 15.9022 -1.6 -3.79121
    endloop
  endfacet
  facet normal -0 -1 0
    outer loop
      vertex 17.3388 -1.6 -4.4063
      vertex 17.6482 -1.6 -3.65935
      vertex 17.2736 -1.6 -4.41272
    endloop
  endfacet
  facet normal 0 -1 0
    outer loop
      vertex 17.2736 -1.6 -4.41272
      vertex 15.9022 -1.6 -3.79121
      vertex 15.8485 -1.6 -3.84853
    endloop
  endfacet
  facet normal 0 -1 -0
    outer loop
      vertex 17.6482 -1.6 -3.65935
      vertex 17.3388 -1.6 -4.4063
      vertex 17.6929 -1.6 -3.70711
    endloop
  endfacet
  facet normal 0 -1 0
    outer loop
      vertex 17.2736 -1.6 -4.41272
      vertex 15.8485 -1.6 -3.84853
      vertex 15.7912 -1.6 -3.90221
    endloop
  endfacet
  facet normal -0 -1 0
    outer loop
      vertex 17.4042 -1.6 -4.40416
      vertex 17.6929 -1.6 -3.70711
      vertex 17.3388 -1.6 -4.4063
    endloop
  endfacet
  facet normal 0 -1 0
    outer loop
      vertex 17.2736 -1.6 -4.41272
      vertex 15.7912 -1.6 -3.90221
      vertex 15.7305 -1.6 -3.95202
    endloop
  endfacet
  facet normal 0 -1 -0
    outer loop
      vertex 17.6929 -1.6 -3.70711
      vertex 17.4042 -1.6 -4.40416
      vertex 17.7407 -1.6 -3.75184
    endloop
  endfacet
  facet normal 0 -1 0
    outer loop
      vertex 17.2736 -1.6 -4.41272
      vertex 15.7305 -1.6 -3.95202
      vertex 15.6667 -1.6 -3.99776
    endloop
  endfacet
  facet normal 0 -1 0
    outer loop
      vertex 17.4696 -1.6 -4.4063
      vertex 17.7407 -1.6 -3.75184
      vertex 17.4042 -1.6 -4.40416
    endloop
  endfacet
  facet normal 0 -1 0
    outer loop
      vertex 17.2736 -1.6 -4.41272
      vertex 15.6667 -1.6 -3.99776
      vertex 15.6 -1.6 -4.03923
    endloop
  endfacet
  facet normal 0 -1 -0
    outer loop
      vertex 17.7407 -1.6 -3.75184
      vertex 17.4696 -1.6 -4.4063
      vertex 17.7912 -1.6 -3.79335
    endloop
  endfacet
  facet normal 0 -1 0
    outer loop
      vertex 17.2736 -1.6 -4.41272
      vertex 15.6 -1.6 -4.03923
      vertex 15.5307 -1.6 -4.07625
    endloop
  endfacet
  facet normal 0 -1 0
    outer loop
      vertex 17.5347 -1.6 -4.41272
      vertex 17.7912 -1.6 -3.79335
      vertex 17.4696 -1.6 -4.4063
    endloop
  endfacet
  facet normal 0 -1 -0
    outer loop
      vertex 17.7912 -1.6 -3.79335
      vertex 17.5347 -1.6 -4.41272
      vertex 17.8444 -1.6 -3.83147
    endloop
  endfacet
  facet normal 0 -1 0
    outer loop
      vertex 17.5993 -1.6 -4.42338
      vertex 17.8444 -1.6 -3.83147
      vertex 17.5347 -1.6 -4.41272
    endloop
  endfacet
  facet normal 0 -1 -0
    outer loop
      vertex 17.8444 -1.6 -3.83147
      vertex 17.5993 -1.6 -4.42338
      vertex 17.9 -1.6 -3.86602
    endloop
  endfacet
  facet normal 0 -1 0
    outer loop
      vertex 17.663 -1.6 -4.43824
      vertex 17.9 -1.6 -3.86602
      vertex 17.5993 -1.6 -4.42338
    endloop
  endfacet
  facet normal 0 -1 -0
    outer loop
      vertex 16.6523 -1.6 -1.25518
      vertex 15.8485 -1.6 -2.15147
      vertex 16.6971 -1.6 -1.30294
    endloop
  endfacet
  facet normal 0 -1 -0
    outer loop
      vertex 12.2132 -1.6 -1.51972
      vertex 11.9827 -1.6 -2.07612
      vertex 12.2744 -1.6 -1.54277
    endloop
  endfacet
  facet normal -0 -1 0
    outer loop
      vertex 15 -1.6 -1.8
      vertex 14.9346 -1.6 -0.597858
      vertex 14.9215 -1.6 -1.80257
    endloop
  endfacet
  facet normal 0 -1 0
    outer loop
      vertex 12.0423 -1.6 -2.10313
      vertex 12.2744 -1.6 -1.54277
      vertex 11.9827 -1.6 -2.07612
    endloop
  endfacet
  facet normal 0 -1 0
    outer loop
      vertex 14.8695 -1.6 -0.591444
      vertex 14.9215 -1.6 -1.80257
      vertex 14.9346 -1.6 -0.597858
    endloop
  endfacet
  facet normal 0 -1 -0
    outer loop
      vertex 12.2744 -1.6 -1.54277
      vertex 12.0423 -1.6 -2.10313
      vertex 12.337 -1.6 -1.56176
    endloop
  endfacet
  facet normal -0 -1 0
    outer loop
      vertex 14.9215 -1.6 -1.80257
      vertex 14.8695 -1.6 -0.591444
      vertex 14.8434 -1.6 -1.81027
    endloop
  endfacet
  facet normal 0 -1 0
    outer loop
      vertex 12.1 -1.6 -2.13397
      vertex 12.337 -1.6 -1.56176
      vertex 12.0423 -1.6 -2.10313
    endloop
  endfacet
  facet normal 0 -1 0
    outer loop
      vertex 14.8049 -1.6 -0.580785
      vertex 14.8434 -1.6 -1.81027
      vertex 14.8695 -1.6 -0.591444
    endloop
  endfacet
  facet normal 0 -1 0
    outer loop
      vertex 11.9827 -1.6 -2.07612
      vertex 12.2132 -1.6 -1.51972
      vertex 11.9214 -1.6 -2.05307
    endloop
  endfacet
  facet normal 0 -1 -0
    outer loop
      vertex 12.1535 -1.6 -1.49271
      vertex 11.9214 -1.6 -2.05307
      vertex 12.2132 -1.6 -1.51972
    endloop
  endfacet
  facet normal 0 -1 0
    outer loop
      vertex 11.9214 -1.6 -2.05307
      vertex 12.1535 -1.6 -1.49271
      vertex 11.8588 -1.6 -2.03407
    endloop
  endfacet
  facet normal 0 -1 -0
    outer loop
      vertex 12.0958 -1.6 -1.46186
      vertex 11.8588 -1.6 -2.03407
      vertex 12.1535 -1.6 -1.49271
    endloop
  endfacet
  facet normal 0 -1 0
    outer loop
      vertex 2.91445 -1.6 -1.69474
      vertex 11.2786 -1.6 -2.05307
      vertex 11.3412 -1.6 -2.03407
    endloop
  endfacet
  facet normal 0 -1 0
    outer loop
      vertex 2.91445 -1.6 -1.69474
      vertex 11.2173 -1.6 -2.07612
      vertex 11.2786 -1.6 -2.05307
    endloop
  endfacet
  facet normal 0 -1 0
    outer loop
      vertex 2.91445 -1.6 -1.69474
      vertex 11.1577 -1.6 -2.10313
      vertex 11.2173 -1.6 -2.07612
    endloop
  endfacet
  facet normal 0 -1 0
    outer loop
      vertex 2.91445 -1.6 -1.69474
      vertex 11.1 -1.6 -2.13397
      vertex 11.1577 -1.6 -2.10313
    endloop
  endfacet
  facet normal 0 -1 0
    outer loop
      vertex 2.91445 -1.6 -1.69474
      vertex 11.0444 -1.6 -2.16853
      vertex 11.1 -1.6 -2.13397
    endloop
  endfacet
  facet normal 0 -1 0
    outer loop
      vertex 2.91445 -1.6 -1.69474
      vertex 10.9912 -1.6 -2.20665
      vertex 11.0444 -1.6 -2.16853
    endloop
  endfacet
  facet normal 0 -1 0
    outer loop
      vertex 2.91445 -1.6 -1.69474
      vertex 10.9407 -1.6 -2.24816
      vertex 10.9912 -1.6 -2.20665
    endloop
  endfacet
  facet normal 0 -1 0
    outer loop
      vertex 2.91445 -1.6 -1.69474
      vertex 10.8929 -1.6 -2.29289
      vertex 10.9407 -1.6 -2.24816
    endloop
  endfacet
  facet normal 0 -1 0
    outer loop
      vertex 2.91445 -1.6 -1.69474
      vertex 10.8482 -1.6 -2.34065
      vertex 10.8929 -1.6 -2.29289
    endloop
  endfacet
  facet normal 0 -1 0
    outer loop
      vertex 10.6341 -1.6 -2.74118
      vertex 2.91445 -1.6 -1.69474
      vertex 2.97859 -1.6 -2.34597
    endloop
  endfacet
  facet normal 0 -1 0
    outer loop
      vertex 2.91445 -1.6 -1.69474
      vertex 10.8066 -1.6 -2.39124
      vertex 10.8482 -1.6 -2.34065
    endloop
  endfacet
  facet normal 0 -1 0
    outer loop
      vertex 2.91445 -1.6 -1.69474
      vertex 10.7685 -1.6 -2.44443
      vertex 10.8066 -1.6 -2.39124
    endloop
  endfacet
  facet normal 0 -1 0
    outer loop
      vertex 2.91445 -1.6 -1.69474
      vertex 10.734 -1.6 -2.5
      vertex 10.7685 -1.6 -2.44443
    endloop
  endfacet
  facet normal 0 -1 0
    outer loop
      vertex 2.91445 -1.6 -1.69474
      vertex 10.7031 -1.6 -2.55771
      vertex 10.734 -1.6 -2.5
    endloop
  endfacet
  facet normal 0 -1 0
    outer loop
      vertex 2.91445 -1.6 -1.69474
      vertex 10.6761 -1.6 -2.61732
      vertex 10.7031 -1.6 -2.55771
    endloop
  endfacet
  facet normal 0 -1 0
    outer loop
      vertex 2.91445 -1.6 -1.69474
      vertex 10.6531 -1.6 -2.67856
      vertex 10.6761 -1.6 -2.61732
    endloop
  endfacet
  facet normal 0 -1 0
    outer loop
      vertex 2.91445 -1.6 -1.69474
      vertex 10.6341 -1.6 -2.74118
      vertex 10.6531 -1.6 -2.67856
    endloop
  endfacet
  facet normal 0 -1 0
    outer loop
      vertex 2.97859 -1.6 -2.34597
      vertex 10.6192 -1.6 -2.80491
      vertex 10.6341 -1.6 -2.74118
    endloop
  endfacet
  facet normal 0 -1 0
    outer loop
      vertex 2.97859 -1.6 -2.34597
      vertex 10.6086 -1.6 -2.86947
      vertex 10.6192 -1.6 -2.80491
    endloop
  endfacet
  facet normal 0 -1 0
    outer loop
      vertex 2.97859 -1.6 -2.34597
      vertex 10.6021 -1.6 -2.9346
      vertex 10.6086 -1.6 -2.86947
    endloop
  endfacet
  facet normal 0 -1 0
    outer loop
      vertex 3 -1.6 -3
      vertex 10.6021 -1.6 -2.9346
      vertex 2.97859 -1.6 -2.34597
    endloop
  endfacet
  facet normal 0 -1 0
    outer loop
      vertex 3 -1.6 -3
      vertex 10.6 -1.6 -3
      vertex 10.6021 -1.6 -2.9346
    endloop
  endfacet
  facet normal 0 -1 0
    outer loop
      vertex 3 -1.6 -3
      vertex 10.6021 -1.6 -3.0654
      vertex 10.6 -1.6 -3
    endloop
  endfacet
  facet normal 0 -1 0
    outer loop
      vertex 3 -1.6 -3
      vertex 10.6086 -1.6 -3.13053
      vertex 10.6021 -1.6 -3.0654
    endloop
  endfacet
  facet normal 0 -1 0
    outer loop
      vertex 2.97859 -1.6 -3.65403
      vertex 10.6086 -1.6 -3.13053
      vertex 3 -1.6 -3
    endloop
  endfacet
  facet normal 0 -1 -0
    outer loop
      vertex 10.6086 -1.6 -3.13053
      vertex 2.97859 -1.6 -3.65403
      vertex 10.6192 -1.6 -3.19509
    endloop
  endfacet
  facet normal 0 -1 -0
    outer loop
      vertex 10.6192 -1.6 -3.19509
      vertex 2.97859 -1.6 -3.65403
      vertex 10.6341 -1.6 -3.25882
    endloop
  endfacet
  facet normal 0 -1 0
    outer loop
      vertex 2.91445 -1.6 -4.30526
      vertex 10.6341 -1.6 -3.25882
      vertex 2.97859 -1.6 -3.65403
    endloop
  endfacet
  facet normal 0 -1 -0
    outer loop
      vertex 10.6341 -1.6 -3.25882
      vertex 2.91445 -1.6 -4.30526
      vertex 10.6531 -1.6 -3.32144
    endloop
  endfacet
  facet normal 0 -1 -0
    outer loop
      vertex 10.6531 -1.6 -3.32144
      vertex 2.91445 -1.6 -4.30526
      vertex 10.6761 -1.6 -3.38268
    endloop
  endfacet
  facet normal 0 -1 -0
    outer loop
      vertex 10.6761 -1.6 -3.38268
      vertex 2.91445 -1.6 -4.30526
      vertex 10.7031 -1.6 -3.44229
    endloop
  endfacet
  facet normal 0 -1 -0
    outer loop
      vertex 10.7031 -1.6 -3.44229
      vertex 2.91445 -1.6 -4.30526
      vertex 10.734 -1.6 -3.5
    endloop
  endfacet
  facet normal 0 -1 -0
    outer loop
      vertex 10.734 -1.6 -3.5
      vertex 2.91445 -1.6 -4.30526
      vertex 10.7685 -1.6 -3.55557
    endloop
  endfacet
  facet normal 0 -1 -0
    outer loop
      vertex 10.7685 -1.6 -3.55557
      vertex 2.91445 -1.6 -4.30526
      vertex 10.8066 -1.6 -3.60876
    endloop
  endfacet
  facet normal 0 -1 -0
    outer loop
      vertex 10.8066 -1.6 -3.60876
      vertex 2.91445 -1.6 -4.30526
      vertex 10.8482 -1.6 -3.65935
    endloop
  endfacet
  facet normal 0 -1 -0
    outer loop
      vertex 10.8482 -1.6 -3.65935
      vertex 2.91445 -1.6 -4.30526
      vertex 10.8929 -1.6 -3.70711
    endloop
  endfacet
  facet normal 0 -1 -0
    outer loop
      vertex 10.8929 -1.6 -3.70711
      vertex 2.91445 -1.6 -4.30526
      vertex 10.9407 -1.6 -3.75184
    endloop
  endfacet
  facet normal 0 -1 -0
    outer loop
      vertex 10.9407 -1.6 -3.75184
      vertex 2.91445 -1.6 -4.30526
      vertex 10.9912 -1.6 -3.79335
    endloop
  endfacet
  facet normal 0 -1 -0
    outer loop
      vertex 10.9912 -1.6 -3.79335
      vertex 2.91445 -1.6 -4.30526
      vertex 11.0444 -1.6 -3.83147
    endloop
  endfacet
  facet normal 0 -1 -0
    outer loop
      vertex 11.0444 -1.6 -3.83147
      vertex 2.91445 -1.6 -4.30526
      vertex 11.1 -1.6 -3.86602
    endloop
  endfacet
  facet normal 0 -1 -0
    outer loop
      vertex 11.1 -1.6 -3.86602
      vertex 2.91445 -1.6 -4.30526
      vertex 11.1577 -1.6 -3.89687
    endloop
  endfacet
  facet normal 0 -1 -0
    outer loop
      vertex 11.1577 -1.6 -3.89687
      vertex 2.91445 -1.6 -4.30526
      vertex 11.2173 -1.6 -3.92388
    endloop
  endfacet
  facet normal 0 -1 -0
    outer loop
      vertex 11.2173 -1.6 -3.92388
      vertex 2.91445 -1.6 -4.30526
      vertex 11.2786 -1.6 -3.94693
    endloop
  endfacet
  facet normal 0 -1 -0
    outer loop
      vertex 11.2786 -1.6 -3.94693
      vertex 2.91445 -1.6 -4.30526
      vertex 11.3412 -1.6 -3.96593
    endloop
  endfacet
  facet normal 0 -1 0
    outer loop
      vertex 12.5304 -1.6 -4.4063
      vertex 11.3412 -1.6 -3.96593
      vertex 2.91445 -1.6 -4.30526
    endloop
  endfacet
  facet normal 0 -1 0
    outer loop
      vertex 11.3412 -1.6 -3.96593
      vertex 12.5304 -1.6 -4.4063
      vertex 11.4049 -1.6 -3.98078
    endloop
  endfacet
  facet normal 0 -1 -0
    outer loop
      vertex 13.9238 -1.6 -3.53075
      vertex 13.0381 -1.6 -4.50729
      vertex 13.9608 -1.6 -3.6
    endloop
  endfacet
  facet normal 0 -1 0
    outer loop
      vertex 13.0958 -1.6 -4.53814
      vertex 13.9608 -1.6 -3.6
      vertex 13.0381 -1.6 -4.50729
    endloop
  endfacet
  facet normal 0 -1 0
    outer loop
      vertex 12.5304 -1.6 -4.4063
      vertex 11.6 -1.6 -4
      vertex 11.5346 -1.6 -3.99786
    endloop
  endfacet
  facet normal 0 -1 -0
    outer loop
      vertex 13.9608 -1.6 -3.6
      vertex 13.0958 -1.6 -4.53814
      vertex 14.0022 -1.6 -3.66668
    endloop
  endfacet
  facet normal 0 -1 0
    outer loop
      vertex 11.4049 -1.6 -3.98078
      vertex 12.5304 -1.6 -4.4063
      vertex 11.4695 -1.6 -3.99144
    endloop
  endfacet
  facet normal 0 -1 0
    outer loop
      vertex 11.4695 -1.6 -3.99144
      vertex 12.5304 -1.6 -4.4063
      vertex 11.5346 -1.6 -3.99786
    endloop
  endfacet
  facet normal 0 -1 0
    outer loop
      vertex 13.1514 -1.6 -4.57269
      vertex 14.0022 -1.6 -3.66668
      vertex 13.0958 -1.6 -4.53814
    endloop
  endfacet
  facet normal 0 -1 -0
    outer loop
      vertex 14.0022 -1.6 -3.66668
      vertex 13.1514 -1.6 -4.57269
      vertex 14.048 -1.6 -3.73051
    endloop
  endfacet
  facet normal 0 -1 0
    outer loop
      vertex 13.2046 -1.6 -4.61081
      vertex 14.048 -1.6 -3.73051
      vertex 13.1514 -1.6 -4.57269
    endloop
  endfacet
  facet normal 0 -1 0
    outer loop
      vertex 13.2552 -1.6 -4.65232
      vertex 14.0978 -1.6 -3.79121
      vertex 13.2046 -1.6 -4.61081
    endloop
  endfacet
  facet normal 0 -1 -0
    outer loop
      vertex 14.048 -1.6 -3.73051
      vertex 13.2046 -1.6 -4.61081
      vertex 14.0978 -1.6 -3.79121
    endloop
  endfacet
  facet normal 0 -1 -0
    outer loop
      vertex 12.337 -1.6 -1.56176
      vertex 12.1 -1.6 -2.13397
      vertex 12.4007 -1.6 -1.57662
    endloop
  endfacet
  facet normal 0 -1 0
    outer loop
      vertex 14.6786 -1.6 -0.546929
      vertex 14.6894 -1.6 -1.84089
      vertex 14.7412 -1.6 -0.565926
    endloop
  endfacet
  facet normal 0 -1 0
    outer loop
      vertex 12.1556 -1.6 -2.16853
      vertex 12.4007 -1.6 -1.57662
      vertex 12.1 -1.6 -2.13397
    endloop
  endfacet
  facet normal 0 -1 0
    outer loop
      vertex 13.5197 -1.6 -0.978519
      vertex 14.4693 -1.6 -1.92375
      vertex 14.5408 -1.6 -1.89134
    endloop
  endfacet
  facet normal 0 -1 -0
    outer loop
      vertex 12.4007 -1.6 -1.57662
      vertex 12.1556 -1.6 -2.16853
      vertex 12.4653 -1.6 -1.58728
    endloop
  endfacet
  facet normal 0 -1 0
    outer loop
      vertex 13.4927 -1.6 -1.03813
      vertex 14.4 -1.6 -1.96077
      vertex 14.4693 -1.6 -1.92375
    endloop
  endfacet
  facet normal 0 -1 0
    outer loop
      vertex 12.2088 -1.6 -2.20665
      vertex 12.4653 -1.6 -1.58728
      vertex 12.1556 -1.6 -2.16853
    endloop
  endfacet
  facet normal 0 -1 0
    outer loop
      vertex 13.4619 -1.6 -1.09584
      vertex 14.3333 -1.6 -2.00224
      vertex 14.4 -1.6 -1.96077
    endloop
  endfacet
  facet normal 0 -1 -0
    outer loop
      vertex 12.4653 -1.6 -1.58728
      vertex 12.2088 -1.6 -2.20665
      vertex 12.5304 -1.6 -1.5937
    endloop
  endfacet
  facet normal 0 -1 0
    outer loop
      vertex 13.4273 -1.6 -1.15141
      vertex 14.2695 -1.6 -2.04798
      vertex 14.3333 -1.6 -2.00224
    endloop
  endfacet
  facet normal 0 -1 0
    outer loop
      vertex 12.2593 -1.6 -2.24816
      vertex 12.5304 -1.6 -1.5937
      vertex 12.2088 -1.6 -2.20665
    endloop
  endfacet
  facet normal 0 -1 0
    outer loop
      vertex 13.3892 -1.6 -1.2046
      vertex 14.2088 -1.6 -2.09779
      vertex 14.2695 -1.6 -2.04798
    endloop
  endfacet
  facet normal 0 -1 -0
    outer loop
      vertex 12.5304 -1.6 -1.5937
      vertex 12.2593 -1.6 -2.24816
      vertex 12.5958 -1.6 -1.59584
    endloop
  endfacet
  facet normal 0 -1 0
    outer loop
      vertex 13.3477 -1.6 -1.25518
      vertex 14.1515 -1.6 -2.15147
      vertex 14.2088 -1.6 -2.09779
    endloop
  endfacet
  facet normal 0 -1 0
    outer loop
      vertex 12.3071 -1.6 -2.29289
      vertex 12.5958 -1.6 -1.59584
      vertex 12.2593 -1.6 -2.24816
    endloop
  endfacet
  facet normal 0 -1 0
    outer loop
      vertex 13.2552 -1.6 -1.34768
      vertex 14.0978 -1.6 -2.20878
      vertex 14.1515 -1.6 -2.15147
    endloop
  endfacet
  facet normal 0 -1 0
    outer loop
      vertex 12.3518 -1.6 -2.34065
      vertex 12.5958 -1.6 -1.59584
      vertex 12.3071 -1.6 -2.29289
    endloop
  endfacet
  facet normal 0 -1 0
    outer loop
      vertex 13.2046 -1.6 -1.38919
      vertex 14.048 -1.6 -2.26949
      vertex 14.0978 -1.6 -2.20878
    endloop
  endfacet
  facet normal 0 -1 0
    outer loop
      vertex 12.6612 -1.6 -1.5937
      vertex 12.3518 -1.6 -2.34065
      vertex 12.3934 -1.6 -2.39124
    endloop
  endfacet
  facet normal 0 -1 0
    outer loop
      vertex 13.1514 -1.6 -1.42731
      vertex 14.0022 -1.6 -2.33331
      vertex 14.048 -1.6 -2.26949
    endloop
  endfacet
  facet normal 0 -1 0
    outer loop
      vertex 12.7264 -1.6 -1.58728
      vertex 12.3934 -1.6 -2.39124
      vertex 12.4315 -1.6 -2.44443
    endloop
  endfacet
  facet normal 0 -1 0
    outer loop
      vertex 13.0958 -1.6 -1.46186
      vertex 13.9608 -1.6 -2.4
      vertex 14.0022 -1.6 -2.33331
    endloop
  endfacet
  facet normal 0 -1 0
    outer loop
      vertex 12.7909 -1.6 -1.57662
      vertex 12.4315 -1.6 -2.44443
      vertex 12.466 -1.6 -2.5
    endloop
  endfacet
  facet normal 0 -1 0
    outer loop
      vertex 12.8547 -1.6 -1.56176
      vertex 12.466 -1.6 -2.5
      vertex 12.4969 -1.6 -2.55771
    endloop
  endfacet
  facet normal 0 -1 0
    outer loop
      vertex 13.0381 -1.6 -1.49271
      vertex 13.9238 -1.6 -2.46925
      vertex 13.9608 -1.6 -2.4
    endloop
  endfacet
  facet normal 0 -1 -0
    outer loop
      vertex 12.9173 -1.6 -1.54277
      vertex 12.4969 -1.6 -2.55771
      vertex 13.8913 -1.6 -2.54078
    endloop
  endfacet
  facet normal 0 -1 0
    outer loop
      vertex 12.9785 -1.6 -1.51972
      vertex 13.8913 -1.6 -2.54078
      vertex 13.9238 -1.6 -2.46925
    endloop
  endfacet
  facet normal 0 -1 0
    outer loop
      vertex 12.5239 -1.6 -2.61732
      vertex 13.8913 -1.6 -2.54078
      vertex 12.4969 -1.6 -2.55771
    endloop
  endfacet
  facet normal 0 -1 0
    outer loop
      vertex 13.8913 -1.6 -2.54078
      vertex 12.5239 -1.6 -2.61732
      vertex 13.8637 -1.6 -2.61427
    endloop
  endfacet
  facet normal 0 -1 0
    outer loop
      vertex 12.5469 -1.6 -2.67856
      vertex 13.8637 -1.6 -2.61427
      vertex 12.5239 -1.6 -2.61732
    endloop
  endfacet
  facet normal 0 -1 0
    outer loop
      vertex 12.5469 -1.6 -2.67856
      vertex 13.8409 -1.6 -2.68942
      vertex 13.8637 -1.6 -2.61427
    endloop
  endfacet
  facet normal 0 -1 0
    outer loop
      vertex 12.5659 -1.6 -2.74118
      vertex 13.8409 -1.6 -2.68942
      vertex 12.5469 -1.6 -2.67856
    endloop
  endfacet
  facet normal 0 -1 0
    outer loop
      vertex 12.5659 -1.6 -2.74118
      vertex 13.8231 -1.6 -2.76589
      vertex 13.8409 -1.6 -2.68942
    endloop
  endfacet
  facet normal 0 -1 0
    outer loop
      vertex 12.5808 -1.6 -2.80491
      vertex 13.8231 -1.6 -2.76589
      vertex 12.5659 -1.6 -2.74118
    endloop
  endfacet
  facet normal 0 -1 0
    outer loop
      vertex 12.5808 -1.6 -2.80491
      vertex 13.8103 -1.6 -2.84337
      vertex 13.8231 -1.6 -2.76589
    endloop
  endfacet
  facet normal 0 -1 0
    outer loop
      vertex 12.5914 -1.6 -2.86947
      vertex 13.8103 -1.6 -2.84337
      vertex 12.5808 -1.6 -2.80491
    endloop
  endfacet
  facet normal 0 -1 0
    outer loop
      vertex 12.5914 -1.6 -2.86947
      vertex 13.8026 -1.6 -2.92152
      vertex 13.8103 -1.6 -2.84337
    endloop
  endfacet
  facet normal 0 -1 0
    outer loop
      vertex 12.5979 -1.6 -2.9346
      vertex 13.8026 -1.6 -2.92152
      vertex 12.5914 -1.6 -2.86947
    endloop
  endfacet
  facet normal 0 -1 0
    outer loop
      vertex 13.8 -1.6 -3
      vertex 12.5979 -1.6 -2.9346
      vertex 12.6 -1.6 -3
    endloop
  endfacet
  facet normal 0 -1 0
    outer loop
      vertex 12.5979 -1.6 -2.9346
      vertex 13.8 -1.6 -3
      vertex 13.8026 -1.6 -2.92152
    endloop
  endfacet
  facet normal 0 -1 0
    outer loop
      vertex 12.5979 -1.6 -3.0654
      vertex 13.8 -1.6 -3
      vertex 12.6 -1.6 -3
    endloop
  endfacet
  facet normal 0 -1 0
    outer loop
      vertex 12.5979 -1.6 -3.0654
      vertex 13.8026 -1.6 -3.07848
      vertex 13.8 -1.6 -3
    endloop
  endfacet
  facet normal 0 -1 0
    outer loop
      vertex 12.5914 -1.6 -3.13053
      vertex 13.8026 -1.6 -3.07848
      vertex 12.5979 -1.6 -3.0654
    endloop
  endfacet
  facet normal 0 -1 0
    outer loop
      vertex 12.5914 -1.6 -3.13053
      vertex 13.8103 -1.6 -3.15663
      vertex 13.8026 -1.6 -3.07848
    endloop
  endfacet
  facet normal 0 -1 0
    outer loop
      vertex 12.5808 -1.6 -3.19509
      vertex 13.8103 -1.6 -3.15663
      vertex 12.5914 -1.6 -3.13053
    endloop
  endfacet
  facet normal 0 -1 0
    outer loop
      vertex 12.5808 -1.6 -3.19509
      vertex 13.8231 -1.6 -3.23411
      vertex 13.8103 -1.6 -3.15663
    endloop
  endfacet
  facet normal 0 -1 0
    outer loop
      vertex 12.5659 -1.6 -3.25882
      vertex 13.8231 -1.6 -3.23411
      vertex 12.5808 -1.6 -3.19509
    endloop
  endfacet
  facet normal 0 -1 0
    outer loop
      vertex 12.5659 -1.6 -3.25882
      vertex 13.8409 -1.6 -3.31058
      vertex 13.8231 -1.6 -3.23411
    endloop
  endfacet
  facet normal 0 -1 0
    outer loop
      vertex 12.5469 -1.6 -3.32144
      vertex 13.8409 -1.6 -3.31058
      vertex 12.5659 -1.6 -3.25882
    endloop
  endfacet
  facet normal 0 -1 0
    outer loop
      vertex 13.8637 -1.6 -3.38573
      vertex 12.5469 -1.6 -3.32144
      vertex 12.5239 -1.6 -3.38268
    endloop
  endfacet
  facet normal 0 -1 0
    outer loop
      vertex 12.5469 -1.6 -3.32144
      vertex 13.8637 -1.6 -3.38573
      vertex 13.8409 -1.6 -3.31058
    endloop
  endfacet
  facet normal 0 -1 0
    outer loop
      vertex 13.8913 -1.6 -3.45922
      vertex 12.5239 -1.6 -3.38268
      vertex 12.4969 -1.6 -3.44229
    endloop
  endfacet
  facet normal 0 -1 0
    outer loop
      vertex 12.5239 -1.6 -3.38268
      vertex 13.8913 -1.6 -3.45922
      vertex 13.8637 -1.6 -3.38573
    endloop
  endfacet
  facet normal 0 -1 0
    outer loop
      vertex 12.7909 -1.6 -4.42338
      vertex 12.4315 -1.6 -3.55557
      vertex 12.7264 -1.6 -4.41272
    endloop
  endfacet
  facet normal 0 -1 0
    outer loop
      vertex 12.8547 -1.6 -4.43824
      vertex 12.466 -1.6 -3.5
      vertex 12.7909 -1.6 -4.42338
    endloop
  endfacet
  facet normal 0 -1 0
    outer loop
      vertex 12.3518 -1.6 -3.65935
      vertex 12.6612 -1.6 -4.4063
      vertex 12.3934 -1.6 -3.60876
    endloop
  endfacet
  facet normal 0 -1 0
    outer loop
      vertex 12.7264 -1.6 -4.41272
      vertex 12.3934 -1.6 -3.60876
      vertex 12.6612 -1.6 -4.4063
    endloop
  endfacet
  facet normal 0 -1 0
    outer loop
      vertex 12.6612 -1.6 -4.4063
      vertex 12.3518 -1.6 -3.65935
      vertex 12.5958 -1.6 -4.40416
    endloop
  endfacet
  facet normal 0 -1 0
    outer loop
      vertex 12.3071 -1.6 -3.70711
      vertex 12.5958 -1.6 -4.40416
      vertex 12.3518 -1.6 -3.65935
    endloop
  endfacet
  facet normal 0 -1 0
    outer loop
      vertex 12.3934 -1.6 -3.60876
      vertex 12.7264 -1.6 -4.41272
      vertex 12.4315 -1.6 -3.55557
    endloop
  endfacet
  facet normal -0 -1 0
    outer loop
      vertex 12.5958 -1.6 -4.40416
      vertex 12.3071 -1.6 -3.70711
      vertex 12.5304 -1.6 -4.4063
    endloop
  endfacet
  facet normal 0 -1 0
    outer loop
      vertex 12.4315 -1.6 -3.55557
      vertex 12.7909 -1.6 -4.42338
      vertex 12.466 -1.6 -3.5
    endloop
  endfacet
  facet normal 0 -1 0
    outer loop
      vertex 12.5304 -1.6 -4.4063
      vertex 12.3071 -1.6 -3.70711
      vertex 12.2593 -1.6 -3.75184
    endloop
  endfacet
  facet normal 0 -1 0
    outer loop
      vertex 12.466 -1.6 -3.5
      vertex 12.8547 -1.6 -4.43824
      vertex 12.4969 -1.6 -3.44229
    endloop
  endfacet
  facet normal 0 -1 0
    outer loop
      vertex 12.5304 -1.6 -4.4063
      vertex 12.2593 -1.6 -3.75184
      vertex 12.2088 -1.6 -3.79335
    endloop
  endfacet
  facet normal 0 -1 0
    outer loop
      vertex 12.5304 -1.6 -4.4063
      vertex 12.2088 -1.6 -3.79335
      vertex 12.1556 -1.6 -3.83147
    endloop
  endfacet
  facet normal 0 -1 0
    outer loop
      vertex 12.9173 -1.6 -4.45723
      vertex 12.4969 -1.6 -3.44229
      vertex 12.8547 -1.6 -4.43824
    endloop
  endfacet
  facet normal 0 -1 0
    outer loop
      vertex 12.5304 -1.6 -4.4063
      vertex 12.1556 -1.6 -3.83147
      vertex 12.1 -1.6 -3.86602
    endloop
  endfacet
  facet normal 0 -1 0
    outer loop
      vertex 12.5304 -1.6 -4.4063
      vertex 12.1 -1.6 -3.86602
      vertex 12.0423 -1.6 -3.89687
    endloop
  endfacet
  facet normal 0 -1 0
    outer loop
      vertex 12.4969 -1.6 -3.44229
      vertex 12.9173 -1.6 -4.45723
      vertex 13.8913 -1.6 -3.45922
    endloop
  endfacet
  facet normal 0 -1 0
    outer loop
      vertex 12.5304 -1.6 -4.4063
      vertex 12.0423 -1.6 -3.89687
      vertex 11.9827 -1.6 -3.92388
    endloop
  endfacet
  facet normal 0 -1 0
    outer loop
      vertex 12.5304 -1.6 -4.4063
      vertex 11.9827 -1.6 -3.92388
      vertex 11.9214 -1.6 -3.94693
    endloop
  endfacet
  facet normal 0 -1 0
    outer loop
      vertex 12.9785 -1.6 -4.48028
      vertex 13.8913 -1.6 -3.45922
      vertex 12.9173 -1.6 -4.45723
    endloop
  endfacet
  facet normal 0 -1 0
    outer loop
      vertex 12.5304 -1.6 -4.4063
      vertex 11.9214 -1.6 -3.94693
      vertex 11.8588 -1.6 -3.96593
    endloop
  endfacet
  facet normal 0 -1 0
    outer loop
      vertex 12.5304 -1.6 -4.4063
      vertex 11.8588 -1.6 -3.96593
      vertex 11.7951 -1.6 -3.98078
    endloop
  endfacet
  facet normal 0 -1 0
    outer loop
      vertex 12.5304 -1.6 -4.4063
      vertex 11.7951 -1.6 -3.98078
      vertex 11.7305 -1.6 -3.99144
    endloop
  endfacet
  facet normal 0 -1 -0
    outer loop
      vertex 13.8913 -1.6 -3.45922
      vertex 12.9785 -1.6 -4.48028
      vertex 13.9238 -1.6 -3.53075
    endloop
  endfacet
  facet normal 0 -1 0
    outer loop
      vertex 12.5304 -1.6 -4.4063
      vertex 11.7305 -1.6 -3.99144
      vertex 11.6654 -1.6 -3.99786
    endloop
  endfacet
  facet normal 0 -1 0
    outer loop
      vertex 12.5304 -1.6 -4.4063
      vertex 11.6654 -1.6 -3.99786
      vertex 11.6 -1.6 -4
    endloop
  endfacet
  facet normal 0 -1 0
    outer loop
      vertex 13.0381 -1.6 -4.50729
      vertex 13.9238 -1.6 -3.53075
      vertex 12.9785 -1.6 -4.48028
    endloop
  endfacet
  facet normal 0 -1 0
    outer loop
      vertex -7 -1.6 5
      vertex -7 -1.6 7
      vertex -7.65403 -1.6 6.97859
    endloop
  endfacet
  facet normal 0 -1 0
    outer loop
      vertex -7.52322 -1.6 4.98287
      vertex -7.65403 -1.6 6.97859
      vertex -8.30526 -1.6 6.91445
    endloop
  endfacet
  facet normal 0 -1 0
    outer loop
      vertex -7 -1.6 7
      vertex -7 -1.6 5
      vertex -6.34597 -1.6 6.97859
    endloop
  endfacet
  facet normal 0 -1 0
    outer loop
      vertex -8.04421 -1.6 4.93156
      vertex -8.30526 -1.6 6.91445
      vertex -8.9509 -1.6 6.80785
    endloop
  endfacet
  facet normal 0 -1 0
    outer loop
      vertex -6.47677 -1.6 4.98287
      vertex -6.34597 -1.6 6.97859
      vertex -7 -1.6 5
    endloop
  endfacet
  facet normal 0 -1 0
    outer loop
      vertex -8.56072 -1.6 4.84628
      vertex -8.9509 -1.6 6.80785
      vertex -9.58819 -1.6 6.65926
    endloop
  endfacet
  facet normal 0 -1 -0
    outer loop
      vertex -6.34597 -1.6 6.97859
      vertex -6.47677 -1.6 4.98287
      vertex -5.69474 -1.6 6.91445
    endloop
  endfacet
  facet normal 0 -1 0
    outer loop
      vertex -9.07055 -1.6 4.72741
      vertex -9.58819 -1.6 6.65926
      vertex -10.2144 -1.6 6.4693
    endloop
  endfacet
  facet normal 0 -1 0
    outer loop
      vertex -5.95579 -1.6 4.93156
      vertex -5.69474 -1.6 6.91445
      vertex -6.47677 -1.6 4.98287
    endloop
  endfacet
  facet normal 0 -1 0
    outer loop
      vertex -9.57152 -1.6 4.57544
      vertex -10.2144 -1.6 6.4693
      vertex -10.8268 -1.6 6.2388
    endloop
  endfacet
  facet normal 0 -1 -0
    outer loop
      vertex -5.69474 -1.6 6.91445
      vertex -5.95579 -1.6 4.93156
      vertex -5.0491 -1.6 6.80785
    endloop
  endfacet
  facet normal 0 -1 0
    outer loop
      vertex -10.0615 -1.6 4.39104
      vertex -10.8268 -1.6 6.2388
      vertex -11.4229 -1.6 5.96873
    endloop
  endfacet
  facet normal 0 -1 0
    outer loop
      vertex -5.43928 -1.6 4.84628
      vertex -5.0491 -1.6 6.80785
      vertex -5.95579 -1.6 4.93156
    endloop
  endfacet
  facet normal 0 -1 0
    outer loop
      vertex -10.5383 -1.6 4.17498
      vertex -11.4229 -1.6 5.96873
      vertex -12 -1.6 5.66025
    endloop
  endfacet
  facet normal 0 -1 -0
    outer loop
      vertex -5.0491 -1.6 6.80785
      vertex -5.43928 -1.6 4.84628
      vertex -4.41181 -1.6 6.65926
    endloop
  endfacet
  facet normal 0 -1 0
    outer loop
      vertex -11 -1.6 3.9282
      vertex -12 -1.6 5.66025
      vertex -12.5557 -1.6 5.3147
    endloop
  endfacet
  facet normal 0 -1 0
    outer loop
      vertex -4.92945 -1.6 4.72741
      vertex -4.41181 -1.6 6.65926
      vertex -5.43928 -1.6 4.84628
    endloop
  endfacet
  facet normal 0 -1 -0
    outer loop
      vertex -4.41181 -1.6 6.65926
      vertex -4.92945 -1.6 4.72741
      vertex -3.7856 -1.6 6.4693
    endloop
  endfacet
  facet normal 0 -1 0
    outer loop
      vertex -7.65403 -1.6 6.97859
      vertex -7.52322 -1.6 4.98287
      vertex -7 -1.6 5
    endloop
  endfacet
  facet normal 0 -1 0
    outer loop
      vertex -11.4446 -1.6 3.65176
      vertex -12.5557 -1.6 5.3147
      vertex -13.0876 -1.6 4.93353
    endloop
  endfacet
  facet normal 0 -1 0
    outer loop
      vertex -8.30526 -1.6 6.91445
      vertex -8.04421 -1.6 4.93156
      vertex -7.52322 -1.6 4.98287
    endloop
  endfacet
  facet normal 0 -1 0
    outer loop
      vertex -8.9509 -1.6 6.80785
      vertex -8.56072 -1.6 4.84628
      vertex -8.04421 -1.6 4.93156
    endloop
  endfacet
  facet normal 0 -1 0
    outer loop
      vertex -9.58819 -1.6 6.65926
      vertex -9.07055 -1.6 4.72741
      vertex -8.56072 -1.6 4.84628
    endloop
  endfacet
  facet normal 0 -1 0
    outer loop
      vertex -10.2144 -1.6 6.4693
      vertex -9.57152 -1.6 4.57544
      vertex -9.07055 -1.6 4.72741
    endloop
  endfacet
  facet normal 0 -1 0
    outer loop
      vertex -11.8701 -1.6 3.34683
      vertex -13.0876 -1.6 4.93353
      vertex -13.5935 -1.6 4.5184
    endloop
  endfacet
  facet normal 0 -1 0
    outer loop
      vertex -10.8268 -1.6 6.2388
      vertex -10.0615 -1.6 4.39104
      vertex -9.57152 -1.6 4.57544
    endloop
  endfacet
  facet normal 0 -1 0
    outer loop
      vertex -11.4229 -1.6 5.96873
      vertex -10.5383 -1.6 4.17498
      vertex -10.0615 -1.6 4.39104
    endloop
  endfacet
  facet normal 0 -1 0
    outer loop
      vertex -12.2748 -1.6 3.01472
      vertex -13.5935 -1.6 4.5184
      vertex -14.0711 -1.6 4.07107
    endloop
  endfacet
  facet normal 0 -1 0
    outer loop
      vertex -12 -1.6 5.66025
      vertex -11 -1.6 3.9282
      vertex -10.5383 -1.6 4.17498
    endloop
  endfacet
  facet normal 0 -1 0
    outer loop
      vertex -12.5557 -1.6 5.3147
      vertex -11.4446 -1.6 3.65176
      vertex -11 -1.6 3.9282
    endloop
  endfacet
  facet normal 0 -1 0
    outer loop
      vertex -12.6569 -1.6 2.65685
      vertex -14.0711 -1.6 4.07107
      vertex -14.5184 -1.6 3.59346
    endloop
  endfacet
  facet normal 0 -1 0
    outer loop
      vertex -13.0876 -1.6 4.93353
      vertex -11.8701 -1.6 3.34683
      vertex -11.4446 -1.6 3.65176
    endloop
  endfacet
  facet normal 0 -1 0
    outer loop
      vertex -13.0147 -1.6 2.27477
      vertex -14.5184 -1.6 3.59346
      vertex -14.9335 -1.6 3.08761
    endloop
  endfacet
  facet normal 0 -1 0
    outer loop
      vertex -13.5935 -1.6 4.5184
      vertex -12.2748 -1.6 3.01472
      vertex -11.8701 -1.6 3.34683
    endloop
  endfacet
  facet normal 0 -1 0
    outer loop
      vertex -14.0711 -1.6 4.07107
      vertex -12.6569 -1.6 2.65685
      vertex -12.2748 -1.6 3.01472
    endloop
  endfacet
  facet normal 0 -1 0
    outer loop
      vertex -13.3468 -1.6 1.87009
      vertex -14.9335 -1.6 3.08761
      vertex -15.3147 -1.6 2.5557
    endloop
  endfacet
  facet normal 0 -1 0
    outer loop
      vertex -14.5184 -1.6 3.59346
      vertex -13.0147 -1.6 2.27477
      vertex -12.6569 -1.6 2.65685
    endloop
  endfacet
  facet normal 0 -1 0
    outer loop
      vertex -13.6518 -1.6 1.44456
      vertex -15.3147 -1.6 2.5557
      vertex -15.6603 -1.6 2
    endloop
  endfacet
  facet normal 0 -1 0
    outer loop
      vertex -14.9335 -1.6 3.08761
      vertex -13.3468 -1.6 1.87009
      vertex -13.0147 -1.6 2.27477
    endloop
  endfacet
  facet normal 0 -1 0
    outer loop
      vertex -15.3147 -1.6 2.5557
      vertex -13.6518 -1.6 1.44456
      vertex -13.3468 -1.6 1.87009
    endloop
  endfacet
  facet normal 0 -1 0
    outer loop
      vertex -13.9282 -1.6 1
      vertex -15.6603 -1.6 2
      vertex -15.9687 -1.6 1.42289
    endloop
  endfacet
  facet normal 0 -1 0
    outer loop
      vertex -15.6603 -1.6 2
      vertex -13.9282 -1.6 1
      vertex -13.6518 -1.6 1.44456
    endloop
  endfacet
  facet normal 0 -1 0
    outer loop
      vertex -14.175 -1.6 0.538309
      vertex -15.9687 -1.6 1.42289
      vertex -16.2388 -1.6 0.826834
    endloop
  endfacet
  facet normal 0 -1 0
    outer loop
      vertex -15.9687 -1.6 1.42289
      vertex -14.175 -1.6 0.538309
      vertex -13.9282 -1.6 1
    endloop
  endfacet
  facet normal 0 -1 0
    outer loop
      vertex -14.391 -1.6 0.0614672
      vertex -16.2388 -1.6 0.826834
      vertex -16.4693 -1.6 0.214395
    endloop
  endfacet
  facet normal 0 -1 0
    outer loop
      vertex -16.2388 -1.6 0.826834
      vertex -14.391 -1.6 0.0614672
      vertex -14.175 -1.6 0.538309
    endloop
  endfacet
  facet normal 0 -1 0
    outer loop
      vertex -14.5754 -1.6 -0.428484
      vertex -16.4693 -1.6 0.214395
      vertex -16.6593 -1.6 -0.411809
    endloop
  endfacet
  facet normal 0 -1 0
    outer loop
      vertex -16.4693 -1.6 0.214395
      vertex -14.5754 -1.6 -0.428484
      vertex -14.391 -1.6 0.0614672
    endloop
  endfacet
  facet normal 0 -1 0
    outer loop
      vertex -16.6593 -1.6 -0.411809
      vertex -14.7274 -1.6 -0.929447
      vertex -14.5754 -1.6 -0.428484
    endloop
  endfacet
  facet normal 0 -1 0
    outer loop
      vertex -16.8079 -1.6 -1.0491
      vertex -14.7274 -1.6 -0.929447
      vertex -16.6593 -1.6 -0.411809
    endloop
  endfacet
  facet normal 0 -1 0
    outer loop
      vertex -16.8079 -1.6 -1.0491
      vertex -14.8463 -1.6 -1.43928
      vertex -14.7274 -1.6 -0.929447
    endloop
  endfacet
  facet normal 0 -1 0
    outer loop
      vertex -16.9144 -1.6 -1.69474
      vertex -14.8463 -1.6 -1.43928
      vertex -16.8079 -1.6 -1.0491
    endloop
  endfacet
  facet normal 0 -1 0
    outer loop
      vertex -16.9144 -1.6 -1.69474
      vertex -14.9316 -1.6 -1.95579
      vertex -14.8463 -1.6 -1.43928
    endloop
  endfacet
  facet normal 0 -1 0
    outer loop
      vertex -16.9786 -1.6 -2.34597
      vertex -14.9316 -1.6 -1.95579
      vertex -16.9144 -1.6 -1.69474
    endloop
  endfacet
  facet normal 0 -1 0
    outer loop
      vertex -16.9786 -1.6 -2.34597
      vertex -14.9829 -1.6 -2.47677
      vertex -14.9316 -1.6 -1.95579
    endloop
  endfacet
  facet normal 0 -1 0
    outer loop
      vertex -17 -1.6 -3
      vertex -14.9829 -1.6 -2.47677
      vertex -16.9786 -1.6 -2.34597
    endloop
  endfacet
  facet normal 0 -1 0
    outer loop
      vertex -17 -1.6 -3
      vertex -15 -1.6 -3
      vertex -14.9829 -1.6 -2.47677
    endloop
  endfacet
  facet normal 0 -1 0
    outer loop
      vertex -17 -1.6 -3
      vertex -14.9829 -1.6 -3.52322
      vertex -15 -1.6 -3
    endloop
  endfacet
  facet normal 0 -1 0
    outer loop
      vertex -16.9786 -1.6 -3.65403
      vertex -14.9829 -1.6 -3.52322
      vertex -17 -1.6 -3
    endloop
  endfacet
  facet normal 0 -1 0
    outer loop
      vertex -16.9786 -1.6 -3.65403
      vertex -14.9316 -1.6 -4.04421
      vertex -14.9829 -1.6 -3.52322
    endloop
  endfacet
  facet normal 0 -1 0
    outer loop
      vertex -16.9144 -1.6 -4.30526
      vertex -14.9316 -1.6 -4.04421
      vertex -16.9786 -1.6 -3.65403
    endloop
  endfacet
  facet normal 0 -1 0
    outer loop
      vertex -16.9144 -1.6 -4.30526
      vertex -14.8463 -1.6 -4.56072
      vertex -14.9316 -1.6 -4.04421
    endloop
  endfacet
  facet normal 0 -1 0
    outer loop
      vertex -16.8079 -1.6 -4.9509
      vertex -14.8463 -1.6 -4.56072
      vertex -16.9144 -1.6 -4.30526
    endloop
  endfacet
  facet normal 0 -1 0
    outer loop
      vertex -16.8079 -1.6 -4.9509
      vertex -14.7274 -1.6 -5.07055
      vertex -14.8463 -1.6 -4.56072
    endloop
  endfacet
  facet normal 0 -1 0
    outer loop
      vertex -16.6593 -1.6 -5.58819
      vertex -14.7274 -1.6 -5.07055
      vertex -16.8079 -1.6 -4.9509
    endloop
  endfacet
  facet normal 0 -1 -0
    outer loop
      vertex -14.7274 -1.6 -5.07055
      vertex -16.6593 -1.6 -5.58819
      vertex -14.5754 -1.6 -5.57152
    endloop
  endfacet
  facet normal 0 -1 0
    outer loop
      vertex -16.4693 -1.6 -6.21439
      vertex -14.5754 -1.6 -5.57152
      vertex -16.6593 -1.6 -5.58819
    endloop
  endfacet
  facet normal 0 -1 -0
    outer loop
      vertex -14.5754 -1.6 -5.57152
      vertex -16.4693 -1.6 -6.21439
      vertex -14.391 -1.6 -6.06147
    endloop
  endfacet
  facet normal 0 -1 0
    outer loop
      vertex -16.2388 -1.6 -6.82683
      vertex -14.391 -1.6 -6.06147
      vertex -16.4693 -1.6 -6.21439
    endloop
  endfacet
  facet normal 0 -1 -0
    outer loop
      vertex -14.391 -1.6 -6.06147
      vertex -16.2388 -1.6 -6.82683
      vertex -14.175 -1.6 -6.53831
    endloop
  endfacet
  facet normal 0 -1 0
    outer loop
      vertex -15.9687 -1.6 -7.42289
      vertex -14.175 -1.6 -6.53831
      vertex -16.2388 -1.6 -6.82683
    endloop
  endfacet
  facet normal 0 -1 -0
    outer loop
      vertex -14.175 -1.6 -6.53831
      vertex -15.9687 -1.6 -7.42289
      vertex -13.9282 -1.6 -7
    endloop
  endfacet
  facet normal 0 -1 0
    outer loop
      vertex -15.6603 -1.6 -8
      vertex -13.9282 -1.6 -7
      vertex -15.9687 -1.6 -7.42289
    endloop
  endfacet
  facet normal 0 -1 -0
    outer loop
      vertex -13.9282 -1.6 -7
      vertex -15.6603 -1.6 -8
      vertex -13.6518 -1.6 -7.44456
    endloop
  endfacet
  facet normal 0 -1 0
    outer loop
      vertex -15.3147 -1.6 -8.5557
      vertex -13.6518 -1.6 -7.44456
      vertex -15.6603 -1.6 -8
    endloop
  endfacet
  facet normal 0 -1 -0
    outer loop
      vertex -13.6518 -1.6 -7.44456
      vertex -15.3147 -1.6 -8.5557
      vertex -13.3468 -1.6 -7.87009
    endloop
  endfacet
  facet normal 0 -1 0
    outer loop
      vertex -14.9335 -1.6 -9.08761
      vertex -13.3468 -1.6 -7.87009
      vertex -15.3147 -1.6 -8.5557
    endloop
  endfacet
  facet normal 0 -1 -0
    outer loop
      vertex -13.3468 -1.6 -7.87009
      vertex -14.9335 -1.6 -9.08761
      vertex -13.0147 -1.6 -8.27477
    endloop
  endfacet
  facet normal 0 -1 0
    outer loop
      vertex -14.5184 -1.6 -9.59346
      vertex -13.0147 -1.6 -8.27477
      vertex -14.9335 -1.6 -9.08761
    endloop
  endfacet
  facet normal 0 -1 -0
    outer loop
      vertex -13.0147 -1.6 -8.27477
      vertex -14.5184 -1.6 -9.59346
      vertex -12.6569 -1.6 -8.65685
    endloop
  endfacet
  facet normal 0 -1 0
    outer loop
      vertex -14.0711 -1.6 -10.0711
      vertex -12.6569 -1.6 -8.65685
      vertex -14.5184 -1.6 -9.59346
    endloop
  endfacet
  facet normal 0 -1 -0
    outer loop
      vertex -12.6569 -1.6 -8.65685
      vertex -14.0711 -1.6 -10.0711
      vertex -12.2748 -1.6 -9.01472
    endloop
  endfacet
  facet normal 0 -1 0
    outer loop
      vertex -13.5935 -1.6 -10.5184
      vertex -12.2748 -1.6 -9.01472
      vertex -14.0711 -1.6 -10.0711
    endloop
  endfacet
  facet normal 0 -1 -0
    outer loop
      vertex -12.2748 -1.6 -9.01472
      vertex -13.5935 -1.6 -10.5184
      vertex -11.8701 -1.6 -9.34683
    endloop
  endfacet
  facet normal 0 -1 0
    outer loop
      vertex -13.0876 -1.6 -10.9335
      vertex -11.8701 -1.6 -9.34683
      vertex -13.5935 -1.6 -10.5184
    endloop
  endfacet
  facet normal 0 -1 -0
    outer loop
      vertex -11.8701 -1.6 -9.34683
      vertex -13.0876 -1.6 -10.9335
      vertex -11.4446 -1.6 -9.65176
    endloop
  endfacet
  facet normal 0 -1 0
    outer loop
      vertex -12.5557 -1.6 -11.3147
      vertex -11.4446 -1.6 -9.65176
      vertex -13.0876 -1.6 -10.9335
    endloop
  endfacet
  facet normal 0 -1 -0
    outer loop
      vertex -11.4446 -1.6 -9.65176
      vertex -12.5557 -1.6 -11.3147
      vertex -11 -1.6 -9.9282
    endloop
  endfacet
  facet normal 0 -1 0
    outer loop
      vertex -12 -1.6 -11.6603
      vertex -11 -1.6 -9.9282
      vertex -12.5557 -1.6 -11.3147
    endloop
  endfacet
  facet normal 0 -1 -0
    outer loop
      vertex -11 -1.6 -9.9282
      vertex -12 -1.6 -11.6603
      vertex -10.5383 -1.6 -10.175
    endloop
  endfacet
  facet normal 0 -1 0
    outer loop
      vertex -11.4229 -1.6 -11.9687
      vertex -10.5383 -1.6 -10.175
      vertex -12 -1.6 -11.6603
    endloop
  endfacet
  facet normal 0 -1 -0
    outer loop
      vertex -10.5383 -1.6 -10.175
      vertex -11.4229 -1.6 -11.9687
      vertex -10.0615 -1.6 -10.391
    endloop
  endfacet
  facet normal 0 -1 0
    outer loop
      vertex -10.8268 -1.6 -12.2388
      vertex -10.0615 -1.6 -10.391
      vertex -11.4229 -1.6 -11.9687
    endloop
  endfacet
  facet normal 0 -1 -0
    outer loop
      vertex -10.0615 -1.6 -10.391
      vertex -10.8268 -1.6 -12.2388
      vertex -9.57152 -1.6 -10.5754
    endloop
  endfacet
  facet normal 0 -1 0
    outer loop
      vertex -10.2144 -1.6 -12.4693
      vertex -9.57152 -1.6 -10.5754
      vertex -10.8268 -1.6 -12.2388
    endloop
  endfacet
  facet normal 0 -1 -0
    outer loop
      vertex -9.57152 -1.6 -10.5754
      vertex -10.2144 -1.6 -12.4693
      vertex -9.07055 -1.6 -10.7274
    endloop
  endfacet
  facet normal 0 -1 0
    outer loop
      vertex -4.42848 -1.6 4.57544
      vertex -3.7856 -1.6 6.4693
      vertex -4.92945 -1.6 4.72741
    endloop
  endfacet
  facet normal 0 -1 -0
    outer loop
      vertex -3.7856 -1.6 6.4693
      vertex -4.42848 -1.6 4.57544
      vertex -3.17317 -1.6 6.2388
    endloop
  endfacet
  facet normal 0 -1 0
    outer loop
      vertex -3.93853 -1.6 4.39104
      vertex -3.17317 -1.6 6.2388
      vertex -4.42848 -1.6 4.57544
    endloop
  endfacet
  facet normal 0 -1 -0
    outer loop
      vertex -3.17317 -1.6 6.2388
      vertex -3.93853 -1.6 4.39104
      vertex -2.57711 -1.6 5.96873
    endloop
  endfacet
  facet normal 0 -1 0
    outer loop
      vertex -3.46169 -1.6 4.17498
      vertex -2.57711 -1.6 5.96873
      vertex -3.93853 -1.6 4.39104
    endloop
  endfacet
  facet normal 0 -1 -0
    outer loop
      vertex -2.57711 -1.6 5.96873
      vertex -3.46169 -1.6 4.17498
      vertex -2 -1.6 5.66025
    endloop
  endfacet
  facet normal 0 -1 0
    outer loop
      vertex -3 -1.6 3.9282
      vertex -2 -1.6 5.66025
      vertex -3.46169 -1.6 4.17498
    endloop
  endfacet
  facet normal 0 -1 -0
    outer loop
      vertex -2 -1.6 5.66025
      vertex -3 -1.6 3.9282
      vertex -1.4443 -1.6 5.3147
    endloop
  endfacet
  facet normal 0 -1 0
    outer loop
      vertex -2.55544 -1.6 3.65176
      vertex -1.4443 -1.6 5.3147
      vertex -3 -1.6 3.9282
    endloop
  endfacet
  facet normal 0 -1 -0
    outer loop
      vertex -1.4443 -1.6 5.3147
      vertex -2.55544 -1.6 3.65176
      vertex -0.912385 -1.6 4.93353
    endloop
  endfacet
  facet normal 0 -1 0
    outer loop
      vertex -2.12991 -1.6 3.34683
      vertex -0.912385 -1.6 4.93353
      vertex -2.55544 -1.6 3.65176
    endloop
  endfacet
  facet normal 0 -1 -0
    outer loop
      vertex -0.912385 -1.6 4.93353
      vertex -2.12991 -1.6 3.34683
      vertex -0.406542 -1.6 4.5184
    endloop
  endfacet
  facet normal 0 -1 0
    outer loop
      vertex -1.72523 -1.6 3.01472
      vertex -0.406542 -1.6 4.5184
      vertex -2.12991 -1.6 3.34683
    endloop
  endfacet
  facet normal 0 -1 -0
    outer loop
      vertex -0.406542 -1.6 4.5184
      vertex -1.72523 -1.6 3.01472
      vertex 0.0710678 -1.6 4.07107
    endloop
  endfacet
  facet normal 0 -1 0
    outer loop
      vertex -1.34315 -1.6 2.65685
      vertex 0.0710678 -1.6 4.07107
      vertex -1.72523 -1.6 3.01472
    endloop
  endfacet
  facet normal 0 -1 -0
    outer loop
      vertex 0.0710678 -1.6 4.07107
      vertex -1.34315 -1.6 2.65685
      vertex 0.518397 -1.6 3.59346
    endloop
  endfacet
  facet normal 0 -1 0
    outer loop
      vertex -0.985281 -1.6 2.27477
      vertex 0.518397 -1.6 3.59346
      vertex -1.34315 -1.6 2.65685
    endloop
  endfacet
  facet normal 0 -1 -0
    outer loop
      vertex 0.518397 -1.6 3.59346
      vertex -0.985281 -1.6 2.27477
      vertex 0.933533 -1.6 3.08761
    endloop
  endfacet
  facet normal 0 -1 0
    outer loop
      vertex -0.653172 -1.6 1.87009
      vertex 0.933533 -1.6 3.08761
      vertex -0.985281 -1.6 2.27477
    endloop
  endfacet
  facet normal 0 -1 -0
    outer loop
      vertex 0.933533 -1.6 3.08761
      vertex -0.653172 -1.6 1.87009
      vertex 1.3147 -1.6 2.5557
    endloop
  endfacet
  facet normal 0 -1 0
    outer loop
      vertex -0.348243 -1.6 1.44456
      vertex 1.3147 -1.6 2.5557
      vertex -0.653172 -1.6 1.87009
    endloop
  endfacet
  facet normal 0 -1 -0
    outer loop
      vertex 1.3147 -1.6 2.5557
      vertex -0.348243 -1.6 1.44456
      vertex 1.66025 -1.6 2
    endloop
  endfacet
  facet normal 0 -1 0
    outer loop
      vertex -0.0717964 -1.6 1
      vertex 1.66025 -1.6 2
      vertex -0.348243 -1.6 1.44456
    endloop
  endfacet
  facet normal 0 -1 -0
    outer loop
      vertex 1.66025 -1.6 2
      vertex -0.0717964 -1.6 1
      vertex 1.96873 -1.6 1.42289
    endloop
  endfacet
  facet normal 0 -1 0
    outer loop
      vertex 0.174981 -1.6 0.538309
      vertex 1.96873 -1.6 1.42289
      vertex -0.0717964 -1.6 1
    endloop
  endfacet
  facet normal 0 -1 -0
    outer loop
      vertex 1.96873 -1.6 1.42289
      vertex 0.174981 -1.6 0.538309
      vertex 2.2388 -1.6 0.826834
    endloop
  endfacet
  facet normal 0 -1 0
    outer loop
      vertex 0.391036 -1.6 0.0614672
      vertex 2.2388 -1.6 0.826834
      vertex 0.174981 -1.6 0.538309
    endloop
  endfacet
  facet normal 0 -1 -0
    outer loop
      vertex 2.2388 -1.6 0.826834
      vertex 0.391036 -1.6 0.0614672
      vertex 2.4693 -1.6 0.214395
    endloop
  endfacet
  facet normal 0 -1 0
    outer loop
      vertex 0.57544 -1.6 -0.428484
      vertex 2.4693 -1.6 0.214395
      vertex 0.391036 -1.6 0.0614672
    endloop
  endfacet
  facet normal 0 -1 -0
    outer loop
      vertex 2.4693 -1.6 0.214395
      vertex 0.57544 -1.6 -0.428484
      vertex 2.65926 -1.6 -0.411809
    endloop
  endfacet
  facet normal 0 -1 0
    outer loop
      vertex 0.727407 -1.6 -0.929447
      vertex 2.65926 -1.6 -0.411809
      vertex 0.57544 -1.6 -0.428484
    endloop
  endfacet
  facet normal 0 -1 0
    outer loop
      vertex 0.727407 -1.6 -0.929447
      vertex 2.80785 -1.6 -1.0491
      vertex 2.65926 -1.6 -0.411809
    endloop
  endfacet
  facet normal 0 -1 0
    outer loop
      vertex 0.846282 -1.6 -1.43928
      vertex 2.80785 -1.6 -1.0491
      vertex 0.727407 -1.6 -0.929447
    endloop
  endfacet
  facet normal 0 -1 0
    outer loop
      vertex 0.846282 -1.6 -1.43928
      vertex 2.91445 -1.6 -1.69474
      vertex 2.80785 -1.6 -1.0491
    endloop
  endfacet
  facet normal 0 -1 0
    outer loop
      vertex 0.931559 -1.6 -1.95579
      vertex 2.91445 -1.6 -1.69474
      vertex 0.846282 -1.6 -1.43928
    endloop
  endfacet
  facet normal 0 -1 0
    outer loop
      vertex 0.931559 -1.6 -1.95579
      vertex 2.97859 -1.6 -2.34597
      vertex 2.91445 -1.6 -1.69474
    endloop
  endfacet
  facet normal 0 -1 0
    outer loop
      vertex 0.982871 -1.6 -2.47677
      vertex 2.97859 -1.6 -2.34597
      vertex 0.931559 -1.6 -1.95579
    endloop
  endfacet
  facet normal 0 -1 0
    outer loop
      vertex 1 -1.6 -3
      vertex 2.97859 -1.6 -2.34597
      vertex 0.982871 -1.6 -2.47677
    endloop
  endfacet
  facet normal 0 -1 0
    outer loop
      vertex 1 -1.6 -3
      vertex 3 -1.6 -3
      vertex 2.97859 -1.6 -2.34597
    endloop
  endfacet
  facet normal 0 -1 0
    outer loop
      vertex 0.982871 -1.6 -3.52322
      vertex 3 -1.6 -3
      vertex 1 -1.6 -3
    endloop
  endfacet
  facet normal 0 -1 0
    outer loop
      vertex 0.982871 -1.6 -3.52322
      vertex 2.97859 -1.6 -3.65403
      vertex 3 -1.6 -3
    endloop
  endfacet
  facet normal 0 -1 0
    outer loop
      vertex 0.931559 -1.6 -4.04421
      vertex 2.97859 -1.6 -3.65403
      vertex 0.982871 -1.6 -3.52322
    endloop
  endfacet
  facet normal 0 -1 0
    outer loop
      vertex 0.931559 -1.6 -4.04421
      vertex 2.91445 -1.6 -4.30526
      vertex 2.97859 -1.6 -3.65403
    endloop
  endfacet
  facet normal 0 -1 0
    outer loop
      vertex 0.846282 -1.6 -4.56072
      vertex 2.91445 -1.6 -4.30526
      vertex 0.931559 -1.6 -4.04421
    endloop
  endfacet
  facet normal 0 -1 0
    outer loop
      vertex 0.846282 -1.6 -4.56072
      vertex 2.80785 -1.6 -4.9509
      vertex 2.91445 -1.6 -4.30526
    endloop
  endfacet
  facet normal 0 -1 0
    outer loop
      vertex 0.727407 -1.6 -5.07055
      vertex 2.80785 -1.6 -4.9509
      vertex 0.846282 -1.6 -4.56072
    endloop
  endfacet
  facet normal 0 -1 0
    outer loop
      vertex 2.65926 -1.6 -5.58819
      vertex 0.727407 -1.6 -5.07055
      vertex 0.57544 -1.6 -5.57152
    endloop
  endfacet
  facet normal 0 -1 0
    outer loop
      vertex 0.727407 -1.6 -5.07055
      vertex 2.65926 -1.6 -5.58819
      vertex 2.80785 -1.6 -4.9509
    endloop
  endfacet
  facet normal 0 -1 0
    outer loop
      vertex 2.4693 -1.6 -6.21439
      vertex 0.57544 -1.6 -5.57152
      vertex 0.391036 -1.6 -6.06147
    endloop
  endfacet
  facet normal 0 -1 0
    outer loop
      vertex 0.57544 -1.6 -5.57152
      vertex 2.4693 -1.6 -6.21439
      vertex 2.65926 -1.6 -5.58819
    endloop
  endfacet
  facet normal 0 -1 0
    outer loop
      vertex 2.2388 -1.6 -6.82683
      vertex 0.391036 -1.6 -6.06147
      vertex 0.174981 -1.6 -6.53831
    endloop
  endfacet
  facet normal 0 -1 0
    outer loop
      vertex 0.391036 -1.6 -6.06147
      vertex 2.2388 -1.6 -6.82683
      vertex 2.4693 -1.6 -6.21439
    endloop
  endfacet
  facet normal 0 -1 0
    outer loop
      vertex 1.96873 -1.6 -7.42289
      vertex 0.174981 -1.6 -6.53831
      vertex -0.0717964 -1.6 -7
    endloop
  endfacet
  facet normal 0 -1 0
    outer loop
      vertex 0.174981 -1.6 -6.53831
      vertex 1.96873 -1.6 -7.42289
      vertex 2.2388 -1.6 -6.82683
    endloop
  endfacet
  facet normal 0 -1 0
    outer loop
      vertex 1.66025 -1.6 -8
      vertex -0.0717964 -1.6 -7
      vertex -0.348243 -1.6 -7.44456
    endloop
  endfacet
  facet normal 0 -1 0
    outer loop
      vertex 1.3147 -1.6 -8.5557
      vertex -0.348243 -1.6 -7.44456
      vertex -0.653172 -1.6 -7.87009
    endloop
  endfacet
  facet normal 0 -1 0
    outer loop
      vertex -0.0717964 -1.6 -7
      vertex 1.66025 -1.6 -8
      vertex 1.96873 -1.6 -7.42289
    endloop
  endfacet
  facet normal 0 -1 0
    outer loop
      vertex 0.933533 -1.6 -9.08761
      vertex -0.653172 -1.6 -7.87009
      vertex -0.985281 -1.6 -8.27477
    endloop
  endfacet
  facet normal 0 -1 0
    outer loop
      vertex -0.348243 -1.6 -7.44456
      vertex 1.3147 -1.6 -8.5557
      vertex 1.66025 -1.6 -8
    endloop
  endfacet
  facet normal 0 -1 0
    outer loop
      vertex 0.518397 -1.6 -9.59346
      vertex -0.985281 -1.6 -8.27477
      vertex -1.34315 -1.6 -8.65685
    endloop
  endfacet
  facet normal 0 -1 0
    outer loop
      vertex 0.0710678 -1.6 -10.0711
      vertex -1.34315 -1.6 -8.65685
      vertex -1.72523 -1.6 -9.01472
    endloop
  endfacet
  facet normal 0 -1 0
    outer loop
      vertex -0.653172 -1.6 -7.87009
      vertex 0.933533 -1.6 -9.08761
      vertex 1.3147 -1.6 -8.5557
    endloop
  endfacet
  facet normal 0 -1 0
    outer loop
      vertex -0.406542 -1.6 -10.5184
      vertex -1.72523 -1.6 -9.01472
      vertex -2.12991 -1.6 -9.34683
    endloop
  endfacet
  facet normal 0 -1 0
    outer loop
      vertex -0.985281 -1.6 -8.27477
      vertex 0.518397 -1.6 -9.59346
      vertex 0.933533 -1.6 -9.08761
    endloop
  endfacet
  facet normal 0 -1 0
    outer loop
      vertex -0.912385 -1.6 -10.9335
      vertex -2.12991 -1.6 -9.34683
      vertex -2.55544 -1.6 -9.65176
    endloop
  endfacet
  facet normal 0 -1 0
    outer loop
      vertex -1.4443 -1.6 -11.3147
      vertex -2.55544 -1.6 -9.65176
      vertex -3 -1.6 -9.9282
    endloop
  endfacet
  facet normal 0 -1 0
    outer loop
      vertex -1.34315 -1.6 -8.65685
      vertex 0.0710678 -1.6 -10.0711
      vertex 0.518397 -1.6 -9.59346
    endloop
  endfacet
  facet normal 0 -1 0
    outer loop
      vertex -2 -1.6 -11.6603
      vertex -3 -1.6 -9.9282
      vertex -3.46169 -1.6 -10.175
    endloop
  endfacet
  facet normal 0 -1 0
    outer loop
      vertex -2.57711 -1.6 -11.9687
      vertex -3.46169 -1.6 -10.175
      vertex -3.93853 -1.6 -10.391
    endloop
  endfacet
  facet normal 0 -1 0
    outer loop
      vertex -1.72523 -1.6 -9.01472
      vertex -0.406542 -1.6 -10.5184
      vertex 0.0710678 -1.6 -10.0711
    endloop
  endfacet
  facet normal 0 -1 0
    outer loop
      vertex -3.17317 -1.6 -12.2388
      vertex -3.93853 -1.6 -10.391
      vertex -4.42848 -1.6 -10.5754
    endloop
  endfacet
  facet normal 0 -1 0
    outer loop
      vertex -3.7856 -1.6 -12.4693
      vertex -4.42848 -1.6 -10.5754
      vertex -4.92945 -1.6 -10.7274
    endloop
  endfacet
  facet normal 0 -1 0
    outer loop
      vertex -4.41181 -1.6 -12.6593
      vertex -4.92945 -1.6 -10.7274
      vertex -5.43928 -1.6 -10.8463
    endloop
  endfacet
  facet normal 0 -1 0
    outer loop
      vertex -5.0491 -1.6 -12.8079
      vertex -5.43928 -1.6 -10.8463
      vertex -5.95579 -1.6 -10.9316
    endloop
  endfacet
  facet normal 0 -1 0
    outer loop
      vertex -2.12991 -1.6 -9.34683
      vertex -0.912385 -1.6 -10.9335
      vertex -0.406542 -1.6 -10.5184
    endloop
  endfacet
  facet normal 0 -1 0
    outer loop
      vertex -5.69474 -1.6 -12.9144
      vertex -5.95579 -1.6 -10.9316
      vertex -6.47677 -1.6 -10.9829
    endloop
  endfacet
  facet normal 0 -1 0
    outer loop
      vertex -6.34597 -1.6 -12.9786
      vertex -6.47677 -1.6 -10.9829
      vertex -7 -1.6 -11
    endloop
  endfacet
  facet normal 0 -1 0
    outer loop
      vertex -9.58819 -1.6 -12.6593
      vertex -9.07055 -1.6 -10.7274
      vertex -10.2144 -1.6 -12.4693
    endloop
  endfacet
  facet normal 0 -1 0
    outer loop
      vertex -2.55544 -1.6 -9.65176
      vertex -1.4443 -1.6 -11.3147
      vertex -0.912385 -1.6 -10.9335
    endloop
  endfacet
  facet normal 0 -1 -0
    outer loop
      vertex -9.07055 -1.6 -10.7274
      vertex -9.58819 -1.6 -12.6593
      vertex -8.56072 -1.6 -10.8463
    endloop
  endfacet
  facet normal 0 -1 0
    outer loop
      vertex -3 -1.6 -9.9282
      vertex -2 -1.6 -11.6603
      vertex -1.4443 -1.6 -11.3147
    endloop
  endfacet
  facet normal 0 -1 0
    outer loop
      vertex -8.9509 -1.6 -12.8079
      vertex -8.56072 -1.6 -10.8463
      vertex -9.58819 -1.6 -12.6593
    endloop
  endfacet
  facet normal 0 -1 0
    outer loop
      vertex -3.46169 -1.6 -10.175
      vertex -2.57711 -1.6 -11.9687
      vertex -2 -1.6 -11.6603
    endloop
  endfacet
  facet normal 0 -1 -0
    outer loop
      vertex -8.56072 -1.6 -10.8463
      vertex -8.9509 -1.6 -12.8079
      vertex -8.04421 -1.6 -10.9316
    endloop
  endfacet
  facet normal 0 -1 0
    outer loop
      vertex -3.93853 -1.6 -10.391
      vertex -3.17317 -1.6 -12.2388
      vertex -2.57711 -1.6 -11.9687
    endloop
  endfacet
  facet normal 0 -1 0
    outer loop
      vertex -8.30526 -1.6 -12.9144
      vertex -8.04421 -1.6 -10.9316
      vertex -8.9509 -1.6 -12.8079
    endloop
  endfacet
  facet normal 0 -1 0
    outer loop
      vertex -4.42848 -1.6 -10.5754
      vertex -3.7856 -1.6 -12.4693
      vertex -3.17317 -1.6 -12.2388
    endloop
  endfacet
  facet normal 0 -1 -0
    outer loop
      vertex -8.04421 -1.6 -10.9316
      vertex -8.30526 -1.6 -12.9144
      vertex -7.52322 -1.6 -10.9829
    endloop
  endfacet
  facet normal 0 -1 0
    outer loop
      vertex -4.92945 -1.6 -10.7274
      vertex -4.41181 -1.6 -12.6593
      vertex -3.7856 -1.6 -12.4693
    endloop
  endfacet
  facet normal 0 -1 0
    outer loop
      vertex -7.65403 -1.6 -12.9786
      vertex -7.52322 -1.6 -10.9829
      vertex -8.30526 -1.6 -12.9144
    endloop
  endfacet
  facet normal 0 -1 0
    outer loop
      vertex -5.43928 -1.6 -10.8463
      vertex -5.0491 -1.6 -12.8079
      vertex -4.41181 -1.6 -12.6593
    endloop
  endfacet
  facet normal 0 -1 -0
    outer loop
      vertex -7.52322 -1.6 -10.9829
      vertex -7.65403 -1.6 -12.9786
      vertex -7 -1.6 -11
    endloop
  endfacet
  facet normal 0 -1 0
    outer loop
      vertex -5.95579 -1.6 -10.9316
      vertex -5.69474 -1.6 -12.9144
      vertex -5.0491 -1.6 -12.8079
    endloop
  endfacet
  facet normal 0 -1 0
    outer loop
      vertex -7 -1.6 -13
      vertex -7 -1.6 -11
      vertex -7.65403 -1.6 -12.9786
    endloop
  endfacet
  facet normal 0 -1 0
    outer loop
      vertex -6.47677 -1.6 -10.9829
      vertex -6.34597 -1.6 -12.9786
      vertex -5.69474 -1.6 -12.9144
    endloop
  endfacet
  facet normal 0 -1 0
    outer loop
      vertex -7 -1.6 -11
      vertex -7 -1.6 -13
      vertex -6.34597 -1.6 -12.9786
    endloop
  endfacet
  facet normal 0 -1 0
    outer loop
      vertex -17 -1.6 7.45
      vertex -17 -1.6 8.7
      vertex -17.1766 -1.6 8.69422
    endloop
  endfacet
  facet normal 0 -1 0
    outer loop
      vertex -17.0948 -1.6 7.44689
      vertex -17.1766 -1.6 8.69422
      vertex -17.3524 -1.6 8.6769
    endloop
  endfacet
  facet normal 0 -1 0
    outer loop
      vertex -17 -1.6 8.7
      vertex -17 -1.6 7.45
      vertex -16.8234 -1.6 8.69422
    endloop
  endfacet
  facet normal 0 -1 0
    outer loop
      vertex -17.1893 -1.6 7.43759
      vertex -17.3524 -1.6 8.6769
      vertex -17.5267 -1.6 8.64812
    endloop
  endfacet
  facet normal 0 -1 0
    outer loop
      vertex -16.9052 -1.6 7.44689
      vertex -16.8234 -1.6 8.69422
      vertex -17 -1.6 7.45
    endloop
  endfacet
  facet normal 0 -1 0
    outer loop
      vertex -17.2829 -1.6 7.42214
      vertex -17.5267 -1.6 8.64812
      vertex -17.6988 -1.6 8.608
    endloop
  endfacet
  facet normal 0 -1 -0
    outer loop
      vertex -16.8234 -1.6 8.69422
      vertex -16.9052 -1.6 7.44689
      vertex -16.6476 -1.6 8.6769
    endloop
  endfacet
  facet normal 0 -1 0
    outer loop
      vertex -17.3753 -1.6 7.40059
      vertex -17.6988 -1.6 8.608
      vertex -17.8679 -1.6 8.55671
    endloop
  endfacet
  facet normal 0 -1 0
    outer loop
      vertex -16.8107 -1.6 7.43759
      vertex -16.6476 -1.6 8.6769
      vertex -16.9052 -1.6 7.44689
    endloop
  endfacet
  facet normal 0 -1 0
    outer loop
      vertex -17.4661 -1.6 7.37305
      vertex -17.8679 -1.6 8.55671
      vertex -18.0332 -1.6 8.49447
    endloop
  endfacet
  facet normal 0 -1 -0
    outer loop
      vertex -16.6476 -1.6 8.6769
      vertex -16.8107 -1.6 7.43759
      vertex -16.4733 -1.6 8.64812
    endloop
  endfacet
  facet normal 0 -1 0
    outer loop
      vertex -17.5549 -1.6 7.33962
      vertex -18.0332 -1.6 8.49447
      vertex -18.1942 -1.6 8.42156
    endloop
  endfacet
  facet normal 0 -1 0
    outer loop
      vertex -16.7171 -1.6 7.42214
      vertex -16.4733 -1.6 8.64812
      vertex -16.8107 -1.6 7.43759
    endloop
  endfacet
  facet normal 0 -1 0
    outer loop
      vertex -17.6413 -1.6 7.30046
      vertex -18.1942 -1.6 8.42156
      vertex -18.35 -1.6 8.33827
    endloop
  endfacet
  facet normal 0 -1 -0
    outer loop
      vertex -16.4733 -1.6 8.64812
      vertex -16.7171 -1.6 7.42214
      vertex -16.3012 -1.6 8.608
    endloop
  endfacet
  facet normal 0 -1 0
    outer loop
      vertex -17.725 -1.6 7.25574
      vertex -18.35 -1.6 8.33827
      vertex -18.5 -1.6 8.24497
    endloop
  endfacet
  facet normal 0 -1 0
    outer loop
      vertex -16.6247 -1.6 7.40059
      vertex -16.3012 -1.6 8.608
      vertex -16.7171 -1.6 7.42214
    endloop
  endfacet
  facet normal 0 -1 0
    outer loop
      vertex -17.8056 -1.6 7.20563
      vertex -18.5 -1.6 8.24497
      vertex -18.6437 -1.6 8.14205
    endloop
  endfacet
  facet normal 0 -1 -0
    outer loop
      vertex -16.3012 -1.6 8.608
      vertex -16.6247 -1.6 7.40059
      vertex -16.1321 -1.6 8.55671
    endloop
  endfacet
  facet normal 0 -1 0
    outer loop
      vertex -17.8827 -1.6 7.15036
      vertex -18.6437 -1.6 8.14205
      vertex -18.7802 -1.6 8.02997
    endloop
  endfacet
  facet normal 0 -1 0
    outer loop
      vertex -16.5339 -1.6 7.37305
      vertex -16.1321 -1.6 8.55671
      vertex -16.6247 -1.6 7.40059
    endloop
  endfacet
  facet normal 0 -1 0
    outer loop
      vertex -17.9561 -1.6 7.09017
      vertex -18.7802 -1.6 8.02997
      vertex -18.9092 -1.6 7.90919
    endloop
  endfacet
  facet normal 0 -1 -0
    outer loop
      vertex -16.1321 -1.6 8.55671
      vertex -16.5339 -1.6 7.37305
      vertex -15.9668 -1.6 8.49447
    endloop
  endfacet
  facet normal 0 -1 0
    outer loop
      vertex -18.0253 -1.6 7.0253
      vertex -18.9092 -1.6 7.90919
      vertex -19.03 -1.6 7.78023
    endloop
  endfacet
  facet normal 0 -1 0
    outer loop
      vertex -16.4451 -1.6 7.33962
      vertex -15.9668 -1.6 8.49447
      vertex -16.5339 -1.6 7.37305
    endloop
  endfacet
  facet normal 0 -1 0
    outer loop
      vertex -18.0902 -1.6 6.95605
      vertex -19.03 -1.6 7.78023
      vertex -19.1421 -1.6 7.64366
    endloop
  endfacet
  facet normal 0 -1 -0
    outer loop
      vertex -15.9668 -1.6 8.49447
      vertex -16.4451 -1.6 7.33962
      vertex -15.8058 -1.6 8.42156
    endloop
  endfacet
  facet normal 0 -1 0
    outer loop
      vertex -18.1504 -1.6 6.8827
      vertex -19.1421 -1.6 7.64366
      vertex -19.245 -1.6 7.50004
    endloop
  endfacet
  facet normal 0 -1 0
    outer loop
      vertex -16.3587 -1.6 7.30046
      vertex -15.8058 -1.6 8.42156
      vertex -16.4451 -1.6 7.33962
    endloop
  endfacet
  facet normal 0 -1 -0
    outer loop
      vertex -15.8058 -1.6 8.42156
      vertex -16.3587 -1.6 7.30046
      vertex -15.65 -1.6 8.33827
    endloop
  endfacet
  facet normal 0 -1 0
    outer loop
      vertex -17.1766 -1.6 8.69422
      vertex -17.0948 -1.6 7.44689
      vertex -17 -1.6 7.45
    endloop
  endfacet
  facet normal 0 -1 0
    outer loop
      vertex -17.3524 -1.6 8.6769
      vertex -17.1893 -1.6 7.43759
      vertex -17.0948 -1.6 7.44689
    endloop
  endfacet
  facet normal 0 -1 0
    outer loop
      vertex -17.5267 -1.6 8.64812
      vertex -17.2829 -1.6 7.42214
      vertex -17.1893 -1.6 7.43759
    endloop
  endfacet
  facet normal 0 -1 0
    outer loop
      vertex -17.6988 -1.6 8.608
      vertex -17.3753 -1.6 7.40059
      vertex -17.2829 -1.6 7.42214
    endloop
  endfacet
  facet normal 0 -1 0
    outer loop
      vertex -17.8679 -1.6 8.55671
      vertex -17.4661 -1.6 7.37305
      vertex -17.3753 -1.6 7.40059
    endloop
  endfacet
  facet normal 0 -1 0
    outer loop
      vertex -18.2056 -1.6 6.80558
      vertex -19.245 -1.6 7.50004
      vertex -19.3383 -1.6 7.35
    endloop
  endfacet
  facet normal 0 -1 0
    outer loop
      vertex -18.0332 -1.6 8.49447
      vertex -17.5549 -1.6 7.33962
      vertex -17.4661 -1.6 7.37305
    endloop
  endfacet
  facet normal 0 -1 0
    outer loop
      vertex -18.1942 -1.6 8.42156
      vertex -17.6413 -1.6 7.30046
      vertex -17.5549 -1.6 7.33962
    endloop
  endfacet
  facet normal 0 -1 0
    outer loop
      vertex -18.35 -1.6 8.33827
      vertex -17.725 -1.6 7.25574
      vertex -17.6413 -1.6 7.30046
    endloop
  endfacet
  facet normal 0 -1 0
    outer loop
      vertex -18.5 -1.6 8.24497
      vertex -17.8056 -1.6 7.20563
      vertex -17.725 -1.6 7.25574
    endloop
  endfacet
  facet normal 0 -1 0
    outer loop
      vertex -18.2557 -1.6 6.725
      vertex -19.3383 -1.6 7.35
      vertex -19.4216 -1.6 7.19418
    endloop
  endfacet
  facet normal 0 -1 0
    outer loop
      vertex -18.6437 -1.6 8.14205
      vertex -17.8827 -1.6 7.15036
      vertex -17.8056 -1.6 7.20563
    endloop
  endfacet
  facet normal 0 -1 0
    outer loop
      vertex -18.7802 -1.6 8.02997
      vertex -17.9561 -1.6 7.09017
      vertex -17.8827 -1.6 7.15036
    endloop
  endfacet
  facet normal 0 -1 0
    outer loop
      vertex -18.3005 -1.6 6.64132
      vertex -19.4216 -1.6 7.19418
      vertex -19.4945 -1.6 7.03325
    endloop
  endfacet
  facet normal 0 -1 0
    outer loop
      vertex -18.9092 -1.6 7.90919
      vertex -18.0253 -1.6 7.0253
      vertex -17.9561 -1.6 7.09017
    endloop
  endfacet
  facet normal 0 -1 0
    outer loop
      vertex -19.03 -1.6 7.78023
      vertex -18.0902 -1.6 6.95605
      vertex -18.0253 -1.6 7.0253
    endloop
  endfacet
  facet normal 0 -1 0
    outer loop
      vertex -19.1421 -1.6 7.64366
      vertex -18.1504 -1.6 6.8827
      vertex -18.0902 -1.6 6.95605
    endloop
  endfacet
  facet normal 0 -1 0
    outer loop
      vertex -18.3396 -1.6 6.55489
      vertex -19.4945 -1.6 7.03325
      vertex -19.5567 -1.6 6.86789
    endloop
  endfacet
  facet normal 0 -1 0
    outer loop
      vertex -19.245 -1.6 7.50004
      vertex -18.2056 -1.6 6.80558
      vertex -18.1504 -1.6 6.8827
    endloop
  endfacet
  facet normal 0 -1 0
    outer loop
      vertex -19.3383 -1.6 7.35
      vertex -18.2557 -1.6 6.725
      vertex -18.2056 -1.6 6.80558
    endloop
  endfacet
  facet normal 0 -1 0
    outer loop
      vertex -18.373 -1.6 6.46609
      vertex -19.5567 -1.6 6.86789
      vertex -19.608 -1.6 6.69881
    endloop
  endfacet
  facet normal 0 -1 0
    outer loop
      vertex -19.4216 -1.6 7.19418
      vertex -18.3005 -1.6 6.64132
      vertex -18.2557 -1.6 6.725
    endloop
  endfacet
  facet normal 0 -1 0
    outer loop
      vertex -19.4945 -1.6 7.03325
      vertex -18.3396 -1.6 6.55489
      vertex -18.3005 -1.6 6.64132
    endloop
  endfacet
  facet normal 0 -1 0
    outer loop
      vertex -18.4006 -1.6 6.37529
      vertex -19.608 -1.6 6.69881
      vertex -19.6481 -1.6 6.52674
    endloop
  endfacet
  facet normal 0 -1 0
    outer loop
      vertex -19.5567 -1.6 6.86789
      vertex -18.373 -1.6 6.46609
      vertex -18.3396 -1.6 6.55489
    endloop
  endfacet
  facet normal 0 -1 0
    outer loop
      vertex -19.608 -1.6 6.69881
      vertex -18.4006 -1.6 6.37529
      vertex -18.373 -1.6 6.46609
    endloop
  endfacet
  facet normal 0 -1 0
    outer loop
      vertex -18.4221 -1.6 6.28288
      vertex -19.6481 -1.6 6.52674
      vertex -19.6769 -1.6 6.35242
    endloop
  endfacet
  facet normal 0 -1 0
    outer loop
      vertex -19.6481 -1.6 6.52674
      vertex -18.4221 -1.6 6.28288
      vertex -18.4006 -1.6 6.37529
    endloop
  endfacet
  facet normal 0 -1 0
    outer loop
      vertex -19.6769 -1.6 6.35242
      vertex -18.4376 -1.6 6.18926
      vertex -18.4221 -1.6 6.28288
    endloop
  endfacet
  facet normal 0 -1 0
    outer loop
      vertex -19.6942 -1.6 6.17659
      vertex -18.4376 -1.6 6.18926
      vertex -19.6769 -1.6 6.35242
    endloop
  endfacet
  facet normal 0 -1 0
    outer loop
      vertex -19.6942 -1.6 6.17659
      vertex -18.4469 -1.6 6.09483
      vertex -18.4376 -1.6 6.18926
    endloop
  endfacet
  facet normal 0 -1 0
    outer loop
      vertex -19.7 -1.6 6
      vertex -18.4469 -1.6 6.09483
      vertex -19.6942 -1.6 6.17659
    endloop
  endfacet
  facet normal 0 -1 0
    outer loop
      vertex -19.7 -1.6 6
      vertex -18.45 -1.6 6
      vertex -18.4469 -1.6 6.09483
    endloop
  endfacet
  facet normal 0 -1 0
    outer loop
      vertex -19.7 -1.6 6
      vertex -18.4469 -1.6 5.90516
      vertex -18.45 -1.6 6
    endloop
  endfacet
  facet normal 0 -1 0
    outer loop
      vertex -19.6942 -1.6 5.82341
      vertex -18.4469 -1.6 5.90516
      vertex -19.7 -1.6 6
    endloop
  endfacet
  facet normal 0 -1 0
    outer loop
      vertex -19.6942 -1.6 5.82341
      vertex -18.4376 -1.6 5.81074
      vertex -18.4469 -1.6 5.90516
    endloop
  endfacet
  facet normal 0 -1 0
    outer loop
      vertex -19.6769 -1.6 5.64758
      vertex -18.4376 -1.6 5.81074
      vertex -19.6942 -1.6 5.82341
    endloop
  endfacet
  facet normal 0 -1 -0
    outer loop
      vertex -18.4376 -1.6 5.81074
      vertex -19.6769 -1.6 5.64758
      vertex -18.4221 -1.6 5.71712
    endloop
  endfacet
  facet normal 0 -1 0
    outer loop
      vertex -19.6481 -1.6 5.47326
      vertex -18.4221 -1.6 5.71712
      vertex -19.6769 -1.6 5.64758
    endloop
  endfacet
  facet normal 0 -1 -0
    outer loop
      vertex -18.4221 -1.6 5.71712
      vertex -19.6481 -1.6 5.47326
      vertex -18.4006 -1.6 5.62471
    endloop
  endfacet
  facet normal 0 -1 0
    outer loop
      vertex -19.608 -1.6 5.30119
      vertex -18.4006 -1.6 5.62471
      vertex -19.6481 -1.6 5.47326
    endloop
  endfacet
  facet normal 0 -1 -0
    outer loop
      vertex -18.4006 -1.6 5.62471
      vertex -19.608 -1.6 5.30119
      vertex -18.373 -1.6 5.53391
    endloop
  endfacet
  facet normal 0 -1 0
    outer loop
      vertex -19.5567 -1.6 5.13211
      vertex -18.373 -1.6 5.53391
      vertex -19.608 -1.6 5.30119
    endloop
  endfacet
  facet normal 0 -1 -0
    outer loop
      vertex -18.373 -1.6 5.53391
      vertex -19.5567 -1.6 5.13211
      vertex -18.3396 -1.6 5.44511
    endloop
  endfacet
  facet normal 0 -1 0
    outer loop
      vertex -19.4945 -1.6 4.96675
      vertex -18.3396 -1.6 5.44511
      vertex -19.5567 -1.6 5.13211
    endloop
  endfacet
  facet normal 0 -1 -0
    outer loop
      vertex -18.3396 -1.6 5.44511
      vertex -19.4945 -1.6 4.96675
      vertex -18.3005 -1.6 5.35868
    endloop
  endfacet
  facet normal 0 -1 0
    outer loop
      vertex -19.4216 -1.6 4.80582
      vertex -18.3005 -1.6 5.35868
      vertex -19.4945 -1.6 4.96675
    endloop
  endfacet
  facet normal 0 -1 -0
    outer loop
      vertex -18.3005 -1.6 5.35868
      vertex -19.4216 -1.6 4.80582
      vertex -18.2557 -1.6 5.275
    endloop
  endfacet
  facet normal 0 -1 0
    outer loop
      vertex -19.3383 -1.6 4.65
      vertex -18.2557 -1.6 5.275
      vertex -19.4216 -1.6 4.80582
    endloop
  endfacet
  facet normal 0 -1 -0
    outer loop
      vertex -18.2557 -1.6 5.275
      vertex -19.3383 -1.6 4.65
      vertex -18.2056 -1.6 5.19442
    endloop
  endfacet
  facet normal 0 -1 0
    outer loop
      vertex -19.245 -1.6 4.49996
      vertex -18.2056 -1.6 5.19442
      vertex -19.3383 -1.6 4.65
    endloop
  endfacet
  facet normal 0 -1 -0
    outer loop
      vertex -18.2056 -1.6 5.19442
      vertex -19.245 -1.6 4.49996
      vertex -18.1504 -1.6 5.1173
    endloop
  endfacet
  facet normal 0 -1 0
    outer loop
      vertex -19.1421 -1.6 4.35634
      vertex -18.1504 -1.6 5.1173
      vertex -19.245 -1.6 4.49996
    endloop
  endfacet
  facet normal 0 -1 -0
    outer loop
      vertex -18.1504 -1.6 5.1173
      vertex -19.1421 -1.6 4.35634
      vertex -18.0902 -1.6 5.04395
    endloop
  endfacet
  facet normal 0 -1 0
    outer loop
      vertex -19.03 -1.6 4.21977
      vertex -18.0902 -1.6 5.04395
      vertex -19.1421 -1.6 4.35634
    endloop
  endfacet
  facet normal 0 -1 -0
    outer loop
      vertex -18.0902 -1.6 5.04395
      vertex -19.03 -1.6 4.21977
      vertex -18.0253 -1.6 4.97469
    endloop
  endfacet
  facet normal 0 -1 0
    outer loop
      vertex -18.9092 -1.6 4.09081
      vertex -18.0253 -1.6 4.97469
      vertex -19.03 -1.6 4.21977
    endloop
  endfacet
  facet normal 0 -1 -0
    outer loop
      vertex -18.0253 -1.6 4.97469
      vertex -18.9092 -1.6 4.09081
      vertex -17.9561 -1.6 4.90983
    endloop
  endfacet
  facet normal 0 -1 0
    outer loop
      vertex -18.7802 -1.6 3.97003
      vertex -17.9561 -1.6 4.90983
      vertex -18.9092 -1.6 4.09081
    endloop
  endfacet
  facet normal 0 -1 -0
    outer loop
      vertex -17.9561 -1.6 4.90983
      vertex -18.7802 -1.6 3.97003
      vertex -17.8827 -1.6 4.84964
    endloop
  endfacet
  facet normal 0 -1 0
    outer loop
      vertex -18.6437 -1.6 3.85795
      vertex -17.8827 -1.6 4.84964
      vertex -18.7802 -1.6 3.97003
    endloop
  endfacet
  facet normal 0 -1 -0
    outer loop
      vertex -17.8827 -1.6 4.84964
      vertex -18.6437 -1.6 3.85795
      vertex -17.8056 -1.6 4.79437
    endloop
  endfacet
  facet normal 0 -1 0
    outer loop
      vertex -18.5 -1.6 3.75503
      vertex -17.8056 -1.6 4.79437
      vertex -18.6437 -1.6 3.85795
    endloop
  endfacet
  facet normal 0 -1 -0
    outer loop
      vertex -17.8056 -1.6 4.79437
      vertex -18.5 -1.6 3.75503
      vertex -17.725 -1.6 4.74426
    endloop
  endfacet
  facet normal 0 -1 -0
    outer loop
      vertex -17.725 -1.6 4.74426
      vertex -18.35 -1.6 3.66173
      vertex -17.6413 -1.6 4.69953
    endloop
  endfacet
  facet normal 0 -1 0
    outer loop
      vertex -18.35 -1.6 3.66173
      vertex -17.725 -1.6 4.74426
      vertex -18.5 -1.6 3.75503
    endloop
  endfacet
  facet normal 0 -1 0
    outer loop
      vertex -16.275 -1.6 7.25574
      vertex -15.65 -1.6 8.33827
      vertex -16.3587 -1.6 7.30046
    endloop
  endfacet
  facet normal 0 -1 -0
    outer loop
      vertex -15.65 -1.6 8.33827
      vertex -16.275 -1.6 7.25574
      vertex -15.5 -1.6 8.24497
    endloop
  endfacet
  facet normal 0 -1 0
    outer loop
      vertex -16.1944 -1.6 7.20563
      vertex -15.5 -1.6 8.24497
      vertex -16.275 -1.6 7.25574
    endloop
  endfacet
  facet normal 0 -1 -0
    outer loop
      vertex -15.5 -1.6 8.24497
      vertex -16.1944 -1.6 7.20563
      vertex -15.3563 -1.6 8.14205
    endloop
  endfacet
  facet normal 0 -1 0
    outer loop
      vertex -16.1173 -1.6 7.15036
      vertex -15.3563 -1.6 8.14205
      vertex -16.1944 -1.6 7.20563
    endloop
  endfacet
  facet normal 0 -1 -0
    outer loop
      vertex -15.3563 -1.6 8.14205
      vertex -16.1173 -1.6 7.15036
      vertex -15.2198 -1.6 8.02997
    endloop
  endfacet
  facet normal 0 -1 0
    outer loop
      vertex -16.0439 -1.6 7.09017
      vertex -15.2198 -1.6 8.02997
      vertex -16.1173 -1.6 7.15036
    endloop
  endfacet
  facet normal 0 -1 -0
    outer loop
      vertex -15.2198 -1.6 8.02997
      vertex -16.0439 -1.6 7.09017
      vertex -15.0908 -1.6 7.90919
    endloop
  endfacet
  facet normal 0 -1 0
    outer loop
      vertex -15.9747 -1.6 7.0253
      vertex -15.0908 -1.6 7.90919
      vertex -16.0439 -1.6 7.09017
    endloop
  endfacet
  facet normal 0 -1 -0
    outer loop
      vertex -15.0908 -1.6 7.90919
      vertex -15.9747 -1.6 7.0253
      vertex -14.97 -1.6 7.78023
    endloop
  endfacet
  facet normal 0 -1 0
    outer loop
      vertex -15.9098 -1.6 6.95605
      vertex -14.97 -1.6 7.78023
      vertex -15.9747 -1.6 7.0253
    endloop
  endfacet
  facet normal 0 -1 -0
    outer loop
      vertex -14.97 -1.6 7.78023
      vertex -15.9098 -1.6 6.95605
      vertex -14.8579 -1.6 7.64366
    endloop
  endfacet
  facet normal 0 -1 0
    outer loop
      vertex -15.8496 -1.6 6.8827
      vertex -14.8579 -1.6 7.64366
      vertex -15.9098 -1.6 6.95605
    endloop
  endfacet
  facet normal 0 -1 -0
    outer loop
      vertex -14.8579 -1.6 7.64366
      vertex -15.8496 -1.6 6.8827
      vertex -14.755 -1.6 7.50004
    endloop
  endfacet
  facet normal 0 -1 0
    outer loop
      vertex -15.7944 -1.6 6.80558
      vertex -14.755 -1.6 7.50004
      vertex -15.8496 -1.6 6.8827
    endloop
  endfacet
  facet normal 0 -1 -0
    outer loop
      vertex -14.755 -1.6 7.50004
      vertex -15.7944 -1.6 6.80558
      vertex -14.6617 -1.6 7.35
    endloop
  endfacet
  facet normal 0 -1 0
    outer loop
      vertex -15.7443 -1.6 6.725
      vertex -14.6617 -1.6 7.35
      vertex -15.7944 -1.6 6.80558
    endloop
  endfacet
  facet normal 0 -1 -0
    outer loop
      vertex -14.6617 -1.6 7.35
      vertex -15.7443 -1.6 6.725
      vertex -14.5784 -1.6 7.19418
    endloop
  endfacet
  facet normal 0 -1 0
    outer loop
      vertex -15.6995 -1.6 6.64132
      vertex -14.5784 -1.6 7.19418
      vertex -15.7443 -1.6 6.725
    endloop
  endfacet
  facet normal 0 -1 -0
    outer loop
      vertex -14.5784 -1.6 7.19418
      vertex -15.6995 -1.6 6.64132
      vertex -14.5055 -1.6 7.03325
    endloop
  endfacet
  facet normal 0 -1 0
    outer loop
      vertex -15.6604 -1.6 6.55489
      vertex -14.5055 -1.6 7.03325
      vertex -15.6995 -1.6 6.64132
    endloop
  endfacet
  facet normal 0 -1 -0
    outer loop
      vertex -14.5055 -1.6 7.03325
      vertex -15.6604 -1.6 6.55489
      vertex -14.4433 -1.6 6.86789
    endloop
  endfacet
  facet normal 0 -1 0
    outer loop
      vertex -15.627 -1.6 6.46609
      vertex -14.4433 -1.6 6.86789
      vertex -15.6604 -1.6 6.55489
    endloop
  endfacet
  facet normal 0 -1 -0
    outer loop
      vertex -14.4433 -1.6 6.86789
      vertex -15.627 -1.6 6.46609
      vertex -14.392 -1.6 6.69881
    endloop
  endfacet
  facet normal 0 -1 0
    outer loop
      vertex -15.5994 -1.6 6.37529
      vertex -14.392 -1.6 6.69881
      vertex -15.627 -1.6 6.46609
    endloop
  endfacet
  facet normal 0 -1 -0
    outer loop
      vertex -14.392 -1.6 6.69881
      vertex -15.5994 -1.6 6.37529
      vertex -14.3519 -1.6 6.52674
    endloop
  endfacet
  facet normal 0 -1 0
    outer loop
      vertex -15.5779 -1.6 6.28288
      vertex -14.3519 -1.6 6.52674
      vertex -15.5994 -1.6 6.37529
    endloop
  endfacet
  facet normal 0 -1 -0
    outer loop
      vertex -14.3519 -1.6 6.52674
      vertex -15.5779 -1.6 6.28288
      vertex -14.3231 -1.6 6.35242
    endloop
  endfacet
  facet normal 0 -1 0
    outer loop
      vertex -15.5624 -1.6 6.18926
      vertex -14.3231 -1.6 6.35242
      vertex -15.5779 -1.6 6.28288
    endloop
  endfacet
  facet normal 0 -1 0
    outer loop
      vertex -15.5624 -1.6 6.18926
      vertex -14.3058 -1.6 6.17659
      vertex -14.3231 -1.6 6.35242
    endloop
  endfacet
  facet normal 0 -1 0
    outer loop
      vertex -15.5531 -1.6 6.09483
      vertex -14.3058 -1.6 6.17659
      vertex -15.5624 -1.6 6.18926
    endloop
  endfacet
  facet normal 0 -1 0
    outer loop
      vertex -15.55 -1.6 6
      vertex -14.3058 -1.6 6.17659
      vertex -15.5531 -1.6 6.09483
    endloop
  endfacet
  facet normal 0 -1 0
    outer loop
      vertex -15.55 -1.6 6
      vertex -14.3 -1.6 6
      vertex -14.3058 -1.6 6.17659
    endloop
  endfacet
  facet normal 0 -1 0
    outer loop
      vertex -15.5531 -1.6 5.90516
      vertex -14.3 -1.6 6
      vertex -15.55 -1.6 6
    endloop
  endfacet
  facet normal 0 -1 0
    outer loop
      vertex -15.5531 -1.6 5.90516
      vertex -14.3058 -1.6 5.82341
      vertex -14.3 -1.6 6
    endloop
  endfacet
  facet normal 0 -1 0
    outer loop
      vertex -15.5624 -1.6 5.81074
      vertex -14.3058 -1.6 5.82341
      vertex -15.5531 -1.6 5.90516
    endloop
  endfacet
  facet normal 0 -1 0
    outer loop
      vertex -14.3231 -1.6 5.64758
      vertex -15.5624 -1.6 5.81074
      vertex -15.5779 -1.6 5.71712
    endloop
  endfacet
  facet normal 0 -1 0
    outer loop
      vertex -15.5624 -1.6 5.81074
      vertex -14.3231 -1.6 5.64758
      vertex -14.3058 -1.6 5.82341
    endloop
  endfacet
  facet normal 0 -1 0
    outer loop
      vertex -14.3519 -1.6 5.47326
      vertex -15.5779 -1.6 5.71712
      vertex -15.5994 -1.6 5.62471
    endloop
  endfacet
  facet normal 0 -1 0
    outer loop
      vertex -14.392 -1.6 5.30119
      vertex -15.5994 -1.6 5.62471
      vertex -15.627 -1.6 5.53391
    endloop
  endfacet
  facet normal 0 -1 0
    outer loop
      vertex -15.5779 -1.6 5.71712
      vertex -14.3519 -1.6 5.47326
      vertex -14.3231 -1.6 5.64758
    endloop
  endfacet
  facet normal 0 -1 0
    outer loop
      vertex -14.4433 -1.6 5.13211
      vertex -15.627 -1.6 5.53391
      vertex -15.6604 -1.6 5.44511
    endloop
  endfacet
  facet normal 0 -1 0
    outer loop
      vertex -14.5055 -1.6 4.96675
      vertex -15.6604 -1.6 5.44511
      vertex -15.6995 -1.6 5.35868
    endloop
  endfacet
  facet normal 0 -1 0
    outer loop
      vertex -15.5994 -1.6 5.62471
      vertex -14.392 -1.6 5.30119
      vertex -14.3519 -1.6 5.47326
    endloop
  endfacet
  facet normal 0 -1 0
    outer loop
      vertex -14.5784 -1.6 4.80582
      vertex -15.6995 -1.6 5.35868
      vertex -15.7443 -1.6 5.275
    endloop
  endfacet
  facet normal 0 -1 0
    outer loop
      vertex -14.6617 -1.6 4.65
      vertex -15.7443 -1.6 5.275
      vertex -15.7944 -1.6 5.19442
    endloop
  endfacet
  facet normal 0 -1 0
    outer loop
      vertex -15.627 -1.6 5.53391
      vertex -14.4433 -1.6 5.13211
      vertex -14.392 -1.6 5.30119
    endloop
  endfacet
  facet normal 0 -1 0
    outer loop
      vertex -14.755 -1.6 4.49996
      vertex -15.7944 -1.6 5.19442
      vertex -15.8496 -1.6 5.1173
    endloop
  endfacet
  facet normal 0 -1 0
    outer loop
      vertex -14.8579 -1.6 4.35634
      vertex -15.8496 -1.6 5.1173
      vertex -15.9098 -1.6 5.04395
    endloop
  endfacet
  facet normal 0 -1 0
    outer loop
      vertex -14.97 -1.6 4.21977
      vertex -15.9098 -1.6 5.04395
      vertex -15.9747 -1.6 4.97469
    endloop
  endfacet
  facet normal 0 -1 0
    outer loop
      vertex -15.6604 -1.6 5.44511
      vertex -14.5055 -1.6 4.96675
      vertex -14.4433 -1.6 5.13211
    endloop
  endfacet
  facet normal 0 -1 0
    outer loop
      vertex -15.0908 -1.6 4.09081
      vertex -15.9747 -1.6 4.97469
      vertex -16.0439 -1.6 4.90983
    endloop
  endfacet
  facet normal 0 -1 0
    outer loop
      vertex -15.2198 -1.6 3.97003
      vertex -16.0439 -1.6 4.90983
      vertex -16.1173 -1.6 4.84964
    endloop
  endfacet
  facet normal 0 -1 0
    outer loop
      vertex -15.6995 -1.6 5.35868
      vertex -14.5784 -1.6 4.80582
      vertex -14.5055 -1.6 4.96675
    endloop
  endfacet
  facet normal 0 -1 0
    outer loop
      vertex -15.3563 -1.6 3.85795
      vertex -16.1173 -1.6 4.84964
      vertex -16.1944 -1.6 4.79437
    endloop
  endfacet
  facet normal 0 -1 0
    outer loop
      vertex -15.5 -1.6 3.75503
      vertex -16.1944 -1.6 4.79437
      vertex -16.275 -1.6 4.74426
    endloop
  endfacet
  facet normal 0 -1 0
    outer loop
      vertex -15.65 -1.6 3.66173
      vertex -16.275 -1.6 4.74426
      vertex -16.3587 -1.6 4.69953
    endloop
  endfacet
  facet normal 0 -1 0
    outer loop
      vertex -15.8058 -1.6 3.57844
      vertex -16.3587 -1.6 4.69953
      vertex -16.4451 -1.6 4.66037
    endloop
  endfacet
  facet normal 0 -1 0
    outer loop
      vertex -15.7443 -1.6 5.275
      vertex -14.6617 -1.6 4.65
      vertex -14.5784 -1.6 4.80582
    endloop
  endfacet
  facet normal 0 -1 0
    outer loop
      vertex -15.9668 -1.6 3.50552
      vertex -16.4451 -1.6 4.66037
      vertex -16.5339 -1.6 4.62695
    endloop
  endfacet
  facet normal 0 -1 0
    outer loop
      vertex -16.1321 -1.6 3.44329
      vertex -16.5339 -1.6 4.62695
      vertex -16.6247 -1.6 4.59941
    endloop
  endfacet
  facet normal 0 -1 0
    outer loop
      vertex -16.3012 -1.6 3.392
      vertex -16.6247 -1.6 4.59941
      vertex -16.7171 -1.6 4.57786
    endloop
  endfacet
  facet normal 0 -1 0
    outer loop
      vertex -16.4733 -1.6 3.35188
      vertex -16.7171 -1.6 4.57786
      vertex -16.8107 -1.6 4.5624
    endloop
  endfacet
  facet normal 0 -1 0
    outer loop
      vertex -16.6476 -1.6 3.3231
      vertex -16.8107 -1.6 4.5624
      vertex -16.9052 -1.6 4.5531
    endloop
  endfacet
  facet normal 0 -1 0
    outer loop
      vertex -15.7944 -1.6 5.19442
      vertex -14.755 -1.6 4.49996
      vertex -14.6617 -1.6 4.65
    endloop
  endfacet
  facet normal 0 -1 0
    outer loop
      vertex -16.8234 -1.6 3.30578
      vertex -16.9052 -1.6 4.5531
      vertex -17 -1.6 4.55
    endloop
  endfacet
  facet normal 0 -1 0
    outer loop
      vertex -18.1942 -1.6 3.57844
      vertex -17.6413 -1.6 4.69953
      vertex -18.35 -1.6 3.66173
    endloop
  endfacet
  facet normal 0 -1 -0
    outer loop
      vertex -17.6413 -1.6 4.69953
      vertex -18.1942 -1.6 3.57844
      vertex -17.5549 -1.6 4.66037
    endloop
  endfacet
  facet normal 0 -1 0
    outer loop
      vertex -15.8496 -1.6 5.1173
      vertex -14.8579 -1.6 4.35634
      vertex -14.755 -1.6 4.49996
    endloop
  endfacet
  facet normal 0 -1 0
    outer loop
      vertex -18.0332 -1.6 3.50552
      vertex -17.5549 -1.6 4.66037
      vertex -18.1942 -1.6 3.57844
    endloop
  endfacet
  facet normal 0 -1 0
    outer loop
      vertex -15.9098 -1.6 5.04395
      vertex -14.97 -1.6 4.21977
      vertex -14.8579 -1.6 4.35634
    endloop
  endfacet
  facet normal 0 -1 -0
    outer loop
      vertex -17.5549 -1.6 4.66037
      vertex -18.0332 -1.6 3.50552
      vertex -17.4661 -1.6 4.62695
    endloop
  endfacet
  facet normal 0 -1 0
    outer loop
      vertex -15.9747 -1.6 4.97469
      vertex -15.0908 -1.6 4.09081
      vertex -14.97 -1.6 4.21977
    endloop
  endfacet
  facet normal 0 -1 0
    outer loop
      vertex -17.8679 -1.6 3.44329
      vertex -17.4661 -1.6 4.62695
      vertex -18.0332 -1.6 3.50552
    endloop
  endfacet
  facet normal 0 -1 0
    outer loop
      vertex -16.0439 -1.6 4.90983
      vertex -15.2198 -1.6 3.97003
      vertex -15.0908 -1.6 4.09081
    endloop
  endfacet
  facet normal 0 -1 -0
    outer loop
      vertex -17.4661 -1.6 4.62695
      vertex -17.8679 -1.6 3.44329
      vertex -17.3753 -1.6 4.59941
    endloop
  endfacet
  facet normal 0 -1 0
    outer loop
      vertex -16.1173 -1.6 4.84964
      vertex -15.3563 -1.6 3.85795
      vertex -15.2198 -1.6 3.97003
    endloop
  endfacet
  facet normal 0 -1 0
    outer loop
      vertex -17.6988 -1.6 3.392
      vertex -17.3753 -1.6 4.59941
      vertex -17.8679 -1.6 3.44329
    endloop
  endfacet
  facet normal 0 -1 0
    outer loop
      vertex -16.1944 -1.6 4.79437
      vertex -15.5 -1.6 3.75503
      vertex -15.3563 -1.6 3.85795
    endloop
  endfacet
  facet normal 0 -1 -0
    outer loop
      vertex -17.3753 -1.6 4.59941
      vertex -17.6988 -1.6 3.392
      vertex -17.2829 -1.6 4.57786
    endloop
  endfacet
  facet normal 0 -1 0
    outer loop
      vertex -16.275 -1.6 4.74426
      vertex -15.65 -1.6 3.66173
      vertex -15.5 -1.6 3.75503
    endloop
  endfacet
  facet normal 0 -1 0
    outer loop
      vertex -17.5267 -1.6 3.35188
      vertex -17.2829 -1.6 4.57786
      vertex -17.6988 -1.6 3.392
    endloop
  endfacet
  facet normal 0 -1 0
    outer loop
      vertex -16.3587 -1.6 4.69953
      vertex -15.8058 -1.6 3.57844
      vertex -15.65 -1.6 3.66173
    endloop
  endfacet
  facet normal 0 -1 -0
    outer loop
      vertex -17.2829 -1.6 4.57786
      vertex -17.5267 -1.6 3.35188
      vertex -17.1893 -1.6 4.5624
    endloop
  endfacet
  facet normal 0 -1 0
    outer loop
      vertex -16.4451 -1.6 4.66037
      vertex -15.9668 -1.6 3.50552
      vertex -15.8058 -1.6 3.57844
    endloop
  endfacet
  facet normal 0 -1 0
    outer loop
      vertex -17.3524 -1.6 3.3231
      vertex -17.1893 -1.6 4.5624
      vertex -17.5267 -1.6 3.35188
    endloop
  endfacet
  facet normal 0 -1 0
    outer loop
      vertex -16.5339 -1.6 4.62695
      vertex -16.1321 -1.6 3.44329
      vertex -15.9668 -1.6 3.50552
    endloop
  endfacet
  facet normal 0 -1 -0
    outer loop
      vertex -17.1893 -1.6 4.5624
      vertex -17.3524 -1.6 3.3231
      vertex -17.0948 -1.6 4.5531
    endloop
  endfacet
  facet normal 0 -1 0
    outer loop
      vertex -16.6247 -1.6 4.59941
      vertex -16.3012 -1.6 3.392
      vertex -16.1321 -1.6 3.44329
    endloop
  endfacet
  facet normal 0 -1 0
    outer loop
      vertex -17.1766 -1.6 3.30578
      vertex -17.0948 -1.6 4.5531
      vertex -17.3524 -1.6 3.3231
    endloop
  endfacet
  facet normal 0 -1 0
    outer loop
      vertex -16.7171 -1.6 4.57786
      vertex -16.4733 -1.6 3.35188
      vertex -16.3012 -1.6 3.392
    endloop
  endfacet
  facet normal 0 -1 -0
    outer loop
      vertex -17.0948 -1.6 4.5531
      vertex -17.1766 -1.6 3.30578
      vertex -17 -1.6 4.55
    endloop
  endfacet
  facet normal 0 -1 0
    outer loop
      vertex -16.8107 -1.6 4.5624
      vertex -16.6476 -1.6 3.3231
      vertex -16.4733 -1.6 3.35188
    endloop
  endfacet
  facet normal 0 -1 0
    outer loop
      vertex -17 -1.6 3.3
      vertex -17 -1.6 4.55
      vertex -17.1766 -1.6 3.30578
    endloop
  endfacet
  facet normal 0 -1 0
    outer loop
      vertex -16.9052 -1.6 4.5531
      vertex -16.8234 -1.6 3.30578
      vertex -16.6476 -1.6 3.3231
    endloop
  endfacet
  facet normal 0 -1 0
    outer loop
      vertex -17 -1.6 4.55
      vertex -17 -1.6 3.3
      vertex -16.8234 -1.6 3.30578
    endloop
  endfacet
  facet normal 0 -1 0
    outer loop
      vertex 17 -1.6 7.45
      vertex 17 -1.6 8.7
      vertex 16.8234 -1.6 8.69422
    endloop
  endfacet
  facet normal 0 -1 0
    outer loop
      vertex 16.9052 -1.6 7.44689
      vertex 16.8234 -1.6 8.69422
      vertex 16.6476 -1.6 8.6769
    endloop
  endfacet
  facet normal 0 -1 0
    outer loop
      vertex 17 -1.6 8.7
      vertex 17 -1.6 7.45
      vertex 17.1766 -1.6 8.69422
    endloop
  endfacet
  facet normal 0 -1 0
    outer loop
      vertex 16.8107 -1.6 7.43759
      vertex 16.6476 -1.6 8.6769
      vertex 16.4733 -1.6 8.64812
    endloop
  endfacet
  facet normal 0 -1 0
    outer loop
      vertex 17.0948 -1.6 7.44689
      vertex 17.1766 -1.6 8.69422
      vertex 17 -1.6 7.45
    endloop
  endfacet
  facet normal 0 -1 0
    outer loop
      vertex 16.7171 -1.6 7.42214
      vertex 16.4733 -1.6 8.64812
      vertex 16.3012 -1.6 8.608
    endloop
  endfacet
  facet normal 0 -1 -0
    outer loop
      vertex 17.1766 -1.6 8.69422
      vertex 17.0948 -1.6 7.44689
      vertex 17.3524 -1.6 8.6769
    endloop
  endfacet
  facet normal 0 -1 0
    outer loop
      vertex 16.6247 -1.6 7.40059
      vertex 16.3012 -1.6 8.608
      vertex 16.1321 -1.6 8.55671
    endloop
  endfacet
  facet normal 0 -1 0
    outer loop
      vertex 17.1893 -1.6 7.43759
      vertex 17.3524 -1.6 8.6769
      vertex 17.0948 -1.6 7.44689
    endloop
  endfacet
  facet normal 0 -1 0
    outer loop
      vertex 16.5339 -1.6 7.37305
      vertex 16.1321 -1.6 8.55671
      vertex 15.9668 -1.6 8.49447
    endloop
  endfacet
  facet normal 0 -1 -0
    outer loop
      vertex 17.3524 -1.6 8.6769
      vertex 17.1893 -1.6 7.43759
      vertex 17.5267 -1.6 8.64812
    endloop
  endfacet
  facet normal 0 -1 0
    outer loop
      vertex 16.4451 -1.6 7.33962
      vertex 15.9668 -1.6 8.49447
      vertex 15.8058 -1.6 8.42156
    endloop
  endfacet
  facet normal 0 -1 0
    outer loop
      vertex 17.2829 -1.6 7.42214
      vertex 17.5267 -1.6 8.64812
      vertex 17.1893 -1.6 7.43759
    endloop
  endfacet
  facet normal 0 -1 0
    outer loop
      vertex 16.3587 -1.6 7.30046
      vertex 15.8058 -1.6 8.42156
      vertex 15.65 -1.6 8.33827
    endloop
  endfacet
  facet normal 0 -1 -0
    outer loop
      vertex 17.5267 -1.6 8.64812
      vertex 17.2829 -1.6 7.42214
      vertex 17.6988 -1.6 8.608
    endloop
  endfacet
  facet normal 0 -1 0
    outer loop
      vertex 16.275 -1.6 7.25574
      vertex 15.65 -1.6 8.33827
      vertex 15.5 -1.6 8.24497
    endloop
  endfacet
  facet normal 0 -1 0
    outer loop
      vertex 17.3753 -1.6 7.40059
      vertex 17.6988 -1.6 8.608
      vertex 17.2829 -1.6 7.42214
    endloop
  endfacet
  facet normal 0 -1 0
    outer loop
      vertex 16.1944 -1.6 7.20563
      vertex 15.5 -1.6 8.24497
      vertex 15.3563 -1.6 8.14205
    endloop
  endfacet
  facet normal 0 -1 -0
    outer loop
      vertex 17.6988 -1.6 8.608
      vertex 17.3753 -1.6 7.40059
      vertex 17.8679 -1.6 8.55671
    endloop
  endfacet
  facet normal 0 -1 0
    outer loop
      vertex 16.1173 -1.6 7.15036
      vertex 15.3563 -1.6 8.14205
      vertex 15.2198 -1.6 8.02997
    endloop
  endfacet
  facet normal 0 -1 0
    outer loop
      vertex 17.4661 -1.6 7.37305
      vertex 17.8679 -1.6 8.55671
      vertex 17.3753 -1.6 7.40059
    endloop
  endfacet
  facet normal 0 -1 0
    outer loop
      vertex 16.0439 -1.6 7.09017
      vertex 15.2198 -1.6 8.02997
      vertex 15.0908 -1.6 7.90919
    endloop
  endfacet
  facet normal 0 -1 -0
    outer loop
      vertex 17.8679 -1.6 8.55671
      vertex 17.4661 -1.6 7.37305
      vertex 18.0332 -1.6 8.49447
    endloop
  endfacet
  facet normal 0 -1 0
    outer loop
      vertex 15.9747 -1.6 7.0253
      vertex 15.0908 -1.6 7.90919
      vertex 14.97 -1.6 7.78023
    endloop
  endfacet
  facet normal 0 -1 0
    outer loop
      vertex 17.5549 -1.6 7.33962
      vertex 18.0332 -1.6 8.49447
      vertex 17.4661 -1.6 7.37305
    endloop
  endfacet
  facet normal 0 -1 0
    outer loop
      vertex 15.9098 -1.6 6.95605
      vertex 14.97 -1.6 7.78023
      vertex 14.8579 -1.6 7.64366
    endloop
  endfacet
  facet normal 0 -1 -0
    outer loop
      vertex 18.0332 -1.6 8.49447
      vertex 17.5549 -1.6 7.33962
      vertex 18.1942 -1.6 8.42156
    endloop
  endfacet
  facet normal 0 -1 0
    outer loop
      vertex 15.8496 -1.6 6.8827
      vertex 14.8579 -1.6 7.64366
      vertex 14.755 -1.6 7.50004
    endloop
  endfacet
  facet normal 0 -1 0
    outer loop
      vertex 17.6413 -1.6 7.30046
      vertex 18.1942 -1.6 8.42156
      vertex 17.5549 -1.6 7.33962
    endloop
  endfacet
  facet normal 0 -1 -0
    outer loop
      vertex 18.1942 -1.6 8.42156
      vertex 17.6413 -1.6 7.30046
      vertex 18.35 -1.6 8.33827
    endloop
  endfacet
  facet normal 0 -1 0
    outer loop
      vertex 16.8234 -1.6 8.69422
      vertex 16.9052 -1.6 7.44689
      vertex 17 -1.6 7.45
    endloop
  endfacet
  facet normal 0 -1 0
    outer loop
      vertex 16.6476 -1.6 8.6769
      vertex 16.8107 -1.6 7.43759
      vertex 16.9052 -1.6 7.44689
    endloop
  endfacet
  facet normal 0 -1 0
    outer loop
      vertex 16.4733 -1.6 8.64812
      vertex 16.7171 -1.6 7.42214
      vertex 16.8107 -1.6 7.43759
    endloop
  endfacet
  facet normal 0 -1 0
    outer loop
      vertex 16.3012 -1.6 8.608
      vertex 16.6247 -1.6 7.40059
      vertex 16.7171 -1.6 7.42214
    endloop
  endfacet
  facet normal 0 -1 0
    outer loop
      vertex 16.1321 -1.6 8.55671
      vertex 16.5339 -1.6 7.37305
      vertex 16.6247 -1.6 7.40059
    endloop
  endfacet
  facet normal 0 -1 0
    outer loop
      vertex 15.7944 -1.6 6.80558
      vertex 14.755 -1.6 7.50004
      vertex 14.6617 -1.6 7.35
    endloop
  endfacet
  facet normal 0 -1 0
    outer loop
      vertex 15.9668 -1.6 8.49447
      vertex 16.4451 -1.6 7.33962
      vertex 16.5339 -1.6 7.37305
    endloop
  endfacet
  facet normal 0 -1 0
    outer loop
      vertex 15.8058 -1.6 8.42156
      vertex 16.3587 -1.6 7.30046
      vertex 16.4451 -1.6 7.33962
    endloop
  endfacet
  facet normal 0 -1 0
    outer loop
      vertex 15.65 -1.6 8.33827
      vertex 16.275 -1.6 7.25574
      vertex 16.3587 -1.6 7.30046
    endloop
  endfacet
  facet normal 0 -1 0
    outer loop
      vertex 15.5 -1.6 8.24497
      vertex 16.1944 -1.6 7.20563
      vertex 16.275 -1.6 7.25574
    endloop
  endfacet
  facet normal 0 -1 0
    outer loop
      vertex 15.7443 -1.6 6.725
      vertex 14.6617 -1.6 7.35
      vertex 14.5784 -1.6 7.19418
    endloop
  endfacet
  facet normal 0 -1 0
    outer loop
      vertex 15.3563 -1.6 8.14205
      vertex 16.1173 -1.6 7.15036
      vertex 16.1944 -1.6 7.20563
    endloop
  endfacet
  facet normal 0 -1 0
    outer loop
      vertex 15.2198 -1.6 8.02997
      vertex 16.0439 -1.6 7.09017
      vertex 16.1173 -1.6 7.15036
    endloop
  endfacet
  facet normal 0 -1 0
    outer loop
      vertex 15.6995 -1.6 6.64132
      vertex 14.5784 -1.6 7.19418
      vertex 14.5055 -1.6 7.03325
    endloop
  endfacet
  facet normal 0 -1 0
    outer loop
      vertex 15.0908 -1.6 7.90919
      vertex 15.9747 -1.6 7.0253
      vertex 16.0439 -1.6 7.09017
    endloop
  endfacet
  facet normal 0 -1 0
    outer loop
      vertex 14.97 -1.6 7.78023
      vertex 15.9098 -1.6 6.95605
      vertex 15.9747 -1.6 7.0253
    endloop
  endfacet
  facet normal 0 -1 0
    outer loop
      vertex 14.8579 -1.6 7.64366
      vertex 15.8496 -1.6 6.8827
      vertex 15.9098 -1.6 6.95605
    endloop
  endfacet
  facet normal 0 -1 0
    outer loop
      vertex 15.6604 -1.6 6.55489
      vertex 14.5055 -1.6 7.03325
      vertex 14.4433 -1.6 6.86789
    endloop
  endfacet
  facet normal 0 -1 0
    outer loop
      vertex 14.755 -1.6 7.50004
      vertex 15.7944 -1.6 6.80558
      vertex 15.8496 -1.6 6.8827
    endloop
  endfacet
  facet normal 0 -1 0
    outer loop
      vertex 14.6617 -1.6 7.35
      vertex 15.7443 -1.6 6.725
      vertex 15.7944 -1.6 6.80558
    endloop
  endfacet
  facet normal 0 -1 0
    outer loop
      vertex 15.627 -1.6 6.46609
      vertex 14.4433 -1.6 6.86789
      vertex 14.392 -1.6 6.69881
    endloop
  endfacet
  facet normal 0 -1 0
    outer loop
      vertex 14.5784 -1.6 7.19418
      vertex 15.6995 -1.6 6.64132
      vertex 15.7443 -1.6 6.725
    endloop
  endfacet
  facet normal 0 -1 0
    outer loop
      vertex 14.5055 -1.6 7.03325
      vertex 15.6604 -1.6 6.55489
      vertex 15.6995 -1.6 6.64132
    endloop
  endfacet
  facet normal 0 -1 0
    outer loop
      vertex 15.5994 -1.6 6.37529
      vertex 14.392 -1.6 6.69881
      vertex 14.3519 -1.6 6.52674
    endloop
  endfacet
  facet normal 0 -1 0
    outer loop
      vertex 14.4433 -1.6 6.86789
      vertex 15.627 -1.6 6.46609
      vertex 15.6604 -1.6 6.55489
    endloop
  endfacet
  facet normal 0 -1 0
    outer loop
      vertex 14.392 -1.6 6.69881
      vertex 15.5994 -1.6 6.37529
      vertex 15.627 -1.6 6.46609
    endloop
  endfacet
  facet normal 0 -1 0
    outer loop
      vertex 15.5779 -1.6 6.28288
      vertex 14.3519 -1.6 6.52674
      vertex 14.3231 -1.6 6.35242
    endloop
  endfacet
  facet normal 0 -1 0
    outer loop
      vertex 14.3519 -1.6 6.52674
      vertex 15.5779 -1.6 6.28288
      vertex 15.5994 -1.6 6.37529
    endloop
  endfacet
  facet normal 0 -1 0
    outer loop
      vertex 14.3231 -1.6 6.35242
      vertex 15.5624 -1.6 6.18926
      vertex 15.5779 -1.6 6.28288
    endloop
  endfacet
  facet normal 0 -1 0
    outer loop
      vertex 14.3058 -1.6 6.17659
      vertex 15.5624 -1.6 6.18926
      vertex 14.3231 -1.6 6.35242
    endloop
  endfacet
  facet normal 0 -1 0
    outer loop
      vertex 14.3058 -1.6 6.17659
      vertex 15.5531 -1.6 6.09483
      vertex 15.5624 -1.6 6.18926
    endloop
  endfacet
  facet normal 0 -1 0
    outer loop
      vertex 14.3 -1.6 6
      vertex 15.5531 -1.6 6.09483
      vertex 14.3058 -1.6 6.17659
    endloop
  endfacet
  facet normal 0 -1 0
    outer loop
      vertex 14.3 -1.6 6
      vertex 15.55 -1.6 6
      vertex 15.5531 -1.6 6.09483
    endloop
  endfacet
  facet normal 0 -1 0
    outer loop
      vertex 14.3 -1.6 6
      vertex 15.5531 -1.6 5.90516
      vertex 15.55 -1.6 6
    endloop
  endfacet
  facet normal 0 -1 0
    outer loop
      vertex 14.3058 -1.6 5.82341
      vertex 15.5531 -1.6 5.90516
      vertex 14.3 -1.6 6
    endloop
  endfacet
  facet normal 0 -1 0
    outer loop
      vertex 14.3058 -1.6 5.82341
      vertex 15.5624 -1.6 5.81074
      vertex 15.5531 -1.6 5.90516
    endloop
  endfacet
  facet normal 0 -1 0
    outer loop
      vertex 14.3231 -1.6 5.64758
      vertex 15.5624 -1.6 5.81074
      vertex 14.3058 -1.6 5.82341
    endloop
  endfacet
  facet normal 0 -1 -0
    outer loop
      vertex 15.5624 -1.6 5.81074
      vertex 14.3231 -1.6 5.64758
      vertex 15.5779 -1.6 5.71712
    endloop
  endfacet
  facet normal 0 -1 0
    outer loop
      vertex 14.3519 -1.6 5.47326
      vertex 15.5779 -1.6 5.71712
      vertex 14.3231 -1.6 5.64758
    endloop
  endfacet
  facet normal 0 -1 -0
    outer loop
      vertex 15.5779 -1.6 5.71712
      vertex 14.3519 -1.6 5.47326
      vertex 15.5994 -1.6 5.62471
    endloop
  endfacet
  facet normal 0 -1 0
    outer loop
      vertex 14.392 -1.6 5.30119
      vertex 15.5994 -1.6 5.62471
      vertex 14.3519 -1.6 5.47326
    endloop
  endfacet
  facet normal 0 -1 -0
    outer loop
      vertex 15.5994 -1.6 5.62471
      vertex 14.392 -1.6 5.30119
      vertex 15.627 -1.6 5.53391
    endloop
  endfacet
  facet normal 0 -1 0
    outer loop
      vertex 14.4433 -1.6 5.13211
      vertex 15.627 -1.6 5.53391
      vertex 14.392 -1.6 5.30119
    endloop
  endfacet
  facet normal 0 -1 -0
    outer loop
      vertex 15.627 -1.6 5.53391
      vertex 14.4433 -1.6 5.13211
      vertex 15.6604 -1.6 5.44511
    endloop
  endfacet
  facet normal 0 -1 0
    outer loop
      vertex 14.5055 -1.6 4.96675
      vertex 15.6604 -1.6 5.44511
      vertex 14.4433 -1.6 5.13211
    endloop
  endfacet
  facet normal 0 -1 -0
    outer loop
      vertex 15.6604 -1.6 5.44511
      vertex 14.5055 -1.6 4.96675
      vertex 15.6995 -1.6 5.35868
    endloop
  endfacet
  facet normal 0 -1 0
    outer loop
      vertex 14.5784 -1.6 4.80582
      vertex 15.6995 -1.6 5.35868
      vertex 14.5055 -1.6 4.96675
    endloop
  endfacet
  facet normal 0 -1 -0
    outer loop
      vertex 15.6995 -1.6 5.35868
      vertex 14.5784 -1.6 4.80582
      vertex 15.7443 -1.6 5.275
    endloop
  endfacet
  facet normal 0 -1 0
    outer loop
      vertex 14.6617 -1.6 4.65
      vertex 15.7443 -1.6 5.275
      vertex 14.5784 -1.6 4.80582
    endloop
  endfacet
  facet normal 0 -1 -0
    outer loop
      vertex 15.7443 -1.6 5.275
      vertex 14.6617 -1.6 4.65
      vertex 15.7944 -1.6 5.19442
    endloop
  endfacet
  facet normal 0 -1 0
    outer loop
      vertex 14.755 -1.6 4.49996
      vertex 15.7944 -1.6 5.19442
      vertex 14.6617 -1.6 4.65
    endloop
  endfacet
  facet normal 0 -1 -0
    outer loop
      vertex 15.7944 -1.6 5.19442
      vertex 14.755 -1.6 4.49996
      vertex 15.8496 -1.6 5.1173
    endloop
  endfacet
  facet normal 0 -1 0
    outer loop
      vertex 14.8579 -1.6 4.35634
      vertex 15.8496 -1.6 5.1173
      vertex 14.755 -1.6 4.49996
    endloop
  endfacet
  facet normal 0 -1 -0
    outer loop
      vertex 15.8496 -1.6 5.1173
      vertex 14.8579 -1.6 4.35634
      vertex 15.9098 -1.6 5.04395
    endloop
  endfacet
  facet normal 0 -1 0
    outer loop
      vertex 14.97 -1.6 4.21977
      vertex 15.9098 -1.6 5.04395
      vertex 14.8579 -1.6 4.35634
    endloop
  endfacet
  facet normal 0 -1 -0
    outer loop
      vertex 15.9098 -1.6 5.04395
      vertex 14.97 -1.6 4.21977
      vertex 15.9747 -1.6 4.97469
    endloop
  endfacet
  facet normal 0 -1 0
    outer loop
      vertex 15.0908 -1.6 4.09081
      vertex 15.9747 -1.6 4.97469
      vertex 14.97 -1.6 4.21977
    endloop
  endfacet
  facet normal 0 -1 -0
    outer loop
      vertex 15.9747 -1.6 4.97469
      vertex 15.0908 -1.6 4.09081
      vertex 16.0439 -1.6 4.90983
    endloop
  endfacet
  facet normal 0 -1 0
    outer loop
      vertex 15.2198 -1.6 3.97003
      vertex 16.0439 -1.6 4.90983
      vertex 15.0908 -1.6 4.09081
    endloop
  endfacet
  facet normal 0 -1 -0
    outer loop
      vertex 16.0439 -1.6 4.90983
      vertex 15.2198 -1.6 3.97003
      vertex 16.1173 -1.6 4.84964
    endloop
  endfacet
  facet normal 0 -1 0
    outer loop
      vertex 15.3563 -1.6 3.85795
      vertex 16.1173 -1.6 4.84964
      vertex 15.2198 -1.6 3.97003
    endloop
  endfacet
  facet normal 0 -1 -0
    outer loop
      vertex 16.1173 -1.6 4.84964
      vertex 15.3563 -1.6 3.85795
      vertex 16.1944 -1.6 4.79437
    endloop
  endfacet
  facet normal 0 -1 0
    outer loop
      vertex 15.5 -1.6 3.75503
      vertex 16.1944 -1.6 4.79437
      vertex 15.3563 -1.6 3.85795
    endloop
  endfacet
  facet normal 0 -1 -0
    outer loop
      vertex 16.1944 -1.6 4.79437
      vertex 15.5 -1.6 3.75503
      vertex 16.275 -1.6 4.74426
    endloop
  endfacet
  facet normal 0 -1 -0
    outer loop
      vertex 16.275 -1.6 4.74426
      vertex 15.65 -1.6 3.66173
      vertex 16.3587 -1.6 4.69953
    endloop
  endfacet
  facet normal 0 -1 0
    outer loop
      vertex 15.65 -1.6 3.66173
      vertex 16.275 -1.6 4.74426
      vertex 15.5 -1.6 3.75503
    endloop
  endfacet
  facet normal 0 -1 0
    outer loop
      vertex 17.725 -1.6 7.25574
      vertex 18.35 -1.6 8.33827
      vertex 17.6413 -1.6 7.30046
    endloop
  endfacet
  facet normal 0 -1 -0
    outer loop
      vertex 18.35 -1.6 8.33827
      vertex 17.725 -1.6 7.25574
      vertex 18.5 -1.6 8.24497
    endloop
  endfacet
  facet normal 0 -1 0
    outer loop
      vertex 17.8056 -1.6 7.20563
      vertex 18.5 -1.6 8.24497
      vertex 17.725 -1.6 7.25574
    endloop
  endfacet
  facet normal 0 -1 -0
    outer loop
      vertex 18.5 -1.6 8.24497
      vertex 17.8056 -1.6 7.20563
      vertex 18.6437 -1.6 8.14205
    endloop
  endfacet
  facet normal 0 -1 0
    outer loop
      vertex 17.8827 -1.6 7.15036
      vertex 18.6437 -1.6 8.14205
      vertex 17.8056 -1.6 7.20563
    endloop
  endfacet
  facet normal 0 -1 -0
    outer loop
      vertex 18.6437 -1.6 8.14205
      vertex 17.8827 -1.6 7.15036
      vertex 18.7802 -1.6 8.02997
    endloop
  endfacet
  facet normal 0 -1 0
    outer loop
      vertex 17.9561 -1.6 7.09017
      vertex 18.7802 -1.6 8.02997
      vertex 17.8827 -1.6 7.15036
    endloop
  endfacet
  facet normal 0 -1 -0
    outer loop
      vertex 18.7802 -1.6 8.02997
      vertex 17.9561 -1.6 7.09017
      vertex 18.9092 -1.6 7.90919
    endloop
  endfacet
  facet normal 0 -1 0
    outer loop
      vertex 18.0253 -1.6 7.0253
      vertex 18.9092 -1.6 7.90919
      vertex 17.9561 -1.6 7.09017
    endloop
  endfacet
  facet normal 0 -1 -0
    outer loop
      vertex 18.9092 -1.6 7.90919
      vertex 18.0253 -1.6 7.0253
      vertex 19.03 -1.6 7.78023
    endloop
  endfacet
  facet normal 0 -1 0
    outer loop
      vertex 18.0902 -1.6 6.95605
      vertex 19.03 -1.6 7.78023
      vertex 18.0253 -1.6 7.0253
    endloop
  endfacet
  facet normal 0 -1 -0
    outer loop
      vertex 19.03 -1.6 7.78023
      vertex 18.0902 -1.6 6.95605
      vertex 19.1421 -1.6 7.64366
    endloop
  endfacet
  facet normal 0 -1 0
    outer loop
      vertex 18.1504 -1.6 6.8827
      vertex 19.1421 -1.6 7.64366
      vertex 18.0902 -1.6 6.95605
    endloop
  endfacet
  facet normal 0 -1 -0
    outer loop
      vertex 19.1421 -1.6 7.64366
      vertex 18.1504 -1.6 6.8827
      vertex 19.245 -1.6 7.50004
    endloop
  endfacet
  facet normal 0 -1 0
    outer loop
      vertex 18.2056 -1.6 6.80558
      vertex 19.245 -1.6 7.50004
      vertex 18.1504 -1.6 6.8827
    endloop
  endfacet
  facet normal 0 -1 -0
    outer loop
      vertex 19.245 -1.6 7.50004
      vertex 18.2056 -1.6 6.80558
      vertex 19.3383 -1.6 7.35
    endloop
  endfacet
  facet normal 0 -1 0
    outer loop
      vertex 18.2557 -1.6 6.725
      vertex 19.3383 -1.6 7.35
      vertex 18.2056 -1.6 6.80558
    endloop
  endfacet
  facet normal 0 -1 -0
    outer loop
      vertex 19.3383 -1.6 7.35
      vertex 18.2557 -1.6 6.725
      vertex 19.4216 -1.6 7.19418
    endloop
  endfacet
  facet normal 0 -1 0
    outer loop
      vertex 18.3005 -1.6 6.64132
      vertex 19.4216 -1.6 7.19418
      vertex 18.2557 -1.6 6.725
    endloop
  endfacet
  facet normal 0 -1 -0
    outer loop
      vertex 19.4216 -1.6 7.19418
      vertex 18.3005 -1.6 6.64132
      vertex 19.4945 -1.6 7.03325
    endloop
  endfacet
  facet normal 0 -1 0
    outer loop
      vertex 18.3396 -1.6 6.55489
      vertex 19.4945 -1.6 7.03325
      vertex 18.3005 -1.6 6.64132
    endloop
  endfacet
  facet normal 0 -1 -0
    outer loop
      vertex 19.4945 -1.6 7.03325
      vertex 18.3396 -1.6 6.55489
      vertex 19.5567 -1.6 6.86789
    endloop
  endfacet
  facet normal 0 -1 0
    outer loop
      vertex 18.373 -1.6 6.46609
      vertex 19.5567 -1.6 6.86789
      vertex 18.3396 -1.6 6.55489
    endloop
  endfacet
  facet normal 0 -1 -0
    outer loop
      vertex 19.5567 -1.6 6.86789
      vertex 18.373 -1.6 6.46609
      vertex 19.608 -1.6 6.69881
    endloop
  endfacet
  facet normal 0 -1 0
    outer loop
      vertex 18.4006 -1.6 6.37529
      vertex 19.608 -1.6 6.69881
      vertex 18.373 -1.6 6.46609
    endloop
  endfacet
  facet normal 0 -1 -0
    outer loop
      vertex 19.608 -1.6 6.69881
      vertex 18.4006 -1.6 6.37529
      vertex 19.6481 -1.6 6.52674
    endloop
  endfacet
  facet normal 0 -1 0
    outer loop
      vertex 18.4221 -1.6 6.28288
      vertex 19.6481 -1.6 6.52674
      vertex 18.4006 -1.6 6.37529
    endloop
  endfacet
  facet normal 0 -1 -0
    outer loop
      vertex 19.6481 -1.6 6.52674
      vertex 18.4221 -1.6 6.28288
      vertex 19.6769 -1.6 6.35242
    endloop
  endfacet
  facet normal 0 -1 0
    outer loop
      vertex 18.4376 -1.6 6.18926
      vertex 19.6769 -1.6 6.35242
      vertex 18.4221 -1.6 6.28288
    endloop
  endfacet
  facet normal 0 -1 0
    outer loop
      vertex 18.4376 -1.6 6.18926
      vertex 19.6942 -1.6 6.17659
      vertex 19.6769 -1.6 6.35242
    endloop
  endfacet
  facet normal 0 -1 0
    outer loop
      vertex 18.4469 -1.6 6.09483
      vertex 19.6942 -1.6 6.17659
      vertex 18.4376 -1.6 6.18926
    endloop
  endfacet
  facet normal 0 -1 0
    outer loop
      vertex 18.45 -1.6 6
      vertex 19.6942 -1.6 6.17659
      vertex 18.4469 -1.6 6.09483
    endloop
  endfacet
  facet normal 0 -1 0
    outer loop
      vertex 18.45 -1.6 6
      vertex 19.7 -1.6 6
      vertex 19.6942 -1.6 6.17659
    endloop
  endfacet
  facet normal 0 -1 0
    outer loop
      vertex 18.4469 -1.6 5.90516
      vertex 19.7 -1.6 6
      vertex 18.45 -1.6 6
    endloop
  endfacet
  facet normal 0 -1 0
    outer loop
      vertex 18.4469 -1.6 5.90516
      vertex 19.6942 -1.6 5.82341
      vertex 19.7 -1.6 6
    endloop
  endfacet
  facet normal 0 -1 0
    outer loop
      vertex 18.4376 -1.6 5.81074
      vertex 19.6942 -1.6 5.82341
      vertex 18.4469 -1.6 5.90516
    endloop
  endfacet
  facet normal 0 -1 0
    outer loop
      vertex 19.6769 -1.6 5.64758
      vertex 18.4376 -1.6 5.81074
      vertex 18.4221 -1.6 5.71712
    endloop
  endfacet
  facet normal 0 -1 0
    outer loop
      vertex 18.4376 -1.6 5.81074
      vertex 19.6769 -1.6 5.64758
      vertex 19.6942 -1.6 5.82341
    endloop
  endfacet
  facet normal 0 -1 0
    outer loop
      vertex 19.6481 -1.6 5.47326
      vertex 18.4221 -1.6 5.71712
      vertex 18.4006 -1.6 5.62471
    endloop
  endfacet
  facet normal 0 -1 0
    outer loop
      vertex 19.608 -1.6 5.30119
      vertex 18.4006 -1.6 5.62471
      vertex 18.373 -1.6 5.53391
    endloop
  endfacet
  facet normal 0 -1 0
    outer loop
      vertex 18.4221 -1.6 5.71712
      vertex 19.6481 -1.6 5.47326
      vertex 19.6769 -1.6 5.64758
    endloop
  endfacet
  facet normal 0 -1 0
    outer loop
      vertex 19.5567 -1.6 5.13211
      vertex 18.373 -1.6 5.53391
      vertex 18.3396 -1.6 5.44511
    endloop
  endfacet
  facet normal 0 -1 0
    outer loop
      vertex 19.4945 -1.6 4.96675
      vertex 18.3396 -1.6 5.44511
      vertex 18.3005 -1.6 5.35868
    endloop
  endfacet
  facet normal 0 -1 0
    outer loop
      vertex 18.4006 -1.6 5.62471
      vertex 19.608 -1.6 5.30119
      vertex 19.6481 -1.6 5.47326
    endloop
  endfacet
  facet normal 0 -1 0
    outer loop
      vertex 19.4216 -1.6 4.80582
      vertex 18.3005 -1.6 5.35868
      vertex 18.2557 -1.6 5.275
    endloop
  endfacet
  facet normal 0 -1 0
    outer loop
      vertex 19.3383 -1.6 4.65
      vertex 18.2557 -1.6 5.275
      vertex 18.2056 -1.6 5.19442
    endloop
  endfacet
  facet normal 0 -1 0
    outer loop
      vertex 18.373 -1.6 5.53391
      vertex 19.5567 -1.6 5.13211
      vertex 19.608 -1.6 5.30119
    endloop
  endfacet
  facet normal 0 -1 0
    outer loop
      vertex 19.245 -1.6 4.49996
      vertex 18.2056 -1.6 5.19442
      vertex 18.1504 -1.6 5.1173
    endloop
  endfacet
  facet normal 0 -1 0
    outer loop
      vertex 19.1421 -1.6 4.35634
      vertex 18.1504 -1.6 5.1173
      vertex 18.0902 -1.6 5.04395
    endloop
  endfacet
  facet normal 0 -1 0
    outer loop
      vertex 19.03 -1.6 4.21977
      vertex 18.0902 -1.6 5.04395
      vertex 18.0253 -1.6 4.97469
    endloop
  endfacet
  facet normal 0 -1 0
    outer loop
      vertex 18.3396 -1.6 5.44511
      vertex 19.4945 -1.6 4.96675
      vertex 19.5567 -1.6 5.13211
    endloop
  endfacet
  facet normal 0 -1 0
    outer loop
      vertex 18.9092 -1.6 4.09081
      vertex 18.0253 -1.6 4.97469
      vertex 17.9561 -1.6 4.90983
    endloop
  endfacet
  facet normal 0 -1 0
    outer loop
      vertex 18.7802 -1.6 3.97003
      vertex 17.9561 -1.6 4.90983
      vertex 17.8827 -1.6 4.84964
    endloop
  endfacet
  facet normal 0 -1 0
    outer loop
      vertex 18.3005 -1.6 5.35868
      vertex 19.4216 -1.6 4.80582
      vertex 19.4945 -1.6 4.96675
    endloop
  endfacet
  facet normal 0 -1 0
    outer loop
      vertex 18.6437 -1.6 3.85795
      vertex 17.8827 -1.6 4.84964
      vertex 17.8056 -1.6 4.79437
    endloop
  endfacet
  facet normal 0 -1 0
    outer loop
      vertex 18.5 -1.6 3.75503
      vertex 17.8056 -1.6 4.79437
      vertex 17.725 -1.6 4.74426
    endloop
  endfacet
  facet normal 0 -1 0
    outer loop
      vertex 18.35 -1.6 3.66173
      vertex 17.725 -1.6 4.74426
      vertex 17.6413 -1.6 4.69953
    endloop
  endfacet
  facet normal 0 -1 0
    outer loop
      vertex 18.1942 -1.6 3.57844
      vertex 17.6413 -1.6 4.69953
      vertex 17.5549 -1.6 4.66037
    endloop
  endfacet
  facet normal 0 -1 0
    outer loop
      vertex 18.2557 -1.6 5.275
      vertex 19.3383 -1.6 4.65
      vertex 19.4216 -1.6 4.80582
    endloop
  endfacet
  facet normal 0 -1 0
    outer loop
      vertex 18.0332 -1.6 3.50552
      vertex 17.5549 -1.6 4.66037
      vertex 17.4661 -1.6 4.62695
    endloop
  endfacet
  facet normal 0 -1 0
    outer loop
      vertex 17.8679 -1.6 3.44329
      vertex 17.4661 -1.6 4.62695
      vertex 17.3753 -1.6 4.59941
    endloop
  endfacet
  facet normal 0 -1 0
    outer loop
      vertex 17.6988 -1.6 3.392
      vertex 17.3753 -1.6 4.59941
      vertex 17.2829 -1.6 4.57786
    endloop
  endfacet
  facet normal 0 -1 0
    outer loop
      vertex 17.5267 -1.6 3.35188
      vertex 17.2829 -1.6 4.57786
      vertex 17.1893 -1.6 4.5624
    endloop
  endfacet
  facet normal 0 -1 0
    outer loop
      vertex 17.3524 -1.6 3.3231
      vertex 17.1893 -1.6 4.5624
      vertex 17.0948 -1.6 4.5531
    endloop
  endfacet
  facet normal 0 -1 0
    outer loop
      vertex 18.2056 -1.6 5.19442
      vertex 19.245 -1.6 4.49996
      vertex 19.3383 -1.6 4.65
    endloop
  endfacet
  facet normal 0 -1 0
    outer loop
      vertex 17.1766 -1.6 3.30578
      vertex 17.0948 -1.6 4.5531
      vertex 17 -1.6 4.55
    endloop
  endfacet
  facet normal 0 -1 0
    outer loop
      vertex 15.8058 -1.6 3.57844
      vertex 16.3587 -1.6 4.69953
      vertex 15.65 -1.6 3.66173
    endloop
  endfacet
  facet normal 0 -1 -0
    outer loop
      vertex 16.3587 -1.6 4.69953
      vertex 15.8058 -1.6 3.57844
      vertex 16.4451 -1.6 4.66037
    endloop
  endfacet
  facet normal 0 -1 0
    outer loop
      vertex 18.1504 -1.6 5.1173
      vertex 19.1421 -1.6 4.35634
      vertex 19.245 -1.6 4.49996
    endloop
  endfacet
  facet normal 0 -1 0
    outer loop
      vertex 15.9668 -1.6 3.50552
      vertex 16.4451 -1.6 4.66037
      vertex 15.8058 -1.6 3.57844
    endloop
  endfacet
  facet normal 0 -1 0
    outer loop
      vertex 18.0902 -1.6 5.04395
      vertex 19.03 -1.6 4.21977
      vertex 19.1421 -1.6 4.35634
    endloop
  endfacet
  facet normal 0 -1 -0
    outer loop
      vertex 16.4451 -1.6 4.66037
      vertex 15.9668 -1.6 3.50552
      vertex 16.5339 -1.6 4.62695
    endloop
  endfacet
  facet normal 0 -1 0
    outer loop
      vertex 18.0253 -1.6 4.97469
      vertex 18.9092 -1.6 4.09081
      vertex 19.03 -1.6 4.21977
    endloop
  endfacet
  facet normal 0 -1 0
    outer loop
      vertex 16.1321 -1.6 3.44329
      vertex 16.5339 -1.6 4.62695
      vertex 15.9668 -1.6 3.50552
    endloop
  endfacet
  facet normal 0 -1 0
    outer loop
      vertex 17.9561 -1.6 4.90983
      vertex 18.7802 -1.6 3.97003
      vertex 18.9092 -1.6 4.09081
    endloop
  endfacet
  facet normal 0 -1 -0
    outer loop
      vertex 16.5339 -1.6 4.62695
      vertex 16.1321 -1.6 3.44329
      vertex 16.6247 -1.6 4.59941
    endloop
  endfacet
  facet normal 0 -1 0
    outer loop
      vertex 17.8827 -1.6 4.84964
      vertex 18.6437 -1.6 3.85795
      vertex 18.7802 -1.6 3.97003
    endloop
  endfacet
  facet normal 0 -1 0
    outer loop
      vertex 16.3012 -1.6 3.392
      vertex 16.6247 -1.6 4.59941
      vertex 16.1321 -1.6 3.44329
    endloop
  endfacet
  facet normal 0 -1 0
    outer loop
      vertex 17.8056 -1.6 4.79437
      vertex 18.5 -1.6 3.75503
      vertex 18.6437 -1.6 3.85795
    endloop
  endfacet
  facet normal 0 -1 -0
    outer loop
      vertex 16.6247 -1.6 4.59941
      vertex 16.3012 -1.6 3.392
      vertex 16.7171 -1.6 4.57786
    endloop
  endfacet
  facet normal 0 -1 0
    outer loop
      vertex 17.725 -1.6 4.74426
      vertex 18.35 -1.6 3.66173
      vertex 18.5 -1.6 3.75503
    endloop
  endfacet
  facet normal 0 -1 0
    outer loop
      vertex 16.4733 -1.6 3.35188
      vertex 16.7171 -1.6 4.57786
      vertex 16.3012 -1.6 3.392
    endloop
  endfacet
  facet normal 0 -1 0
    outer loop
      vertex 17.6413 -1.6 4.69953
      vertex 18.1942 -1.6 3.57844
      vertex 18.35 -1.6 3.66173
    endloop
  endfacet
  facet normal 0 -1 -0
    outer loop
      vertex 16.7171 -1.6 4.57786
      vertex 16.4733 -1.6 3.35188
      vertex 16.8107 -1.6 4.5624
    endloop
  endfacet
  facet normal 0 -1 0
    outer loop
      vertex 17.5549 -1.6 4.66037
      vertex 18.0332 -1.6 3.50552
      vertex 18.1942 -1.6 3.57844
    endloop
  endfacet
  facet normal 0 -1 0
    outer loop
      vertex 16.6476 -1.6 3.3231
      vertex 16.8107 -1.6 4.5624
      vertex 16.4733 -1.6 3.35188
    endloop
  endfacet
  facet normal 0 -1 0
    outer loop
      vertex 17.4661 -1.6 4.62695
      vertex 17.8679 -1.6 3.44329
      vertex 18.0332 -1.6 3.50552
    endloop
  endfacet
  facet normal 0 -1 -0
    outer loop
      vertex 16.8107 -1.6 4.5624
      vertex 16.6476 -1.6 3.3231
      vertex 16.9052 -1.6 4.5531
    endloop
  endfacet
  facet normal 0 -1 0
    outer loop
      vertex 17.3753 -1.6 4.59941
      vertex 17.6988 -1.6 3.392
      vertex 17.8679 -1.6 3.44329
    endloop
  endfacet
  facet normal 0 -1 0
    outer loop
      vertex 16.8234 -1.6 3.30578
      vertex 16.9052 -1.6 4.5531
      vertex 16.6476 -1.6 3.3231
    endloop
  endfacet
  facet normal 0 -1 0
    outer loop
      vertex 17.2829 -1.6 4.57786
      vertex 17.5267 -1.6 3.35188
      vertex 17.6988 -1.6 3.392
    endloop
  endfacet
  facet normal 0 -1 -0
    outer loop
      vertex 16.9052 -1.6 4.5531
      vertex 16.8234 -1.6 3.30578
      vertex 17 -1.6 4.55
    endloop
  endfacet
  facet normal 0 -1 0
    outer loop
      vertex 17.1893 -1.6 4.5624
      vertex 17.3524 -1.6 3.3231
      vertex 17.5267 -1.6 3.35188
    endloop
  endfacet
  facet normal 0 -1 0
    outer loop
      vertex 17 -1.6 3.3
      vertex 17 -1.6 4.55
      vertex 16.8234 -1.6 3.30578
    endloop
  endfacet
  facet normal 0 -1 0
    outer loop
      vertex 17.0948 -1.6 4.5531
      vertex 17.1766 -1.6 3.30578
      vertex 17.3524 -1.6 3.3231
    endloop
  endfacet
  facet normal 0 -1 0
    outer loop
      vertex 17 -1.6 4.55
      vertex 17 -1.6 3.3
      vertex 17.1766 -1.6 3.30578
    endloop
  endfacet
  facet normal 1 -0 0
    outer loop
      vertex 20.3 1.6 2
      vertex 20.3 3.2 -12
      vertex 20.3 3.2 2
    endloop
  endfacet
  facet normal 1 0 0
    outer loop
      vertex 20.3 3.2 -12
      vertex 20.3 1.6 2
      vertex 20.3 1.6 -12
    endloop
  endfacet
  facet normal -0 0 1
    outer loop
      vertex -20.3 3.2 2
      vertex -13.2402 1.6 2
      vertex -13.2402 3.2 2
    endloop
  endfacet
  facet normal 0 0 1
    outer loop
      vertex -13.2402 1.6 2
      vertex -20.3 3.2 2
      vertex -20.3 1.6 2
    endloop
  endfacet
  facet normal -0 0 1
    outer loop
      vertex -0.759786 3.2 2
      vertex 20.3 1.6 2
      vertex 20.3 3.2 2
    endloop
  endfacet
  facet normal 0 0 1
    outer loop
      vertex 20.3 1.6 2
      vertex -0.759786 3.2 2
      vertex -0.759786 1.6 2
    endloop
  endfacet
  facet normal 0 0 -1
    outer loop
      vertex -20.3 1.6 -12
      vertex 20.3 3.2 -12
      vertex 20.3 1.6 -12
    endloop
  endfacet
  facet normal -0 0 -1
    outer loop
      vertex 20.3 3.2 -12
      vertex -20.3 1.6 -12
      vertex -20.3 3.2 -12
    endloop
  endfacet
  facet normal -1 0 0
    outer loop
      vertex -20.3 1.6 -12
      vertex -20.3 3.2 2
      vertex -20.3 3.2 -12
    endloop
  endfacet
  facet normal -1 -0 0
    outer loop
      vertex -20.3 3.2 2
      vertex -20.3 1.6 -12
      vertex -20.3 1.6 2
    endloop
  endfacet
  facet normal 0 1 -0
    outer loop
      vertex -13.3468 3.2 1.87009
      vertex -20.3 3.2 2
      vertex -13.2402 3.2 2
    endloop
  endfacet
  facet normal 0 1 -0
    outer loop
      vertex -13.6518 3.2 1.44456
      vertex -20.3 3.2 2
      vertex -13.3468 3.2 1.87009
    endloop
  endfacet
  facet normal 0 1 -0
    outer loop
      vertex -13.9282 3.2 1
      vertex -20.3 3.2 2
      vertex -13.6518 3.2 1.44456
    endloop
  endfacet
  facet normal 0 1 -0
    outer loop
      vertex -14.175 3.2 0.538309
      vertex -20.3 3.2 2
      vertex -13.9282 3.2 1
    endloop
  endfacet
  facet normal 0 1 -0
    outer loop
      vertex -14.391 3.2 0.0614672
      vertex -20.3 3.2 2
      vertex -14.175 3.2 0.538309
    endloop
  endfacet
  facet normal 0 1 -0
    outer loop
      vertex -14.5754 3.2 -0.428484
      vertex -20.3 3.2 2
      vertex -14.391 3.2 0.0614672
    endloop
  endfacet
  facet normal 0 1 -0
    outer loop
      vertex -14.7274 3.2 -0.929447
      vertex -20.3 3.2 2
      vertex -14.5754 3.2 -0.428484
    endloop
  endfacet
  facet normal 0 1 -0
    outer loop
      vertex -14.8463 3.2 -1.43928
      vertex -20.3 3.2 2
      vertex -14.7274 3.2 -0.929447
    endloop
  endfacet
  facet normal 0 1 -0
    outer loop
      vertex -14.9316 3.2 -1.95579
      vertex -20.3 3.2 2
      vertex -14.8463 3.2 -1.43928
    endloop
  endfacet
  facet normal 0 1 -0
    outer loop
      vertex -14.9829 3.2 -2.47677
      vertex -20.3 3.2 2
      vertex -14.9316 3.2 -1.95579
    endloop
  endfacet
  facet normal 0 1 -0
    outer loop
      vertex -15 3.2 -3
      vertex -20.3 3.2 2
      vertex -14.9829 3.2 -2.47677
    endloop
  endfacet
  facet normal 0 1 0
    outer loop
      vertex -14.9829 3.2 -3.52322
      vertex -20.3 3.2 2
      vertex -15 3.2 -3
    endloop
  endfacet
  facet normal 0 1 0
    outer loop
      vertex -14.9316 3.2 -4.04421
      vertex -20.3 3.2 2
      vertex -14.9829 3.2 -3.52322
    endloop
  endfacet
  facet normal 0 1 0
    outer loop
      vertex -20.3 3.2 -12
      vertex -14.9316 3.2 -4.04421
      vertex -14.8463 3.2 -4.56072
    endloop
  endfacet
  facet normal 0 1 0
    outer loop
      vertex -20.3 3.2 -12
      vertex -14.8463 3.2 -4.56072
      vertex -14.7274 3.2 -5.07055
    endloop
  endfacet
  facet normal 0 1 0
    outer loop
      vertex -20.3 3.2 -12
      vertex -14.7274 3.2 -5.07055
      vertex -14.5754 3.2 -5.57152
    endloop
  endfacet
  facet normal 0 1 0
    outer loop
      vertex -20.3 3.2 -12
      vertex -14.5754 3.2 -5.57152
      vertex -14.391 3.2 -6.06147
    endloop
  endfacet
  facet normal 0 1 0
    outer loop
      vertex -20.3 3.2 -12
      vertex -14.391 3.2 -6.06147
      vertex -14.175 3.2 -6.53831
    endloop
  endfacet
  facet normal 0 1 0
    outer loop
      vertex -20.3 3.2 -12
      vertex -14.175 3.2 -6.53831
      vertex -13.9282 3.2 -7
    endloop
  endfacet
  facet normal 0 1 0
    outer loop
      vertex -20.3 3.2 -12
      vertex -13.9282 3.2 -7
      vertex -13.6518 3.2 -7.44456
    endloop
  endfacet
  facet normal 0 1 0
    outer loop
      vertex -20.3 3.2 -12
      vertex -7 3.2 -11
      vertex 20.3 3.2 -12
    endloop
  endfacet
  facet normal 0 1 0
    outer loop
      vertex -14.9316 3.2 -4.04421
      vertex -20.3 3.2 -12
      vertex -20.3 3.2 2
    endloop
  endfacet
  facet normal 0 1 0
    outer loop
      vertex -13.3468 3.2 -7.87009
      vertex -20.3 3.2 -12
      vertex -13.6518 3.2 -7.44456
    endloop
  endfacet
  facet normal 0 1 0
    outer loop
      vertex -13.0147 3.2 -8.27477
      vertex -20.3 3.2 -12
      vertex -13.3468 3.2 -7.87009
    endloop
  endfacet
  facet normal 0 1 0
    outer loop
      vertex -12.6569 3.2 -8.65685
      vertex -20.3 3.2 -12
      vertex -13.0147 3.2 -8.27477
    endloop
  endfacet
  facet normal 0 1 0
    outer loop
      vertex -12.2748 3.2 -9.01472
      vertex -20.3 3.2 -12
      vertex -12.6569 3.2 -8.65685
    endloop
  endfacet
  facet normal 0 1 0
    outer loop
      vertex -11.8701 3.2 -9.34683
      vertex -20.3 3.2 -12
      vertex -12.2748 3.2 -9.01472
    endloop
  endfacet
  facet normal 0 1 0
    outer loop
      vertex -11.4446 3.2 -9.65176
      vertex -20.3 3.2 -12
      vertex -11.8701 3.2 -9.34683
    endloop
  endfacet
  facet normal 0 1 0
    outer loop
      vertex -11 3.2 -9.9282
      vertex -20.3 3.2 -12
      vertex -11.4446 3.2 -9.65176
    endloop
  endfacet
  facet normal 0 1 0
    outer loop
      vertex -10.5383 3.2 -10.175
      vertex -20.3 3.2 -12
      vertex -11 3.2 -9.9282
    endloop
  endfacet
  facet normal 0 1 0
    outer loop
      vertex -10.0615 3.2 -10.391
      vertex -20.3 3.2 -12
      vertex -10.5383 3.2 -10.175
    endloop
  endfacet
  facet normal 0 1 0
    outer loop
      vertex -9.57152 3.2 -10.5754
      vertex -20.3 3.2 -12
      vertex -10.0615 3.2 -10.391
    endloop
  endfacet
  facet normal 0 1 0
    outer loop
      vertex -9.07055 3.2 -10.7274
      vertex -20.3 3.2 -12
      vertex -9.57152 3.2 -10.5754
    endloop
  endfacet
  facet normal 0 1 0
    outer loop
      vertex -8.56072 3.2 -10.8463
      vertex -20.3 3.2 -12
      vertex -9.07055 3.2 -10.7274
    endloop
  endfacet
  facet normal 0 1 0
    outer loop
      vertex -8.04421 3.2 -10.9316
      vertex -20.3 3.2 -12
      vertex -8.56072 3.2 -10.8463
    endloop
  endfacet
  facet normal 0 1 0
    outer loop
      vertex -7.52322 3.2 -10.9829
      vertex -20.3 3.2 -12
      vertex -8.04421 3.2 -10.9316
    endloop
  endfacet
  facet normal 0 1 0
    outer loop
      vertex -7 3.2 -11
      vertex -20.3 3.2 -12
      vertex -7.52322 3.2 -10.9829
    endloop
  endfacet
  facet normal 0 1 0
    outer loop
      vertex 11.9365 3.2 -1.34768
      vertex 11.6654 3.2 -2.00214
      vertex 11.6 3.2 -2
    endloop
  endfacet
  facet normal 0 1 -0
    outer loop
      vertex 13.9608 3.2 -2.4
      vertex 13.0958 3.2 -1.46186
      vertex 14.0022 3.2 -2.33331
    endloop
  endfacet
  facet normal 0 1 0
    outer loop
      vertex 12.7264 3.2 -1.58728
      vertex 11.7305 3.2 -2.00855
      vertex 11.6654 3.2 -2.00214
    endloop
  endfacet
  facet normal 0 1 0
    outer loop
      vertex 12.7264 3.2 -1.58728
      vertex 11.7951 3.2 -2.01921
      vertex 11.7305 3.2 -2.00855
    endloop
  endfacet
  facet normal 0 1 0
    outer loop
      vertex 12.7264 3.2 -1.58728
      vertex 11.8588 3.2 -2.03407
      vertex 11.7951 3.2 -2.01921
    endloop
  endfacet
  facet normal 0 1 0
    outer loop
      vertex 13.0958 3.2 -1.46186
      vertex 13.9608 3.2 -2.4
      vertex 13.0381 3.2 -1.49271
    endloop
  endfacet
  facet normal 0 1 0
    outer loop
      vertex 12.7264 3.2 -1.58728
      vertex 11.9214 3.2 -2.05307
      vertex 11.8588 3.2 -2.03407
    endloop
  endfacet
  facet normal 0 1 0
    outer loop
      vertex 12.7264 3.2 -1.58728
      vertex 11.9827 3.2 -2.07612
      vertex 11.9214 3.2 -2.05307
    endloop
  endfacet
  facet normal 0 1 -0
    outer loop
      vertex 13.9238 3.2 -2.46925
      vertex 13.0381 3.2 -1.49271
      vertex 13.9608 3.2 -2.4
    endloop
  endfacet
  facet normal 0 1 0
    outer loop
      vertex 12.7264 3.2 -1.58728
      vertex 12.0423 3.2 -2.10313
      vertex 11.9827 3.2 -2.07612
    endloop
  endfacet
  facet normal 0 1 0
    outer loop
      vertex 12.7264 3.2 -1.58728
      vertex 12.1 3.2 -2.13397
      vertex 12.0423 3.2 -2.10313
    endloop
  endfacet
  facet normal 0 1 0
    outer loop
      vertex 13.0381 3.2 -1.49271
      vertex 13.9238 3.2 -2.46925
      vertex 12.9785 3.2 -1.51972
    endloop
  endfacet
  facet normal 0 1 0
    outer loop
      vertex 12.7264 3.2 -1.58728
      vertex 12.1556 3.2 -2.16853
      vertex 12.1 3.2 -2.13397
    endloop
  endfacet
  facet normal 0 1 0
    outer loop
      vertex 12.7264 3.2 -1.58728
      vertex 12.2088 3.2 -2.20665
      vertex 12.1556 3.2 -2.16853
    endloop
  endfacet
  facet normal 0 1 -0
    outer loop
      vertex 13.8913 3.2 -2.54078
      vertex 12.9785 3.2 -1.51972
      vertex 13.9238 3.2 -2.46925
    endloop
  endfacet
  facet normal 0 1 0
    outer loop
      vertex 12.7264 3.2 -1.58728
      vertex 12.2593 3.2 -2.24816
      vertex 12.2088 3.2 -2.20665
    endloop
  endfacet
  facet normal 0 1 0
    outer loop
      vertex 12.9785 3.2 -1.51972
      vertex 13.8913 3.2 -2.54078
      vertex 12.9173 3.2 -1.54277
    endloop
  endfacet
  facet normal 0 1 0
    outer loop
      vertex 12.7264 3.2 -1.58728
      vertex 12.3071 3.2 -2.29289
      vertex 12.2593 3.2 -2.24816
    endloop
  endfacet
  facet normal 0 1 0
    outer loop
      vertex 12.4969 3.2 -2.55771
      vertex 12.9173 3.2 -1.54277
      vertex 13.8913 3.2 -2.54078
    endloop
  endfacet
  facet normal 0 1 0
    outer loop
      vertex 12.7264 3.2 -1.58728
      vertex 12.3518 3.2 -2.34065
      vertex 12.3071 3.2 -2.29289
    endloop
  endfacet
  facet normal 0 1 0
    outer loop
      vertex 12.7264 3.2 -1.58728
      vertex 12.3934 3.2 -2.39124
      vertex 12.3518 3.2 -2.34065
    endloop
  endfacet
  facet normal 0 1 0
    outer loop
      vertex 12.9173 3.2 -1.54277
      vertex 12.4969 3.2 -2.55771
      vertex 12.8547 3.2 -1.56176
    endloop
  endfacet
  facet normal 0 1 0
    outer loop
      vertex 12.7264 3.2 -1.58728
      vertex 12.4315 3.2 -2.44443
      vertex 12.3934 3.2 -2.39124
    endloop
  endfacet
  facet normal -0 1 0
    outer loop
      vertex 12.466 3.2 -2.5
      vertex 12.8547 3.2 -1.56176
      vertex 12.4969 3.2 -2.55771
    endloop
  endfacet
  facet normal 0 1 0
    outer loop
      vertex 12.7909 3.2 -1.57662
      vertex 12.4315 3.2 -2.44443
      vertex 12.7264 3.2 -1.58728
    endloop
  endfacet
  facet normal 0 1 0
    outer loop
      vertex 12.8547 3.2 -1.56176
      vertex 12.466 3.2 -2.5
      vertex 12.7909 3.2 -1.57662
    endloop
  endfacet
  facet normal -0 1 0
    outer loop
      vertex 12.4315 3.2 -2.44443
      vertex 12.7909 3.2 -1.57662
      vertex 12.466 3.2 -2.5
    endloop
  endfacet
  facet normal 0 1 0
    outer loop
      vertex 12.5239 3.2 -2.61732
      vertex 13.8913 3.2 -2.54078
      vertex 13.8637 3.2 -2.61427
    endloop
  endfacet
  facet normal 0 1 0
    outer loop
      vertex 13.8913 3.2 -2.54078
      vertex 12.5239 3.2 -2.61732
      vertex 12.4969 3.2 -2.55771
    endloop
  endfacet
  facet normal 0 1 0
    outer loop
      vertex 13.8637 3.2 -2.61427
      vertex 12.5469 3.2 -2.67856
      vertex 12.5239 3.2 -2.61732
    endloop
  endfacet
  facet normal 0 1 -0
    outer loop
      vertex 13.8409 3.2 -2.68942
      vertex 12.5469 3.2 -2.67856
      vertex 13.8637 3.2 -2.61427
    endloop
  endfacet
  facet normal 0 1 0
    outer loop
      vertex 13.8409 3.2 -2.68942
      vertex 12.5659 3.2 -2.74118
      vertex 12.5469 3.2 -2.67856
    endloop
  endfacet
  facet normal 0 1 -0
    outer loop
      vertex 13.8231 3.2 -2.76589
      vertex 12.5659 3.2 -2.74118
      vertex 13.8409 3.2 -2.68942
    endloop
  endfacet
  facet normal 0 1 0
    outer loop
      vertex 13.8231 3.2 -2.76589
      vertex 12.5808 3.2 -2.80491
      vertex 12.5659 3.2 -2.74118
    endloop
  endfacet
  facet normal 0 1 -0
    outer loop
      vertex 13.8103 3.2 -2.84337
      vertex 12.5808 3.2 -2.80491
      vertex 13.8231 3.2 -2.76589
    endloop
  endfacet
  facet normal 0 1 0
    outer loop
      vertex 13.8103 3.2 -2.84337
      vertex 12.5914 3.2 -2.86947
      vertex 12.5808 3.2 -2.80491
    endloop
  endfacet
  facet normal 0 1 -0
    outer loop
      vertex 13.8026 3.2 -2.92152
      vertex 12.5914 3.2 -2.86947
      vertex 13.8103 3.2 -2.84337
    endloop
  endfacet
  facet normal 0 1 0
    outer loop
      vertex 13.8026 3.2 -2.92152
      vertex 12.5979 3.2 -2.9346
      vertex 12.5914 3.2 -2.86947
    endloop
  endfacet
  facet normal 0 1 -0
    outer loop
      vertex 13.8 3.2 -3
      vertex 12.5979 3.2 -2.9346
      vertex 13.8026 3.2 -2.92152
    endloop
  endfacet
  facet normal 0 1 0
    outer loop
      vertex 13.8 3.2 -3
      vertex 12.6 3.2 -3
      vertex 12.5979 3.2 -2.9346
    endloop
  endfacet
  facet normal 0 1 0
    outer loop
      vertex 13.8 3.2 -3
      vertex 12.5979 3.2 -3.0654
      vertex 12.6 3.2 -3
    endloop
  endfacet
  facet normal 0 1 0
    outer loop
      vertex 13.8026 3.2 -3.07848
      vertex 12.5979 3.2 -3.0654
      vertex 13.8 3.2 -3
    endloop
  endfacet
  facet normal 0 1 0
    outer loop
      vertex 13.8026 3.2 -3.07848
      vertex 12.5914 3.2 -3.13053
      vertex 12.5979 3.2 -3.0654
    endloop
  endfacet
  facet normal 0 1 0
    outer loop
      vertex 13.8103 3.2 -3.15663
      vertex 12.5914 3.2 -3.13053
      vertex 13.8026 3.2 -3.07848
    endloop
  endfacet
  facet normal 0 1 0
    outer loop
      vertex 13.8103 3.2 -3.15663
      vertex 12.5808 3.2 -3.19509
      vertex 12.5914 3.2 -3.13053
    endloop
  endfacet
  facet normal 0 1 0
    outer loop
      vertex 13.8231 3.2 -3.23411
      vertex 12.5808 3.2 -3.19509
      vertex 13.8103 3.2 -3.15663
    endloop
  endfacet
  facet normal 0 1 0
    outer loop
      vertex 13.8231 3.2 -3.23411
      vertex 12.5659 3.2 -3.25882
      vertex 12.5808 3.2 -3.19509
    endloop
  endfacet
  facet normal 0 1 0
    outer loop
      vertex 13.8409 3.2 -3.31058
      vertex 12.5659 3.2 -3.25882
      vertex 13.8231 3.2 -3.23411
    endloop
  endfacet
  facet normal 0 1 0
    outer loop
      vertex 13.8409 3.2 -3.31058
      vertex 12.5469 3.2 -3.32144
      vertex 12.5659 3.2 -3.25882
    endloop
  endfacet
  facet normal 0 1 0
    outer loop
      vertex 13.8637 3.2 -3.38573
      vertex 12.5469 3.2 -3.32144
      vertex 13.8409 3.2 -3.31058
    endloop
  endfacet
  facet normal 0 1 0
    outer loop
      vertex 12.5469 3.2 -3.32144
      vertex 13.8637 3.2 -3.38573
      vertex 12.5239 3.2 -3.38268
    endloop
  endfacet
  facet normal 0 1 0
    outer loop
      vertex 13.8913 3.2 -3.45922
      vertex 12.5239 3.2 -3.38268
      vertex 13.8637 3.2 -3.38573
    endloop
  endfacet
  facet normal 0 1 0
    outer loop
      vertex 12.5239 3.2 -3.38268
      vertex 13.8913 3.2 -3.45922
      vertex 12.4969 3.2 -3.44229
    endloop
  endfacet
  facet normal 0 1 0
    outer loop
      vertex 13.9238 3.2 -3.53075
      vertex 12.4969 3.2 -3.44229
      vertex 13.8913 3.2 -3.45922
    endloop
  endfacet
  facet normal 0 1 0
    outer loop
      vertex 12.4969 3.2 -3.44229
      vertex 13.9238 3.2 -3.53075
      vertex 12.466 3.2 -3.5
    endloop
  endfacet
  facet normal 0 1 -0
    outer loop
      vertex 12.5958 3.2 -4.40416
      vertex 12.466 3.2 -3.5
      vertex 13.9238 3.2 -3.53075
    endloop
  endfacet
  facet normal 0 1 0
    outer loop
      vertex 12.5958 3.2 -4.40416
      vertex 13.9238 3.2 -3.53075
      vertex 13.9608 3.2 -3.6
    endloop
  endfacet
  facet normal 0 1 0
    outer loop
      vertex 12.466 3.2 -3.5
      vertex 12.5958 3.2 -4.40416
      vertex 12.4315 3.2 -3.55557
    endloop
  endfacet
  facet normal 0 1 0
    outer loop
      vertex 12.4315 3.2 -3.55557
      vertex 12.5958 3.2 -4.40416
      vertex 12.3934 3.2 -3.60876
    endloop
  endfacet
  facet normal 0 1 0
    outer loop
      vertex 12.5958 3.2 -4.40416
      vertex 13.9608 3.2 -3.6
      vertex 14.0022 3.2 -3.66668
    endloop
  endfacet
  facet normal 0 1 0
    outer loop
      vertex 12.3934 3.2 -3.60876
      vertex 12.5958 3.2 -4.40416
      vertex 12.3518 3.2 -3.65935
    endloop
  endfacet
  facet normal 0 1 0
    outer loop
      vertex 12.5958 3.2 -4.40416
      vertex 14.0022 3.2 -3.66668
      vertex 14.048 3.2 -3.73051
    endloop
  endfacet
  facet normal 0 1 0
    outer loop
      vertex 12.3518 3.2 -3.65935
      vertex 12.5958 3.2 -4.40416
      vertex 12.3071 3.2 -3.70711
    endloop
  endfacet
  facet normal 0 1 0
    outer loop
      vertex 12.5958 3.2 -4.40416
      vertex 14.048 3.2 -3.73051
      vertex 14.0978 3.2 -3.79121
    endloop
  endfacet
  facet normal 0 1 0
    outer loop
      vertex 12.3071 3.2 -3.70711
      vertex 12.5958 3.2 -4.40416
      vertex 12.2593 3.2 -3.75184
    endloop
  endfacet
  facet normal 0 1 -0
    outer loop
      vertex 12.5304 3.2 -4.4063
      vertex 12.2593 3.2 -3.75184
      vertex 12.5958 3.2 -4.40416
    endloop
  endfacet
  facet normal 0 1 0
    outer loop
      vertex 12.5958 3.2 -4.40416
      vertex 14.0978 3.2 -3.79121
      vertex 14.1515 3.2 -3.84853
    endloop
  endfacet
  facet normal 0 1 0
    outer loop
      vertex 12.2593 3.2 -3.75184
      vertex 12.5304 3.2 -4.4063
      vertex 12.2088 3.2 -3.79335
    endloop
  endfacet
  facet normal 0 1 -0
    outer loop
      vertex 12.4653 3.2 -4.41272
      vertex 12.2088 3.2 -3.79335
      vertex 12.5304 3.2 -4.4063
    endloop
  endfacet
  facet normal 0 1 0
    outer loop
      vertex 12.5958 3.2 -4.40416
      vertex 14.1515 3.2 -3.84853
      vertex 14.2088 3.2 -3.90221
    endloop
  endfacet
  facet normal 0 1 0
    outer loop
      vertex 12.2088 3.2 -3.79335
      vertex 12.4653 3.2 -4.41272
      vertex 12.1556 3.2 -3.83147
    endloop
  endfacet
  facet normal 0 1 -0
    outer loop
      vertex 12.4007 3.2 -4.42338
      vertex 12.1556 3.2 -3.83147
      vertex 12.4653 3.2 -4.41272
    endloop
  endfacet
  facet normal 0 1 0
    outer loop
      vertex 12.5958 3.2 -4.40416
      vertex 14.2088 3.2 -3.90221
      vertex 14.2695 3.2 -3.95202
    endloop
  endfacet
  facet normal 0 1 0
    outer loop
      vertex 12.1556 3.2 -3.83147
      vertex 12.4007 3.2 -4.42338
      vertex 12.1 3.2 -3.86602
    endloop
  endfacet
  facet normal 0 1 -0
    outer loop
      vertex 12.337 3.2 -4.43824
      vertex 12.1 3.2 -3.86602
      vertex 12.4007 3.2 -4.42338
    endloop
  endfacet
  facet normal 0 1 0
    outer loop
      vertex 12.1 3.2 -3.86602
      vertex 12.337 3.2 -4.43824
      vertex 12.0423 3.2 -3.89687
    endloop
  endfacet
  facet normal 0 1 0
    outer loop
      vertex 12.5958 3.2 -4.40416
      vertex 14.2695 3.2 -3.95202
      vertex 14.3333 3.2 -3.99776
    endloop
  endfacet
  facet normal 0 1 -0
    outer loop
      vertex 12.2744 3.2 -4.45723
      vertex 12.0423 3.2 -3.89687
      vertex 12.337 3.2 -4.43824
    endloop
  endfacet
  facet normal 0 1 0
    outer loop
      vertex 12.0423 3.2 -3.89687
      vertex 12.2744 3.2 -4.45723
      vertex 11.9827 3.2 -3.92388
    endloop
  endfacet
  facet normal 0 1 0
    outer loop
      vertex 12.5958 3.2 -4.40416
      vertex 14.3333 3.2 -3.99776
      vertex 14.4 3.2 -4.03923
    endloop
  endfacet
  facet normal 0 1 -0
    outer loop
      vertex 17.9 3.2 -2.13397
      vertex 17.663 3.2 -1.56176
      vertex 17.9577 3.2 -2.10313
    endloop
  endfacet
  facet normal 0 1 0
    outer loop
      vertex 17.663 3.2 -1.56176
      vertex 17.9 3.2 -2.13397
      vertex 17.5993 3.2 -1.57662
    endloop
  endfacet
  facet normal 0 1 -0
    outer loop
      vertex 17.8444 3.2 -2.16853
      vertex 17.5993 3.2 -1.57662
      vertex 17.9 3.2 -2.13397
    endloop
  endfacet
  facet normal 0 1 0
    outer loop
      vertex 17.5993 3.2 -1.57662
      vertex 17.8444 3.2 -2.16853
      vertex 17.5347 3.2 -1.58728
    endloop
  endfacet
  facet normal 0 1 -0
    outer loop
      vertex 17.7912 3.2 -2.20665
      vertex 17.5347 3.2 -1.58728
      vertex 17.8444 3.2 -2.16853
    endloop
  endfacet
  facet normal 0 1 0
    outer loop
      vertex 17.5347 3.2 -1.58728
      vertex 17.7912 3.2 -2.20665
      vertex 17.4696 3.2 -1.5937
    endloop
  endfacet
  facet normal 0 1 -0
    outer loop
      vertex 17.7407 3.2 -2.24816
      vertex 17.4696 3.2 -1.5937
      vertex 17.7912 3.2 -2.20665
    endloop
  endfacet
  facet normal 0 1 0
    outer loop
      vertex 17.2736 3.2 -1.58728
      vertex 15.6667 3.2 -2.00224
      vertex 15.6 3.2 -1.96077
    endloop
  endfacet
  facet normal 0 1 0
    outer loop
      vertex 17.4696 3.2 -1.5937
      vertex 17.7407 3.2 -2.24816
      vertex 17.4042 3.2 -1.59584
    endloop
  endfacet
  facet normal 0 1 0
    outer loop
      vertex 17.2736 3.2 -1.58728
      vertex 15.7305 3.2 -2.04798
      vertex 15.6667 3.2 -2.00224
    endloop
  endfacet
  facet normal 0 1 -0
    outer loop
      vertex 17.6929 3.2 -2.29289
      vertex 17.4042 3.2 -1.59584
      vertex 17.7407 3.2 -2.24816
    endloop
  endfacet
  facet normal 0 1 0
    outer loop
      vertex 17.2736 3.2 -1.58728
      vertex 15.7912 3.2 -2.09779
      vertex 15.7305 3.2 -2.04798
    endloop
  endfacet
  facet normal 0 1 0
    outer loop
      vertex 17.4042 3.2 -1.59584
      vertex 17.6929 3.2 -2.29289
      vertex 17.3388 3.2 -1.5937
    endloop
  endfacet
  facet normal 0 1 0
    outer loop
      vertex 17.2736 3.2 -1.58728
      vertex 15.8485 3.2 -2.15147
      vertex 15.7912 3.2 -2.09779
    endloop
  endfacet
  facet normal 0 1 -0
    outer loop
      vertex 17.6482 3.2 -2.34065
      vertex 17.3388 3.2 -1.5937
      vertex 17.6929 3.2 -2.29289
    endloop
  endfacet
  facet normal 0 1 0
    outer loop
      vertex 17.2736 3.2 -1.58728
      vertex 15.9022 3.2 -2.20878
      vertex 15.8485 3.2 -2.15147
    endloop
  endfacet
  facet normal 0 1 0
    outer loop
      vertex 17.3388 3.2 -1.5937
      vertex 17.6482 3.2 -2.34065
      vertex 17.2736 3.2 -1.58728
    endloop
  endfacet
  facet normal 0 1 0
    outer loop
      vertex 17.2736 3.2 -1.58728
      vertex 15.952 3.2 -2.26949
      vertex 15.9022 3.2 -2.20878
    endloop
  endfacet
  facet normal 0 1 -0
    outer loop
      vertex 17.6066 3.2 -2.39124
      vertex 17.2736 3.2 -1.58728
      vertex 17.6482 3.2 -2.34065
    endloop
  endfacet
  facet normal 0 1 0
    outer loop
      vertex 17.2736 3.2 -1.58728
      vertex 15.9978 3.2 -2.33331
      vertex 15.952 3.2 -2.26949
    endloop
  endfacet
  facet normal 0 1 -0
    outer loop
      vertex 17.5685 3.2 -2.44443
      vertex 17.2736 3.2 -1.58728
      vertex 17.6066 3.2 -2.39124
    endloop
  endfacet
  facet normal 0 1 0
    outer loop
      vertex 17.2736 3.2 -1.58728
      vertex 16.0392 3.2 -2.4
      vertex 15.9978 3.2 -2.33331
    endloop
  endfacet
  facet normal 0 1 -0
    outer loop
      vertex 17.534 3.2 -2.5
      vertex 17.2736 3.2 -1.58728
      vertex 17.5685 3.2 -2.44443
    endloop
  endfacet
  facet normal 0 1 -0
    outer loop
      vertex 17.5031 3.2 -2.55771
      vertex 17.2736 3.2 -1.58728
      vertex 17.534 3.2 -2.5
    endloop
  endfacet
  facet normal 0 1 0
    outer loop
      vertex 17.2736 3.2 -1.58728
      vertex 16.0762 3.2 -2.46925
      vertex 16.0392 3.2 -2.4
    endloop
  endfacet
  facet normal -0 1 0
    outer loop
      vertex 16.1087 3.2 -2.54078
      vertex 17.2736 3.2 -1.58728
      vertex 17.5031 3.2 -2.55771
    endloop
  endfacet
  facet normal 0 1 0
    outer loop
      vertex 17.2736 3.2 -1.58728
      vertex 16.1087 3.2 -2.54078
      vertex 16.0762 3.2 -2.46925
    endloop
  endfacet
  facet normal 0 1 -0
    outer loop
      vertex 17.4761 3.2 -2.61732
      vertex 16.1087 3.2 -2.54078
      vertex 17.5031 3.2 -2.55771
    endloop
  endfacet
  facet normal 0 1 0
    outer loop
      vertex 16.1087 3.2 -2.54078
      vertex 17.4761 3.2 -2.61732
      vertex 16.1363 3.2 -2.61427
    endloop
  endfacet
  facet normal 0 1 -0
    outer loop
      vertex 17.4531 3.2 -2.67856
      vertex 16.1363 3.2 -2.61427
      vertex 17.4761 3.2 -2.61732
    endloop
  endfacet
  facet normal 0 1 0
    outer loop
      vertex 17.4531 3.2 -2.67856
      vertex 16.1591 3.2 -2.68942
      vertex 16.1363 3.2 -2.61427
    endloop
  endfacet
  facet normal 0 1 -0
    outer loop
      vertex 17.4341 3.2 -2.74118
      vertex 16.1591 3.2 -2.68942
      vertex 17.4531 3.2 -2.67856
    endloop
  endfacet
  facet normal 0 1 0
    outer loop
      vertex 17.4341 3.2 -2.74118
      vertex 16.1769 3.2 -2.76589
      vertex 16.1591 3.2 -2.68942
    endloop
  endfacet
  facet normal 0 1 -0
    outer loop
      vertex 17.4192 3.2 -2.80491
      vertex 16.1769 3.2 -2.76589
      vertex 17.4341 3.2 -2.74118
    endloop
  endfacet
  facet normal 0 1 0
    outer loop
      vertex 17.4192 3.2 -2.80491
      vertex 16.1897 3.2 -2.84337
      vertex 16.1769 3.2 -2.76589
    endloop
  endfacet
  facet normal 0 1 -0
    outer loop
      vertex 17.4086 3.2 -2.86947
      vertex 16.1897 3.2 -2.84337
      vertex 17.4192 3.2 -2.80491
    endloop
  endfacet
  facet normal 0 1 0
    outer loop
      vertex 17.4086 3.2 -2.86947
      vertex 16.1974 3.2 -2.92152
      vertex 16.1897 3.2 -2.84337
    endloop
  endfacet
  facet normal 0 1 -0
    outer loop
      vertex 17.4021 3.2 -2.9346
      vertex 16.1974 3.2 -2.92152
      vertex 17.4086 3.2 -2.86947
    endloop
  endfacet
  facet normal 0 1 0
    outer loop
      vertex 16.2 3.2 -3
      vertex 17.4021 3.2 -2.9346
      vertex 17.4 3.2 -3
    endloop
  endfacet
  facet normal 0 1 0
    outer loop
      vertex 17.4021 3.2 -2.9346
      vertex 16.2 3.2 -3
      vertex 16.1974 3.2 -2.92152
    endloop
  endfacet
  facet normal 0 1 0
    outer loop
      vertex 17.4021 3.2 -3.0654
      vertex 16.2 3.2 -3
      vertex 17.4 3.2 -3
    endloop
  endfacet
  facet normal 0 1 0
    outer loop
      vertex 17.4021 3.2 -3.0654
      vertex 16.1974 3.2 -3.07848
      vertex 16.2 3.2 -3
    endloop
  endfacet
  facet normal 0 1 0
    outer loop
      vertex 17.4086 3.2 -3.13053
      vertex 16.1974 3.2 -3.07848
      vertex 17.4021 3.2 -3.0654
    endloop
  endfacet
  facet normal 0 1 0
    outer loop
      vertex 17.4086 3.2 -3.13053
      vertex 16.1897 3.2 -3.15663
      vertex 16.1974 3.2 -3.07848
    endloop
  endfacet
  facet normal 0 1 0
    outer loop
      vertex 17.4192 3.2 -3.19509
      vertex 16.1897 3.2 -3.15663
      vertex 17.4086 3.2 -3.13053
    endloop
  endfacet
  facet normal 0 1 0
    outer loop
      vertex 17.4192 3.2 -3.19509
      vertex 16.1769 3.2 -3.23411
      vertex 16.1897 3.2 -3.15663
    endloop
  endfacet
  facet normal 0 1 0
    outer loop
      vertex 17.4341 3.2 -3.25882
      vertex 16.1769 3.2 -3.23411
      vertex 17.4192 3.2 -3.19509
    endloop
  endfacet
  facet normal 0 1 0
    outer loop
      vertex 17.4341 3.2 -3.25882
      vertex 16.1591 3.2 -3.31058
      vertex 16.1769 3.2 -3.23411
    endloop
  endfacet
  facet normal 0 1 0
    outer loop
      vertex 17.4531 3.2 -3.32144
      vertex 16.1591 3.2 -3.31058
      vertex 17.4341 3.2 -3.25882
    endloop
  endfacet
  facet normal 0 1 0
    outer loop
      vertex 16.1363 3.2 -3.38573
      vertex 17.4531 3.2 -3.32144
      vertex 17.4761 3.2 -3.38268
    endloop
  endfacet
  facet normal 0 1 0
    outer loop
      vertex 17.4531 3.2 -3.32144
      vertex 16.1363 3.2 -3.38573
      vertex 16.1591 3.2 -3.31058
    endloop
  endfacet
  facet normal 0 1 0
    outer loop
      vertex 16.1087 3.2 -3.45922
      vertex 17.4761 3.2 -3.38268
      vertex 17.5031 3.2 -3.44229
    endloop
  endfacet
  facet normal 0 1 0
    outer loop
      vertex 17.4761 3.2 -3.38268
      vertex 16.1087 3.2 -3.45922
      vertex 16.1363 3.2 -3.38573
    endloop
  endfacet
  facet normal 0 1 0
    outer loop
      vertex 17.0827 3.2 -4.45723
      vertex 17.5031 3.2 -3.44229
      vertex 17.534 3.2 -3.5
    endloop
  endfacet
  facet normal 0 1 0
    outer loop
      vertex 17.5031 3.2 -3.44229
      vertex 17.0827 3.2 -4.45723
      vertex 16.1087 3.2 -3.45922
    endloop
  endfacet
  facet normal 0 1 0
    outer loop
      vertex 17.1453 3.2 -4.43824
      vertex 17.534 3.2 -3.5
      vertex 17.5685 3.2 -3.55557
    endloop
  endfacet
  facet normal 0 1 -0
    outer loop
      vertex 17.0215 3.2 -4.48028
      vertex 16.1087 3.2 -3.45922
      vertex 17.0827 3.2 -4.45723
    endloop
  endfacet
  facet normal 0 1 0
    outer loop
      vertex 17.2091 3.2 -4.42338
      vertex 17.5685 3.2 -3.55557
      vertex 17.6066 3.2 -3.60876
    endloop
  endfacet
  facet normal 0 1 0
    outer loop
      vertex 17.2736 3.2 -4.41272
      vertex 17.6066 3.2 -3.60876
      vertex 17.6482 3.2 -3.65935
    endloop
  endfacet
  facet normal 0 1 0
    outer loop
      vertex 16.1087 3.2 -3.45922
      vertex 17.0215 3.2 -4.48028
      vertex 16.0762 3.2 -3.53075
    endloop
  endfacet
  facet normal 0 1 0
    outer loop
      vertex 17.3388 3.2 -4.4063
      vertex 17.6482 3.2 -3.65935
      vertex 17.6929 3.2 -3.70711
    endloop
  endfacet
  facet normal 0 1 -0
    outer loop
      vertex 16.9619 3.2 -4.50729
      vertex 16.0762 3.2 -3.53075
      vertex 17.0215 3.2 -4.48028
    endloop
  endfacet
  facet normal 0 1 0
    outer loop
      vertex 17.4042 3.2 -4.40416
      vertex 17.6929 3.2 -3.70711
      vertex 17.7407 3.2 -3.75184
    endloop
  endfacet
  facet normal 0 1 0
    outer loop
      vertex 16.0762 3.2 -3.53075
      vertex 16.9619 3.2 -4.50729
      vertex 16.0392 3.2 -3.6
    endloop
  endfacet
  facet normal 0 1 0
    outer loop
      vertex 17.4696 3.2 -4.4063
      vertex 17.7407 3.2 -3.75184
      vertex 17.7912 3.2 -3.79335
    endloop
  endfacet
  facet normal 0 1 0
    outer loop
      vertex 17.5347 3.2 -4.41272
      vertex 17.7912 3.2 -3.79335
      vertex 17.8444 3.2 -3.83147
    endloop
  endfacet
  facet normal 0 1 0
    outer loop
      vertex 17.534 3.2 -3.5
      vertex 17.1453 3.2 -4.43824
      vertex 17.0827 3.2 -4.45723
    endloop
  endfacet
  facet normal 0 1 0
    outer loop
      vertex 17.5993 3.2 -4.42338
      vertex 17.8444 3.2 -3.83147
      vertex 17.9 3.2 -3.86602
    endloop
  endfacet
  facet normal 0 1 0
    outer loop
      vertex 17.663 3.2 -4.43824
      vertex 17.9 3.2 -3.86602
      vertex 17.9577 3.2 -3.89687
    endloop
  endfacet
  facet normal 0 1 0
    outer loop
      vertex 17.5685 3.2 -3.55557
      vertex 17.2091 3.2 -4.42338
      vertex 17.1453 3.2 -4.43824
    endloop
  endfacet
  facet normal 0 1 0
    outer loop
      vertex 17.7256 3.2 -4.45723
      vertex 17.9577 3.2 -3.89687
      vertex 18.0173 3.2 -3.92388
    endloop
  endfacet
  facet normal 0 1 0
    outer loop
      vertex 17.7868 3.2 -4.48028
      vertex 18.0173 3.2 -3.92388
      vertex 18.0786 3.2 -3.94693
    endloop
  endfacet
  facet normal 0 1 -0
    outer loop
      vertex 16.9042 3.2 -4.53814
      vertex 16.0392 3.2 -3.6
      vertex 16.9619 3.2 -4.50729
    endloop
  endfacet
  facet normal 0 1 0
    outer loop
      vertex 17.8465 3.2 -4.50729
      vertex 18.0786 3.2 -3.94693
      vertex 18.1412 3.2 -3.96593
    endloop
  endfacet
  facet normal 0 1 0
    outer loop
      vertex 17.9042 3.2 -4.53814
      vertex 18.1412 3.2 -3.96593
      vertex 18.2049 3.2 -3.98078
    endloop
  endfacet
  facet normal 0 1 0
    outer loop
      vertex 17.9597 3.2 -4.57269
      vertex 18.2049 3.2 -3.98078
      vertex 18.2695 3.2 -3.99144
    endloop
  endfacet
  facet normal 0 1 0
    outer loop
      vertex 17.6066 3.2 -3.60876
      vertex 17.2736 3.2 -4.41272
      vertex 17.2091 3.2 -4.42338
    endloop
  endfacet
  facet normal 0 1 0
    outer loop
      vertex 18.0129 3.2 -4.61081
      vertex 18.2695 3.2 -3.99144
      vertex 18.3346 3.2 -3.99786
    endloop
  endfacet
  facet normal 0 1 0
    outer loop
      vertex 18.0635 3.2 -4.65232
      vertex 18.3346 3.2 -3.99786
      vertex 18.4 3.2 -4
    endloop
  endfacet
  facet normal 0 1 0
    outer loop
      vertex 16.0392 3.2 -3.6
      vertex 16.9042 3.2 -4.53814
      vertex 15.9978 3.2 -3.66668
    endloop
  endfacet
  facet normal 0 1 0
    outer loop
      vertex 15.8485 3.2 -3.84853
      vertex 16.6523 3.2 -4.74482
      vertex 15.7912 3.2 -3.90221
    endloop
  endfacet
  facet normal 0 1 0
    outer loop
      vertex 15 3.2 -4.2
      vertex 12.6612 3.2 -4.4063
      vertex 12.5958 3.2 -4.40416
    endloop
  endfacet
  facet normal 0 1 -0
    outer loop
      vertex 16.6108 3.2 -4.7954
      vertex 15.7912 3.2 -3.90221
      vertex 16.6523 3.2 -4.74482
    endloop
  endfacet
  facet normal 0 1 0
    outer loop
      vertex 15 3.2 -4.2
      vertex 12.7264 3.2 -4.41272
      vertex 12.6612 3.2 -4.4063
    endloop
  endfacet
  facet normal 0 1 0
    outer loop
      vertex 15.7912 3.2 -3.90221
      vertex 16.6108 3.2 -4.7954
      vertex 15.7305 3.2 -3.95202
    endloop
  endfacet
  facet normal 0 1 0
    outer loop
      vertex 15 3.2 -4.2
      vertex 12.7909 3.2 -4.42338
      vertex 12.7264 3.2 -4.41272
    endloop
  endfacet
  facet normal 0 1 -0
    outer loop
      vertex 16.5727 3.2 -4.84859
      vertex 15.7305 3.2 -3.95202
      vertex 16.6108 3.2 -4.7954
    endloop
  endfacet
  facet normal 0 1 0
    outer loop
      vertex 15 3.2 -4.2
      vertex 12.8547 3.2 -4.43824
      vertex 12.7909 3.2 -4.42338
    endloop
  endfacet
  facet normal 0 1 0
    outer loop
      vertex 15.7305 3.2 -3.95202
      vertex 16.5727 3.2 -4.84859
      vertex 15.6667 3.2 -3.99776
    endloop
  endfacet
  facet normal 0 1 0
    outer loop
      vertex 15 3.2 -4.2
      vertex 12.9173 3.2 -4.45723
      vertex 12.8547 3.2 -4.43824
    endloop
  endfacet
  facet normal 0 1 -0
    outer loop
      vertex 16.5381 3.2 -4.90416
      vertex 15.6667 3.2 -3.99776
      vertex 16.5727 3.2 -4.84859
    endloop
  endfacet
  facet normal 0 1 0
    outer loop
      vertex 15 3.2 -4.2
      vertex 12.9785 3.2 -4.48028
      vertex 12.9173 3.2 -4.45723
    endloop
  endfacet
  facet normal 0 1 0
    outer loop
      vertex 15.6667 3.2 -3.99776
      vertex 16.5381 3.2 -4.90416
      vertex 15.6 3.2 -4.03923
    endloop
  endfacet
  facet normal 0 1 0
    outer loop
      vertex 15 3.2 -4.2
      vertex 13.0381 3.2 -4.50729
      vertex 12.9785 3.2 -4.48028
    endloop
  endfacet
  facet normal 0 1 -0
    outer loop
      vertex 16.5073 3.2 -4.96187
      vertex 15.6 3.2 -4.03923
      vertex 16.5381 3.2 -4.90416
    endloop
  endfacet
  facet normal 0 1 0
    outer loop
      vertex 15 3.2 -4.2
      vertex 13.0958 3.2 -4.53814
      vertex 13.0381 3.2 -4.50729
    endloop
  endfacet
  facet normal 0 1 0
    outer loop
      vertex 15.6 3.2 -4.03923
      vertex 16.5073 3.2 -4.96187
      vertex 15.5307 3.2 -4.07625
    endloop
  endfacet
  facet normal 0 1 0
    outer loop
      vertex 15 3.2 -4.2
      vertex 13.1514 3.2 -4.57269
      vertex 13.0958 3.2 -4.53814
    endloop
  endfacet
  facet normal 0 1 -0
    outer loop
      vertex 16.4803 3.2 -5.02148
      vertex 15.5307 3.2 -4.07625
      vertex 16.5073 3.2 -4.96187
    endloop
  endfacet
  facet normal 0 1 0
    outer loop
      vertex 15 3.2 -4.2
      vertex 13.2046 3.2 -4.61081
      vertex 13.1514 3.2 -4.57269
    endloop
  endfacet
  facet normal 0 1 0
    outer loop
      vertex 15.5307 3.2 -4.07625
      vertex 16.4803 3.2 -5.02148
      vertex 15.4592 3.2 -4.10865
    endloop
  endfacet
  facet normal 0 1 0
    outer loop
      vertex 15 3.2 -4.2
      vertex 13.2552 3.2 -4.65232
      vertex 13.2046 3.2 -4.61081
    endloop
  endfacet
  facet normal 0 1 -0
    outer loop
      vertex 16.4572 3.2 -5.08272
      vertex 15.4592 3.2 -4.10865
      vertex 16.4803 3.2 -5.02148
    endloop
  endfacet
  facet normal 0 1 0
    outer loop
      vertex 15 3.2 -4.2
      vertex 13.3029 3.2 -4.69706
      vertex 13.2552 3.2 -4.65232
    endloop
  endfacet
  facet normal 0 1 0
    outer loop
      vertex 15.4423 3.2 -5.50313
      vertex 15.4592 3.2 -4.10865
      vertex 16.4572 3.2 -5.08272
    endloop
  endfacet
  facet normal 0 1 0
    outer loop
      vertex 14.9346 3.2 -5.40214
      vertex 15 3.2 -4.2
      vertex 15 3.2 -5.4
    endloop
  endfacet
  facet normal -0 1 0
    outer loop
      vertex 15.3827 3.2 -5.47612
      vertex 15.4592 3.2 -4.10865
      vertex 15.4423 3.2 -5.50313
    endloop
  endfacet
  facet normal 0 1 0
    outer loop
      vertex 15 3.2 -4.2
      vertex 13.3477 3.2 -4.74482
      vertex 13.3029 3.2 -4.69706
    endloop
  endfacet
  facet normal 0 1 0
    outer loop
      vertex 15.3857 3.2 -4.13632
      vertex 15.3214 3.2 -5.45307
      vertex 15.3106 3.2 -4.15911
    endloop
  endfacet
  facet normal 0 1 0
    outer loop
      vertex 14.8695 3.2 -5.40856
      vertex 15 3.2 -4.2
      vertex 14.9346 3.2 -5.40214
    endloop
  endfacet
  facet normal -0 1 0
    outer loop
      vertex 15.2588 3.2 -5.43407
      vertex 15.3106 3.2 -4.15911
      vertex 15.3214 3.2 -5.45307
    endloop
  endfacet
  facet normal 0 1 0
    outer loop
      vertex 15 3.2 -4.2
      vertex 13.3892 3.2 -4.7954
      vertex 13.3477 3.2 -4.74482
    endloop
  endfacet
  facet normal 0 1 0
    outer loop
      vertex 15.3106 3.2 -4.15911
      vertex 15.2588 3.2 -5.43407
      vertex 15.2341 3.2 -4.17694
    endloop
  endfacet
  facet normal 0 1 0
    outer loop
      vertex 14.8049 3.2 -5.41921
      vertex 15 3.2 -4.2
      vertex 14.8695 3.2 -5.40856
    endloop
  endfacet
  facet normal -0 1 0
    outer loop
      vertex 15.1951 3.2 -5.41921
      vertex 15.2341 3.2 -4.17694
      vertex 15.2588 3.2 -5.43407
    endloop
  endfacet
  facet normal 0 1 0
    outer loop
      vertex 15 3.2 -4.2
      vertex 13.4273 3.2 -4.84859
      vertex 13.3892 3.2 -4.7954
    endloop
  endfacet
  facet normal 0 1 0
    outer loop
      vertex 15.4592 3.2 -4.10865
      vertex 15.3827 3.2 -5.47612
      vertex 15.3857 3.2 -4.13632
    endloop
  endfacet
  facet normal 0 1 0
    outer loop
      vertex 14.7412 3.2 -5.43407
      vertex 15 3.2 -4.2
      vertex 14.8049 3.2 -5.41921
    endloop
  endfacet
  facet normal 0 1 0
    outer loop
      vertex 15.4423 3.2 -5.50313
      vertex 16.4572 3.2 -5.08272
      vertex 16.4382 3.2 -5.14534
    endloop
  endfacet
  facet normal 0 1 0
    outer loop
      vertex 15 3.2 -4.2
      vertex 13.4619 3.2 -4.90416
      vertex 13.4273 3.2 -4.84859
    endloop
  endfacet
  facet normal 0 1 0
    outer loop
      vertex 15.5 3.2 -5.53397
      vertex 16.4382 3.2 -5.14534
      vertex 16.4234 3.2 -5.20907
    endloop
  endfacet
  facet normal 0 1 0
    outer loop
      vertex 14.6786 3.2 -5.45307
      vertex 15 3.2 -4.2
      vertex 14.7412 3.2 -5.43407
    endloop
  endfacet
  facet normal 0 1 0
    outer loop
      vertex 15.5556 3.2 -5.56853
      vertex 16.4234 3.2 -5.20907
      vertex 16.4127 3.2 -5.27364
    endloop
  endfacet
  facet normal 0 1 0
    outer loop
      vertex 15 3.2 -4.2
      vertex 13.4927 3.2 -4.96187
      vertex 13.4619 3.2 -4.90416
    endloop
  endfacet
  facet normal 0 1 0
    outer loop
      vertex 15.6088 3.2 -5.60665
      vertex 16.4127 3.2 -5.27364
      vertex 16.4063 3.2 -5.33876
    endloop
  endfacet
  facet normal 0 1 0
    outer loop
      vertex 14.6173 3.2 -5.47612
      vertex 15 3.2 -4.2
      vertex 14.6786 3.2 -5.45307
    endloop
  endfacet
  facet normal 0 1 0
    outer loop
      vertex 15 3.2 -4.2
      vertex 13.5197 3.2 -5.02148
      vertex 13.4927 3.2 -4.96187
    endloop
  endfacet
  facet normal 0 1 0
    outer loop
      vertex 15 3.2 -4.2
      vertex 15.0654 3.2 -5.40214
      vertex 15 3.2 -5.4
    endloop
  endfacet
  facet normal 0 1 0
    outer loop
      vertex 15.6593 3.2 -5.64816
      vertex 16.4063 3.2 -5.33876
      vertex 16.4042 3.2 -5.40416
    endloop
  endfacet
  facet normal 0 1 0
    outer loop
      vertex 15.0785 3.2 -4.19743
      vertex 15.0654 3.2 -5.40214
      vertex 15 3.2 -4.2
    endloop
  endfacet
  facet normal -0 1 0
    outer loop
      vertex 15.0654 3.2 -5.40214
      vertex 15.0785 3.2 -4.19743
      vertex 15.1305 3.2 -5.40856
    endloop
  endfacet
  facet normal 0 1 0
    outer loop
      vertex 15.1566 3.2 -4.18973
      vertex 15.1305 3.2 -5.40856
      vertex 15.0785 3.2 -4.19743
    endloop
  endfacet
  facet normal -0 1 0
    outer loop
      vertex 15.1305 3.2 -5.40856
      vertex 15.1566 3.2 -4.18973
      vertex 15.1951 3.2 -5.41921
    endloop
  endfacet
  facet normal 0 1 0
    outer loop
      vertex 15.7071 3.2 -5.69289
      vertex 16.4042 3.2 -5.40416
      vertex 16.4063 3.2 -5.46957
    endloop
  endfacet
  facet normal 0 1 0
    outer loop
      vertex 15.2341 3.2 -4.17694
      vertex 15.1951 3.2 -5.41921
      vertex 15.1566 3.2 -4.18973
    endloop
  endfacet
  facet normal -0 1 0
    outer loop
      vertex 15.3214 3.2 -5.45307
      vertex 15.3857 3.2 -4.13632
      vertex 15.3827 3.2 -5.47612
    endloop
  endfacet
  facet normal 0 1 0
    outer loop
      vertex 16.4382 3.2 -5.14534
      vertex 15.5 3.2 -5.53397
      vertex 15.4423 3.2 -5.50313
    endloop
  endfacet
  facet normal 0 1 0
    outer loop
      vertex 15.7518 3.2 -5.74065
      vertex 16.4063 3.2 -5.46957
      vertex 16.4127 3.2 -5.53469
    endloop
  endfacet
  facet normal 0 1 0
    outer loop
      vertex 16.4234 3.2 -5.20907
      vertex 15.5556 3.2 -5.56853
      vertex 15.5 3.2 -5.53397
    endloop
  endfacet
  facet normal 0 1 0
    outer loop
      vertex 15.7934 3.2 -5.79124
      vertex 16.4127 3.2 -5.53469
      vertex 16.4234 3.2 -5.59925
    endloop
  endfacet
  facet normal 0 1 0
    outer loop
      vertex 16.4127 3.2 -5.27364
      vertex 15.6088 3.2 -5.60665
      vertex 15.5556 3.2 -5.56853
    endloop
  endfacet
  facet normal 0 1 0
    outer loop
      vertex 16.4063 3.2 -5.33876
      vertex 15.6593 3.2 -5.64816
      vertex 15.6088 3.2 -5.60665
    endloop
  endfacet
  facet normal 0 1 0
    outer loop
      vertex 15.8315 3.2 -5.84443
      vertex 16.4234 3.2 -5.59925
      vertex 16.4382 3.2 -5.66298
    endloop
  endfacet
  facet normal 0 1 0
    outer loop
      vertex 16.4042 3.2 -5.40416
      vertex 15.7071 3.2 -5.69289
      vertex 15.6593 3.2 -5.64816
    endloop
  endfacet
  facet normal 0 1 0
    outer loop
      vertex 15.866 3.2 -5.9
      vertex 16.4382 3.2 -5.66298
      vertex 16.4572 3.2 -5.7256
    endloop
  endfacet
  facet normal 0 1 0
    outer loop
      vertex 16.4063 3.2 -5.46957
      vertex 15.7518 3.2 -5.74065
      vertex 15.7071 3.2 -5.69289
    endloop
  endfacet
  facet normal 0 1 0
    outer loop
      vertex 15.8969 3.2 -5.95771
      vertex 16.4572 3.2 -5.7256
      vertex 16.4803 3.2 -5.78685
    endloop
  endfacet
  facet normal 0 1 0
    outer loop
      vertex 16.4127 3.2 -5.53469
      vertex 15.7934 3.2 -5.79124
      vertex 15.7518 3.2 -5.74065
    endloop
  endfacet
  facet normal 0 1 0
    outer loop
      vertex 16.4234 3.2 -5.59925
      vertex 15.8315 3.2 -5.84443
      vertex 15.7934 3.2 -5.79124
    endloop
  endfacet
  facet normal 0 1 0
    outer loop
      vertex 15.9239 3.2 -6.01732
      vertex 16.4803 3.2 -5.78685
      vertex 16.5073 3.2 -5.84645
    endloop
  endfacet
  facet normal 0 1 0
    outer loop
      vertex 16.4382 3.2 -5.66298
      vertex 15.866 3.2 -5.9
      vertex 15.8315 3.2 -5.84443
    endloop
  endfacet
  facet normal 0 1 0
    outer loop
      vertex 15.9469 3.2 -6.07856
      vertex 16.5073 3.2 -5.84645
      vertex 16.5381 3.2 -5.90416
    endloop
  endfacet
  facet normal 0 1 0
    outer loop
      vertex 16.4572 3.2 -5.7256
      vertex 15.8969 3.2 -5.95771
      vertex 15.866 3.2 -5.9
    endloop
  endfacet
  facet normal 0 1 0
    outer loop
      vertex 15.9659 3.2 -6.14118
      vertex 16.5381 3.2 -5.90416
      vertex 16.5727 3.2 -5.95973
    endloop
  endfacet
  facet normal 0 1 0
    outer loop
      vertex 15.9808 3.2 -6.20491
      vertex 16.5727 3.2 -5.95973
      vertex 16.6108 3.2 -6.01292
    endloop
  endfacet
  facet normal 0 1 0
    outer loop
      vertex 16.4803 3.2 -5.78685
      vertex 15.9239 3.2 -6.01732
      vertex 15.8969 3.2 -5.95771
    endloop
  endfacet
  facet normal 0 1 0
    outer loop
      vertex 15.9914 3.2 -6.26947
      vertex 16.6108 3.2 -6.01292
      vertex 16.6523 3.2 -6.06351
    endloop
  endfacet
  facet normal 0 1 0
    outer loop
      vertex 16.5073 3.2 -5.84645
      vertex 15.9469 3.2 -6.07856
      vertex 15.9239 3.2 -6.01732
    endloop
  endfacet
  facet normal 0 1 0
    outer loop
      vertex 15.9979 3.2 -6.3346
      vertex 16.6523 3.2 -6.06351
      vertex 16.6971 3.2 -6.11127
    endloop
  endfacet
  facet normal 0 1 0
    outer loop
      vertex 16.5381 3.2 -5.90416
      vertex 15.9659 3.2 -6.14118
      vertex 15.9469 3.2 -6.07856
    endloop
  endfacet
  facet normal 0 1 0
    outer loop
      vertex 16 3.2 -6.4
      vertex 16.6971 3.2 -6.11127
      vertex 16.7448 3.2 -6.156
    endloop
  endfacet
  facet normal 0 1 0
    outer loop
      vertex 15.9979 3.2 -6.4654
      vertex 16.7448 3.2 -6.156
      vertex 16.7954 3.2 -6.19752
    endloop
  endfacet
  facet normal 0 1 0
    outer loop
      vertex 16.5727 3.2 -5.95973
      vertex 15.9808 3.2 -6.20491
      vertex 15.9659 3.2 -6.14118
    endloop
  endfacet
  facet normal 0 1 0
    outer loop
      vertex 15.9914 3.2 -6.53053
      vertex 16.7954 3.2 -6.19752
      vertex 16.8486 3.2 -6.23563
    endloop
  endfacet
  facet normal 0 1 0
    outer loop
      vertex 16.6108 3.2 -6.01292
      vertex 15.9914 3.2 -6.26947
      vertex 15.9808 3.2 -6.20491
    endloop
  endfacet
  facet normal 0 1 0
    outer loop
      vertex 15.9808 3.2 -6.59509
      vertex 16.8486 3.2 -6.23563
      vertex 16.9042 3.2 -6.27019
    endloop
  endfacet
  facet normal 0 1 0
    outer loop
      vertex 15.9659 3.2 -6.65882
      vertex 16.9042 3.2 -6.27019
      vertex 16.9619 3.2 -6.30103
    endloop
  endfacet
  facet normal 0 1 0
    outer loop
      vertex 15.9469 3.2 -6.72144
      vertex 16.9619 3.2 -6.30103
      vertex 17.0215 3.2 -6.32804
    endloop
  endfacet
  facet normal 0 1 0
    outer loop
      vertex 16.6523 3.2 -6.06351
      vertex 15.9979 3.2 -6.3346
      vertex 15.9914 3.2 -6.26947
    endloop
  endfacet
  facet normal 0 1 0
    outer loop
      vertex 15.9239 3.2 -6.78268
      vertex 17.0215 3.2 -6.32804
      vertex 17.0827 3.2 -6.35109
    endloop
  endfacet
  facet normal 0 1 0
    outer loop
      vertex 15.8969 3.2 -6.84229
      vertex 17.0827 3.2 -6.35109
      vertex 17.1453 3.2 -6.37009
    endloop
  endfacet
  facet normal 0 1 0
    outer loop
      vertex 15.866 3.2 -6.9
      vertex 17.1453 3.2 -6.37009
      vertex 17.2091 3.2 -6.38495
    endloop
  endfacet
  facet normal 0 1 0
    outer loop
      vertex 15.8315 3.2 -6.95557
      vertex 17.2091 3.2 -6.38495
      vertex 17.2736 3.2 -6.39561
    endloop
  endfacet
  facet normal 0 1 0
    outer loop
      vertex 16.6971 3.2 -6.11127
      vertex 16 3.2 -6.4
      vertex 15.9979 3.2 -6.3346
    endloop
  endfacet
  facet normal 0 1 0
    outer loop
      vertex 15.7934 3.2 -7.00876
      vertex 17.2736 3.2 -6.39561
      vertex 17.3388 3.2 -6.40202
    endloop
  endfacet
  facet normal 0 1 0
    outer loop
      vertex 15.7518 3.2 -7.05935
      vertex 17.3388 3.2 -6.40202
      vertex 17.4042 3.2 -6.40416
    endloop
  endfacet
  facet normal 0 1 0
    outer loop
      vertex 16.7448 3.2 -6.156
      vertex 15.9979 3.2 -6.4654
      vertex 16 3.2 -6.4
    endloop
  endfacet
  facet normal 0 1 0
    outer loop
      vertex 15 3.2 -4.2
      vertex 14.6173 3.2 -5.47612
      vertex 13.5197 3.2 -5.02148
    endloop
  endfacet
  facet normal 0 1 0
    outer loop
      vertex 13.5197 3.2 -5.02148
      vertex 14.6173 3.2 -5.47612
      vertex 13.5428 3.2 -5.08272
    endloop
  endfacet
  facet normal 0 1 -0
    outer loop
      vertex 14.5577 3.2 -5.50313
      vertex 13.5428 3.2 -5.08272
      vertex 14.6173 3.2 -5.47612
    endloop
  endfacet
  facet normal 0 1 0
    outer loop
      vertex 13.5428 3.2 -5.08272
      vertex 14.5577 3.2 -5.50313
      vertex 13.5618 3.2 -5.14534
    endloop
  endfacet
  facet normal 0 1 -0
    outer loop
      vertex 14.5 3.2 -5.53397
      vertex 13.5618 3.2 -5.14534
      vertex 14.5577 3.2 -5.50313
    endloop
  endfacet
  facet normal 0 1 0
    outer loop
      vertex 13.5618 3.2 -5.14534
      vertex 14.5 3.2 -5.53397
      vertex 13.5766 3.2 -5.20907
    endloop
  endfacet
  facet normal 0 1 -0
    outer loop
      vertex 14.4444 3.2 -5.56853
      vertex 13.5766 3.2 -5.20907
      vertex 14.5 3.2 -5.53397
    endloop
  endfacet
  facet normal 0 1 0
    outer loop
      vertex 13.5766 3.2 -5.20907
      vertex 14.4444 3.2 -5.56853
      vertex 13.5873 3.2 -5.27364
    endloop
  endfacet
  facet normal 0 1 -0
    outer loop
      vertex 14.3912 3.2 -5.60665
      vertex 13.5873 3.2 -5.27364
      vertex 14.4444 3.2 -5.56853
    endloop
  endfacet
  facet normal 0 1 0
    outer loop
      vertex 13.5873 3.2 -5.27364
      vertex 14.3912 3.2 -5.60665
      vertex 13.5937 3.2 -5.33876
    endloop
  endfacet
  facet normal 0 1 -0
    outer loop
      vertex 14.3407 3.2 -5.64816
      vertex 13.5937 3.2 -5.33876
      vertex 14.3912 3.2 -5.60665
    endloop
  endfacet
  facet normal 0 1 0
    outer loop
      vertex 13.5937 3.2 -5.33876
      vertex 14.3407 3.2 -5.64816
      vertex 13.5958 3.2 -5.40416
    endloop
  endfacet
  facet normal 0 1 -0
    outer loop
      vertex 14.2929 3.2 -5.69289
      vertex 13.5958 3.2 -5.40416
      vertex 14.3407 3.2 -5.64816
    endloop
  endfacet
  facet normal 0 1 0
    outer loop
      vertex 13.5958 3.2 -5.40416
      vertex 14.2929 3.2 -5.69289
      vertex 13.5937 3.2 -5.46957
    endloop
  endfacet
  facet normal 0 1 -0
    outer loop
      vertex 14.2482 3.2 -5.74065
      vertex 13.5937 3.2 -5.46957
      vertex 14.2929 3.2 -5.69289
    endloop
  endfacet
  facet normal 0 1 0
    outer loop
      vertex 13.5937 3.2 -5.46957
      vertex 14.2482 3.2 -5.74065
      vertex 13.5873 3.2 -5.53469
    endloop
  endfacet
  facet normal 0 1 -0
    outer loop
      vertex 14.2066 3.2 -5.79124
      vertex 13.5873 3.2 -5.53469
      vertex 14.2482 3.2 -5.74065
    endloop
  endfacet
  facet normal 0 1 0
    outer loop
      vertex 13.5873 3.2 -5.53469
      vertex 14.2066 3.2 -5.79124
      vertex 13.5766 3.2 -5.59925
    endloop
  endfacet
  facet normal 0 1 -0
    outer loop
      vertex 14.1685 3.2 -5.84443
      vertex 13.5766 3.2 -5.59925
      vertex 14.2066 3.2 -5.79124
    endloop
  endfacet
  facet normal 0 1 0
    outer loop
      vertex 13.5766 3.2 -5.59925
      vertex 14.1685 3.2 -5.84443
      vertex 13.5618 3.2 -5.66298
    endloop
  endfacet
  facet normal 0 1 -0
    outer loop
      vertex 14.134 3.2 -5.9
      vertex 13.5618 3.2 -5.66298
      vertex 14.1685 3.2 -5.84443
    endloop
  endfacet
  facet normal 0 1 0
    outer loop
      vertex 13.5618 3.2 -5.66298
      vertex 14.134 3.2 -5.9
      vertex 13.5428 3.2 -5.7256
    endloop
  endfacet
  facet normal 0 1 -0
    outer loop
      vertex 14.1031 3.2 -5.95771
      vertex 13.5428 3.2 -5.7256
      vertex 14.134 3.2 -5.9
    endloop
  endfacet
  facet normal 0 1 0
    outer loop
      vertex 13.5428 3.2 -5.7256
      vertex 14.1031 3.2 -5.95771
      vertex 13.5197 3.2 -5.78685
    endloop
  endfacet
  facet normal 0 1 -0
    outer loop
      vertex 14.0761 3.2 -6.01732
      vertex 13.5197 3.2 -5.78685
      vertex 14.1031 3.2 -5.95771
    endloop
  endfacet
  facet normal 0 1 0
    outer loop
      vertex 13.5197 3.2 -5.78685
      vertex 14.0761 3.2 -6.01732
      vertex 13.4927 3.2 -5.84645
    endloop
  endfacet
  facet normal 0 1 -0
    outer loop
      vertex 14.0531 3.2 -6.07856
      vertex 13.4927 3.2 -5.84645
      vertex 14.0761 3.2 -6.01732
    endloop
  endfacet
  facet normal 0 1 0
    outer loop
      vertex 13.4927 3.2 -5.84645
      vertex 14.0531 3.2 -6.07856
      vertex 13.4619 3.2 -5.90416
    endloop
  endfacet
  facet normal 0 1 -0
    outer loop
      vertex 14.0341 3.2 -6.14118
      vertex 13.4619 3.2 -5.90416
      vertex 14.0531 3.2 -6.07856
    endloop
  endfacet
  facet normal 0 1 0
    outer loop
      vertex 13.4619 3.2 -5.90416
      vertex 14.0341 3.2 -6.14118
      vertex 13.4273 3.2 -5.95973
    endloop
  endfacet
  facet normal 0 1 -0
    outer loop
      vertex 14.0192 3.2 -6.20491
      vertex 13.4273 3.2 -5.95973
      vertex 14.0341 3.2 -6.14118
    endloop
  endfacet
  facet normal 0 1 0
    outer loop
      vertex 13.4273 3.2 -5.95973
      vertex 14.0192 3.2 -6.20491
      vertex 13.3892 3.2 -6.01292
    endloop
  endfacet
  facet normal 0 1 -0
    outer loop
      vertex 14.0086 3.2 -6.26947
      vertex 13.3892 3.2 -6.01292
      vertex 14.0192 3.2 -6.20491
    endloop
  endfacet
  facet normal 0 1 0
    outer loop
      vertex 13.3892 3.2 -6.01292
      vertex 14.0086 3.2 -6.26947
      vertex 13.3477 3.2 -6.06351
    endloop
  endfacet
  facet normal 0 1 -0
    outer loop
      vertex 14.0021 3.2 -6.3346
      vertex 13.3477 3.2 -6.06351
      vertex 14.0086 3.2 -6.26947
    endloop
  endfacet
  facet normal 0 1 0
    outer loop
      vertex 13.3477 3.2 -6.06351
      vertex 14.0021 3.2 -6.3346
      vertex 13.3029 3.2 -6.11127
    endloop
  endfacet
  facet normal 0 1 -0
    outer loop
      vertex 14 3.2 -6.4
      vertex 13.3029 3.2 -6.11127
      vertex 14.0021 3.2 -6.3346
    endloop
  endfacet
  facet normal 0 1 0
    outer loop
      vertex 13.3029 3.2 -6.11127
      vertex 14 3.2 -6.4
      vertex 13.2552 3.2 -6.156
    endloop
  endfacet
  facet normal 0 1 0
    outer loop
      vertex 14.0021 3.2 -6.4654
      vertex 13.2552 3.2 -6.156
      vertex 14 3.2 -6.4
    endloop
  endfacet
  facet normal 0 1 0
    outer loop
      vertex 13.2552 3.2 -6.156
      vertex 14.0021 3.2 -6.4654
      vertex 13.2046 3.2 -6.19752
    endloop
  endfacet
  facet normal 0 1 0
    outer loop
      vertex 14.0086 3.2 -6.53053
      vertex 13.2046 3.2 -6.19752
      vertex 14.0021 3.2 -6.4654
    endloop
  endfacet
  facet normal 0 1 0
    outer loop
      vertex 13.2046 3.2 -6.19752
      vertex 14.0086 3.2 -6.53053
      vertex 13.1514 3.2 -6.23563
    endloop
  endfacet
  facet normal 0 1 0
    outer loop
      vertex 14.0192 3.2 -6.59509
      vertex 13.1514 3.2 -6.23563
      vertex 14.0086 3.2 -6.53053
    endloop
  endfacet
  facet normal 0 1 0
    outer loop
      vertex 13.1514 3.2 -6.23563
      vertex 14.0192 3.2 -6.59509
      vertex 13.0958 3.2 -6.27019
    endloop
  endfacet
  facet normal 0 1 0
    outer loop
      vertex 14.0341 3.2 -6.65882
      vertex 13.0958 3.2 -6.27019
      vertex 14.0192 3.2 -6.59509
    endloop
  endfacet
  facet normal 0 1 0
    outer loop
      vertex 13.0958 3.2 -6.27019
      vertex 14.0341 3.2 -6.65882
      vertex 13.0381 3.2 -6.30103
    endloop
  endfacet
  facet normal 0 1 0
    outer loop
      vertex 14.0531 3.2 -6.72144
      vertex 13.0381 3.2 -6.30103
      vertex 14.0341 3.2 -6.65882
    endloop
  endfacet
  facet normal 0 1 0
    outer loop
      vertex 13.0381 3.2 -6.30103
      vertex 14.0531 3.2 -6.72144
      vertex 12.9785 3.2 -6.32804
    endloop
  endfacet
  facet normal 0 1 0
    outer loop
      vertex 14.0761 3.2 -6.78268
      vertex 12.9785 3.2 -6.32804
      vertex 14.0531 3.2 -6.72144
    endloop
  endfacet
  facet normal 0 1 0
    outer loop
      vertex 12.9785 3.2 -6.32804
      vertex 14.0761 3.2 -6.78268
      vertex 12.9173 3.2 -6.35109
    endloop
  endfacet
  facet normal 0 1 0
    outer loop
      vertex 14.2482 3.2 1.05935
      vertex 12.6612 3.2 0.402021
      vertex 12.5958 3.2 0.404162
    endloop
  endfacet
  facet normal 0 1 0
    outer loop
      vertex 13.2552 3.2 0.156002
      vertex 14.0021 3.2 0.465403
      vertex 14 3.2 0.4
    endloop
  endfacet
  facet normal 0 1 0
    outer loop
      vertex 14.0086 3.2 0.530526
      vertex 12.7264 3.2 0.395607
      vertex 12.6612 3.2 0.402021
    endloop
  endfacet
  facet normal 0 1 0
    outer loop
      vertex 14.0086 3.2 0.530526
      vertex 12.7909 3.2 0.384948
      vertex 12.7264 3.2 0.395607
    endloop
  endfacet
  facet normal 0 1 0
    outer loop
      vertex 14.0086 3.2 0.530526
      vertex 12.8547 3.2 0.370089
      vertex 12.7909 3.2 0.384948
    endloop
  endfacet
  facet normal 0 1 0
    outer loop
      vertex 14.0086 3.2 0.530526
      vertex 12.9173 3.2 0.351092
      vertex 12.8547 3.2 0.370089
    endloop
  endfacet
  facet normal 0 1 0
    outer loop
      vertex 13.3029 3.2 0.111269
      vertex 14 3.2 0.4
      vertex 14.0021 3.2 0.334597
    endloop
  endfacet
  facet normal 0 1 0
    outer loop
      vertex 14.0086 3.2 0.530526
      vertex 12.9785 3.2 0.328042
      vertex 12.9173 3.2 0.351092
    endloop
  endfacet
  facet normal 0 1 0
    outer loop
      vertex 14.0086 3.2 0.530526
      vertex 13.0381 3.2 0.301035
      vertex 12.9785 3.2 0.328042
    endloop
  endfacet
  facet normal 0 1 0
    outer loop
      vertex 14.0086 3.2 0.530526
      vertex 13.0958 3.2 0.270188
      vertex 13.0381 3.2 0.301035
    endloop
  endfacet
  facet normal 0 1 0
    outer loop
      vertex 13.3477 3.2 0.063508
      vertex 14.0021 3.2 0.334597
      vertex 14.0086 3.2 0.269473
    endloop
  endfacet
  facet normal 0 1 0
    outer loop
      vertex 14.0086 3.2 0.530526
      vertex 13.1514 3.2 0.235632
      vertex 13.0958 3.2 0.270188
    endloop
  endfacet
  facet normal 0 1 0
    outer loop
      vertex 13.3892 3.2 0.0129242
      vertex 14.0086 3.2 0.269473
      vertex 14.0192 3.2 0.204909
    endloop
  endfacet
  facet normal 0 1 0
    outer loop
      vertex 14.0086 3.2 0.530526
      vertex 13.2046 3.2 0.197515
      vertex 13.1514 3.2 0.235632
    endloop
  endfacet
  facet normal 0 1 0
    outer loop
      vertex 14.0021 3.2 0.465403
      vertex 13.2552 3.2 0.156002
      vertex 13.2046 3.2 0.197515
    endloop
  endfacet
  facet normal 0 1 0
    outer loop
      vertex 13.4273 3.2 -0.040266
      vertex 14.0192 3.2 0.204909
      vertex 14.0341 3.2 0.14118
    endloop
  endfacet
  facet normal 0 1 0
    outer loop
      vertex 14 3.2 0.4
      vertex 13.3029 3.2 0.111269
      vertex 13.2552 3.2 0.156002
    endloop
  endfacet
  facet normal 0 1 0
    outer loop
      vertex 13.4619 3.2 -0.0958366
      vertex 14.0341 3.2 0.14118
      vertex 14.0531 3.2 0.0785599
    endloop
  endfacet
  facet normal 0 1 0
    outer loop
      vertex 14.0021 3.2 0.334597
      vertex 13.3477 3.2 0.063508
      vertex 13.3029 3.2 0.111269
    endloop
  endfacet
  facet normal 0 1 0
    outer loop
      vertex 13.4927 3.2 -0.153548
      vertex 14.0531 3.2 0.0785599
      vertex 14.0761 3.2 0.0173159
    endloop
  endfacet
  facet normal 0 1 0
    outer loop
      vertex 14.0086 3.2 0.269473
      vertex 13.3892 3.2 0.0129242
      vertex 13.3477 3.2 0.063508
    endloop
  endfacet
  facet normal 0 1 0
    outer loop
      vertex 14.0192 3.2 0.204909
      vertex 13.4273 3.2 -0.040266
      vertex 13.3892 3.2 0.0129242
    endloop
  endfacet
  facet normal 0 1 0
    outer loop
      vertex 13.5197 3.2 -0.213153
      vertex 14.0761 3.2 0.0173159
      vertex 14.1031 3.2 -0.0422878
    endloop
  endfacet
  facet normal 0 1 0
    outer loop
      vertex 14.0341 3.2 0.14118
      vertex 13.4619 3.2 -0.0958366
      vertex 13.4273 3.2 -0.040266
    endloop
  endfacet
  facet normal 0 1 0
    outer loop
      vertex 13.5428 3.2 -0.274397
      vertex 14.1031 3.2 -0.0422878
      vertex 14.134 3.2 -0.0999994
    endloop
  endfacet
  facet normal 0 1 0
    outer loop
      vertex 14.0531 3.2 0.0785599
      vertex 13.4927 3.2 -0.153548
      vertex 13.4619 3.2 -0.0958366
    endloop
  endfacet
  facet normal 0 1 0
    outer loop
      vertex 13.5618 3.2 -0.337017
      vertex 14.134 3.2 -0.0999994
      vertex 14.1685 3.2 -0.15557
    endloop
  endfacet
  facet normal 0 1 0
    outer loop
      vertex 13.5766 3.2 -0.400746
      vertex 14.1685 3.2 -0.15557
      vertex 14.2066 3.2 -0.208761
    endloop
  endfacet
  facet normal 0 1 0
    outer loop
      vertex 14.0761 3.2 0.0173159
      vertex 13.5197 3.2 -0.213153
      vertex 13.4927 3.2 -0.153548
    endloop
  endfacet
  facet normal 0 1 0
    outer loop
      vertex 13.5873 3.2 -0.46531
      vertex 14.2066 3.2 -0.208761
      vertex 14.2482 3.2 -0.259345
    endloop
  endfacet
  facet normal 0 1 0
    outer loop
      vertex 14.1031 3.2 -0.0422878
      vertex 13.5428 3.2 -0.274397
      vertex 13.5197 3.2 -0.213153
    endloop
  endfacet
  facet normal 0 1 0
    outer loop
      vertex 13.5937 3.2 -0.530434
      vertex 14.2482 3.2 -0.259345
      vertex 14.2929 3.2 -0.307106
    endloop
  endfacet
  facet normal 0 1 0
    outer loop
      vertex 14.134 3.2 -0.0999994
      vertex 13.5618 3.2 -0.337017
      vertex 13.5428 3.2 -0.274397
    endloop
  endfacet
  facet normal 0 1 0
    outer loop
      vertex 13.5958 3.2 -0.595837
      vertex 14.2929 3.2 -0.307106
      vertex 14.3407 3.2 -0.351839
    endloop
  endfacet
  facet normal 0 1 0
    outer loop
      vertex 13.5937 3.2 -0.66124
      vertex 14.3407 3.2 -0.351839
      vertex 14.3912 3.2 -0.393353
    endloop
  endfacet
  facet normal 0 1 0
    outer loop
      vertex 14.1685 3.2 -0.15557
      vertex 13.5766 3.2 -0.400746
      vertex 13.5618 3.2 -0.337017
    endloop
  endfacet
  facet normal 0 1 0
    outer loop
      vertex 13.5873 3.2 -0.726362
      vertex 14.3912 3.2 -0.393353
      vertex 14.4444 3.2 -0.431469
    endloop
  endfacet
  facet normal 0 1 0
    outer loop
      vertex 14.2066 3.2 -0.208761
      vertex 13.5873 3.2 -0.46531
      vertex 13.5766 3.2 -0.400746
    endloop
  endfacet
  facet normal 0 1 0
    outer loop
      vertex 13.5766 3.2 -0.790927
      vertex 14.4444 3.2 -0.431469
      vertex 14.5 3.2 -0.466025
    endloop
  endfacet
  facet normal 0 1 0
    outer loop
      vertex 13.5618 3.2 -0.854655
      vertex 14.5 3.2 -0.466025
      vertex 14.5577 3.2 -0.496872
    endloop
  endfacet
  facet normal 0 1 0
    outer loop
      vertex 14.5408 3.2 -1.89134
      vertex 14.5577 3.2 -0.496872
      vertex 14.6173 3.2 -0.523879
    endloop
  endfacet
  facet normal 0 1 0
    outer loop
      vertex 14.2482 3.2 -0.259345
      vertex 13.5937 3.2 -0.530434
      vertex 13.5873 3.2 -0.46531
    endloop
  endfacet
  facet normal 0 1 0
    outer loop
      vertex 14.6143 3.2 -1.86368
      vertex 14.6173 3.2 -0.523879
      vertex 14.6786 3.2 -0.546929
    endloop
  endfacet
  facet normal 0 1 -0
    outer loop
      vertex 14.6894 3.2 -1.84089
      vertex 14.6786 3.2 -0.546929
      vertex 14.7412 3.2 -0.565926
    endloop
  endfacet
  facet normal 0 1 -0
    outer loop
      vertex 14.7659 3.2 -1.82306
      vertex 14.7412 3.2 -0.565926
      vertex 14.8049 3.2 -0.580785
    endloop
  endfacet
  facet normal 0 1 -0
    outer loop
      vertex 14.8434 3.2 -1.81027
      vertex 14.8049 3.2 -0.580785
      vertex 14.8695 3.2 -0.591444
    endloop
  endfacet
  facet normal 0 1 0
    outer loop
      vertex 14.2929 3.2 -0.307106
      vertex 13.5958 3.2 -0.595837
      vertex 13.5937 3.2 -0.530434
    endloop
  endfacet
  facet normal 0 1 -0
    outer loop
      vertex 14.9215 3.2 -1.80257
      vertex 14.8695 3.2 -0.591444
      vertex 14.9346 3.2 -0.597858
    endloop
  endfacet
  facet normal 0 1 -0
    outer loop
      vertex 15 3.2 -1.8
      vertex 14.9346 3.2 -0.597858
      vertex 15 3.2 -0.599999
    endloop
  endfacet
  facet normal 0 1 0
    outer loop
      vertex 15.3827 3.2 -0.523879
      vertex 15.3857 3.2 -1.86368
      vertex 15.3214 3.2 -0.546929
    endloop
  endfacet
  facet normal 0 1 0
    outer loop
      vertex 14.9346 3.2 -0.597858
      vertex 15 3.2 -1.8
      vertex 14.9215 3.2 -1.80257
    endloop
  endfacet
  facet normal -0 1 0
    outer loop
      vertex 15.3106 3.2 -1.84089
      vertex 15.3214 3.2 -0.546929
      vertex 15.3857 3.2 -1.86368
    endloop
  endfacet
  facet normal 0 1 0
    outer loop
      vertex 14.8695 3.2 -0.591444
      vertex 14.9215 3.2 -1.80257
      vertex 14.8434 3.2 -1.81027
    endloop
  endfacet
  facet normal 0 1 0
    outer loop
      vertex 15.2588 3.2 -0.565926
      vertex 15.2341 3.2 -1.82306
      vertex 15.1951 3.2 -0.580785
    endloop
  endfacet
  facet normal 0 1 0
    outer loop
      vertex 14.8049 3.2 -0.580785
      vertex 14.8434 3.2 -1.81027
      vertex 14.7659 3.2 -1.82306
    endloop
  endfacet
  facet normal -0 1 0
    outer loop
      vertex 15.1566 3.2 -1.81027
      vertex 15.1951 3.2 -0.580785
      vertex 15.2341 3.2 -1.82306
    endloop
  endfacet
  facet normal 0 1 0
    outer loop
      vertex 14.3407 3.2 -0.351839
      vertex 13.5937 3.2 -0.66124
      vertex 13.5958 3.2 -0.595837
    endloop
  endfacet
  facet normal -0 1 0
    outer loop
      vertex 15.2341 3.2 -1.82306
      vertex 15.2588 3.2 -0.565926
      vertex 15.3106 3.2 -1.84089
    endloop
  endfacet
  facet normal 0 1 0
    outer loop
      vertex 14.7412 3.2 -0.565926
      vertex 14.7659 3.2 -1.82306
      vertex 14.6894 3.2 -1.84089
    endloop
  endfacet
  facet normal 0 1 0
    outer loop
      vertex 15.4592 3.2 -1.89134
      vertex 16.4572 3.2 -0.917276
      vertex 16.4803 3.2 -0.978519
    endloop
  endfacet
  facet normal 0 1 0
    outer loop
      vertex 14.3912 3.2 -0.393353
      vertex 13.5873 3.2 -0.726362
      vertex 13.5937 3.2 -0.66124
    endloop
  endfacet
  facet normal 0 1 0
    outer loop
      vertex 15.5307 3.2 -1.92375
      vertex 16.4803 3.2 -0.978519
      vertex 16.5073 3.2 -1.03813
    endloop
  endfacet
  facet normal 0 1 0
    outer loop
      vertex 14.4444 3.2 -0.431469
      vertex 13.5766 3.2 -0.790927
      vertex 13.5873 3.2 -0.726362
    endloop
  endfacet
  facet normal 0 1 0
    outer loop
      vertex 15.6 3.2 -1.96077
      vertex 16.5073 3.2 -1.03813
      vertex 16.5381 3.2 -1.09584
    endloop
  endfacet
  facet normal 0 1 0
    outer loop
      vertex 14.6786 3.2 -0.546929
      vertex 14.6894 3.2 -1.84089
      vertex 14.6143 3.2 -1.86368
    endloop
  endfacet
  facet normal 0 1 0
    outer loop
      vertex 15.6 3.2 -1.96077
      vertex 16.5381 3.2 -1.09584
      vertex 16.5727 3.2 -1.15141
    endloop
  endfacet
  facet normal 0 1 0
    outer loop
      vertex 14.5 3.2 -0.466025
      vertex 13.5618 3.2 -0.854655
      vertex 13.5766 3.2 -0.790927
    endloop
  endfacet
  facet normal 0 1 0
    outer loop
      vertex 15.6 3.2 -1.96077
      vertex 16.5727 3.2 -1.15141
      vertex 16.6108 3.2 -1.2046
    endloop
  endfacet
  facet normal 0 1 0
    outer loop
      vertex 14.6173 3.2 -0.523879
      vertex 14.6143 3.2 -1.86368
      vertex 14.5408 3.2 -1.89134
    endloop
  endfacet
  facet normal 0 1 0
    outer loop
      vertex 15.6 3.2 -1.96077
      vertex 16.6108 3.2 -1.2046
      vertex 16.6523 3.2 -1.25518
    endloop
  endfacet
  facet normal 0 1 0
    outer loop
      vertex 14.5577 3.2 -0.496872
      vertex 13.5428 3.2 -0.917276
      vertex 13.5618 3.2 -0.854655
    endloop
  endfacet
  facet normal 0 1 0
    outer loop
      vertex 15.6 3.2 -1.96077
      vertex 16.6523 3.2 -1.25518
      vertex 16.6971 3.2 -1.30294
    endloop
  endfacet
  facet normal 0 1 0
    outer loop
      vertex 14.5577 3.2 -0.496872
      vertex 14.5408 3.2 -1.89134
      vertex 13.5428 3.2 -0.917276
    endloop
  endfacet
  facet normal 0 1 0
    outer loop
      vertex 15.6 3.2 -1.96077
      vertex 16.6971 3.2 -1.30294
      vertex 16.7448 3.2 -1.34768
    endloop
  endfacet
  facet normal 0 1 0
    outer loop
      vertex 13.5428 3.2 -0.917276
      vertex 14.5408 3.2 -1.89134
      vertex 13.5197 3.2 -0.978519
    endloop
  endfacet
  facet normal 0 1 0
    outer loop
      vertex 15.6 3.2 -1.96077
      vertex 16.7448 3.2 -1.34768
      vertex 16.7954 3.2 -1.38919
    endloop
  endfacet
  facet normal 0 1 -0
    outer loop
      vertex 14.4693 3.2 -1.92375
      vertex 13.5197 3.2 -0.978519
      vertex 14.5408 3.2 -1.89134
    endloop
  endfacet
  facet normal 0 1 0
    outer loop
      vertex 15.6 3.2 -1.96077
      vertex 16.7954 3.2 -1.38919
      vertex 16.8486 3.2 -1.42731
    endloop
  endfacet
  facet normal 0 1 0
    outer loop
      vertex 13.5197 3.2 -0.978519
      vertex 14.4693 3.2 -1.92375
      vertex 13.4927 3.2 -1.03813
    endloop
  endfacet
  facet normal 0 1 0
    outer loop
      vertex 15.6 3.2 -1.96077
      vertex 16.8486 3.2 -1.42731
      vertex 16.9042 3.2 -1.46186
    endloop
  endfacet
  facet normal 0 1 -0
    outer loop
      vertex 14.4 3.2 -1.96077
      vertex 13.4927 3.2 -1.03813
      vertex 14.4693 3.2 -1.92375
    endloop
  endfacet
  facet normal 0 1 0
    outer loop
      vertex 15.6 3.2 -1.96077
      vertex 16.9042 3.2 -1.46186
      vertex 16.9619 3.2 -1.49271
    endloop
  endfacet
  facet normal 0 1 0
    outer loop
      vertex 13.4927 3.2 -1.03813
      vertex 14.4 3.2 -1.96077
      vertex 13.4619 3.2 -1.09584
    endloop
  endfacet
  facet normal 0 1 0
    outer loop
      vertex 15.6 3.2 -1.96077
      vertex 16.9619 3.2 -1.49271
      vertex 17.0215 3.2 -1.51972
    endloop
  endfacet
  facet normal 0 1 -0
    outer loop
      vertex 14.3333 3.2 -2.00224
      vertex 13.4619 3.2 -1.09584
      vertex 14.4 3.2 -1.96077
    endloop
  endfacet
  facet normal 0 1 0
    outer loop
      vertex 15.6 3.2 -1.96077
      vertex 17.0215 3.2 -1.51972
      vertex 17.0827 3.2 -1.54277
    endloop
  endfacet
  facet normal 0 1 0
    outer loop
      vertex 13.4619 3.2 -1.09584
      vertex 14.3333 3.2 -2.00224
      vertex 13.4273 3.2 -1.15141
    endloop
  endfacet
  facet normal 0 1 0
    outer loop
      vertex 15.6 3.2 -1.96077
      vertex 17.0827 3.2 -1.54277
      vertex 17.1453 3.2 -1.56176
    endloop
  endfacet
  facet normal 0 1 -0
    outer loop
      vertex 14.2695 3.2 -2.04798
      vertex 13.4273 3.2 -1.15141
      vertex 14.3333 3.2 -2.00224
    endloop
  endfacet
  facet normal 0 1 0
    outer loop
      vertex 15.6 3.2 -1.96077
      vertex 17.1453 3.2 -1.56176
      vertex 17.2091 3.2 -1.57662
    endloop
  endfacet
  facet normal 0 1 0
    outer loop
      vertex 13.4273 3.2 -1.15141
      vertex 14.2695 3.2 -2.04798
      vertex 13.3892 3.2 -1.2046
    endloop
  endfacet
  facet normal 0 1 0
    outer loop
      vertex 15.6 3.2 -1.96077
      vertex 17.2091 3.2 -1.57662
      vertex 17.2736 3.2 -1.58728
    endloop
  endfacet
  facet normal 0 1 -0
    outer loop
      vertex 14.2088 3.2 -2.09779
      vertex 13.3892 3.2 -1.2046
      vertex 14.2695 3.2 -2.04798
    endloop
  endfacet
  facet normal 0 1 -0
    outer loop
      vertex 17.9577 3.2 -2.10313
      vertex 17.7256 3.2 -1.54277
      vertex 18.0173 3.2 -2.07612
    endloop
  endfacet
  facet normal 0 1 0
    outer loop
      vertex 13.3892 3.2 -1.2046
      vertex 14.2088 3.2 -2.09779
      vertex 13.3477 3.2 -1.25518
    endloop
  endfacet
  facet normal 0 1 0
    outer loop
      vertex 17.7868 3.2 -1.51972
      vertex 18.0173 3.2 -2.07612
      vertex 17.7256 3.2 -1.54277
    endloop
  endfacet
  facet normal 0 1 -0
    outer loop
      vertex 14.1515 3.2 -2.15147
      vertex 13.3477 3.2 -1.25518
      vertex 14.2088 3.2 -2.09779
    endloop
  endfacet
  facet normal 0 1 -0
    outer loop
      vertex 14.9346 3.2 1.39786
      vertex -0.759786 3.2 2
      vertex 20.3 3.2 2
    endloop
  endfacet
  facet normal 0 1 -0
    outer loop
      vertex 14.8695 3.2 1.39144
      vertex -0.759786 3.2 2
      vertex 14.9346 3.2 1.39786
    endloop
  endfacet
  facet normal 0 1 0
    outer loop
      vertex 14.9346 3.2 1.39786
      vertex 20.3 3.2 2
      vertex 15 3.2 1.4
    endloop
  endfacet
  facet normal 0 1 0
    outer loop
      vertex 20.3 3.2 2
      vertex 15.0654 3.2 1.39786
      vertex 15 3.2 1.4
    endloop
  endfacet
  facet normal 0 1 0
    outer loop
      vertex 20.3 3.2 2
      vertex 15.1305 3.2 1.39144
      vertex 15.0654 3.2 1.39786
    endloop
  endfacet
  facet normal 0 1 0
    outer loop
      vertex 20.3 3.2 2
      vertex 15.1951 3.2 1.38078
      vertex 15.1305 3.2 1.39144
    endloop
  endfacet
  facet normal 0 1 0
    outer loop
      vertex 20.3 3.2 2
      vertex 15.2588 3.2 1.36593
      vertex 15.1951 3.2 1.38078
    endloop
  endfacet
  facet normal 0 1 0
    outer loop
      vertex 20.3 3.2 2
      vertex 15.3214 3.2 1.34693
      vertex 15.2588 3.2 1.36593
    endloop
  endfacet
  facet normal 0 1 0
    outer loop
      vertex 20.3 3.2 2
      vertex 15.3827 3.2 1.32388
      vertex 15.3214 3.2 1.34693
    endloop
  endfacet
  facet normal 0 1 0
    outer loop
      vertex 20.3 3.2 2
      vertex 15.4423 3.2 1.29687
      vertex 15.3827 3.2 1.32388
    endloop
  endfacet
  facet normal 0 1 0
    outer loop
      vertex 20.3 3.2 2
      vertex 15.5 3.2 1.26602
      vertex 15.4423 3.2 1.29687
    endloop
  endfacet
  facet normal 0 1 0
    outer loop
      vertex 20.3 3.2 2
      vertex 15.5556 3.2 1.23147
      vertex 15.5 3.2 1.26602
    endloop
  endfacet
  facet normal 0 1 0
    outer loop
      vertex 20.3 3.2 2
      vertex 15.6088 3.2 1.19335
      vertex 15.5556 3.2 1.23147
    endloop
  endfacet
  facet normal 0 1 0
    outer loop
      vertex 20.3 3.2 2
      vertex 15.6593 3.2 1.15184
      vertex 15.6088 3.2 1.19335
    endloop
  endfacet
  facet normal 0 1 -0
    outer loop
      vertex 17.4696 3.2 0.402021
      vertex 15.6593 3.2 1.15184
      vertex 20.3 3.2 2
    endloop
  endfacet
  facet normal 0 1 0
    outer loop
      vertex 15.6593 3.2 1.15184
      vertex 17.4696 3.2 0.402021
      vertex 15.7071 3.2 1.10711
    endloop
  endfacet
  facet normal -0 1 -0
    outer loop
      vertex 17.4042 3.2 0.404162
      vertex 15.7071 3.2 1.10711
      vertex 17.4696 3.2 0.402021
    endloop
  endfacet
  facet normal 0 1 0
    outer loop
      vertex 15.7071 3.2 1.10711
      vertex 17.4042 3.2 0.404162
      vertex 15.7518 3.2 1.05935
    endloop
  endfacet
  facet normal 0 1 -0
    outer loop
      vertex 17.3388 3.2 0.402021
      vertex 15.7518 3.2 1.05935
      vertex 17.4042 3.2 0.404162
    endloop
  endfacet
  facet normal 0 1 -0
    outer loop
      vertex 17.2736 3.2 0.395607
      vertex 15.7934 3.2 1.00876
      vertex 17.3388 3.2 0.402021
    endloop
  endfacet
  facet normal 0 1 0
    outer loop
      vertex 15.7934 3.2 1.00876
      vertex 17.2736 3.2 0.395607
      vertex 15.8315 3.2 0.95557
    endloop
  endfacet
  facet normal 0 1 -0
    outer loop
      vertex 17.2091 3.2 0.384948
      vertex 15.8315 3.2 0.95557
      vertex 17.2736 3.2 0.395607
    endloop
  endfacet
  facet normal 0 1 0
    outer loop
      vertex 15.8315 3.2 0.95557
      vertex 17.2091 3.2 0.384948
      vertex 15.866 3.2 0.9
    endloop
  endfacet
  facet normal 0 1 -0
    outer loop
      vertex 17.1453 3.2 0.370089
      vertex 15.866 3.2 0.9
      vertex 17.2091 3.2 0.384948
    endloop
  endfacet
  facet normal 0 1 -0
    outer loop
      vertex 17.0827 3.2 0.351092
      vertex 15.8969 3.2 0.842288
      vertex 17.1453 3.2 0.370089
    endloop
  endfacet
  facet normal 0 1 0
    outer loop
      vertex 15.8969 3.2 0.842288
      vertex 17.0827 3.2 0.351092
      vertex 15.9239 3.2 0.782683
    endloop
  endfacet
  facet normal 0 1 0
    outer loop
      vertex 15.866 3.2 0.9
      vertex 17.1453 3.2 0.370089
      vertex 15.8969 3.2 0.842288
    endloop
  endfacet
  facet normal 0 1 0
    outer loop
      vertex 15.7518 3.2 1.05935
      vertex 17.3388 3.2 0.402021
      vertex 15.7934 3.2 1.00876
    endloop
  endfacet
  facet normal 0 1 0
    outer loop
      vertex 20.3 3.2 2
      vertex 17.5347 3.2 0.395607
      vertex 17.4696 3.2 0.402021
    endloop
  endfacet
  facet normal 0 1 0
    outer loop
      vertex 20.3 3.2 2
      vertex 17.5993 3.2 0.384948
      vertex 17.5347 3.2 0.395607
    endloop
  endfacet
  facet normal 0 1 0
    outer loop
      vertex 20.3 3.2 2
      vertex 17.663 3.2 0.370089
      vertex 17.5993 3.2 0.384948
    endloop
  endfacet
  facet normal 0 1 0
    outer loop
      vertex 20.3 3.2 2
      vertex 17.7256 3.2 0.351092
      vertex 17.663 3.2 0.370089
    endloop
  endfacet
  facet normal 0 1 0
    outer loop
      vertex 20.3 3.2 2
      vertex 17.7868 3.2 0.328042
      vertex 17.7256 3.2 0.351092
    endloop
  endfacet
  facet normal 0 1 0
    outer loop
      vertex 20.3 3.2 2
      vertex 17.8465 3.2 0.301035
      vertex 17.7868 3.2 0.328042
    endloop
  endfacet
  facet normal 0 1 0
    outer loop
      vertex 20.3 3.2 2
      vertex 17.9042 3.2 0.270188
      vertex 17.8465 3.2 0.301035
    endloop
  endfacet
  facet normal 0 1 0
    outer loop
      vertex 20.3 3.2 2
      vertex 17.9597 3.2 0.235632
      vertex 17.9042 3.2 0.270188
    endloop
  endfacet
  facet normal 0 1 0
    outer loop
      vertex 20.3 3.2 2
      vertex 18.0129 3.2 0.197515
      vertex 17.9597 3.2 0.235632
    endloop
  endfacet
  facet normal 0 1 0
    outer loop
      vertex 20.3 3.2 2
      vertex 18.0635 3.2 0.156002
      vertex 18.0129 3.2 0.197515
    endloop
  endfacet
  facet normal 0 1 0
    outer loop
      vertex 20.3 3.2 2
      vertex 18.1113 3.2 0.111269
      vertex 18.0635 3.2 0.156002
    endloop
  endfacet
  facet normal 0 1 0
    outer loop
      vertex 20.3 3.2 2
      vertex 18.156 3.2 0.063508
      vertex 18.1113 3.2 0.111269
    endloop
  endfacet
  facet normal 0 1 0
    outer loop
      vertex 20.3 3.2 2
      vertex 18.1975 3.2 0.0129242
      vertex 18.156 3.2 0.063508
    endloop
  endfacet
  facet normal 0 1 0
    outer loop
      vertex 20.3 3.2 2
      vertex 18.2356 3.2 -0.040266
      vertex 18.1975 3.2 0.0129242
    endloop
  endfacet
  facet normal 0 1 0
    outer loop
      vertex 20.3 3.2 2
      vertex 18.2702 3.2 -0.0958366
      vertex 18.2356 3.2 -0.040266
    endloop
  endfacet
  facet normal 0 1 0
    outer loop
      vertex 20.3 3.2 2
      vertex 18.301 3.2 -0.153548
      vertex 18.2702 3.2 -0.0958366
    endloop
  endfacet
  facet normal 0 1 0
    outer loop
      vertex 20.3 3.2 2
      vertex 18.328 3.2 -0.213153
      vertex 18.301 3.2 -0.153548
    endloop
  endfacet
  facet normal 0 1 0
    outer loop
      vertex 20.3 3.2 2
      vertex 18.3511 3.2 -0.274397
      vertex 18.328 3.2 -0.213153
    endloop
  endfacet
  facet normal 0 1 0
    outer loop
      vertex 20.3 3.2 2
      vertex 18.3701 3.2 -0.337017
      vertex 18.3511 3.2 -0.274397
    endloop
  endfacet
  facet normal 0 1 0
    outer loop
      vertex 20.3 3.2 2
      vertex 18.3849 3.2 -0.400746
      vertex 18.3701 3.2 -0.337017
    endloop
  endfacet
  facet normal 0 1 0
    outer loop
      vertex 20.3 3.2 2
      vertex 18.3956 3.2 -0.46531
      vertex 18.3849 3.2 -0.400746
    endloop
  endfacet
  facet normal 0 1 0
    outer loop
      vertex 20.3 3.2 2
      vertex 18.402 3.2 -0.530434
      vertex 18.3956 3.2 -0.46531
    endloop
  endfacet
  facet normal 0 1 0
    outer loop
      vertex 20.3 3.2 2
      vertex 18.4042 3.2 -0.595837
      vertex 18.402 3.2 -0.530434
    endloop
  endfacet
  facet normal 0 1 -0
    outer loop
      vertex 19.1071 3.2 -2.29289
      vertex 18.4042 3.2 -0.595837
      vertex 20.3 3.2 2
    endloop
  endfacet
  facet normal 0 1 0
    outer loop
      vertex 18.4042 3.2 -0.595837
      vertex 19.1071 3.2 -2.29289
      vertex 18.402 3.2 -0.66124
    endloop
  endfacet
  facet normal -0 1 -0
    outer loop
      vertex 19.0593 3.2 -2.24816
      vertex 18.402 3.2 -0.66124
      vertex 19.1071 3.2 -2.29289
    endloop
  endfacet
  facet normal 0 1 0
    outer loop
      vertex 18.402 3.2 -0.66124
      vertex 19.0593 3.2 -2.24816
      vertex 18.3956 3.2 -0.726362
    endloop
  endfacet
  facet normal -0 1 -0
    outer loop
      vertex 19.0088 3.2 -2.20665
      vertex 18.3956 3.2 -0.726362
      vertex 19.0593 3.2 -2.24816
    endloop
  endfacet
  facet normal 0 1 0
    outer loop
      vertex 18.3956 3.2 -0.726362
      vertex 19.0088 3.2 -2.20665
      vertex 18.3849 3.2 -0.790927
    endloop
  endfacet
  facet normal 0 1 0
    outer loop
      vertex 18.3849 3.2 -0.790927
      vertex 18.9556 3.2 -2.16853
      vertex 18.3701 3.2 -0.854655
    endloop
  endfacet
  facet normal -0 1 -0
    outer loop
      vertex 18.9 3.2 -2.13397
      vertex 18.3701 3.2 -0.854655
      vertex 18.9556 3.2 -2.16853
    endloop
  endfacet
  facet normal -0 1 -0
    outer loop
      vertex 18.8423 3.2 -2.10313
      vertex 18.3511 3.2 -0.917276
      vertex 18.9 3.2 -2.13397
    endloop
  endfacet
  facet normal 0 1 0
    outer loop
      vertex 13.3477 3.2 -1.25518
      vertex 14.1515 3.2 -2.15147
      vertex 13.3029 3.2 -1.30294
    endloop
  endfacet
  facet normal 0 1 -0
    outer loop
      vertex 18.0173 3.2 -2.07612
      vertex 17.7868 3.2 -1.51972
      vertex 18.0786 3.2 -2.05307
    endloop
  endfacet
  facet normal 0 1 0
    outer loop
      vertex 15.0654 3.2 -0.597858
      vertex 15 3.2 -1.8
      vertex 15 3.2 -0.599999
    endloop
  endfacet
  facet normal -0 1 0
    outer loop
      vertex 15 3.2 -1.8
      vertex 15.0654 3.2 -0.597858
      vertex 15.0785 3.2 -1.80257
    endloop
  endfacet
  facet normal 0 1 0
    outer loop
      vertex 15.1305 3.2 -0.591444
      vertex 15.0785 3.2 -1.80257
      vertex 15.0654 3.2 -0.597858
    endloop
  endfacet
  facet normal 0 1 0
    outer loop
      vertex 17.8465 3.2 -1.49271
      vertex 18.0786 3.2 -2.05307
      vertex 17.7868 3.2 -1.51972
    endloop
  endfacet
  facet normal -0 1 0
    outer loop
      vertex 15.0785 3.2 -1.80257
      vertex 15.1305 3.2 -0.591444
      vertex 15.1566 3.2 -1.81027
    endloop
  endfacet
  facet normal 0 1 0
    outer loop
      vertex 15.1951 3.2 -0.580785
      vertex 15.1566 3.2 -1.81027
      vertex 15.1305 3.2 -0.591444
    endloop
  endfacet
  facet normal 0 1 0
    outer loop
      vertex 15.3214 3.2 -0.546929
      vertex 15.3106 3.2 -1.84089
      vertex 15.2588 3.2 -0.565926
    endloop
  endfacet
  facet normal 0 1 0
    outer loop
      vertex 16.4803 3.2 -0.978519
      vertex 15.5307 3.2 -1.92375
      vertex 15.4592 3.2 -1.89134
    endloop
  endfacet
  facet normal 0 1 -0
    outer loop
      vertex 18.0786 3.2 -2.05307
      vertex 17.8465 3.2 -1.49271
      vertex 18.1412 3.2 -2.03407
    endloop
  endfacet
  facet normal 0 1 0
    outer loop
      vertex 16.5073 3.2 -1.03813
      vertex 15.6 3.2 -1.96077
      vertex 15.5307 3.2 -1.92375
    endloop
  endfacet
  facet normal 0 1 0
    outer loop
      vertex 17.7256 3.2 -1.54277
      vertex 17.9577 3.2 -2.10313
      vertex 17.663 3.2 -1.56176
    endloop
  endfacet
  facet normal 0 1 0
    outer loop
      vertex 17.9042 3.2 -1.46186
      vertex 18.1412 3.2 -2.03407
      vertex 17.8465 3.2 -1.49271
    endloop
  endfacet
  facet normal 0 1 -0
    outer loop
      vertex 18.1412 3.2 -2.03407
      vertex 17.9042 3.2 -1.46186
      vertex 18.2049 3.2 -2.01921
    endloop
  endfacet
  facet normal 0 1 0
    outer loop
      vertex 17.9597 3.2 -1.42731
      vertex 18.2049 3.2 -2.01921
      vertex 17.9042 3.2 -1.46186
    endloop
  endfacet
  facet normal 0 1 -0
    outer loop
      vertex 18.2049 3.2 -2.01921
      vertex 17.9597 3.2 -1.42731
      vertex 18.2695 3.2 -2.00855
    endloop
  endfacet
  facet normal 0 1 0
    outer loop
      vertex 18.0129 3.2 -1.38919
      vertex 18.2695 3.2 -2.00855
      vertex 17.9597 3.2 -1.42731
    endloop
  endfacet
  facet normal 0 1 -0
    outer loop
      vertex 18.2695 3.2 -2.00855
      vertex 18.0129 3.2 -1.38919
      vertex 18.3346 3.2 -2.00214
    endloop
  endfacet
  facet normal 0 1 0
    outer loop
      vertex 18.0635 3.2 -1.34768
      vertex 18.3346 3.2 -2.00214
      vertex 18.0129 3.2 -1.38919
    endloop
  endfacet
  facet normal 0 1 -0
    outer loop
      vertex 18.3346 3.2 -2.00214
      vertex 18.0635 3.2 -1.34768
      vertex 18.4 3.2 -2
    endloop
  endfacet
  facet normal 0 1 0
    outer loop
      vertex 18.1113 3.2 -1.30294
      vertex 18.4 3.2 -2
      vertex 18.0635 3.2 -1.34768
    endloop
  endfacet
  facet normal 0 1 0
    outer loop
      vertex 18.156 3.2 -1.25518
      vertex 18.4 3.2 -2
      vertex 18.1113 3.2 -1.30294
    endloop
  endfacet
  facet normal 0 1 0
    outer loop
      vertex 18.4654 3.2 -2.00214
      vertex 18.156 3.2 -1.25518
      vertex 18.1975 3.2 -1.2046
    endloop
  endfacet
  facet normal 0 1 0
    outer loop
      vertex 18.5305 3.2 -2.00855
      vertex 18.1975 3.2 -1.2046
      vertex 18.2356 3.2 -1.15141
    endloop
  endfacet
  facet normal 0 1 0
    outer loop
      vertex 18.3511 3.2 -0.917276
      vertex 18.8423 3.2 -2.10313
      vertex 18.328 3.2 -0.978519
    endloop
  endfacet
  facet normal 0 1 0
    outer loop
      vertex 18.156 3.2 -1.25518
      vertex 18.4654 3.2 -2.00214
      vertex 18.4 3.2 -2
    endloop
  endfacet
  facet normal 0 1 0
    outer loop
      vertex 18.1975 3.2 -1.2046
      vertex 18.5305 3.2 -2.00855
      vertex 18.4654 3.2 -2.00214
    endloop
  endfacet
  facet normal 0 1 0
    outer loop
      vertex 18.2356 3.2 -1.15141
      vertex 18.5951 3.2 -2.01921
      vertex 18.5305 3.2 -2.00855
    endloop
  endfacet
  facet normal 0 1 0
    outer loop
      vertex 18.2356 3.2 -1.15141
      vertex 18.6588 3.2 -2.03407
      vertex 18.5951 3.2 -2.01921
    endloop
  endfacet
  facet normal 0 1 0
    outer loop
      vertex 18.2702 3.2 -1.09584
      vertex 18.6588 3.2 -2.03407
      vertex 18.2356 3.2 -1.15141
    endloop
  endfacet
  facet normal -0 1 -0
    outer loop
      vertex 18.6588 3.2 -2.03407
      vertex 18.2702 3.2 -1.09584
      vertex 18.7214 3.2 -2.05307
    endloop
  endfacet
  facet normal 0 1 0
    outer loop
      vertex 18.301 3.2 -1.03813
      vertex 18.7214 3.2 -2.05307
      vertex 18.2702 3.2 -1.09584
    endloop
  endfacet
  facet normal -0 1 -0
    outer loop
      vertex 18.7214 3.2 -2.05307
      vertex 18.301 3.2 -1.03813
      vertex 18.7827 3.2 -2.07612
    endloop
  endfacet
  facet normal 0 1 0
    outer loop
      vertex 18.328 3.2 -0.978519
      vertex 18.7827 3.2 -2.07612
      vertex 18.301 3.2 -1.03813
    endloop
  endfacet
  facet normal -0 1 -0
    outer loop
      vertex 18.7827 3.2 -2.07612
      vertex 18.328 3.2 -0.978519
      vertex 18.8423 3.2 -2.10313
    endloop
  endfacet
  facet normal 0 1 0
    outer loop
      vertex 18.3701 3.2 -0.854655
      vertex 18.9 3.2 -2.13397
      vertex 18.3511 3.2 -0.917276
    endloop
  endfacet
  facet normal -0 1 -0
    outer loop
      vertex 18.9556 3.2 -2.16853
      vertex 18.3849 3.2 -0.790927
      vertex 19.0088 3.2 -2.20665
    endloop
  endfacet
  facet normal 0 1 0
    outer loop
      vertex 20.3 3.2 2
      vertex 19.1518 3.2 -2.34065
      vertex 19.1071 3.2 -2.29289
    endloop
  endfacet
  facet normal 0 1 0
    outer loop
      vertex 20.3 3.2 2
      vertex 19.1934 3.2 -2.39124
      vertex 19.1518 3.2 -2.34065
    endloop
  endfacet
  facet normal 0 1 0
    outer loop
      vertex 20.3 3.2 2
      vertex 19.2315 3.2 -2.44443
      vertex 19.1934 3.2 -2.39124
    endloop
  endfacet
  facet normal 0 1 0
    outer loop
      vertex 20.3 3.2 2
      vertex 19.266 3.2 -2.5
      vertex 19.2315 3.2 -2.44443
    endloop
  endfacet
  facet normal 0 1 0
    outer loop
      vertex 20.3 3.2 2
      vertex 19.2969 3.2 -2.55771
      vertex 19.266 3.2 -2.5
    endloop
  endfacet
  facet normal 0 1 0
    outer loop
      vertex 20.3 3.2 2
      vertex 19.3239 3.2 -2.61732
      vertex 19.2969 3.2 -2.55771
    endloop
  endfacet
  facet normal 0 1 0
    outer loop
      vertex 20.3 3.2 2
      vertex 19.3469 3.2 -2.67856
      vertex 19.3239 3.2 -2.61732
    endloop
  endfacet
  facet normal 0 1 0
    outer loop
      vertex 20.3 3.2 2
      vertex 19.3659 3.2 -2.74118
      vertex 19.3469 3.2 -2.67856
    endloop
  endfacet
  facet normal 0 1 0
    outer loop
      vertex 20.3 3.2 2
      vertex 19.3808 3.2 -2.80491
      vertex 19.3659 3.2 -2.74118
    endloop
  endfacet
  facet normal 0 1 0
    outer loop
      vertex 20.3 3.2 2
      vertex 19.3914 3.2 -2.86947
      vertex 19.3808 3.2 -2.80491
    endloop
  endfacet
  facet normal 0 1 0
    outer loop
      vertex 20.3 3.2 2
      vertex 19.3979 3.2 -2.9346
      vertex 19.3914 3.2 -2.86947
    endloop
  endfacet
  facet normal 0 1 0
    outer loop
      vertex 20.3 3.2 2
      vertex 19.4 3.2 -3
      vertex 19.3979 3.2 -2.9346
    endloop
  endfacet
  facet normal 0 1 0
    outer loop
      vertex 20.3 3.2 2
      vertex 19.3979 3.2 -3.0654
      vertex 19.4 3.2 -3
    endloop
  endfacet
  facet normal 0 1 -0
    outer loop
      vertex 20.3 3.2 -12
      vertex 19.3979 3.2 -3.0654
      vertex 20.3 3.2 2
    endloop
  endfacet
  facet normal 0 1 0
    outer loop
      vertex 19.3979 3.2 -3.0654
      vertex 20.3 3.2 -12
      vertex 19.3914 3.2 -3.13053
    endloop
  endfacet
  facet normal 0 1 0
    outer loop
      vertex 17.6929 3.2 -3.70711
      vertex 17.4042 3.2 -4.40416
      vertex 17.3388 3.2 -4.4063
    endloop
  endfacet
  facet normal 0 1 0
    outer loop
      vertex 17.6482 3.2 -3.65935
      vertex 17.3388 3.2 -4.4063
      vertex 17.2736 3.2 -4.41272
    endloop
  endfacet
  facet normal 0 1 0
    outer loop
      vertex 18.1113 3.2 -4.69706
      vertex 18.4 3.2 -4
      vertex 18.4654 3.2 -3.99786
    endloop
  endfacet
  facet normal 0 1 -0
    outer loop
      vertex 16.8486 3.2 -4.57269
      vertex 15.9978 3.2 -3.66668
      vertex 16.9042 3.2 -4.53814
    endloop
  endfacet
  facet normal 0 1 0
    outer loop
      vertex 15.9978 3.2 -3.66668
      vertex 16.8486 3.2 -4.57269
      vertex 15.952 3.2 -3.73051
    endloop
  endfacet
  facet normal 0 1 -0
    outer loop
      vertex 16.7954 3.2 -4.61081
      vertex 15.952 3.2 -3.73051
      vertex 16.8486 3.2 -4.57269
    endloop
  endfacet
  facet normal 0 1 0
    outer loop
      vertex 15.952 3.2 -3.73051
      vertex 16.7954 3.2 -4.61081
      vertex 15.9022 3.2 -3.79121
    endloop
  endfacet
  facet normal 0 1 -0
    outer loop
      vertex 16.7448 3.2 -4.65232
      vertex 15.9022 3.2 -3.79121
      vertex 16.7954 3.2 -4.61081
    endloop
  endfacet
  facet normal 0 1 -0
    outer loop
      vertex 16.6971 3.2 -4.69706
      vertex 15.8485 3.2 -3.84853
      vertex 16.7448 3.2 -4.65232
    endloop
  endfacet
  facet normal 0 1 0
    outer loop
      vertex 15.9022 3.2 -3.79121
      vertex 16.7448 3.2 -4.65232
      vertex 15.8485 3.2 -3.84853
    endloop
  endfacet
  facet normal 0 1 0
    outer loop
      vertex 18.156 3.2 -4.74482
      vertex 18.4654 3.2 -3.99786
      vertex 18.5305 3.2 -3.99144
    endloop
  endfacet
  facet normal 0 1 0
    outer loop
      vertex 18.1975 3.2 -4.7954
      vertex 18.5305 3.2 -3.99144
      vertex 18.5951 3.2 -3.98078
    endloop
  endfacet
  facet normal 0 1 0
    outer loop
      vertex 18.2356 3.2 -4.84859
      vertex 18.5951 3.2 -3.98078
      vertex 18.6588 3.2 -3.96593
    endloop
  endfacet
  facet normal 0 1 0
    outer loop
      vertex 18.2702 3.2 -4.90416
      vertex 18.6588 3.2 -3.96593
      vertex 18.7214 3.2 -3.94693
    endloop
  endfacet
  facet normal 0 1 0
    outer loop
      vertex 17.7407 3.2 -3.75184
      vertex 17.4696 3.2 -4.4063
      vertex 17.4042 3.2 -4.40416
    endloop
  endfacet
  facet normal 0 1 0
    outer loop
      vertex 17.7912 3.2 -3.79335
      vertex 17.5347 3.2 -4.41272
      vertex 17.4696 3.2 -4.4063
    endloop
  endfacet
  facet normal 0 1 0
    outer loop
      vertex 18.301 3.2 -4.96187
      vertex 18.7214 3.2 -3.94693
      vertex 18.7827 3.2 -3.92388
    endloop
  endfacet
  facet normal 0 1 0
    outer loop
      vertex 17.8444 3.2 -3.83147
      vertex 17.5993 3.2 -4.42338
      vertex 17.5347 3.2 -4.41272
    endloop
  endfacet
  facet normal 0 1 0
    outer loop
      vertex 17.9 3.2 -3.86602
      vertex 17.663 3.2 -4.43824
      vertex 17.5993 3.2 -4.42338
    endloop
  endfacet
  facet normal 0 1 0
    outer loop
      vertex 18.328 3.2 -5.02148
      vertex 18.7827 3.2 -3.92388
      vertex 18.8423 3.2 -3.89687
    endloop
  endfacet
  facet normal 0 1 0
    outer loop
      vertex 17.9577 3.2 -3.89687
      vertex 17.7256 3.2 -4.45723
      vertex 17.663 3.2 -4.43824
    endloop
  endfacet
  facet normal 0 1 0
    outer loop
      vertex 18.0173 3.2 -3.92388
      vertex 17.7868 3.2 -4.48028
      vertex 17.7256 3.2 -4.45723
    endloop
  endfacet
  facet normal 0 1 0
    outer loop
      vertex 18.3511 3.2 -5.08272
      vertex 18.8423 3.2 -3.89687
      vertex 18.9 3.2 -3.86602
    endloop
  endfacet
  facet normal 0 1 0
    outer loop
      vertex 18.0786 3.2 -3.94693
      vertex 17.8465 3.2 -4.50729
      vertex 17.7868 3.2 -4.48028
    endloop
  endfacet
  facet normal 0 1 0
    outer loop
      vertex 18.1412 3.2 -3.96593
      vertex 17.9042 3.2 -4.53814
      vertex 17.8465 3.2 -4.50729
    endloop
  endfacet
  facet normal 0 1 0
    outer loop
      vertex 18.3701 3.2 -5.14534
      vertex 18.9 3.2 -3.86602
      vertex 18.9556 3.2 -3.83147
    endloop
  endfacet
  facet normal 0 1 0
    outer loop
      vertex 18.2049 3.2 -3.98078
      vertex 17.9597 3.2 -4.57269
      vertex 17.9042 3.2 -4.53814
    endloop
  endfacet
  facet normal 0 1 0
    outer loop
      vertex 18.3849 3.2 -5.20907
      vertex 18.9556 3.2 -3.83147
      vertex 19.0088 3.2 -3.79335
    endloop
  endfacet
  facet normal 0 1 0
    outer loop
      vertex 18.2695 3.2 -3.99144
      vertex 18.0129 3.2 -4.61081
      vertex 17.9597 3.2 -4.57269
    endloop
  endfacet
  facet normal 0 1 0
    outer loop
      vertex 18.3956 3.2 -5.27364
      vertex 19.0088 3.2 -3.79335
      vertex 19.0593 3.2 -3.75184
    endloop
  endfacet
  facet normal 0 1 0
    outer loop
      vertex 18.3346 3.2 -3.99786
      vertex 18.0635 3.2 -4.65232
      vertex 18.0129 3.2 -4.61081
    endloop
  endfacet
  facet normal 0 1 0
    outer loop
      vertex 18.4 3.2 -4
      vertex 18.1113 3.2 -4.69706
      vertex 18.0635 3.2 -4.65232
    endloop
  endfacet
  facet normal 0 1 0
    outer loop
      vertex 18.402 3.2 -5.33876
      vertex 19.0593 3.2 -3.75184
      vertex 19.1071 3.2 -3.70711
    endloop
  endfacet
  facet normal 0 1 0
    outer loop
      vertex 18.4654 3.2 -3.99786
      vertex 18.156 3.2 -4.74482
      vertex 18.1113 3.2 -4.69706
    endloop
  endfacet
  facet normal 0 1 0
    outer loop
      vertex 18.4042 3.2 -5.40416
      vertex 19.1071 3.2 -3.70711
      vertex 19.1518 3.2 -3.65935
    endloop
  endfacet
  facet normal 0 1 0
    outer loop
      vertex 18.5305 3.2 -3.99144
      vertex 18.1975 3.2 -4.7954
      vertex 18.156 3.2 -4.74482
    endloop
  endfacet
  facet normal 0 1 0
    outer loop
      vertex 18.5951 3.2 -3.98078
      vertex 18.2356 3.2 -4.84859
      vertex 18.1975 3.2 -4.7954
    endloop
  endfacet
  facet normal 0 1 0
    outer loop
      vertex 18.402 3.2 -5.46957
      vertex 19.1518 3.2 -3.65935
      vertex 19.1934 3.2 -3.60876
    endloop
  endfacet
  facet normal 0 1 0
    outer loop
      vertex 18.6588 3.2 -3.96593
      vertex 18.2702 3.2 -4.90416
      vertex 18.2356 3.2 -4.84859
    endloop
  endfacet
  facet normal 0 1 0
    outer loop
      vertex 18.3956 3.2 -5.53469
      vertex 19.1934 3.2 -3.60876
      vertex 19.2315 3.2 -3.55557
    endloop
  endfacet
  facet normal 0 1 0
    outer loop
      vertex 18.7214 3.2 -3.94693
      vertex 18.301 3.2 -4.96187
      vertex 18.2702 3.2 -4.90416
    endloop
  endfacet
  facet normal 0 1 0
    outer loop
      vertex 18.7827 3.2 -3.92388
      vertex 18.328 3.2 -5.02148
      vertex 18.301 3.2 -4.96187
    endloop
  endfacet
  facet normal 0 1 0
    outer loop
      vertex 18.3849 3.2 -5.59925
      vertex 19.2315 3.2 -3.55557
      vertex 19.266 3.2 -3.5
    endloop
  endfacet
  facet normal 0 1 0
    outer loop
      vertex 18.8423 3.2 -3.89687
      vertex 18.3511 3.2 -5.08272
      vertex 18.328 3.2 -5.02148
    endloop
  endfacet
  facet normal 0 1 0
    outer loop
      vertex 18.9 3.2 -3.86602
      vertex 18.3701 3.2 -5.14534
      vertex 18.3511 3.2 -5.08272
    endloop
  endfacet
  facet normal 0 1 0
    outer loop
      vertex 18.9556 3.2 -3.83147
      vertex 18.3849 3.2 -5.20907
      vertex 18.3701 3.2 -5.14534
    endloop
  endfacet
  facet normal 0 1 0
    outer loop
      vertex 20.3 3.2 -12
      vertex 19.266 3.2 -3.5
      vertex 19.2969 3.2 -3.44229
    endloop
  endfacet
  facet normal 0 1 0
    outer loop
      vertex 19.0088 3.2 -3.79335
      vertex 18.3956 3.2 -5.27364
      vertex 18.3849 3.2 -5.20907
    endloop
  endfacet
  facet normal 0 1 0
    outer loop
      vertex 19.0593 3.2 -3.75184
      vertex 18.402 3.2 -5.33876
      vertex 18.3956 3.2 -5.27364
    endloop
  endfacet
  facet normal 0 1 0
    outer loop
      vertex 19.1071 3.2 -3.70711
      vertex 18.4042 3.2 -5.40416
      vertex 18.402 3.2 -5.33876
    endloop
  endfacet
  facet normal 0 1 0
    outer loop
      vertex 19.1518 3.2 -3.65935
      vertex 18.402 3.2 -5.46957
      vertex 18.4042 3.2 -5.40416
    endloop
  endfacet
  facet normal 0 1 0
    outer loop
      vertex 20.3 3.2 -12
      vertex 19.2969 3.2 -3.44229
      vertex 19.3239 3.2 -3.38268
    endloop
  endfacet
  facet normal 0 1 0
    outer loop
      vertex 19.1934 3.2 -3.60876
      vertex 18.3956 3.2 -5.53469
      vertex 18.402 3.2 -5.46957
    endloop
  endfacet
  facet normal 0 1 0
    outer loop
      vertex 19.2315 3.2 -3.55557
      vertex 18.3849 3.2 -5.59925
      vertex 18.3956 3.2 -5.53469
    endloop
  endfacet
  facet normal 0 1 0
    outer loop
      vertex 19.266 3.2 -3.5
      vertex 20.3 3.2 -12
      vertex 18.3849 3.2 -5.59925
    endloop
  endfacet
  facet normal 0 1 0
    outer loop
      vertex 18.3849 3.2 -5.59925
      vertex 20.3 3.2 -12
      vertex 18.3701 3.2 -5.66298
    endloop
  endfacet
  facet normal 0 1 0
    outer loop
      vertex 18.3701 3.2 -5.66298
      vertex 20.3 3.2 -12
      vertex 18.3511 3.2 -5.7256
    endloop
  endfacet
  facet normal 0 1 0
    outer loop
      vertex 15.7071 3.2 -7.10711
      vertex 17.4042 3.2 -6.40416
      vertex 17.4696 3.2 -6.40202
    endloop
  endfacet
  facet normal 0 1 0
    outer loop
      vertex 16.7954 3.2 -6.19752
      vertex 15.9914 3.2 -6.53053
      vertex 15.9979 3.2 -6.4654
    endloop
  endfacet
  facet normal 0 1 0
    outer loop
      vertex 16.8486 3.2 -6.23563
      vertex 15.9808 3.2 -6.59509
      vertex 15.9914 3.2 -6.53053
    endloop
  endfacet
  facet normal 0 1 0
    outer loop
      vertex 20.3 3.2 -12
      vertex 17.4696 3.2 -6.40202
      vertex 17.5347 3.2 -6.39561
    endloop
  endfacet
  facet normal 0 1 0
    outer loop
      vertex 16.9042 3.2 -6.27019
      vertex 15.9659 3.2 -6.65882
      vertex 15.9808 3.2 -6.59509
    endloop
  endfacet
  facet normal 0 1 0
    outer loop
      vertex 20.3 3.2 -12
      vertex 17.5347 3.2 -6.39561
      vertex 17.5993 3.2 -6.38495
    endloop
  endfacet
  facet normal 0 1 0
    outer loop
      vertex 16.9619 3.2 -6.30103
      vertex 15.9469 3.2 -6.72144
      vertex 15.9659 3.2 -6.65882
    endloop
  endfacet
  facet normal 0 1 0
    outer loop
      vertex 17.0215 3.2 -6.32804
      vertex 15.9239 3.2 -6.78268
      vertex 15.9469 3.2 -6.72144
    endloop
  endfacet
  facet normal 0 1 0
    outer loop
      vertex 20.3 3.2 -12
      vertex 17.5993 3.2 -6.38495
      vertex 17.663 3.2 -6.37009
    endloop
  endfacet
  facet normal 0 1 0
    outer loop
      vertex 17.0827 3.2 -6.35109
      vertex 15.8969 3.2 -6.84229
      vertex 15.9239 3.2 -6.78268
    endloop
  endfacet
  facet normal 0 1 0
    outer loop
      vertex 17.1453 3.2 -6.37009
      vertex 15.866 3.2 -6.9
      vertex 15.8969 3.2 -6.84229
    endloop
  endfacet
  facet normal 0 1 0
    outer loop
      vertex 17.2091 3.2 -6.38495
      vertex 15.8315 3.2 -6.95557
      vertex 15.866 3.2 -6.9
    endloop
  endfacet
  facet normal 0 1 0
    outer loop
      vertex 20.3 3.2 -12
      vertex 17.663 3.2 -6.37009
      vertex 17.7256 3.2 -6.35109
    endloop
  endfacet
  facet normal 0 1 0
    outer loop
      vertex 17.2736 3.2 -6.39561
      vertex 15.7934 3.2 -7.00876
      vertex 15.8315 3.2 -6.95557
    endloop
  endfacet
  facet normal 0 1 0
    outer loop
      vertex 17.3388 3.2 -6.40202
      vertex 15.7518 3.2 -7.05935
      vertex 15.7934 3.2 -7.00876
    endloop
  endfacet
  facet normal 0 1 0
    outer loop
      vertex 17.4042 3.2 -6.40416
      vertex 15.7071 3.2 -7.10711
      vertex 15.7518 3.2 -7.05935
    endloop
  endfacet
  facet normal 0 1 0
    outer loop
      vertex 17.4696 3.2 -6.40202
      vertex 15.6593 3.2 -7.15184
      vertex 15.7071 3.2 -7.10711
    endloop
  endfacet
  facet normal 0 1 0
    outer loop
      vertex 20.3 3.2 -12
      vertex 17.7256 3.2 -6.35109
      vertex 17.7868 3.2 -6.32804
    endloop
  endfacet
  facet normal 0 1 0
    outer loop
      vertex 17.4696 3.2 -6.40202
      vertex 20.3 3.2 -12
      vertex 15.6593 3.2 -7.15184
    endloop
  endfacet
  facet normal 0 1 0
    outer loop
      vertex 15.6593 3.2 -7.15184
      vertex 20.3 3.2 -12
      vertex 15.6088 3.2 -7.19335
    endloop
  endfacet
  facet normal 0 1 0
    outer loop
      vertex 15.6088 3.2 -7.19335
      vertex 20.3 3.2 -12
      vertex 15.5556 3.2 -7.23147
    endloop
  endfacet
  facet normal 0 1 0
    outer loop
      vertex 15.5556 3.2 -7.23147
      vertex 20.3 3.2 -12
      vertex 15.5 3.2 -7.26602
    endloop
  endfacet
  facet normal 0 1 0
    outer loop
      vertex 15.5 3.2 -7.26602
      vertex 20.3 3.2 -12
      vertex 15.4423 3.2 -7.29687
    endloop
  endfacet
  facet normal 0 1 0
    outer loop
      vertex 11.9365 3.2 -6.156
      vertex -0.653172 3.2 -7.87009
      vertex -0.348243 3.2 -7.44456
    endloop
  endfacet
  facet normal 0 1 0
    outer loop
      vertex 14.9346 3.2 -7.39786
      vertex -0.985281 3.2 -8.27477
      vertex -0.653172 3.2 -7.87009
    endloop
  endfacet
  facet normal 0 1 0
    outer loop
      vertex 20.3 3.2 -12
      vertex 15 3.2 -7.4
      vertex 15.0654 3.2 -7.39786
    endloop
  endfacet
  facet normal 0 1 0
    outer loop
      vertex 14.9346 3.2 -7.39786
      vertex -1.34315 3.2 -8.65685
      vertex -0.985281 3.2 -8.27477
    endloop
  endfacet
  facet normal 0 1 0
    outer loop
      vertex 14.9346 3.2 -7.39786
      vertex -1.72523 3.2 -9.01472
      vertex -1.34315 3.2 -8.65685
    endloop
  endfacet
  facet normal 0 1 0
    outer loop
      vertex 14.9346 3.2 -7.39786
      vertex 20.3 3.2 -12
      vertex -1.72523 3.2 -9.01472
    endloop
  endfacet
  facet normal 0 1 0
    outer loop
      vertex 20.3 3.2 -12
      vertex 15.0654 3.2 -7.39786
      vertex 15.1305 3.2 -7.39144
    endloop
  endfacet
  facet normal 0 1 0
    outer loop
      vertex -1.72523 3.2 -9.01472
      vertex 20.3 3.2 -12
      vertex -2.12991 3.2 -9.34683
    endloop
  endfacet
  facet normal 0 1 0
    outer loop
      vertex -2.12991 3.2 -9.34683
      vertex 20.3 3.2 -12
      vertex -2.55544 3.2 -9.65176
    endloop
  endfacet
  facet normal 0 1 0
    outer loop
      vertex -2.55544 3.2 -9.65176
      vertex 20.3 3.2 -12
      vertex -3 3.2 -9.9282
    endloop
  endfacet
  facet normal 0 1 0
    outer loop
      vertex -3 3.2 -9.9282
      vertex 20.3 3.2 -12
      vertex -3.46169 3.2 -10.175
    endloop
  endfacet
  facet normal 0 1 0
    outer loop
      vertex -3.46169 3.2 -10.175
      vertex 20.3 3.2 -12
      vertex -3.93853 3.2 -10.391
    endloop
  endfacet
  facet normal 0 1 0
    outer loop
      vertex -3.93853 3.2 -10.391
      vertex 20.3 3.2 -12
      vertex -4.42848 3.2 -10.5754
    endloop
  endfacet
  facet normal 0 1 0
    outer loop
      vertex 20.3 3.2 -12
      vertex 15.1305 3.2 -7.39144
      vertex 15.1951 3.2 -7.38078
    endloop
  endfacet
  facet normal 0 1 0
    outer loop
      vertex -4.42848 3.2 -10.5754
      vertex 20.3 3.2 -12
      vertex -4.92945 3.2 -10.7274
    endloop
  endfacet
  facet normal 0 1 0
    outer loop
      vertex -6.47677 3.2 -10.9829
      vertex 20.3 3.2 -12
      vertex -7 3.2 -11
    endloop
  endfacet
  facet normal 0 1 0
    outer loop
      vertex -5.95579 3.2 -10.9316
      vertex 20.3 3.2 -12
      vertex -6.47677 3.2 -10.9829
    endloop
  endfacet
  facet normal 0 1 0
    outer loop
      vertex -5.43928 3.2 -10.8463
      vertex 20.3 3.2 -12
      vertex -5.95579 3.2 -10.9316
    endloop
  endfacet
  facet normal 0 1 0
    outer loop
      vertex -4.92945 3.2 -10.7274
      vertex 20.3 3.2 -12
      vertex -5.43928 3.2 -10.8463
    endloop
  endfacet
  facet normal 0 1 0
    outer loop
      vertex 15.2588 3.2 -7.36593
      vertex 20.3 3.2 -12
      vertex 15.1951 3.2 -7.38078
    endloop
  endfacet
  facet normal 0 1 0
    outer loop
      vertex 15.3214 3.2 -7.34693
      vertex 20.3 3.2 -12
      vertex 15.2588 3.2 -7.36593
    endloop
  endfacet
  facet normal 0 1 0
    outer loop
      vertex 15.3827 3.2 -7.32388
      vertex 20.3 3.2 -12
      vertex 15.3214 3.2 -7.34693
    endloop
  endfacet
  facet normal 0 1 0
    outer loop
      vertex 15.4423 3.2 -7.29687
      vertex 20.3 3.2 -12
      vertex 15.3827 3.2 -7.32388
    endloop
  endfacet
  facet normal 0 1 0
    outer loop
      vertex 17.8465 3.2 -6.30103
      vertex 20.3 3.2 -12
      vertex 17.7868 3.2 -6.32804
    endloop
  endfacet
  facet normal 0 1 0
    outer loop
      vertex 17.9042 3.2 -6.27019
      vertex 20.3 3.2 -12
      vertex 17.8465 3.2 -6.30103
    endloop
  endfacet
  facet normal 0 1 0
    outer loop
      vertex 17.9597 3.2 -6.23563
      vertex 20.3 3.2 -12
      vertex 17.9042 3.2 -6.27019
    endloop
  endfacet
  facet normal 0 1 0
    outer loop
      vertex 18.0129 3.2 -6.19752
      vertex 20.3 3.2 -12
      vertex 17.9597 3.2 -6.23563
    endloop
  endfacet
  facet normal 0 1 0
    outer loop
      vertex 18.0635 3.2 -6.156
      vertex 20.3 3.2 -12
      vertex 18.0129 3.2 -6.19752
    endloop
  endfacet
  facet normal 0 1 0
    outer loop
      vertex 18.1113 3.2 -6.11127
      vertex 20.3 3.2 -12
      vertex 18.0635 3.2 -6.156
    endloop
  endfacet
  facet normal 0 1 0
    outer loop
      vertex 18.156 3.2 -6.06351
      vertex 20.3 3.2 -12
      vertex 18.1113 3.2 -6.11127
    endloop
  endfacet
  facet normal 0 1 0
    outer loop
      vertex 18.1975 3.2 -6.01292
      vertex 20.3 3.2 -12
      vertex 18.156 3.2 -6.06351
    endloop
  endfacet
  facet normal 0 1 0
    outer loop
      vertex 18.2356 3.2 -5.95973
      vertex 20.3 3.2 -12
      vertex 18.1975 3.2 -6.01292
    endloop
  endfacet
  facet normal 0 1 0
    outer loop
      vertex 18.2702 3.2 -5.90416
      vertex 20.3 3.2 -12
      vertex 18.2356 3.2 -5.95973
    endloop
  endfacet
  facet normal 0 1 0
    outer loop
      vertex 18.301 3.2 -5.84645
      vertex 20.3 3.2 -12
      vertex 18.2702 3.2 -5.90416
    endloop
  endfacet
  facet normal 0 1 0
    outer loop
      vertex 18.328 3.2 -5.78685
      vertex 20.3 3.2 -12
      vertex 18.301 3.2 -5.84645
    endloop
  endfacet
  facet normal 0 1 0
    outer loop
      vertex 18.3511 3.2 -5.7256
      vertex 20.3 3.2 -12
      vertex 18.328 3.2 -5.78685
    endloop
  endfacet
  facet normal 0 1 0
    outer loop
      vertex 19.3469 3.2 -3.32144
      vertex 20.3 3.2 -12
      vertex 19.3239 3.2 -3.38268
    endloop
  endfacet
  facet normal 0 1 0
    outer loop
      vertex 19.3659 3.2 -3.25882
      vertex 20.3 3.2 -12
      vertex 19.3469 3.2 -3.32144
    endloop
  endfacet
  facet normal 0 1 0
    outer loop
      vertex 19.3808 3.2 -3.19509
      vertex 20.3 3.2 -12
      vertex 19.3659 3.2 -3.25882
    endloop
  endfacet
  facet normal 0 1 0
    outer loop
      vertex 19.3914 3.2 -3.13053
      vertex 20.3 3.2 -12
      vertex 19.3808 3.2 -3.19509
    endloop
  endfacet
  facet normal 0 1 -0
    outer loop
      vertex 14.8049 3.2 1.38078
      vertex -0.759786 3.2 2
      vertex 14.8695 3.2 1.39144
    endloop
  endfacet
  facet normal 0 1 -0
    outer loop
      vertex 14.7412 3.2 1.36593
      vertex -0.759786 3.2 2
      vertex 14.8049 3.2 1.38078
    endloop
  endfacet
  facet normal 0 1 -0
    outer loop
      vertex 14.6786 3.2 1.34693
      vertex -0.759786 3.2 2
      vertex 14.7412 3.2 1.36593
    endloop
  endfacet
  facet normal 0 1 -0
    outer loop
      vertex 14.6173 3.2 1.32388
      vertex -0.759786 3.2 2
      vertex 14.6786 3.2 1.34693
    endloop
  endfacet
  facet normal 0 1 -0
    outer loop
      vertex 14.5577 3.2 1.29687
      vertex -0.759786 3.2 2
      vertex 14.6173 3.2 1.32388
    endloop
  endfacet
  facet normal 0 1 -0
    outer loop
      vertex 12.2744 3.2 0.351092
      vertex -0.759786 3.2 2
      vertex 14.5577 3.2 1.29687
    endloop
  endfacet
  facet normal 0 1 -0
    outer loop
      vertex 12.2132 3.2 0.328042
      vertex -0.759786 3.2 2
      vertex 12.2744 3.2 0.351092
    endloop
  endfacet
  facet normal 0 1 0
    outer loop
      vertex 12.2744 3.2 0.351092
      vertex 14.5577 3.2 1.29687
      vertex 14.5 3.2 1.26602
    endloop
  endfacet
  facet normal 0 1 0
    outer loop
      vertex 12.337 3.2 0.370089
      vertex 14.5 3.2 1.26602
      vertex 14.4444 3.2 1.23147
    endloop
  endfacet
  facet normal 0 1 0
    outer loop
      vertex 12.4007 3.2 0.384948
      vertex 14.4444 3.2 1.23147
      vertex 14.3912 3.2 1.19335
    endloop
  endfacet
  facet normal 0 1 0
    outer loop
      vertex 12.4653 3.2 0.395607
      vertex 14.3912 3.2 1.19335
      vertex 14.3407 3.2 1.15184
    endloop
  endfacet
  facet normal 0 1 0
    outer loop
      vertex 12.5304 3.2 0.402021
      vertex 14.3407 3.2 1.15184
      vertex 14.2929 3.2 1.10711
    endloop
  endfacet
  facet normal 0 1 0
    outer loop
      vertex 12.5958 3.2 0.404162
      vertex 14.2929 3.2 1.10711
      vertex 14.2482 3.2 1.05935
    endloop
  endfacet
  facet normal 0 1 0
    outer loop
      vertex 12.6612 3.2 0.402021
      vertex 14.2482 3.2 1.05935
      vertex 14.2066 3.2 1.00876
    endloop
  endfacet
  facet normal 0 1 0
    outer loop
      vertex 14.5 3.2 1.26602
      vertex 12.337 3.2 0.370089
      vertex 12.2744 3.2 0.351092
    endloop
  endfacet
  facet normal 0 1 0
    outer loop
      vertex 12.6612 3.2 0.402021
      vertex 14.2066 3.2 1.00876
      vertex 14.1685 3.2 0.95557
    endloop
  endfacet
  facet normal 0 1 0
    outer loop
      vertex 12.6612 3.2 0.402021
      vertex 14.1685 3.2 0.95557
      vertex 14.134 3.2 0.9
    endloop
  endfacet
  facet normal 0 1 0
    outer loop
      vertex 12.6612 3.2 0.402021
      vertex 14.134 3.2 0.9
      vertex 14.1031 3.2 0.842288
    endloop
  endfacet
  facet normal 0 1 0
    outer loop
      vertex 12.6612 3.2 0.402021
      vertex 14.1031 3.2 0.842288
      vertex 14.0761 3.2 0.782683
    endloop
  endfacet
  facet normal 0 1 0
    outer loop
      vertex 12.6612 3.2 0.402021
      vertex 14.0761 3.2 0.782683
      vertex 14.0531 3.2 0.721439
    endloop
  endfacet
  facet normal 0 1 0
    outer loop
      vertex 12.6612 3.2 0.402021
      vertex 14.0531 3.2 0.721439
      vertex 14.0341 3.2 0.658818
    endloop
  endfacet
  facet normal 0 1 0
    outer loop
      vertex 12.6612 3.2 0.402021
      vertex 14.0341 3.2 0.658818
      vertex 14.0192 3.2 0.59509
    endloop
  endfacet
  facet normal 0 1 0
    outer loop
      vertex 14.3912 3.2 1.19335
      vertex 12.4653 3.2 0.395607
      vertex 12.4007 3.2 0.384948
    endloop
  endfacet
  facet normal 0 1 0
    outer loop
      vertex 12.6612 3.2 0.402021
      vertex 14.0192 3.2 0.59509
      vertex 14.0086 3.2 0.530526
    endloop
  endfacet
  facet normal 0 1 0
    outer loop
      vertex 13.2046 3.2 0.197515
      vertex 14.0086 3.2 0.530526
      vertex 14.0021 3.2 0.465403
    endloop
  endfacet
  facet normal 0 1 0
    outer loop
      vertex 14.2929 3.2 1.10711
      vertex 12.5958 3.2 0.404162
      vertex 12.5304 3.2 0.402021
    endloop
  endfacet
  facet normal 0 1 0
    outer loop
      vertex 14.3407 3.2 1.15184
      vertex 12.5304 3.2 0.402021
      vertex 12.4653 3.2 0.395607
    endloop
  endfacet
  facet normal 0 1 0
    outer loop
      vertex 14.4444 3.2 1.23147
      vertex 12.4007 3.2 0.384948
      vertex 12.337 3.2 0.370089
    endloop
  endfacet
  facet normal 0 1 -0
    outer loop
      vertex 12.1535 3.2 0.301035
      vertex -0.759786 3.2 2
      vertex 12.2132 3.2 0.328042
    endloop
  endfacet
  facet normal 0 1 -0
    outer loop
      vertex 12.0958 3.2 0.270188
      vertex -0.759786 3.2 2
      vertex 12.1535 3.2 0.301035
    endloop
  endfacet
  facet normal 0 1 -0
    outer loop
      vertex 12.0403 3.2 0.235632
      vertex -0.759786 3.2 2
      vertex 12.0958 3.2 0.270188
    endloop
  endfacet
  facet normal 0 1 0
    outer loop
      vertex -0.759786 3.2 2
      vertex 12.0403 3.2 0.235632
      vertex -0.653172 3.2 1.87009
    endloop
  endfacet
  facet normal 0 1 -0
    outer loop
      vertex 11.9871 3.2 0.197515
      vertex -0.653172 3.2 1.87009
      vertex 12.0403 3.2 0.235632
    endloop
  endfacet
  facet normal 0 1 -0
    outer loop
      vertex 11.9365 3.2 0.156002
      vertex -0.653172 3.2 1.87009
      vertex 11.9871 3.2 0.197515
    endloop
  endfacet
  facet normal 0 1 0
    outer loop
      vertex -0.653172 3.2 1.87009
      vertex 11.9365 3.2 0.156002
      vertex -0.348243 3.2 1.44456
    endloop
  endfacet
  facet normal 0 1 -0
    outer loop
      vertex 11.8887 3.2 0.111269
      vertex -0.348243 3.2 1.44456
      vertex 11.9365 3.2 0.156002
    endloop
  endfacet
  facet normal 0 1 0
    outer loop
      vertex -0.348243 3.2 1.44456
      vertex 11.8887 3.2 0.111269
      vertex -0.0717964 3.2 1
    endloop
  endfacet
  facet normal 0 1 -0
    outer loop
      vertex 11.844 3.2 0.063508
      vertex -0.0717964 3.2 1
      vertex 11.8887 3.2 0.111269
    endloop
  endfacet
  facet normal 0 1 -0
    outer loop
      vertex 11.8025 3.2 0.0129242
      vertex -0.0717964 3.2 1
      vertex 11.844 3.2 0.063508
    endloop
  endfacet
  facet normal 0 1 0
    outer loop
      vertex -0.0717964 3.2 1
      vertex 11.8025 3.2 0.0129242
      vertex 0.174981 3.2 0.538309
    endloop
  endfacet
  facet normal 0 1 -0
    outer loop
      vertex 11.7644 3.2 -0.040266
      vertex 0.174981 3.2 0.538309
      vertex 11.8025 3.2 0.0129242
    endloop
  endfacet
  facet normal 0 1 -0
    outer loop
      vertex 11.7298 3.2 -0.0958366
      vertex 0.174981 3.2 0.538309
      vertex 11.7644 3.2 -0.040266
    endloop
  endfacet
  facet normal 0 1 0
    outer loop
      vertex 0.174981 3.2 0.538309
      vertex 11.7298 3.2 -0.0958366
      vertex 0.391036 3.2 0.0614672
    endloop
  endfacet
  facet normal 0 1 -0
    outer loop
      vertex 11.699 3.2 -0.153548
      vertex 0.391036 3.2 0.0614672
      vertex 11.7298 3.2 -0.0958366
    endloop
  endfacet
  facet normal 0 1 -0
    outer loop
      vertex 11.672 3.2 -0.213153
      vertex 0.391036 3.2 0.0614672
      vertex 11.699 3.2 -0.153548
    endloop
  endfacet
  facet normal 0 1 0
    outer loop
      vertex 0.57544 3.2 -0.428484
      vertex 11.672 3.2 -0.213153
      vertex 11.6489 3.2 -0.274397
    endloop
  endfacet
  facet normal 0 1 0
    outer loop
      vertex 0.57544 3.2 -0.428484
      vertex 11.6489 3.2 -0.274397
      vertex 11.6299 3.2 -0.337017
    endloop
  endfacet
  facet normal 0 1 0
    outer loop
      vertex 0.57544 3.2 -0.428484
      vertex 11.6299 3.2 -0.337017
      vertex 11.6151 3.2 -0.400746
    endloop
  endfacet
  facet normal 0 1 0
    outer loop
      vertex 11.672 3.2 -0.213153
      vertex 0.57544 3.2 -0.428484
      vertex 0.391036 3.2 0.0614672
    endloop
  endfacet
  facet normal 0 1 0
    outer loop
      vertex 10.7685 3.2 -2.44443
      vertex 11.6151 3.2 -0.400746
      vertex 11.6044 3.2 -0.46531
    endloop
  endfacet
  facet normal 0 1 0
    outer loop
      vertex 10.8066 3.2 -2.39124
      vertex 11.6044 3.2 -0.46531
      vertex 11.598 3.2 -0.530434
    endloop
  endfacet
  facet normal 0 1 0
    outer loop
      vertex 10.8482 3.2 -2.34065
      vertex 11.598 3.2 -0.530434
      vertex 11.5958 3.2 -0.595837
    endloop
  endfacet
  facet normal 0 1 0
    outer loop
      vertex 10.8929 3.2 -2.29289
      vertex 11.5958 3.2 -0.595837
      vertex 11.598 3.2 -0.66124
    endloop
  endfacet
  facet normal 0 1 0
    outer loop
      vertex 10.9407 3.2 -2.24816
      vertex 11.598 3.2 -0.66124
      vertex 11.6044 3.2 -0.726362
    endloop
  endfacet
  facet normal 0 1 0
    outer loop
      vertex 10.9912 3.2 -2.20665
      vertex 11.6044 3.2 -0.726362
      vertex 11.6151 3.2 -0.790927
    endloop
  endfacet
  facet normal 0 1 0
    outer loop
      vertex 11.0444 3.2 -2.16853
      vertex 11.6151 3.2 -0.790927
      vertex 11.6299 3.2 -0.854655
    endloop
  endfacet
  facet normal 0 1 0
    outer loop
      vertex 11.1 3.2 -2.13397
      vertex 11.6299 3.2 -0.854655
      vertex 11.6489 3.2 -0.917276
    endloop
  endfacet
  facet normal 0 1 0
    outer loop
      vertex 11.6044 3.2 -0.46531
      vertex 10.8066 3.2 -2.39124
      vertex 10.7685 3.2 -2.44443
    endloop
  endfacet
  facet normal 0 1 0
    outer loop
      vertex 11.1577 3.2 -2.10313
      vertex 11.6489 3.2 -0.917276
      vertex 11.672 3.2 -0.978519
    endloop
  endfacet
  facet normal 0 1 0
    outer loop
      vertex 11.2173 3.2 -2.07612
      vertex 11.672 3.2 -0.978519
      vertex 11.699 3.2 -1.03813
    endloop
  endfacet
  facet normal 0 1 0
    outer loop
      vertex 11.2786 3.2 -2.05307
      vertex 11.699 3.2 -1.03813
      vertex 11.7298 3.2 -1.09584
    endloop
  endfacet
  facet normal 0 1 0
    outer loop
      vertex 11.3412 3.2 -2.03407
      vertex 11.7298 3.2 -1.09584
      vertex 11.7644 3.2 -1.15141
    endloop
  endfacet
  facet normal 0 1 0
    outer loop
      vertex 11.4049 3.2 -2.01921
      vertex 11.7644 3.2 -1.15141
      vertex 11.8025 3.2 -1.2046
    endloop
  endfacet
  facet normal 0 1 0
    outer loop
      vertex 11.4695 3.2 -2.00855
      vertex 11.8025 3.2 -1.2046
      vertex 11.844 3.2 -1.25518
    endloop
  endfacet
  facet normal 0 1 0
    outer loop
      vertex 11.5346 3.2 -2.00214
      vertex 11.844 3.2 -1.25518
      vertex 11.8887 3.2 -1.30294
    endloop
  endfacet
  facet normal 0 1 0
    outer loop
      vertex 11.6 3.2 -2
      vertex 11.8887 3.2 -1.30294
      vertex 11.9365 3.2 -1.34768
    endloop
  endfacet
  facet normal 0 1 0
    outer loop
      vertex 11.6654 3.2 -2.00214
      vertex 11.9365 3.2 -1.34768
      vertex 11.9871 3.2 -1.38919
    endloop
  endfacet
  facet normal 0 1 0
    outer loop
      vertex 11.6654 3.2 -2.00214
      vertex 11.9871 3.2 -1.38919
      vertex 12.0403 3.2 -1.42731
    endloop
  endfacet
  facet normal 0 1 0
    outer loop
      vertex 11.6151 3.2 -0.790927
      vertex 11.0444 3.2 -2.16853
      vertex 10.9912 3.2 -2.20665
    endloop
  endfacet
  facet normal 0 1 0
    outer loop
      vertex 11.6654 3.2 -2.00214
      vertex 12.0403 3.2 -1.42731
      vertex 12.0958 3.2 -1.46186
    endloop
  endfacet
  facet normal 0 1 0
    outer loop
      vertex 11.6654 3.2 -2.00214
      vertex 12.0958 3.2 -1.46186
      vertex 12.1535 3.2 -1.49271
    endloop
  endfacet
  facet normal 0 1 0
    outer loop
      vertex 11.6654 3.2 -2.00214
      vertex 12.1535 3.2 -1.49271
      vertex 12.2132 3.2 -1.51972
    endloop
  endfacet
  facet normal 0 1 0
    outer loop
      vertex 11.6654 3.2 -2.00214
      vertex 12.2132 3.2 -1.51972
      vertex 12.2744 3.2 -1.54277
    endloop
  endfacet
  facet normal 0 1 0
    outer loop
      vertex 11.6654 3.2 -2.00214
      vertex 12.2744 3.2 -1.54277
      vertex 12.337 3.2 -1.56176
    endloop
  endfacet
  facet normal 0 1 0
    outer loop
      vertex 11.6654 3.2 -2.00214
      vertex 12.337 3.2 -1.56176
      vertex 12.4007 3.2 -1.57662
    endloop
  endfacet
  facet normal 0 1 0
    outer loop
      vertex 11.6654 3.2 -2.00214
      vertex 12.4007 3.2 -1.57662
      vertex 12.4653 3.2 -1.58728
    endloop
  endfacet
  facet normal 0 1 0
    outer loop
      vertex 11.6654 3.2 -2.00214
      vertex 12.4653 3.2 -1.58728
      vertex 12.5304 3.2 -1.5937
    endloop
  endfacet
  facet normal 0 1 0
    outer loop
      vertex 11.6654 3.2 -2.00214
      vertex 12.5304 3.2 -1.5937
      vertex 12.5958 3.2 -1.59584
    endloop
  endfacet
  facet normal 0 1 0
    outer loop
      vertex 13.3029 3.2 -1.30294
      vertex 14.1515 3.2 -2.15147
      vertex 13.2552 3.2 -1.34768
    endloop
  endfacet
  facet normal 0 1 -0
    outer loop
      vertex 14.0978 3.2 -2.20878
      vertex 13.2552 3.2 -1.34768
      vertex 14.1515 3.2 -2.15147
    endloop
  endfacet
  facet normal 0 1 0
    outer loop
      vertex 13.2552 3.2 -1.34768
      vertex 14.0978 3.2 -2.20878
      vertex 13.2046 3.2 -1.38919
    endloop
  endfacet
  facet normal 0 1 -0
    outer loop
      vertex 14.048 3.2 -2.26949
      vertex 13.2046 3.2 -1.38919
      vertex 14.0978 3.2 -2.20878
    endloop
  endfacet
  facet normal 0 1 0
    outer loop
      vertex 13.2046 3.2 -1.38919
      vertex 14.048 3.2 -2.26949
      vertex 13.1514 3.2 -1.42731
    endloop
  endfacet
  facet normal 0 1 -0
    outer loop
      vertex 14.0022 3.2 -2.33331
      vertex 13.1514 3.2 -1.42731
      vertex 14.048 3.2 -2.26949
    endloop
  endfacet
  facet normal 0 1 0
    outer loop
      vertex 13.1514 3.2 -1.42731
      vertex 14.0022 3.2 -2.33331
      vertex 13.0958 3.2 -1.46186
    endloop
  endfacet
  facet normal 0 1 0
    outer loop
      vertex 11.6654 3.2 -2.00214
      vertex 12.6612 3.2 -1.5937
      vertex 12.7264 3.2 -1.58728
    endloop
  endfacet
  facet normal 0 1 0
    outer loop
      vertex 11.8887 3.2 -1.30294
      vertex 11.6 3.2 -2
      vertex 11.5346 3.2 -2.00214
    endloop
  endfacet
  facet normal 0 1 0
    outer loop
      vertex 11.6654 3.2 -2.00214
      vertex 12.5958 3.2 -1.59584
      vertex 12.6612 3.2 -1.5937
    endloop
  endfacet
  facet normal 0 1 0
    outer loop
      vertex 11.844 3.2 -1.25518
      vertex 11.5346 3.2 -2.00214
      vertex 11.4695 3.2 -2.00855
    endloop
  endfacet
  facet normal 0 1 0
    outer loop
      vertex 11.8025 3.2 -1.2046
      vertex 11.4695 3.2 -2.00855
      vertex 11.4049 3.2 -2.01921
    endloop
  endfacet
  facet normal 0 1 0
    outer loop
      vertex 11.7644 3.2 -1.15141
      vertex 11.4049 3.2 -2.01921
      vertex 11.3412 3.2 -2.03407
    endloop
  endfacet
  facet normal 0 1 0
    outer loop
      vertex 11.7298 3.2 -1.09584
      vertex 11.3412 3.2 -2.03407
      vertex 11.2786 3.2 -2.05307
    endloop
  endfacet
  facet normal 0 1 0
    outer loop
      vertex 11.699 3.2 -1.03813
      vertex 11.2786 3.2 -2.05307
      vertex 11.2173 3.2 -2.07612
    endloop
  endfacet
  facet normal 0 1 0
    outer loop
      vertex 11.672 3.2 -0.978519
      vertex 11.2173 3.2 -2.07612
      vertex 11.1577 3.2 -2.10313
    endloop
  endfacet
  facet normal 0 1 0
    outer loop
      vertex 11.6489 3.2 -0.917276
      vertex 11.1577 3.2 -2.10313
      vertex 11.1 3.2 -2.13397
    endloop
  endfacet
  facet normal 0 1 0
    outer loop
      vertex 11.6299 3.2 -0.854655
      vertex 11.1 3.2 -2.13397
      vertex 11.0444 3.2 -2.16853
    endloop
  endfacet
  facet normal 0 1 0
    outer loop
      vertex 11.6044 3.2 -0.726362
      vertex 10.9912 3.2 -2.20665
      vertex 10.9407 3.2 -2.24816
    endloop
  endfacet
  facet normal 0 1 0
    outer loop
      vertex 11.598 3.2 -0.66124
      vertex 10.9407 3.2 -2.24816
      vertex 10.8929 3.2 -2.29289
    endloop
  endfacet
  facet normal 0 1 0
    outer loop
      vertex 11.5958 3.2 -0.595837
      vertex 10.8929 3.2 -2.29289
      vertex 10.8482 3.2 -2.34065
    endloop
  endfacet
  facet normal 0 1 0
    outer loop
      vertex 11.598 3.2 -0.530434
      vertex 10.8482 3.2 -2.34065
      vertex 10.8066 3.2 -2.39124
    endloop
  endfacet
  facet normal 0 1 0
    outer loop
      vertex 11.6151 3.2 -0.400746
      vertex 0.727407 3.2 -0.929447
      vertex 0.57544 3.2 -0.428484
    endloop
  endfacet
  facet normal 0 1 0
    outer loop
      vertex 11.6151 3.2 -0.400746
      vertex 10.7685 3.2 -2.44443
      vertex 0.727407 3.2 -0.929447
    endloop
  endfacet
  facet normal 0 1 -0
    outer loop
      vertex 10.734 3.2 -2.5
      vertex 0.727407 3.2 -0.929447
      vertex 10.7685 3.2 -2.44443
    endloop
  endfacet
  facet normal 0 1 0
    outer loop
      vertex 0.727407 3.2 -0.929447
      vertex 10.734 3.2 -2.5
      vertex 0.846282 3.2 -1.43928
    endloop
  endfacet
  facet normal 0 1 -0
    outer loop
      vertex 10.7031 3.2 -2.55771
      vertex 0.846282 3.2 -1.43928
      vertex 10.734 3.2 -2.5
    endloop
  endfacet
  facet normal 0 1 -0
    outer loop
      vertex 10.6761 3.2 -2.61732
      vertex 0.846282 3.2 -1.43928
      vertex 10.7031 3.2 -2.55771
    endloop
  endfacet
  facet normal 0 1 0
    outer loop
      vertex 0.846282 3.2 -1.43928
      vertex 10.6761 3.2 -2.61732
      vertex 0.931559 3.2 -1.95579
    endloop
  endfacet
  facet normal 0 1 -0
    outer loop
      vertex 10.6531 3.2 -2.67856
      vertex 0.931559 3.2 -1.95579
      vertex 10.6761 3.2 -2.61732
    endloop
  endfacet
  facet normal 0 1 -0
    outer loop
      vertex 10.6341 3.2 -2.74118
      vertex 0.931559 3.2 -1.95579
      vertex 10.6531 3.2 -2.67856
    endloop
  endfacet
  facet normal 0 1 -0
    outer loop
      vertex 10.6192 3.2 -2.80491
      vertex 0.931559 3.2 -1.95579
      vertex 10.6341 3.2 -2.74118
    endloop
  endfacet
  facet normal 0 1 0
    outer loop
      vertex 0.931559 3.2 -1.95579
      vertex 10.6192 3.2 -2.80491
      vertex 0.982871 3.2 -2.47677
    endloop
  endfacet
  facet normal 0 1 -0
    outer loop
      vertex 10.6086 3.2 -2.86947
      vertex 0.982871 3.2 -2.47677
      vertex 10.6192 3.2 -2.80491
    endloop
  endfacet
  facet normal 0 1 -0
    outer loop
      vertex 10.6021 3.2 -2.9346
      vertex 0.982871 3.2 -2.47677
      vertex 10.6086 3.2 -2.86947
    endloop
  endfacet
  facet normal 0 1 0
    outer loop
      vertex 1 3.2 -3
      vertex 10.6021 3.2 -2.9346
      vertex 10.6 3.2 -3
    endloop
  endfacet
  facet normal 0 1 0
    outer loop
      vertex 10.6021 3.2 -2.9346
      vertex 1 3.2 -3
      vertex 0.982871 3.2 -2.47677
    endloop
  endfacet
  facet normal 0 1 0
    outer loop
      vertex 10.6021 3.2 -3.0654
      vertex 1 3.2 -3
      vertex 10.6 3.2 -3
    endloop
  endfacet
  facet normal 0 1 0
    outer loop
      vertex 0.982871 3.2 -3.52322
      vertex 10.6021 3.2 -3.0654
      vertex 10.6086 3.2 -3.13053
    endloop
  endfacet
  facet normal 0 1 0
    outer loop
      vertex 0.982871 3.2 -3.52322
      vertex 10.6086 3.2 -3.13053
      vertex 10.6192 3.2 -3.19509
    endloop
  endfacet
  facet normal 0 1 0
    outer loop
      vertex 0.931559 3.2 -4.04421
      vertex 10.6192 3.2 -3.19509
      vertex 10.6341 3.2 -3.25882
    endloop
  endfacet
  facet normal 0 1 0
    outer loop
      vertex 0.931559 3.2 -4.04421
      vertex 10.6341 3.2 -3.25882
      vertex 10.6531 3.2 -3.32144
    endloop
  endfacet
  facet normal 0 1 0
    outer loop
      vertex 0.931559 3.2 -4.04421
      vertex 10.6531 3.2 -3.32144
      vertex 10.6761 3.2 -3.38268
    endloop
  endfacet
  facet normal 0 1 0
    outer loop
      vertex 0.846282 3.2 -4.56072
      vertex 10.6761 3.2 -3.38268
      vertex 10.7031 3.2 -3.44229
    endloop
  endfacet
  facet normal 0 1 0
    outer loop
      vertex 0.846282 3.2 -4.56072
      vertex 10.7031 3.2 -3.44229
      vertex 10.734 3.2 -3.5
    endloop
  endfacet
  facet normal 0 1 0
    outer loop
      vertex 10.6021 3.2 -3.0654
      vertex 0.982871 3.2 -3.52322
      vertex 1 3.2 -3
    endloop
  endfacet
  facet normal 0 1 0
    outer loop
      vertex 0.727407 3.2 -5.07055
      vertex 10.734 3.2 -3.5
      vertex 10.7685 3.2 -3.55557
    endloop
  endfacet
  facet normal 0 1 0
    outer loop
      vertex 11.6151 3.2 -5.59925
      vertex 10.7685 3.2 -3.55557
      vertex 10.8066 3.2 -3.60876
    endloop
  endfacet
  facet normal 0 1 0
    outer loop
      vertex 11.6044 3.2 -5.53469
      vertex 10.8066 3.2 -3.60876
      vertex 10.8482 3.2 -3.65935
    endloop
  endfacet
  facet normal 0 1 0
    outer loop
      vertex 11.598 3.2 -5.46957
      vertex 10.8482 3.2 -3.65935
      vertex 10.8929 3.2 -3.70711
    endloop
  endfacet
  facet normal 0 1 0
    outer loop
      vertex 11.5958 3.2 -5.40416
      vertex 10.8929 3.2 -3.70711
      vertex 10.9407 3.2 -3.75184
    endloop
  endfacet
  facet normal 0 1 0
    outer loop
      vertex 11.598 3.2 -5.33876
      vertex 10.9407 3.2 -3.75184
      vertex 10.9912 3.2 -3.79335
    endloop
  endfacet
  facet normal 0 1 0
    outer loop
      vertex 11.6044 3.2 -5.27364
      vertex 10.9912 3.2 -3.79335
      vertex 11.0444 3.2 -3.83147
    endloop
  endfacet
  facet normal 0 1 0
    outer loop
      vertex 11.6151 3.2 -5.20907
      vertex 11.0444 3.2 -3.83147
      vertex 11.1 3.2 -3.86602
    endloop
  endfacet
  facet normal 0 1 0
    outer loop
      vertex 11.6299 3.2 -5.14534
      vertex 11.1 3.2 -3.86602
      vertex 11.1577 3.2 -3.89687
    endloop
  endfacet
  facet normal 0 1 0
    outer loop
      vertex 11.6489 3.2 -5.08272
      vertex 11.1577 3.2 -3.89687
      vertex 11.2173 3.2 -3.92388
    endloop
  endfacet
  facet normal 0 1 0
    outer loop
      vertex 11.672 3.2 -5.02148
      vertex 11.2173 3.2 -3.92388
      vertex 11.2786 3.2 -3.94693
    endloop
  endfacet
  facet normal 0 1 0
    outer loop
      vertex 11.699 3.2 -4.96187
      vertex 11.2786 3.2 -3.94693
      vertex 11.3412 3.2 -3.96593
    endloop
  endfacet
  facet normal 0 1 0
    outer loop
      vertex 11.7298 3.2 -4.90416
      vertex 11.3412 3.2 -3.96593
      vertex 11.4049 3.2 -3.98078
    endloop
  endfacet
  facet normal 0 1 0
    outer loop
      vertex 11.7644 3.2 -4.84859
      vertex 11.4049 3.2 -3.98078
      vertex 11.4695 3.2 -3.99144
    endloop
  endfacet
  facet normal 0 1 0
    outer loop
      vertex 11.8025 3.2 -4.7954
      vertex 11.4695 3.2 -3.99144
      vertex 11.5346 3.2 -3.99786
    endloop
  endfacet
  facet normal 0 1 0
    outer loop
      vertex 10.6192 3.2 -3.19509
      vertex 0.931559 3.2 -4.04421
      vertex 0.982871 3.2 -3.52322
    endloop
  endfacet
  facet normal 0 1 0
    outer loop
      vertex 11.844 3.2 -4.74482
      vertex 11.5346 3.2 -3.99786
      vertex 11.6 3.2 -4
    endloop
  endfacet
  facet normal 0 1 -0
    outer loop
      vertex 12.2132 3.2 -4.48028
      vertex 11.9827 3.2 -3.92388
      vertex 12.2744 3.2 -4.45723
    endloop
  endfacet
  facet normal 0 1 0
    outer loop
      vertex 12.5958 3.2 -4.40416
      vertex 14.4 3.2 -4.03923
      vertex 14.4693 3.2 -4.07625
    endloop
  endfacet
  facet normal 0 1 0
    outer loop
      vertex 12.5958 3.2 -4.40416
      vertex 14.4693 3.2 -4.07625
      vertex 14.5408 3.2 -4.10865
    endloop
  endfacet
  facet normal 0 1 0
    outer loop
      vertex 12.5958 3.2 -4.40416
      vertex 14.5408 3.2 -4.10865
      vertex 14.6143 3.2 -4.13632
    endloop
  endfacet
  facet normal 0 1 0
    outer loop
      vertex 12.5958 3.2 -4.40416
      vertex 14.6143 3.2 -4.13632
      vertex 14.6894 3.2 -4.15911
    endloop
  endfacet
  facet normal 0 1 0
    outer loop
      vertex 12.5958 3.2 -4.40416
      vertex 14.6894 3.2 -4.15911
      vertex 14.7659 3.2 -4.17694
    endloop
  endfacet
  facet normal 0 1 0
    outer loop
      vertex 12.5958 3.2 -4.40416
      vertex 14.7659 3.2 -4.17694
      vertex 14.8434 3.2 -4.18973
    endloop
  endfacet
  facet normal 0 1 0
    outer loop
      vertex 12.5958 3.2 -4.40416
      vertex 14.8434 3.2 -4.18973
      vertex 14.9215 3.2 -4.19743
    endloop
  endfacet
  facet normal 0 1 0
    outer loop
      vertex 12.5958 3.2 -4.40416
      vertex 14.9215 3.2 -4.19743
      vertex 15 3.2 -4.2
    endloop
  endfacet
  facet normal 0 1 -0
    outer loop
      vertex 16.6523 3.2 -4.74482
      vertex 15.8485 3.2 -3.84853
      vertex 16.6971 3.2 -4.69706
    endloop
  endfacet
  facet normal 0 1 0
    outer loop
      vertex 11.9827 3.2 -3.92388
      vertex 12.2132 3.2 -4.48028
      vertex 11.9214 3.2 -3.94693
    endloop
  endfacet
  facet normal 0 1 -0
    outer loop
      vertex 12.1535 3.2 -4.50729
      vertex 11.9214 3.2 -3.94693
      vertex 12.2132 3.2 -4.48028
    endloop
  endfacet
  facet normal 0 1 0
    outer loop
      vertex 11.9214 3.2 -3.94693
      vertex 12.1535 3.2 -4.50729
      vertex 11.8588 3.2 -3.96593
    endloop
  endfacet
  facet normal 0 1 -0
    outer loop
      vertex 12.0958 3.2 -4.53814
      vertex 11.8588 3.2 -3.96593
      vertex 12.1535 3.2 -4.50729
    endloop
  endfacet
  facet normal 0 1 0
    outer loop
      vertex 11.8588 3.2 -3.96593
      vertex 12.0958 3.2 -4.53814
      vertex 11.7951 3.2 -3.98078
    endloop
  endfacet
  facet normal 0 1 -0
    outer loop
      vertex 12.0403 3.2 -4.57269
      vertex 11.7951 3.2 -3.98078
      vertex 12.0958 3.2 -4.53814
    endloop
  endfacet
  facet normal 0 1 0
    outer loop
      vertex 11.7951 3.2 -3.98078
      vertex 12.0403 3.2 -4.57269
      vertex 11.7305 3.2 -3.99144
    endloop
  endfacet
  facet normal 0 1 -0
    outer loop
      vertex 11.9871 3.2 -4.61081
      vertex 11.7305 3.2 -3.99144
      vertex 12.0403 3.2 -4.57269
    endloop
  endfacet
  facet normal 0 1 0
    outer loop
      vertex 11.7305 3.2 -3.99144
      vertex 11.9871 3.2 -4.61081
      vertex 11.6654 3.2 -3.99786
    endloop
  endfacet
  facet normal 0 1 -0
    outer loop
      vertex 11.9365 3.2 -4.65232
      vertex 11.6654 3.2 -3.99786
      vertex 11.9871 3.2 -4.61081
    endloop
  endfacet
  facet normal 0 1 0
    outer loop
      vertex 11.6654 3.2 -3.99786
      vertex 11.9365 3.2 -4.65232
      vertex 11.6 3.2 -4
    endloop
  endfacet
  facet normal 0 1 -0
    outer loop
      vertex 11.8887 3.2 -4.69706
      vertex 11.6 3.2 -4
      vertex 11.9365 3.2 -4.65232
    endloop
  endfacet
  facet normal 0 1 -0
    outer loop
      vertex 11.844 3.2 -4.74482
      vertex 11.6 3.2 -4
      vertex 11.8887 3.2 -4.69706
    endloop
  endfacet
  facet normal 0 1 0
    outer loop
      vertex 11.5346 3.2 -3.99786
      vertex 11.844 3.2 -4.74482
      vertex 11.8025 3.2 -4.7954
    endloop
  endfacet
  facet normal 0 1 0
    outer loop
      vertex 11.4695 3.2 -3.99144
      vertex 11.8025 3.2 -4.7954
      vertex 11.7644 3.2 -4.84859
    endloop
  endfacet
  facet normal 0 1 0
    outer loop
      vertex 11.4049 3.2 -3.98078
      vertex 11.7644 3.2 -4.84859
      vertex 11.7298 3.2 -4.90416
    endloop
  endfacet
  facet normal 0 1 0
    outer loop
      vertex 11.3412 3.2 -3.96593
      vertex 11.7298 3.2 -4.90416
      vertex 11.699 3.2 -4.96187
    endloop
  endfacet
  facet normal 0 1 0
    outer loop
      vertex 11.2786 3.2 -3.94693
      vertex 11.699 3.2 -4.96187
      vertex 11.672 3.2 -5.02148
    endloop
  endfacet
  facet normal 0 1 0
    outer loop
      vertex 11.2173 3.2 -3.92388
      vertex 11.672 3.2 -5.02148
      vertex 11.6489 3.2 -5.08272
    endloop
  endfacet
  facet normal 0 1 0
    outer loop
      vertex 11.1577 3.2 -3.89687
      vertex 11.6489 3.2 -5.08272
      vertex 11.6299 3.2 -5.14534
    endloop
  endfacet
  facet normal 0 1 0
    outer loop
      vertex 11.1 3.2 -3.86602
      vertex 11.6299 3.2 -5.14534
      vertex 11.6151 3.2 -5.20907
    endloop
  endfacet
  facet normal 0 1 0
    outer loop
      vertex 11.0444 3.2 -3.83147
      vertex 11.6151 3.2 -5.20907
      vertex 11.6044 3.2 -5.27364
    endloop
  endfacet
  facet normal 0 1 0
    outer loop
      vertex 10.9912 3.2 -3.79335
      vertex 11.6044 3.2 -5.27364
      vertex 11.598 3.2 -5.33876
    endloop
  endfacet
  facet normal 0 1 0
    outer loop
      vertex 10.9407 3.2 -3.75184
      vertex 11.598 3.2 -5.33876
      vertex 11.5958 3.2 -5.40416
    endloop
  endfacet
  facet normal 0 1 0
    outer loop
      vertex 10.6761 3.2 -3.38268
      vertex 0.846282 3.2 -4.56072
      vertex 0.931559 3.2 -4.04421
    endloop
  endfacet
  facet normal 0 1 0
    outer loop
      vertex 10.8929 3.2 -3.70711
      vertex 11.5958 3.2 -5.40416
      vertex 11.598 3.2 -5.46957
    endloop
  endfacet
  facet normal 0 1 0
    outer loop
      vertex 10.8482 3.2 -3.65935
      vertex 11.598 3.2 -5.46957
      vertex 11.6044 3.2 -5.53469
    endloop
  endfacet
  facet normal 0 1 0
    outer loop
      vertex 10.734 3.2 -3.5
      vertex 0.727407 3.2 -5.07055
      vertex 0.846282 3.2 -4.56072
    endloop
  endfacet
  facet normal 0 1 0
    outer loop
      vertex 10.8066 3.2 -3.60876
      vertex 11.6044 3.2 -5.53469
      vertex 11.6151 3.2 -5.59925
    endloop
  endfacet
  facet normal 0 1 0
    outer loop
      vertex 10.7685 3.2 -3.55557
      vertex 11.6151 3.2 -5.59925
      vertex 0.727407 3.2 -5.07055
    endloop
  endfacet
  facet normal 0 1 0
    outer loop
      vertex 0.727407 3.2 -5.07055
      vertex 11.6151 3.2 -5.59925
      vertex 0.57544 3.2 -5.57152
    endloop
  endfacet
  facet normal 0 1 0
    outer loop
      vertex 11.6299 3.2 -5.66298
      vertex 0.57544 3.2 -5.57152
      vertex 11.6151 3.2 -5.59925
    endloop
  endfacet
  facet normal 0 1 0
    outer loop
      vertex 11.6489 3.2 -5.7256
      vertex 0.57544 3.2 -5.57152
      vertex 11.6299 3.2 -5.66298
    endloop
  endfacet
  facet normal 0 1 0
    outer loop
      vertex 11.672 3.2 -5.78685
      vertex 0.57544 3.2 -5.57152
      vertex 11.6489 3.2 -5.7256
    endloop
  endfacet
  facet normal 0 1 0
    outer loop
      vertex 0.391036 3.2 -6.06147
      vertex 11.672 3.2 -5.78685
      vertex 11.699 3.2 -5.84645
    endloop
  endfacet
  facet normal 0 1 0
    outer loop
      vertex 0.391036 3.2 -6.06147
      vertex 11.699 3.2 -5.84645
      vertex 11.7298 3.2 -5.90416
    endloop
  endfacet
  facet normal 0 1 0
    outer loop
      vertex 0.174981 3.2 -6.53831
      vertex 11.7298 3.2 -5.90416
      vertex 11.7644 3.2 -5.95973
    endloop
  endfacet
  facet normal 0 1 0
    outer loop
      vertex 0.174981 3.2 -6.53831
      vertex 11.7644 3.2 -5.95973
      vertex 11.8025 3.2 -6.01292
    endloop
  endfacet
  facet normal 0 1 0
    outer loop
      vertex 11.672 3.2 -5.78685
      vertex 0.391036 3.2 -6.06147
      vertex 0.57544 3.2 -5.57152
    endloop
  endfacet
  facet normal 0 1 0
    outer loop
      vertex -0.0717964 3.2 -7
      vertex 11.8025 3.2 -6.01292
      vertex 11.844 3.2 -6.06351
    endloop
  endfacet
  facet normal 0 1 0
    outer loop
      vertex -0.0717964 3.2 -7
      vertex 11.844 3.2 -6.06351
      vertex 11.8887 3.2 -6.11127
    endloop
  endfacet
  facet normal 0 1 0
    outer loop
      vertex -0.348243 3.2 -7.44456
      vertex 11.8887 3.2 -6.11127
      vertex 11.9365 3.2 -6.156
    endloop
  endfacet
  facet normal 0 1 0
    outer loop
      vertex -0.653172 3.2 -7.87009
      vertex 11.9365 3.2 -6.156
      vertex 11.9871 3.2 -6.19752
    endloop
  endfacet
  facet normal 0 1 0
    outer loop
      vertex -0.653172 3.2 -7.87009
      vertex 11.9871 3.2 -6.19752
      vertex 12.0403 3.2 -6.23563
    endloop
  endfacet
  facet normal 0 1 0
    outer loop
      vertex -0.653172 3.2 -7.87009
      vertex 12.0403 3.2 -6.23563
      vertex 12.0958 3.2 -6.27019
    endloop
  endfacet
  facet normal 0 1 0
    outer loop
      vertex -0.653172 3.2 -7.87009
      vertex 12.0958 3.2 -6.27019
      vertex 12.1535 3.2 -6.30103
    endloop
  endfacet
  facet normal 0 1 0
    outer loop
      vertex -0.653172 3.2 -7.87009
      vertex 12.1535 3.2 -6.30103
      vertex 12.2132 3.2 -6.32804
    endloop
  endfacet
  facet normal 0 1 0
    outer loop
      vertex -0.653172 3.2 -7.87009
      vertex 12.2132 3.2 -6.32804
      vertex 12.2744 3.2 -6.35109
    endloop
  endfacet
  facet normal 0 1 0
    outer loop
      vertex 14.5577 3.2 -7.29687
      vertex 12.2744 3.2 -6.35109
      vertex 12.337 3.2 -6.37009
    endloop
  endfacet
  facet normal 0 1 0
    outer loop
      vertex 14.5 3.2 -7.26602
      vertex 12.337 3.2 -6.37009
      vertex 12.4007 3.2 -6.38495
    endloop
  endfacet
  facet normal 0 1 0
    outer loop
      vertex 14.4444 3.2 -7.23147
      vertex 12.4007 3.2 -6.38495
      vertex 12.4653 3.2 -6.39561
    endloop
  endfacet
  facet normal 0 1 0
    outer loop
      vertex 14.3912 3.2 -7.19335
      vertex 12.4653 3.2 -6.39561
      vertex 12.5304 3.2 -6.40202
    endloop
  endfacet
  facet normal 0 1 0
    outer loop
      vertex 14.3407 3.2 -7.15184
      vertex 12.5304 3.2 -6.40202
      vertex 12.5958 3.2 -6.40416
    endloop
  endfacet
  facet normal 0 1 0
    outer loop
      vertex 14.1031 3.2 -6.84229
      vertex 12.9173 3.2 -6.35109
      vertex 14.0761 3.2 -6.78268
    endloop
  endfacet
  facet normal 0 1 0
    outer loop
      vertex 12.9173 3.2 -6.35109
      vertex 14.1031 3.2 -6.84229
      vertex 12.8547 3.2 -6.37009
    endloop
  endfacet
  facet normal 0 1 0
    outer loop
      vertex 14.134 3.2 -6.9
      vertex 12.8547 3.2 -6.37009
      vertex 14.1031 3.2 -6.84229
    endloop
  endfacet
  facet normal 0 1 0
    outer loop
      vertex 12.8547 3.2 -6.37009
      vertex 14.134 3.2 -6.9
      vertex 12.7909 3.2 -6.38495
    endloop
  endfacet
  facet normal 0 1 0
    outer loop
      vertex 14.1685 3.2 -6.95557
      vertex 12.7909 3.2 -6.38495
      vertex 14.134 3.2 -6.9
    endloop
  endfacet
  facet normal 0 1 0
    outer loop
      vertex 11.7298 3.2 -5.90416
      vertex 0.174981 3.2 -6.53831
      vertex 0.391036 3.2 -6.06147
    endloop
  endfacet
  facet normal 0 1 0
    outer loop
      vertex 12.7909 3.2 -6.38495
      vertex 14.1685 3.2 -6.95557
      vertex 12.7264 3.2 -6.39561
    endloop
  endfacet
  facet normal 0 1 0
    outer loop
      vertex 14.2066 3.2 -7.00876
      vertex 12.7264 3.2 -6.39561
      vertex 14.1685 3.2 -6.95557
    endloop
  endfacet
  facet normal 0 1 0
    outer loop
      vertex 12.7264 3.2 -6.39561
      vertex 14.2066 3.2 -7.00876
      vertex 12.6612 3.2 -6.40202
    endloop
  endfacet
  facet normal 0 1 0
    outer loop
      vertex 14.2482 3.2 -7.05935
      vertex 12.6612 3.2 -6.40202
      vertex 14.2066 3.2 -7.00876
    endloop
  endfacet
  facet normal 0 1 0
    outer loop
      vertex 11.8025 3.2 -6.01292
      vertex -0.0717964 3.2 -7
      vertex 0.174981 3.2 -6.53831
    endloop
  endfacet
  facet normal 0 1 0
    outer loop
      vertex 12.6612 3.2 -6.40202
      vertex 14.2482 3.2 -7.05935
      vertex 12.5958 3.2 -6.40416
    endloop
  endfacet
  facet normal 0 1 0
    outer loop
      vertex 14.2929 3.2 -7.10711
      vertex 12.5958 3.2 -6.40416
      vertex 14.2482 3.2 -7.05935
    endloop
  endfacet
  facet normal 0 1 0
    outer loop
      vertex 14.3407 3.2 -7.15184
      vertex 12.5958 3.2 -6.40416
      vertex 14.2929 3.2 -7.10711
    endloop
  endfacet
  facet normal 0 1 0
    outer loop
      vertex 12.5304 3.2 -6.40202
      vertex 14.3407 3.2 -7.15184
      vertex 14.3912 3.2 -7.19335
    endloop
  endfacet
  facet normal 0 1 0
    outer loop
      vertex 12.4653 3.2 -6.39561
      vertex 14.3912 3.2 -7.19335
      vertex 14.4444 3.2 -7.23147
    endloop
  endfacet
  facet normal 0 1 0
    outer loop
      vertex 12.4007 3.2 -6.38495
      vertex 14.4444 3.2 -7.23147
      vertex 14.5 3.2 -7.26602
    endloop
  endfacet
  facet normal 0 1 0
    outer loop
      vertex 12.337 3.2 -6.37009
      vertex 14.5 3.2 -7.26602
      vertex 14.5577 3.2 -7.29687
    endloop
  endfacet
  facet normal 0 1 0
    outer loop
      vertex -0.653172 3.2 -7.87009
      vertex 12.2744 3.2 -6.35109
      vertex 14.5577 3.2 -7.29687
    endloop
  endfacet
  facet normal 0 1 0
    outer loop
      vertex -0.653172 3.2 -7.87009
      vertex 14.5577 3.2 -7.29687
      vertex 14.6173 3.2 -7.32388
    endloop
  endfacet
  facet normal 0 1 0
    outer loop
      vertex -0.653172 3.2 -7.87009
      vertex 14.6173 3.2 -7.32388
      vertex 14.6786 3.2 -7.34693
    endloop
  endfacet
  facet normal 0 1 0
    outer loop
      vertex -0.653172 3.2 -7.87009
      vertex 14.6786 3.2 -7.34693
      vertex 14.7412 3.2 -7.36593
    endloop
  endfacet
  facet normal 0 1 0
    outer loop
      vertex -0.653172 3.2 -7.87009
      vertex 14.7412 3.2 -7.36593
      vertex 14.8049 3.2 -7.38078
    endloop
  endfacet
  facet normal 0 1 0
    outer loop
      vertex -0.653172 3.2 -7.87009
      vertex 14.8049 3.2 -7.38078
      vertex 14.8695 3.2 -7.39144
    endloop
  endfacet
  facet normal 0 1 0
    outer loop
      vertex -0.653172 3.2 -7.87009
      vertex 14.8695 3.2 -7.39144
      vertex 14.9346 3.2 -7.39786
    endloop
  endfacet
  facet normal 0 1 0
    outer loop
      vertex 20.3 3.2 -12
      vertex 14.9346 3.2 -7.39786
      vertex 15 3.2 -7.4
    endloop
  endfacet
  facet normal 0 1 0
    outer loop
      vertex 11.8887 3.2 -6.11127
      vertex -0.348243 3.2 -7.44456
      vertex -0.0717964 3.2 -7
    endloop
  endfacet
  facet normal 0 1 -0
    outer loop
      vertex 17.0215 3.2 0.328042
      vertex 15.9239 3.2 0.782683
      vertex 17.0827 3.2 0.351092
    endloop
  endfacet
  facet normal 0 1 0
    outer loop
      vertex 15.9239 3.2 0.782683
      vertex 17.0215 3.2 0.328042
      vertex 15.9469 3.2 0.721439
    endloop
  endfacet
  facet normal 0 1 -0
    outer loop
      vertex 16.9619 3.2 0.301035
      vertex 15.9469 3.2 0.721439
      vertex 17.0215 3.2 0.328042
    endloop
  endfacet
  facet normal 0 1 0
    outer loop
      vertex 15.9469 3.2 0.721439
      vertex 16.9619 3.2 0.301035
      vertex 15.9659 3.2 0.658818
    endloop
  endfacet
  facet normal 0 1 -0
    outer loop
      vertex 16.9042 3.2 0.270188
      vertex 15.9659 3.2 0.658818
      vertex 16.9619 3.2 0.301035
    endloop
  endfacet
  facet normal 0 1 0
    outer loop
      vertex 15.9659 3.2 0.658818
      vertex 16.9042 3.2 0.270188
      vertex 15.9808 3.2 0.59509
    endloop
  endfacet
  facet normal 0 1 -0
    outer loop
      vertex 16.8486 3.2 0.235632
      vertex 15.9808 3.2 0.59509
      vertex 16.9042 3.2 0.270188
    endloop
  endfacet
  facet normal 0 1 0
    outer loop
      vertex 15.9808 3.2 0.59509
      vertex 16.8486 3.2 0.235632
      vertex 15.9914 3.2 0.530526
    endloop
  endfacet
  facet normal 0 1 -0
    outer loop
      vertex 16.7954 3.2 0.197515
      vertex 15.9914 3.2 0.530526
      vertex 16.8486 3.2 0.235632
    endloop
  endfacet
  facet normal 0 1 0
    outer loop
      vertex 15.9914 3.2 0.530526
      vertex 16.7954 3.2 0.197515
      vertex 15.9979 3.2 0.465403
    endloop
  endfacet
  facet normal 0 1 -0
    outer loop
      vertex 16.7448 3.2 0.156002
      vertex 15.9979 3.2 0.465403
      vertex 16.7954 3.2 0.197515
    endloop
  endfacet
  facet normal 0 1 0
    outer loop
      vertex 15.9979 3.2 0.465403
      vertex 16.7448 3.2 0.156002
      vertex 16 3.2 0.4
    endloop
  endfacet
  facet normal 0 1 -0
    outer loop
      vertex 16.6971 3.2 0.111269
      vertex 16 3.2 0.4
      vertex 16.7448 3.2 0.156002
    endloop
  endfacet
  facet normal 0 1 0
    outer loop
      vertex 16 3.2 0.4
      vertex 16.6971 3.2 0.111269
      vertex 15.9979 3.2 0.334597
    endloop
  endfacet
  facet normal 0 1 -0
    outer loop
      vertex 16.6523 3.2 0.063508
      vertex 15.9979 3.2 0.334597
      vertex 16.6971 3.2 0.111269
    endloop
  endfacet
  facet normal 0 1 0
    outer loop
      vertex 15.9979 3.2 0.334597
      vertex 16.6523 3.2 0.063508
      vertex 15.9914 3.2 0.269473
    endloop
  endfacet
  facet normal 0 1 -0
    outer loop
      vertex 16.6108 3.2 0.0129242
      vertex 15.9914 3.2 0.269473
      vertex 16.6523 3.2 0.063508
    endloop
  endfacet
  facet normal 0 1 0
    outer loop
      vertex 15.9914 3.2 0.269473
      vertex 16.6108 3.2 0.0129242
      vertex 15.9808 3.2 0.204909
    endloop
  endfacet
  facet normal 0 1 -0
    outer loop
      vertex 16.5727 3.2 -0.040266
      vertex 15.9808 3.2 0.204909
      vertex 16.6108 3.2 0.0129242
    endloop
  endfacet
  facet normal 0 1 0
    outer loop
      vertex 15.9808 3.2 0.204909
      vertex 16.5727 3.2 -0.040266
      vertex 15.9659 3.2 0.14118
    endloop
  endfacet
  facet normal 0 1 -0
    outer loop
      vertex 16.5381 3.2 -0.0958366
      vertex 15.9659 3.2 0.14118
      vertex 16.5727 3.2 -0.040266
    endloop
  endfacet
  facet normal 0 1 0
    outer loop
      vertex 15.9659 3.2 0.14118
      vertex 16.5381 3.2 -0.0958366
      vertex 15.9469 3.2 0.0785599
    endloop
  endfacet
  facet normal 0 1 -0
    outer loop
      vertex 16.5073 3.2 -0.153548
      vertex 15.9469 3.2 0.0785599
      vertex 16.5381 3.2 -0.0958366
    endloop
  endfacet
  facet normal 0 1 0
    outer loop
      vertex 15.9469 3.2 0.0785599
      vertex 16.5073 3.2 -0.153548
      vertex 15.9239 3.2 0.0173159
    endloop
  endfacet
  facet normal 0 1 -0
    outer loop
      vertex 16.4803 3.2 -0.213153
      vertex 15.9239 3.2 0.0173159
      vertex 16.5073 3.2 -0.153548
    endloop
  endfacet
  facet normal 0 1 0
    outer loop
      vertex 15.9239 3.2 0.0173159
      vertex 16.4803 3.2 -0.213153
      vertex 15.8969 3.2 -0.0422878
    endloop
  endfacet
  facet normal 0 1 -0
    outer loop
      vertex 16.4572 3.2 -0.274397
      vertex 15.8969 3.2 -0.0422878
      vertex 16.4803 3.2 -0.213153
    endloop
  endfacet
  facet normal 0 1 0
    outer loop
      vertex 15.8969 3.2 -0.0422878
      vertex 16.4572 3.2 -0.274397
      vertex 15.866 3.2 -0.0999994
    endloop
  endfacet
  facet normal 0 1 -0
    outer loop
      vertex 16.4382 3.2 -0.337017
      vertex 15.866 3.2 -0.0999994
      vertex 16.4572 3.2 -0.274397
    endloop
  endfacet
  facet normal 0 1 0
    outer loop
      vertex 15.866 3.2 -0.0999994
      vertex 16.4382 3.2 -0.337017
      vertex 15.8315 3.2 -0.15557
    endloop
  endfacet
  facet normal 0 1 -0
    outer loop
      vertex 16.4234 3.2 -0.400746
      vertex 15.8315 3.2 -0.15557
      vertex 16.4382 3.2 -0.337017
    endloop
  endfacet
  facet normal 0 1 0
    outer loop
      vertex 15.8315 3.2 -0.15557
      vertex 16.4234 3.2 -0.400746
      vertex 15.7934 3.2 -0.208761
    endloop
  endfacet
  facet normal 0 1 -0
    outer loop
      vertex 16.4127 3.2 -0.46531
      vertex 15.7934 3.2 -0.208761
      vertex 16.4234 3.2 -0.400746
    endloop
  endfacet
  facet normal 0 1 0
    outer loop
      vertex 15.7934 3.2 -0.208761
      vertex 16.4127 3.2 -0.46531
      vertex 15.7518 3.2 -0.259345
    endloop
  endfacet
  facet normal 0 1 -0
    outer loop
      vertex 16.4063 3.2 -0.530434
      vertex 15.7518 3.2 -0.259345
      vertex 16.4127 3.2 -0.46531
    endloop
  endfacet
  facet normal 0 1 0
    outer loop
      vertex 15.7518 3.2 -0.259345
      vertex 16.4063 3.2 -0.530434
      vertex 15.7071 3.2 -0.307106
    endloop
  endfacet
  facet normal 0 1 -0
    outer loop
      vertex 16.4042 3.2 -0.595837
      vertex 15.7071 3.2 -0.307106
      vertex 16.4063 3.2 -0.530434
    endloop
  endfacet
  facet normal 0 1 0
    outer loop
      vertex 15.7071 3.2 -0.307106
      vertex 16.4042 3.2 -0.595837
      vertex 15.6593 3.2 -0.351839
    endloop
  endfacet
  facet normal 0 1 0
    outer loop
      vertex 16.4063 3.2 -0.66124
      vertex 15.6593 3.2 -0.351839
      vertex 16.4042 3.2 -0.595837
    endloop
  endfacet
  facet normal 0 1 0
    outer loop
      vertex 15.6593 3.2 -0.351839
      vertex 16.4063 3.2 -0.66124
      vertex 15.6088 3.2 -0.393353
    endloop
  endfacet
  facet normal 0 1 0
    outer loop
      vertex 16.4127 3.2 -0.726362
      vertex 15.6088 3.2 -0.393353
      vertex 16.4063 3.2 -0.66124
    endloop
  endfacet
  facet normal 0 1 0
    outer loop
      vertex 15.6088 3.2 -0.393353
      vertex 16.4127 3.2 -0.726362
      vertex 15.5556 3.2 -0.431469
    endloop
  endfacet
  facet normal 0 1 0
    outer loop
      vertex 16.4234 3.2 -0.790927
      vertex 15.5556 3.2 -0.431469
      vertex 16.4127 3.2 -0.726362
    endloop
  endfacet
  facet normal 0 1 0
    outer loop
      vertex 15.5556 3.2 -0.431469
      vertex 16.4234 3.2 -0.790927
      vertex 15.5 3.2 -0.466025
    endloop
  endfacet
  facet normal 0 1 0
    outer loop
      vertex 16.4382 3.2 -0.854655
      vertex 15.5 3.2 -0.466025
      vertex 16.4234 3.2 -0.790927
    endloop
  endfacet
  facet normal 0 1 0
    outer loop
      vertex 15.5 3.2 -0.466025
      vertex 16.4382 3.2 -0.854655
      vertex 15.4423 3.2 -0.496872
    endloop
  endfacet
  facet normal 0 1 0
    outer loop
      vertex 16.4572 3.2 -0.917276
      vertex 15.4423 3.2 -0.496872
      vertex 16.4382 3.2 -0.854655
    endloop
  endfacet
  facet normal 0 1 -0
    outer loop
      vertex 15.4592 3.2 -1.89134
      vertex 15.4423 3.2 -0.496872
      vertex 16.4572 3.2 -0.917276
    endloop
  endfacet
  facet normal 0 1 0
    outer loop
      vertex 15.4423 3.2 -0.496872
      vertex 15.4592 3.2 -1.89134
      vertex 15.3827 3.2 -0.523879
    endloop
  endfacet
  facet normal -0 1 -0
    outer loop
      vertex 15.3857 3.2 -1.86368
      vertex 15.3827 3.2 -0.523879
      vertex 15.4592 3.2 -1.89134
    endloop
  endfacet
  facet normal -0.995057 0 0.0993071
    outer loop
      vertex 19.3914 -1.6 -3.13053
      vertex 19.3979 3.2 -3.0654
      vertex 19.3914 3.2 -3.13053
    endloop
  endfacet
  facet normal -0.995057 0 0.0993071
    outer loop
      vertex 19.3979 3.2 -3.0654
      vertex 19.3914 -1.6 -3.13053
      vertex 19.3979 -1.6 -3.0654
    endloop
  endfacet
  facet normal -0.999485 0 0.0320936
    outer loop
      vertex 19.3979 -1.6 -3.0654
      vertex 19.4 3.2 -3
      vertex 19.3979 3.2 -3.0654
    endloop
  endfacet
  facet normal -0.999485 0 0.0320936
    outer loop
      vertex 19.4 3.2 -3
      vertex 19.3979 -1.6 -3.0654
      vertex 19.4 -1.6 -3
    endloop
  endfacet
  facet normal -0.986788 0 0.162019
    outer loop
      vertex 19.3808 -1.6 -3.19509
      vertex 19.3914 3.2 -3.13053
      vertex 19.3808 3.2 -3.19509
    endloop
  endfacet
  facet normal -0.986788 0 0.162019
    outer loop
      vertex 19.3914 3.2 -3.13053
      vertex 19.3808 -1.6 -3.19509
      vertex 19.3914 -1.6 -3.13053
    endloop
  endfacet
  facet normal 0.772397 0 -0.63514
    outer loop
      vertex 17.6482 -1.6 -2.34065
      vertex 17.6066 3.2 -2.39124
      vertex 17.6482 3.2 -2.34065
    endloop
  endfacet
  facet normal 0.772397 0 -0.63514
    outer loop
      vertex 17.6066 3.2 -2.39124
      vertex 17.6482 -1.6 -2.34065
      vertex 17.6066 -1.6 -2.39124
    endloop
  endfacet
  facet normal 0.4715 0 0.881866
    outer loop
      vertex 17.9 3.2 -3.86602
      vertex 17.9577 -1.6 -3.89687
      vertex 17.9577 3.2 -3.89687
    endloop
  endfacet
  facet normal 0.4715 0 0.881866
    outer loop
      vertex 17.9577 -1.6 -3.89687
      vertex 17.9 3.2 -3.86602
      vertex 17.9 -1.6 -3.86602
    endloop
  endfacet
  facet normal 0.986788 -0 0.162019
    outer loop
      vertex 17.4086 -1.6 -3.13053
      vertex 17.4192 3.2 -3.19509
      vertex 17.4086 3.2 -3.13053
    endloop
  endfacet
  facet normal 0.986788 0 0.162019
    outer loop
      vertex 17.4192 3.2 -3.19509
      vertex 17.4086 -1.6 -3.13053
      vertex 17.4192 -1.6 -3.19509
    endloop
  endfacet
  facet normal 0.290432 0 0.956896
    outer loop
      vertex 18.0786 3.2 -3.94693
      vertex 18.1412 -1.6 -3.96593
      vertex 18.1412 3.2 -3.96593
    endloop
  endfacet
  facet normal 0.290432 0 0.956896
    outer loop
      vertex 18.1412 -1.6 -3.96593
      vertex 18.0786 3.2 -3.94693
      vertex 18.0786 -1.6 -3.94693
    endloop
  endfacet
  facet normal 0.68327 0 -0.730166
    outer loop
      vertex 17.6929 -1.6 -2.29289
      vertex 17.7407 3.2 -2.24816
      vertex 17.7407 -1.6 -2.24816
    endloop
  endfacet
  facet normal 0.68327 0 -0.730166
    outer loop
      vertex 17.7407 3.2 -2.24816
      vertex 17.6929 -1.6 -2.29289
      vertex 17.6929 3.2 -2.29289
    endloop
  endfacet
  facet normal 0.812958 0 -0.582322
    outer loop
      vertex 17.6066 -1.6 -2.39124
      vertex 17.5685 3.2 -2.44443
      vertex 17.6066 3.2 -2.39124
    endloop
  endfacet
  facet normal 0.812958 0 -0.582322
    outer loop
      vertex 17.5685 3.2 -2.44443
      vertex 17.6066 -1.6 -2.39124
      vertex 17.5685 -1.6 -2.44443
    endloop
  endfacet
  facet normal -0.290432 0 -0.956896
    outer loop
      vertex 18.6588 -1.6 -2.03407
      vertex 18.7214 3.2 -2.05307
      vertex 18.7214 -1.6 -2.05307
    endloop
  endfacet
  facet normal -0.290432 0 -0.956896
    outer loop
      vertex 18.7214 3.2 -2.05307
      vertex 18.6588 -1.6 -2.03407
      vertex 18.6588 3.2 -2.03407
    endloop
  endfacet
  facet normal -0.582452 0 -0.812865
    outer loop
      vertex 18.9556 -1.6 -2.16853
      vertex 19.0088 3.2 -2.20665
      vertex 19.0088 -1.6 -2.20665
    endloop
  endfacet
  facet normal -0.582452 0 -0.812865
    outer loop
      vertex 19.0088 3.2 -2.20665
      vertex 18.9556 -1.6 -2.16853
      vertex 18.9556 3.2 -2.16853
    endloop
  endfacet
  facet normal 0.849583 0 -0.527454
    outer loop
      vertex 17.5685 -1.6 -2.44443
      vertex 17.534 3.2 -2.5
      vertex 17.5685 3.2 -2.44443
    endloop
  endfacet
  facet normal 0.849583 0 -0.527454
    outer loop
      vertex 17.534 3.2 -2.5
      vertex 17.5685 -1.6 -2.44443
      vertex 17.534 -1.6 -2.5
    endloop
  endfacet
  facet normal 0.973741 -0 0.227659
    outer loop
      vertex 17.4192 -1.6 -3.19509
      vertex 17.4341 3.2 -3.25882
      vertex 17.4192 3.2 -3.19509
    endloop
  endfacet
  facet normal 0.973741 0 0.227659
    outer loop
      vertex 17.4341 3.2 -3.25882
      vertex 17.4192 -1.6 -3.19509
      vertex 17.4341 -1.6 -3.25882
    endloop
  endfacet
  facet normal 0.956922 -0 0.290347
    outer loop
      vertex 17.4341 -1.6 -3.25882
      vertex 17.4531 3.2 -3.32144
      vertex 17.4341 3.2 -3.25882
    endloop
  endfacet
  facet normal 0.956922 0 0.290347
    outer loop
      vertex 17.4531 3.2 -3.32144
      vertex 17.4341 -1.6 -3.25882
      vertex 17.4531 -1.6 -3.32144
    endloop
  endfacet
  facet normal -0.999485 0 -0.0320936
    outer loop
      vertex 19.4 -1.6 -3
      vertex 19.3979 3.2 -2.9346
      vertex 19.4 3.2 -3
    endloop
  endfacet
  facet normal -0.999485 -0 -0.0320936
    outer loop
      vertex 19.3979 3.2 -2.9346
      vertex 19.4 -1.6 -3
      vertex 19.3979 -1.6 -2.9346
    endloop
  endfacet
  facet normal -0.973741 0 0.227659
    outer loop
      vertex 19.3659 -1.6 -3.25882
      vertex 19.3808 3.2 -3.19509
      vertex 19.3659 3.2 -3.25882
    endloop
  endfacet
  facet normal -0.973741 0 0.227659
    outer loop
      vertex 19.3808 3.2 -3.19509
      vertex 19.3659 -1.6 -3.25882
      vertex 19.3808 -1.6 -3.19509
    endloop
  endfacet
  facet normal 0.995057 0 -0.0993071
    outer loop
      vertex 17.4086 -1.6 -2.86947
      vertex 17.4021 3.2 -2.9346
      vertex 17.4086 3.2 -2.86947
    endloop
  endfacet
  facet normal 0.995057 0 -0.0993071
    outer loop
      vertex 17.4021 3.2 -2.9346
      vertex 17.4086 -1.6 -2.86947
      vertex 17.4021 -1.6 -2.9346
    endloop
  endfacet
  facet normal 0.910915 0 -0.412594
    outer loop
      vertex 17.5031 -1.6 -2.55771
      vertex 17.4761 3.2 -2.61732
      vertex 17.5031 3.2 -2.55771
    endloop
  endfacet
  facet normal 0.910915 0 -0.412594
    outer loop
      vertex 17.4761 3.2 -2.61732
      vertex 17.5031 -1.6 -2.55771
      vertex 17.4761 -1.6 -2.61732
    endloop
  endfacet
  facet normal -0.812958 0 0.582322
    outer loop
      vertex 19.1934 -1.6 -3.60876
      vertex 19.2315 3.2 -3.55557
      vertex 19.1934 3.2 -3.60876
    endloop
  endfacet
  facet normal -0.812958 0 0.582322
    outer loop
      vertex 19.2315 3.2 -3.55557
      vertex 19.1934 -1.6 -3.60876
      vertex 19.2315 -1.6 -3.55557
    endloop
  endfacet
  facet normal 0.227181 0 -0.973852
    outer loop
      vertex 18.1412 -1.6 -2.03407
      vertex 18.2049 3.2 -2.01921
      vertex 18.2049 -1.6 -2.01921
    endloop
  endfacet
  facet normal 0.227181 0 -0.973852
    outer loop
      vertex 18.2049 3.2 -2.01921
      vertex 18.1412 -1.6 -2.03407
      vertex 18.1412 3.2 -2.03407
    endloop
  endfacet
  facet normal 0.412778 0 -0.910832
    outer loop
      vertex 17.9577 -1.6 -2.10313
      vertex 18.0173 3.2 -2.07612
      vertex 18.0173 -1.6 -2.07612
    endloop
  endfacet
  facet normal 0.412778 0 -0.910832
    outer loop
      vertex 18.0173 3.2 -2.07612
      vertex 17.9577 -1.6 -2.10313
      vertex 17.9577 3.2 -2.10313
    endloop
  endfacet
  facet normal 0.936153 0 -0.351592
    outer loop
      vertex 17.4761 -1.6 -2.61732
      vertex 17.4531 3.2 -2.67856
      vertex 17.4761 3.2 -2.61732
    endloop
  endfacet
  facet normal 0.936153 0 -0.351592
    outer loop
      vertex 17.4531 3.2 -2.67856
      vertex 17.4761 -1.6 -2.61732
      vertex 17.4531 -1.6 -2.67856
    endloop
  endfacet
  facet normal -0.290432 0 0.956896
    outer loop
      vertex 18.6588 3.2 -3.96593
      vertex 18.7214 -1.6 -3.94693
      vertex 18.7214 3.2 -3.94693
    endloop
  endfacet
  facet normal -0.290432 0 0.956896
    outer loop
      vertex 18.7214 -1.6 -3.94693
      vertex 18.6588 3.2 -3.96593
      vertex 18.6588 -1.6 -3.96593
    endloop
  endfacet
  facet normal -0.772397 0 -0.63514
    outer loop
      vertex 19.1934 -1.6 -2.39124
      vertex 19.1518 3.2 -2.34065
      vertex 19.1934 3.2 -2.39124
    endloop
  endfacet
  facet normal -0.772397 -0 -0.63514
    outer loop
      vertex 19.1518 3.2 -2.34065
      vertex 19.1934 -1.6 -2.39124
      vertex 19.1518 -1.6 -2.34065
    endloop
  endfacet
  facet normal -0.4715 0 0.881866
    outer loop
      vertex 18.8423 3.2 -3.89687
      vertex 18.9 -1.6 -3.86602
      vertex 18.9 3.2 -3.86602
    endloop
  endfacet
  facet normal -0.4715 0 0.881866
    outer loop
      vertex 18.9 -1.6 -3.86602
      vertex 18.8423 3.2 -3.89687
      vertex 18.8423 -1.6 -3.89687
    endloop
  endfacet
  facet normal 0.973741 0 -0.227659
    outer loop
      vertex 17.4341 -1.6 -2.74118
      vertex 17.4192 3.2 -2.80491
      vertex 17.4341 3.2 -2.74118
    endloop
  endfacet
  facet normal 0.973741 0 -0.227659
    outer loop
      vertex 17.4192 3.2 -2.80491
      vertex 17.4341 -1.6 -2.74118
      vertex 17.4192 -1.6 -2.80491
    endloop
  endfacet
  facet normal 0.986788 0 -0.162019
    outer loop
      vertex 17.4192 -1.6 -2.80491
      vertex 17.4086 3.2 -2.86947
      vertex 17.4192 3.2 -2.80491
    endloop
  endfacet
  facet normal 0.986788 0 -0.162019
    outer loop
      vertex 17.4086 3.2 -2.86947
      vertex 17.4192 -1.6 -2.80491
      vertex 17.4086 -1.6 -2.86947
    endloop
  endfacet
  facet normal -0.881582 0 -0.472031
    outer loop
      vertex 19.2969 -1.6 -2.55771
      vertex 19.266 3.2 -2.5
      vertex 19.2969 3.2 -2.55771
    endloop
  endfacet
  facet normal -0.881582 -0 -0.472031
    outer loop
      vertex 19.266 3.2 -2.5
      vertex 19.2969 -1.6 -2.55771
      vertex 19.266 -1.6 -2.5
    endloop
  endfacet
  facet normal -0.881582 0 0.472031
    outer loop
      vertex 19.266 -1.6 -3.5
      vertex 19.2969 3.2 -3.44229
      vertex 19.266 3.2 -3.5
    endloop
  endfacet
  facet normal -0.881582 0 0.472031
    outer loop
      vertex 19.2969 3.2 -3.44229
      vertex 19.266 -1.6 -3.5
      vertex 19.2969 -1.6 -3.44229
    endloop
  endfacet
  facet normal -0.5278 0 0.849369
    outer loop
      vertex 18.9 3.2 -3.86602
      vertex 18.9556 -1.6 -3.83147
      vertex 18.9556 3.2 -3.83147
    endloop
  endfacet
  facet normal -0.5278 0 0.849369
    outer loop
      vertex 18.9556 -1.6 -3.83147
      vertex 18.9 3.2 -3.86602
      vertex 18.9 -1.6 -3.86602
    endloop
  endfacet
  facet normal -0.956922 0 -0.290347
    outer loop
      vertex 19.3659 -1.6 -2.74118
      vertex 19.3469 3.2 -2.67856
      vertex 19.3659 3.2 -2.74118
    endloop
  endfacet
  facet normal -0.956922 -0 -0.290347
    outer loop
      vertex 19.3469 3.2 -2.67856
      vertex 19.3659 -1.6 -2.74118
      vertex 19.3469 -1.6 -2.67856
    endloop
  endfacet
  facet normal -0.0327042 0 0.999465
    outer loop
      vertex 18.4 3.2 -4
      vertex 18.4654 -1.6 -3.99786
      vertex 18.4654 3.2 -3.99786
    endloop
  endfacet
  facet normal -0.0327042 0 0.999465
    outer loop
      vertex 18.4654 -1.6 -3.99786
      vertex 18.4 3.2 -4
      vertex 18.4 -1.6 -4
    endloop
  endfacet
  facet normal -0.910915 0 0.412594
    outer loop
      vertex 19.2969 -1.6 -3.44229
      vertex 19.3239 3.2 -3.38268
      vertex 19.2969 3.2 -3.44229
    endloop
  endfacet
  facet normal -0.910915 0 0.412594
    outer loop
      vertex 19.3239 3.2 -3.38268
      vertex 19.2969 -1.6 -3.44229
      vertex 19.3239 -1.6 -3.38268
    endloop
  endfacet
  facet normal -0.936153 0 -0.351592
    outer loop
      vertex 19.3469 -1.6 -2.67856
      vertex 19.3239 3.2 -2.61732
      vertex 19.3469 3.2 -2.67856
    endloop
  endfacet
  facet normal -0.936153 -0 -0.351592
    outer loop
      vertex 19.3239 3.2 -2.61732
      vertex 19.3469 -1.6 -2.67856
      vertex 19.3239 -1.6 -2.61732
    endloop
  endfacet
  facet normal -0.936153 0 0.351592
    outer loop
      vertex 19.3239 -1.6 -3.38268
      vertex 19.3469 3.2 -3.32144
      vertex 19.3239 3.2 -3.38268
    endloop
  endfacet
  facet normal -0.936153 0 0.351592
    outer loop
      vertex 19.3469 3.2 -3.32144
      vertex 19.3239 -1.6 -3.38268
      vertex 19.3469 -1.6 -3.32144
    endloop
  endfacet
  facet normal -0.09799 0 -0.995187
    outer loop
      vertex 18.4654 -1.6 -2.00214
      vertex 18.5305 3.2 -2.00855
      vertex 18.5305 -1.6 -2.00855
    endloop
  endfacet
  facet normal -0.09799 0 -0.995187
    outer loop
      vertex 18.5305 3.2 -2.00855
      vertex 18.4654 -1.6 -2.00214
      vertex 18.4654 3.2 -2.00214
    endloop
  endfacet
  facet normal -0.849583 0 -0.527454
    outer loop
      vertex 19.266 -1.6 -2.5
      vertex 19.2315 3.2 -2.44443
      vertex 19.266 3.2 -2.5
    endloop
  endfacet
  facet normal -0.849583 -0 -0.527454
    outer loop
      vertex 19.2315 3.2 -2.44443
      vertex 19.266 -1.6 -2.5
      vertex 19.2315 -1.6 -2.44443
    endloop
  endfacet
  facet normal 0.5278 0 0.849369
    outer loop
      vertex 17.8444 3.2 -3.83147
      vertex 17.9 -1.6 -3.86602
      vertex 17.9 3.2 -3.86602
    endloop
  endfacet
  facet normal 0.5278 0 0.849369
    outer loop
      vertex 17.9 -1.6 -3.86602
      vertex 17.8444 3.2 -3.83147
      vertex 17.8444 -1.6 -3.83147
    endloop
  endfacet
  facet normal 0.582452 0 0.812865
    outer loop
      vertex 17.7912 3.2 -3.79335
      vertex 17.8444 -1.6 -3.83147
      vertex 17.8444 3.2 -3.83147
    endloop
  endfacet
  facet normal 0.582452 0 0.812865
    outer loop
      vertex 17.8444 -1.6 -3.83147
      vertex 17.7912 3.2 -3.79335
      vertex 17.7912 -1.6 -3.79335
    endloop
  endfacet
  facet normal 0.0327042 0 -0.999465
    outer loop
      vertex 18.3346 -1.6 -2.00214
      vertex 18.4 3.2 -2
      vertex 18.4 -1.6 -2
    endloop
  endfacet
  facet normal 0.0327042 0 -0.999465
    outer loop
      vertex 18.4 3.2 -2
      vertex 18.3346 -1.6 -2.00214
      vertex 18.3346 3.2 -2.00214
    endloop
  endfacet
  facet normal 0.634994 0 0.772517
    outer loop
      vertex 17.7407 3.2 -3.75184
      vertex 17.7912 -1.6 -3.79335
      vertex 17.7912 3.2 -3.79335
    endloop
  endfacet
  facet normal 0.634994 0 0.772517
    outer loop
      vertex 17.7912 -1.6 -3.79335
      vertex 17.7407 3.2 -3.75184
      vertex 17.7407 -1.6 -3.75184
    endloop
  endfacet
  facet normal -0.995057 0 -0.0993071
    outer loop
      vertex 19.3979 -1.6 -2.9346
      vertex 19.3914 3.2 -2.86947
      vertex 19.3979 3.2 -2.9346
    endloop
  endfacet
  facet normal -0.995057 -0 -0.0993071
    outer loop
      vertex 19.3914 3.2 -2.86947
      vertex 19.3979 -1.6 -2.9346
      vertex 19.3914 -1.6 -2.86947
    endloop
  endfacet
  facet normal -0.772397 0 0.63514
    outer loop
      vertex 19.1518 -1.6 -3.65935
      vertex 19.1934 3.2 -3.60876
      vertex 19.1518 3.2 -3.65935
    endloop
  endfacet
  facet normal -0.772397 0 0.63514
    outer loop
      vertex 19.1934 3.2 -3.60876
      vertex 19.1518 -1.6 -3.65935
      vertex 19.1934 -1.6 -3.60876
    endloop
  endfacet
  facet normal -0.812958 0 -0.582322
    outer loop
      vertex 19.2315 -1.6 -2.44443
      vertex 19.1934 3.2 -2.39124
      vertex 19.2315 3.2 -2.44443
    endloop
  endfacet
  facet normal -0.812958 -0 -0.582322
    outer loop
      vertex 19.1934 3.2 -2.39124
      vertex 19.2315 -1.6 -2.44443
      vertex 19.1934 -1.6 -2.39124
    endloop
  endfacet
  facet normal 0.412778 0 0.910832
    outer loop
      vertex 17.9577 3.2 -3.89687
      vertex 18.0173 -1.6 -3.92388
      vertex 18.0173 3.2 -3.92388
    endloop
  endfacet
  facet normal 0.412778 0 0.910832
    outer loop
      vertex 18.0173 -1.6 -3.92388
      vertex 17.9577 3.2 -3.89687
      vertex 17.9577 -1.6 -3.89687
    endloop
  endfacet
  facet normal -0.0327042 0 -0.999465
    outer loop
      vertex 18.4 -1.6 -2
      vertex 18.4654 3.2 -2.00214
      vertex 18.4654 -1.6 -2.00214
    endloop
  endfacet
  facet normal -0.0327042 0 -0.999465
    outer loop
      vertex 18.4654 3.2 -2.00214
      vertex 18.4 -1.6 -2
      vertex 18.4 3.2 -2
    endloop
  endfacet
  facet normal 0.68327 0 0.730166
    outer loop
      vertex 17.6929 3.2 -3.70711
      vertex 17.7407 -1.6 -3.75184
      vertex 17.7407 3.2 -3.75184
    endloop
  endfacet
  facet normal 0.68327 0 0.730166
    outer loop
      vertex 17.7407 -1.6 -3.75184
      vertex 17.6929 3.2 -3.70711
      vertex 17.6929 -1.6 -3.70711
    endloop
  endfacet
  facet normal 0.910915 -0 0.412594
    outer loop
      vertex 17.4761 -1.6 -3.38268
      vertex 17.5031 3.2 -3.44229
      vertex 17.4761 3.2 -3.38268
    endloop
  endfacet
  facet normal 0.910915 0 0.412594
    outer loop
      vertex 17.5031 3.2 -3.44229
      vertex 17.4761 -1.6 -3.38268
      vertex 17.5031 -1.6 -3.44229
    endloop
  endfacet
  facet normal 0.881582 -0 0.472031
    outer loop
      vertex 17.5031 -1.6 -3.44229
      vertex 17.534 3.2 -3.5
      vertex 17.5031 3.2 -3.44229
    endloop
  endfacet
  facet normal 0.881582 0 0.472031
    outer loop
      vertex 17.534 3.2 -3.5
      vertex 17.5031 -1.6 -3.44229
      vertex 17.534 -1.6 -3.5
    endloop
  endfacet
  facet normal 0.09799 0 -0.995187
    outer loop
      vertex 18.2695 -1.6 -2.00855
      vertex 18.3346 3.2 -2.00214
      vertex 18.3346 -1.6 -2.00214
    endloop
  endfacet
  facet normal 0.09799 0 -0.995187
    outer loop
      vertex 18.3346 3.2 -2.00214
      vertex 18.2695 -1.6 -2.00855
      vertex 18.2695 3.2 -2.00855
    endloop
  endfacet
  facet normal 0.730109 -0 0.683331
    outer loop
      vertex 17.6482 -1.6 -3.65935
      vertex 17.6929 3.2 -3.70711
      vertex 17.6482 3.2 -3.65935
    endloop
  endfacet
  facet normal 0.730109 0 0.683331
    outer loop
      vertex 17.6929 3.2 -3.70711
      vertex 17.6482 -1.6 -3.65935
      vertex 17.6929 -1.6 -3.70711
    endloop
  endfacet
  facet normal 0.52791 0 -0.8493
    outer loop
      vertex 17.8444 -1.6 -2.16853
      vertex 17.9 3.2 -2.13397
      vertex 17.9 -1.6 -2.13397
    endloop
  endfacet
  facet normal 0.52791 0 -0.8493
    outer loop
      vertex 17.9 3.2 -2.13397
      vertex 17.8444 -1.6 -2.16853
      vertex 17.8444 3.2 -2.16853
    endloop
  endfacet
  facet normal -0.52791 0 -0.8493
    outer loop
      vertex 18.9 -1.6 -2.13397
      vertex 18.9556 3.2 -2.16853
      vertex 18.9556 -1.6 -2.16853
    endloop
  endfacet
  facet normal -0.52791 0 -0.8493
    outer loop
      vertex 18.9556 3.2 -2.16853
      vertex 18.9 -1.6 -2.13397
      vertex 18.9 3.2 -2.13397
    endloop
  endfacet
  facet normal -0.634994 0 0.772517
    outer loop
      vertex 19.0088 3.2 -3.79335
      vertex 19.0593 -1.6 -3.75184
      vertex 19.0593 3.2 -3.75184
    endloop
  endfacet
  facet normal -0.634994 0 0.772517
    outer loop
      vertex 19.0593 -1.6 -3.75184
      vertex 19.0088 3.2 -3.79335
      vertex 19.0088 -1.6 -3.79335
    endloop
  endfacet
  facet normal -0.162814 0 0.986657
    outer loop
      vertex 18.5305 3.2 -3.99144
      vertex 18.5951 -1.6 -3.98078
      vertex 18.5951 3.2 -3.98078
    endloop
  endfacet
  facet normal -0.162814 0 0.986657
    outer loop
      vertex 18.5951 -1.6 -3.98078
      vertex 18.5305 3.2 -3.99144
      vertex 18.5305 -1.6 -3.99144
    endloop
  endfacet
  facet normal 0.0981414 0 0.995172
    outer loop
      vertex 18.2695 3.2 -3.99144
      vertex 18.3346 -1.6 -3.99786
      vertex 18.3346 3.2 -3.99786
    endloop
  endfacet
  facet normal 0.0981414 0 0.995172
    outer loop
      vertex 18.3346 -1.6 -3.99786
      vertex 18.2695 3.2 -3.99144
      vertex 18.2695 -1.6 -3.99144
    endloop
  endfacet
  facet normal -0.471381 0 -0.881929
    outer loop
      vertex 18.8423 -1.6 -2.10313
      vertex 18.9 3.2 -2.13397
      vertex 18.9 -1.6 -2.13397
    endloop
  endfacet
  facet normal -0.471381 0 -0.881929
    outer loop
      vertex 18.9 3.2 -2.13397
      vertex 18.8423 -1.6 -2.10313
      vertex 18.8423 3.2 -2.10313
    endloop
  endfacet
  facet normal 0.227036 0 0.973886
    outer loop
      vertex 18.1412 3.2 -3.96593
      vertex 18.2049 -1.6 -3.98078
      vertex 18.2049 3.2 -3.98078
    endloop
  endfacet
  facet normal 0.227036 0 0.973886
    outer loop
      vertex 18.2049 -1.6 -3.98078
      vertex 18.1412 3.2 -3.96593
      vertex 18.1412 -1.6 -3.96593
    endloop
  endfacet
  facet normal 0.0327042 0 0.999465
    outer loop
      vertex 18.3346 3.2 -3.99786
      vertex 18.4 -1.6 -4
      vertex 18.4 3.2 -4
    endloop
  endfacet
  facet normal 0.0327042 0 0.999465
    outer loop
      vertex 18.4 -1.6 -4
      vertex 18.3346 3.2 -3.99786
      vertex 18.3346 -1.6 -3.99786
    endloop
  endfacet
  facet normal -0.412778 0 -0.910832
    outer loop
      vertex 18.7827 -1.6 -2.07612
      vertex 18.8423 3.2 -2.10313
      vertex 18.8423 -1.6 -2.10313
    endloop
  endfacet
  facet normal -0.412778 0 -0.910832
    outer loop
      vertex 18.8423 3.2 -2.10313
      vertex 18.7827 -1.6 -2.07612
      vertex 18.7827 3.2 -2.07612
    endloop
  endfacet
  facet normal -0.35196 0 0.936015
    outer loop
      vertex 18.7214 3.2 -3.94693
      vertex 18.7827 -1.6 -3.92388
      vertex 18.7827 3.2 -3.92388
    endloop
  endfacet
  facet normal -0.35196 0 0.936015
    outer loop
      vertex 18.7827 -1.6 -3.92388
      vertex 18.7214 3.2 -3.94693
      vertex 18.7214 -1.6 -3.94693
    endloop
  endfacet
  facet normal 0.162814 0 0.986657
    outer loop
      vertex 18.2049 3.2 -3.98078
      vertex 18.2695 -1.6 -3.99144
      vertex 18.2695 3.2 -3.99144
    endloop
  endfacet
  facet normal 0.162814 0 0.986657
    outer loop
      vertex 18.2695 -1.6 -3.99144
      vertex 18.2049 3.2 -3.98078
      vertex 18.2049 -1.6 -3.98078
    endloop
  endfacet
  facet normal 0.35196 0 0.936015
    outer loop
      vertex 18.0173 3.2 -3.92388
      vertex 18.0786 -1.6 -3.94693
      vertex 18.0786 3.2 -3.94693
    endloop
  endfacet
  facet normal 0.35196 0 0.936015
    outer loop
      vertex 18.0786 -1.6 -3.94693
      vertex 18.0173 3.2 -3.92388
      vertex 18.0173 -1.6 -3.92388
    endloop
  endfacet
  facet normal -0.0981414 0 0.995172
    outer loop
      vertex 18.4654 3.2 -3.99786
      vertex 18.5305 -1.6 -3.99144
      vertex 18.5305 3.2 -3.99144
    endloop
  endfacet
  facet normal -0.0981414 0 0.995172
    outer loop
      vertex 18.5305 -1.6 -3.99144
      vertex 18.4654 3.2 -3.99786
      vertex 18.4654 -1.6 -3.99786
    endloop
  endfacet
  facet normal -0.849583 0 0.527454
    outer loop
      vertex 19.2315 -1.6 -3.55557
      vertex 19.266 3.2 -3.5
      vertex 19.2315 3.2 -3.55557
    endloop
  endfacet
  facet normal -0.849583 0 0.527454
    outer loop
      vertex 19.266 3.2 -3.5
      vertex 19.2315 -1.6 -3.55557
      vertex 19.266 -1.6 -3.5
    endloop
  endfacet
  facet normal -0.956922 0 0.290347
    outer loop
      vertex 19.3469 -1.6 -3.32144
      vertex 19.3659 3.2 -3.25882
      vertex 19.3469 3.2 -3.32144
    endloop
  endfacet
  facet normal -0.956922 0 0.290347
    outer loop
      vertex 19.3659 3.2 -3.25882
      vertex 19.3469 -1.6 -3.32144
      vertex 19.3659 -1.6 -3.25882
    endloop
  endfacet
  facet normal -0.582452 0 0.812865
    outer loop
      vertex 18.9556 3.2 -3.83147
      vertex 19.0088 -1.6 -3.79335
      vertex 19.0088 3.2 -3.79335
    endloop
  endfacet
  facet normal -0.582452 0 0.812865
    outer loop
      vertex 19.0088 -1.6 -3.79335
      vertex 18.9556 3.2 -3.83147
      vertex 18.9556 -1.6 -3.83147
    endloop
  endfacet
  facet normal -0.412778 0 0.910832
    outer loop
      vertex 18.7827 3.2 -3.92388
      vertex 18.8423 -1.6 -3.89687
      vertex 18.8423 3.2 -3.89687
    endloop
  endfacet
  facet normal -0.412778 0 0.910832
    outer loop
      vertex 18.8423 -1.6 -3.89687
      vertex 18.7827 3.2 -3.92388
      vertex 18.7827 -1.6 -3.92388
    endloop
  endfacet
  facet normal 0.471381 0 -0.881929
    outer loop
      vertex 17.9 -1.6 -2.13397
      vertex 17.9577 3.2 -2.10313
      vertex 17.9577 -1.6 -2.10313
    endloop
  endfacet
  facet normal 0.471381 0 -0.881929
    outer loop
      vertex 17.9577 3.2 -2.10313
      vertex 17.9 -1.6 -2.13397
      vertex 17.9 3.2 -2.13397
    endloop
  endfacet
  facet normal -0.227181 0 -0.973852
    outer loop
      vertex 18.5951 -1.6 -2.01921
      vertex 18.6588 3.2 -2.03407
      vertex 18.6588 -1.6 -2.03407
    endloop
  endfacet
  facet normal -0.227181 0 -0.973852
    outer loop
      vertex 18.6588 3.2 -2.03407
      vertex 18.5951 -1.6 -2.01921
      vertex 18.5951 3.2 -2.01921
    endloop
  endfacet
  facet normal -0.68327 0 0.730166
    outer loop
      vertex 19.0593 3.2 -3.75184
      vertex 19.1071 -1.6 -3.70711
      vertex 19.1071 3.2 -3.70711
    endloop
  endfacet
  facet normal -0.68327 0 0.730166
    outer loop
      vertex 19.1071 -1.6 -3.70711
      vertex 19.0593 3.2 -3.75184
      vertex 19.0593 -1.6 -3.75184
    endloop
  endfacet
  facet normal 0.849583 -0 0.527454
    outer loop
      vertex 17.534 -1.6 -3.5
      vertex 17.5685 3.2 -3.55557
      vertex 17.534 3.2 -3.5
    endloop
  endfacet
  facet normal 0.849583 0 0.527454
    outer loop
      vertex 17.5685 3.2 -3.55557
      vertex 17.534 -1.6 -3.5
      vertex 17.5685 -1.6 -3.55557
    endloop
  endfacet
  facet normal -0.162814 0 -0.986657
    outer loop
      vertex 18.5305 -1.6 -2.00855
      vertex 18.5951 3.2 -2.01921
      vertex 18.5951 -1.6 -2.01921
    endloop
  endfacet
  facet normal -0.162814 0 -0.986657
    outer loop
      vertex 18.5951 3.2 -2.01921
      vertex 18.5305 -1.6 -2.00855
      vertex 18.5305 3.2 -2.00855
    endloop
  endfacet
  facet normal 0.956922 0 -0.290347
    outer loop
      vertex 17.4531 -1.6 -2.67856
      vertex 17.4341 3.2 -2.74118
      vertex 17.4531 3.2 -2.67856
    endloop
  endfacet
  facet normal 0.956922 0 -0.290347
    outer loop
      vertex 17.4341 3.2 -2.74118
      vertex 17.4531 -1.6 -2.67856
      vertex 17.4341 -1.6 -2.74118
    endloop
  endfacet
  facet normal -0.730109 0 0.683331
    outer loop
      vertex 19.1071 -1.6 -3.70711
      vertex 19.1518 3.2 -3.65935
      vertex 19.1071 3.2 -3.70711
    endloop
  endfacet
  facet normal -0.730109 0 0.683331
    outer loop
      vertex 19.1518 3.2 -3.65935
      vertex 19.1071 -1.6 -3.70711
      vertex 19.1518 -1.6 -3.65935
    endloop
  endfacet
  facet normal -0.986788 0 -0.162019
    outer loop
      vertex 19.3914 -1.6 -2.86947
      vertex 19.3808 3.2 -2.80491
      vertex 19.3914 3.2 -2.86947
    endloop
  endfacet
  facet normal -0.986788 -0 -0.162019
    outer loop
      vertex 19.3808 3.2 -2.80491
      vertex 19.3914 -1.6 -2.86947
      vertex 19.3808 -1.6 -2.80491
    endloop
  endfacet
  facet normal 0.936153 -0 0.351592
    outer loop
      vertex 17.4531 -1.6 -3.32144
      vertex 17.4761 3.2 -3.38268
      vertex 17.4531 3.2 -3.32144
    endloop
  endfacet
  facet normal 0.936153 0 0.351592
    outer loop
      vertex 17.4761 3.2 -3.38268
      vertex 17.4531 -1.6 -3.32144
      vertex 17.4761 -1.6 -3.38268
    endloop
  endfacet
  facet normal -0.68327 0 -0.730166
    outer loop
      vertex 19.0593 -1.6 -2.24816
      vertex 19.1071 3.2 -2.29289
      vertex 19.1071 -1.6 -2.29289
    endloop
  endfacet
  facet normal -0.68327 0 -0.730166
    outer loop
      vertex 19.1071 3.2 -2.29289
      vertex 19.0593 -1.6 -2.24816
      vertex 19.0593 3.2 -2.24816
    endloop
  endfacet
  facet normal 0.881582 0 -0.472031
    outer loop
      vertex 17.534 -1.6 -2.5
      vertex 17.5031 3.2 -2.55771
      vertex 17.534 3.2 -2.5
    endloop
  endfacet
  facet normal 0.881582 0 -0.472031
    outer loop
      vertex 17.5031 3.2 -2.55771
      vertex 17.534 -1.6 -2.5
      vertex 17.5031 -1.6 -2.55771
    endloop
  endfacet
  facet normal 0.995057 -0 0.0993071
    outer loop
      vertex 17.4021 -1.6 -3.0654
      vertex 17.4086 3.2 -3.13053
      vertex 17.4021 3.2 -3.0654
    endloop
  endfacet
  facet normal 0.995057 0 0.0993071
    outer loop
      vertex 17.4086 3.2 -3.13053
      vertex 17.4021 -1.6 -3.0654
      vertex 17.4086 -1.6 -3.13053
    endloop
  endfacet
  facet normal 0.290432 0 -0.956896
    outer loop
      vertex 18.0786 -1.6 -2.05307
      vertex 18.1412 3.2 -2.03407
      vertex 18.1412 -1.6 -2.03407
    endloop
  endfacet
  facet normal 0.290432 0 -0.956896
    outer loop
      vertex 18.1412 3.2 -2.03407
      vertex 18.0786 -1.6 -2.05307
      vertex 18.0786 3.2 -2.05307
    endloop
  endfacet
  facet normal 0.730109 0 -0.683331
    outer loop
      vertex 17.6929 -1.6 -2.29289
      vertex 17.6482 3.2 -2.34065
      vertex 17.6929 3.2 -2.29289
    endloop
  endfacet
  facet normal 0.730109 0 -0.683331
    outer loop
      vertex 17.6482 3.2 -2.34065
      vertex 17.6929 -1.6 -2.29289
      vertex 17.6482 -1.6 -2.34065
    endloop
  endfacet
  facet normal -0.973741 0 -0.227659
    outer loop
      vertex 19.3808 -1.6 -2.80491
      vertex 19.3659 3.2 -2.74118
      vertex 19.3808 3.2 -2.80491
    endloop
  endfacet
  facet normal -0.973741 -0 -0.227659
    outer loop
      vertex 19.3659 3.2 -2.74118
      vertex 19.3808 -1.6 -2.80491
      vertex 19.3659 -1.6 -2.74118
    endloop
  endfacet
  facet normal -0.35196 0 -0.936015
    outer loop
      vertex 18.7214 -1.6 -2.05307
      vertex 18.7827 3.2 -2.07612
      vertex 18.7827 -1.6 -2.07612
    endloop
  endfacet
  facet normal -0.35196 0 -0.936015
    outer loop
      vertex 18.7827 3.2 -2.07612
      vertex 18.7214 -1.6 -2.05307
      vertex 18.7214 3.2 -2.05307
    endloop
  endfacet
  facet normal -0.730109 0 -0.683331
    outer loop
      vertex 19.1518 -1.6 -2.34065
      vertex 19.1071 3.2 -2.29289
      vertex 19.1518 3.2 -2.34065
    endloop
  endfacet
  facet normal -0.730109 -0 -0.683331
    outer loop
      vertex 19.1071 3.2 -2.29289
      vertex 19.1518 -1.6 -2.34065
      vertex 19.1071 -1.6 -2.29289
    endloop
  endfacet
  facet normal 0.772397 -0 0.63514
    outer loop
      vertex 17.6066 -1.6 -3.60876
      vertex 17.6482 3.2 -3.65935
      vertex 17.6066 3.2 -3.60876
    endloop
  endfacet
  facet normal 0.772397 0 0.63514
    outer loop
      vertex 17.6482 3.2 -3.65935
      vertex 17.6066 -1.6 -3.60876
      vertex 17.6482 -1.6 -3.65935
    endloop
  endfacet
  facet normal -0.910915 0 -0.412594
    outer loop
      vertex 19.3239 -1.6 -2.61732
      vertex 19.2969 3.2 -2.55771
      vertex 19.3239 3.2 -2.61732
    endloop
  endfacet
  facet normal -0.910915 -0 -0.412594
    outer loop
      vertex 19.2969 3.2 -2.55771
      vertex 19.3239 -1.6 -2.61732
      vertex 19.2969 -1.6 -2.55771
    endloop
  endfacet
  facet normal 0.634994 0 -0.772517
    outer loop
      vertex 17.7407 -1.6 -2.24816
      vertex 17.7912 3.2 -2.20665
      vertex 17.7912 -1.6 -2.20665
    endloop
  endfacet
  facet normal 0.634994 0 -0.772517
    outer loop
      vertex 17.7912 3.2 -2.20665
      vertex 17.7407 -1.6 -2.24816
      vertex 17.7407 3.2 -2.24816
    endloop
  endfacet
  facet normal -0.634994 0 -0.772517
    outer loop
      vertex 19.0088 -1.6 -2.20665
      vertex 19.0593 3.2 -2.24816
      vertex 19.0593 -1.6 -2.24816
    endloop
  endfacet
  facet normal -0.634994 0 -0.772517
    outer loop
      vertex 19.0593 3.2 -2.24816
      vertex 19.0088 -1.6 -2.20665
      vertex 19.0088 3.2 -2.20665
    endloop
  endfacet
  facet normal 0.812958 -0 0.582322
    outer loop
      vertex 17.5685 -1.6 -3.55557
      vertex 17.6066 3.2 -3.60876
      vertex 17.5685 3.2 -3.55557
    endloop
  endfacet
  facet normal 0.812958 0 0.582322
    outer loop
      vertex 17.6066 3.2 -3.60876
      vertex 17.5685 -1.6 -3.55557
      vertex 17.6066 -1.6 -3.60876
    endloop
  endfacet
  facet normal 0.999485 -0 0.0320936
    outer loop
      vertex 17.4 -1.6 -3
      vertex 17.4021 3.2 -3.0654
      vertex 17.4 3.2 -3
    endloop
  endfacet
  facet normal 0.999485 0 0.0320936
    outer loop
      vertex 17.4021 3.2 -3.0654
      vertex 17.4 -1.6 -3
      vertex 17.4021 -1.6 -3.0654
    endloop
  endfacet
  facet normal 0.999485 0 -0.0320936
    outer loop
      vertex 17.4021 -1.6 -2.9346
      vertex 17.4 3.2 -3
      vertex 17.4021 3.2 -2.9346
    endloop
  endfacet
  facet normal 0.999485 0 -0.0320936
    outer loop
      vertex 17.4 3.2 -3
      vertex 17.4021 -1.6 -2.9346
      vertex 17.4 -1.6 -3
    endloop
  endfacet
  facet normal -0.227036 0 0.973886
    outer loop
      vertex 18.5951 3.2 -3.98078
      vertex 18.6588 -1.6 -3.96593
      vertex 18.6588 3.2 -3.96593
    endloop
  endfacet
  facet normal -0.227036 0 0.973886
    outer loop
      vertex 18.6588 -1.6 -3.96593
      vertex 18.5951 3.2 -3.98078
      vertex 18.5951 -1.6 -3.98078
    endloop
  endfacet
  facet normal 0.162814 0 -0.986657
    outer loop
      vertex 18.2049 -1.6 -2.01921
      vertex 18.2695 3.2 -2.00855
      vertex 18.2695 -1.6 -2.00855
    endloop
  endfacet
  facet normal 0.162814 0 -0.986657
    outer loop
      vertex 18.2695 3.2 -2.00855
      vertex 18.2049 -1.6 -2.01921
      vertex 18.2049 3.2 -2.01921
    endloop
  endfacet
  facet normal 0.582452 0 -0.812865
    outer loop
      vertex 17.7912 -1.6 -2.20665
      vertex 17.8444 3.2 -2.16853
      vertex 17.8444 -1.6 -2.16853
    endloop
  endfacet
  facet normal 0.582452 0 -0.812865
    outer loop
      vertex 17.8444 3.2 -2.16853
      vertex 17.7912 -1.6 -2.20665
      vertex 17.7912 3.2 -2.20665
    endloop
  endfacet
  facet normal 0.35196 0 -0.936015
    outer loop
      vertex 18.0173 -1.6 -2.07612
      vertex 18.0786 3.2 -2.05307
      vertex 18.0786 -1.6 -2.05307
    endloop
  endfacet
  facet normal 0.35196 0 -0.936015
    outer loop
      vertex 18.0786 3.2 -2.05307
      vertex 18.0173 -1.6 -2.07612
      vertex 18.0173 3.2 -2.07612
    endloop
  endfacet
  facet normal -0.995206 0 0.0978059
    outer loop
      vertex 18.3956 -1.6 -0.726362
      vertex 18.402 3.2 -0.66124
      vertex 18.3956 3.2 -0.726362
    endloop
  endfacet
  facet normal -0.995206 0 0.0978059
    outer loop
      vertex 18.402 3.2 -0.66124
      vertex 18.3956 -1.6 -0.726362
      vertex 18.402 -1.6 -0.66124
    endloop
  endfacet
  facet normal -0.999435 0 0.0336186
    outer loop
      vertex 18.402 -1.6 -0.66124
      vertex 18.4042 3.2 -0.595837
      vertex 18.402 3.2 -0.66124
    endloop
  endfacet
  facet normal -0.999435 0 0.0336186
    outer loop
      vertex 18.4042 3.2 -0.595837
      vertex 18.402 -1.6 -0.66124
      vertex 18.4042 -1.6 -0.595837
    endloop
  endfacet
  facet normal -0.986544 0 0.163495
    outer loop
      vertex 18.3849 -1.6 -0.790927
      vertex 18.3956 3.2 -0.726362
      vertex 18.3849 3.2 -0.790927
    endloop
  endfacet
  facet normal -0.986544 0 0.163495
    outer loop
      vertex 18.3956 3.2 -0.726362
      vertex 18.3849 -1.6 -0.790927
      vertex 18.3956 -1.6 -0.726362
    endloop
  endfacet
  facet normal -0.974077 0 0.226217
    outer loop
      vertex 18.3701 -1.6 -0.854655
      vertex 18.3849 3.2 -0.790927
      vertex 18.3701 3.2 -0.854655
    endloop
  endfacet
  facet normal -0.974077 0 0.226217
    outer loop
      vertex 18.3849 3.2 -0.790927
      vertex 18.3701 -1.6 -0.854655
      vertex 18.3849 -1.6 -0.790927
    endloop
  endfacet
  facet normal -0.773108 0 -0.634274
    outer loop
      vertex 18.1975 -1.6 0.0129242
      vertex 18.156 3.2 0.063508
      vertex 18.1975 3.2 0.0129242
    endloop
  endfacet
  facet normal -0.773108 -0 -0.634274
    outer loop
      vertex 18.156 3.2 0.063508
      vertex 18.1975 -1.6 0.0129242
      vertex 18.156 -1.6 0.063508
    endloop
  endfacet
  facet normal -0.974078 0 -0.226213
    outer loop
      vertex 18.3849 -1.6 -0.400746
      vertex 18.3701 3.2 -0.337017
      vertex 18.3849 3.2 -0.400746
    endloop
  endfacet
  facet normal -0.974078 -0 -0.226213
    outer loop
      vertex 18.3701 3.2 -0.337017
      vertex 18.3849 -1.6 -0.400746
      vertex 18.3701 -1.6 -0.337017
    endloop
  endfacet
  facet normal -0.935655 0 0.352916
    outer loop
      vertex 18.328 -1.6 -0.978519
      vertex 18.3511 3.2 -0.917276
      vertex 18.328 3.2 -0.978519
    endloop
  endfacet
  facet normal -0.935655 0 0.352916
    outer loop
      vertex 18.3511 3.2 -0.917276
      vertex 18.328 -1.6 -0.978519
      vertex 18.3511 -1.6 -0.917276
    endloop
  endfacet
  facet normal -0.910902 0 -0.412622
    outer loop
      vertex 18.328 -1.6 -0.213153
      vertex 18.301 3.2 -0.153548
      vertex 18.328 3.2 -0.213153
    endloop
  endfacet
  facet normal -0.910902 -0 -0.412622
    outer loop
      vertex 18.301 3.2 -0.153548
      vertex 18.328 -1.6 -0.213153
      vertex 18.301 -1.6 -0.153548
    endloop
  endfacet
  facet normal -0.0981414 0 0.995172
    outer loop
      vertex 17.4696 3.2 -1.5937
      vertex 17.5347 -1.6 -1.58728
      vertex 17.5347 3.2 -1.58728
    endloop
  endfacet
  facet normal -0.0981414 0 0.995172
    outer loop
      vertex 17.5347 -1.6 -1.58728
      vertex 17.4696 3.2 -1.5937
      vertex 17.4696 -1.6 -1.5937
    endloop
  endfacet
  facet normal 0.995206 0 -0.0978029
    outer loop
      vertex 16.4127 -1.6 -0.46531
      vertex 16.4063 3.2 -0.530434
      vertex 16.4127 3.2 -0.46531
    endloop
  endfacet
  facet normal 0.995206 0 -0.0978029
    outer loop
      vertex 16.4063 3.2 -0.530434
      vertex 16.4127 -1.6 -0.46531
      vertex 16.4063 -1.6 -0.530434
    endloop
  endfacet
  facet normal -0.412204 0 0.911092
    outer loop
      vertex 17.7868 3.2 -1.51972
      vertex 17.8465 -1.6 -1.49271
      vertex 17.8465 3.2 -1.49271
    endloop
  endfacet
  facet normal -0.412204 0 0.911092
    outer loop
      vertex 17.8465 -1.6 -1.49271
      vertex 17.7868 3.2 -1.51972
      vertex 17.7868 -1.6 -1.51972
    endloop
  endfacet
  facet normal -0.995206 0 -0.0978029
    outer loop
      vertex 18.402 -1.6 -0.530434
      vertex 18.3956 3.2 -0.46531
      vertex 18.402 3.2 -0.530434
    endloop
  endfacet
  facet normal -0.995206 -0 -0.0978029
    outer loop
      vertex 18.3956 3.2 -0.46531
      vertex 18.402 -1.6 -0.530434
      vertex 18.3956 -1.6 -0.46531
    endloop
  endfacet
  facet normal -0.471465 0 -0.881885
    outer loop
      vertex 17.8465 -1.6 0.301035
      vertex 17.9042 3.2 0.270188
      vertex 17.9042 -1.6 0.270188
    endloop
  endfacet
  facet normal -0.471465 0 -0.881885
    outer loop
      vertex 17.9042 3.2 0.270188
      vertex 17.8465 -1.6 0.301035
      vertex 17.8465 3.2 0.301035
    endloop
  endfacet
  facet normal 0.226844 0 0.973931
    outer loop
      vertex 17.1453 3.2 -1.56176
      vertex 17.2091 -1.6 -1.57662
      vertex 17.2091 3.2 -1.57662
    endloop
  endfacet
  facet normal 0.226844 0 0.973931
    outer loop
      vertex 17.2091 -1.6 -1.57662
      vertex 17.1453 3.2 -1.56176
      vertex 17.1453 -1.6 -1.56176
    endloop
  endfacet
  facet normal -0.528486 0 0.848942
    outer loop
      vertex 17.9042 3.2 -1.46186
      vertex 17.9597 -1.6 -1.42731
      vertex 17.9597 3.2 -1.42731
    endloop
  endfacet
  facet normal -0.528486 0 0.848942
    outer loop
      vertex 17.9597 -1.6 -1.42731
      vertex 17.9042 3.2 -1.46186
      vertex 17.9042 -1.6 -1.46186
    endloop
  endfacet
  facet normal -0.582452 0 0.812865
    outer loop
      vertex 17.9597 3.2 -1.42731
      vertex 18.0129 -1.6 -1.38919
      vertex 18.0129 3.2 -1.38919
    endloop
  endfacet
  facet normal -0.582452 0 0.812865
    outer loop
      vertex 18.0129 -1.6 -1.38919
      vertex 17.9597 3.2 -1.42731
      vertex 17.9597 -1.6 -1.42731
    endloop
  endfacet
  facet normal -0.412166 0 -0.911109
    outer loop
      vertex 17.7868 -1.6 0.328042
      vertex 17.8465 3.2 0.301035
      vertex 17.8465 -1.6 0.301035
    endloop
  endfacet
  facet normal -0.412166 0 -0.911109
    outer loop
      vertex 17.8465 3.2 0.301035
      vertex 17.7868 -1.6 0.328042
      vertex 17.7868 3.2 0.328042
    endloop
  endfacet
  facet normal -0.290292 0 0.956938
    outer loop
      vertex 17.663 3.2 -1.56176
      vertex 17.7256 -1.6 -1.54277
      vertex 17.7256 3.2 -1.54277
    endloop
  endfacet
  facet normal -0.290292 0 0.956938
    outer loop
      vertex 17.7256 -1.6 -1.54277
      vertex 17.663 3.2 -1.56176
      vertex 17.663 -1.6 -1.56176
    endloop
  endfacet
  facet normal -0.352464 0 0.935825
    outer loop
      vertex 17.7256 3.2 -1.54277
      vertex 17.7868 -1.6 -1.51972
      vertex 17.7868 3.2 -1.51972
    endloop
  endfacet
  facet normal -0.352464 0 0.935825
    outer loop
      vertex 17.7868 -1.6 -1.51972
      vertex 17.7256 3.2 -1.54277
      vertex 17.7256 -1.6 -1.54277
    endloop
  endfacet
  facet normal 0.935657 0 -0.352911
    outer loop
      vertex 16.4803 -1.6 -0.213153
      vertex 16.4572 3.2 -0.274397
      vertex 16.4803 3.2 -0.213153
    endloop
  endfacet
  facet normal 0.935657 0 -0.352911
    outer loop
      vertex 16.4572 3.2 -0.274397
      vertex 16.4803 -1.6 -0.213153
      vertex 16.4572 -1.6 -0.274397
    endloop
  endfacet
  facet normal 0.999485 0 -0.0320921
    outer loop
      vertex 16.4063 -1.6 -0.530434
      vertex 16.4042 3.2 -0.595837
      vertex 16.4063 3.2 -0.530434
    endloop
  endfacet
  facet normal 0.999485 0 -0.0320921
    outer loop
      vertex 16.4042 3.2 -0.595837
      vertex 16.4063 -1.6 -0.530434
      vertex 16.4042 -1.6 -0.595837
    endloop
  endfacet
  facet normal -0.999435 0 -0.0336186
    outer loop
      vertex 18.4042 -1.6 -0.595837
      vertex 18.402 3.2 -0.530434
      vertex 18.4042 3.2 -0.595837
    endloop
  endfacet
  facet normal -0.999435 -0 -0.0336186
    outer loop
      vertex 18.402 3.2 -0.530434
      vertex 18.4042 -1.6 -0.595837
      vertex 18.402 -1.6 -0.530434
    endloop
  endfacet
  facet normal 0.0327042 0 0.999465
    outer loop
      vertex 17.3388 3.2 -1.5937
      vertex 17.4042 -1.6 -1.59584
      vertex 17.4042 3.2 -1.59584
    endloop
  endfacet
  facet normal 0.0327042 0 0.999465
    outer loop
      vertex 17.4042 -1.6 -1.59584
      vertex 17.3388 3.2 -1.5937
      vertex 17.3388 -1.6 -1.5937
    endloop
  endfacet
  facet normal -0.730116 0 -0.683323
    outer loop
      vertex 18.156 -1.6 0.063508
      vertex 18.1113 3.2 0.111269
      vertex 18.156 3.2 0.063508
    endloop
  endfacet
  facet normal -0.730116 -0 -0.683323
    outer loop
      vertex 18.1113 3.2 0.111269
      vertex 18.156 -1.6 0.063508
      vertex 18.1113 -1.6 0.111269
    endloop
  endfacet
  facet normal 0.882217 -0 0.470842
    outer loop
      vertex 16.5073 -1.6 -1.03813
      vertex 16.5381 3.2 -1.09584
      vertex 16.5073 3.2 -1.03813
    endloop
  endfacet
  facet normal 0.882217 0 0.470842
    outer loop
      vertex 16.5381 3.2 -1.09584
      vertex 16.5073 -1.6 -1.03813
      vertex 16.5381 -1.6 -1.09584
    endloop
  endfacet
  facet normal -0.0980506 0 -0.995181
    outer loop
      vertex 17.4696 -1.6 0.402021
      vertex 17.5347 3.2 0.395607
      vertex 17.5347 -1.6 0.395607
    endloop
  endfacet
  facet normal -0.0980506 0 -0.995181
    outer loop
      vertex 17.5347 3.2 0.395607
      vertex 17.4696 -1.6 0.402021
      vertex 17.4696 3.2 0.402021
    endloop
  endfacet
  facet normal 0.634244 0 0.773133
    outer loop
      vertex 16.7448 3.2 -1.34768
      vertex 16.7954 -1.6 -1.38919
      vertex 16.7954 3.2 -1.38919
    endloop
  endfacet
  facet normal 0.634244 0 0.773133
    outer loop
      vertex 16.7954 -1.6 -1.38919
      vertex 16.7448 3.2 -1.34768
      vertex 16.7448 -1.6 -1.34768
    endloop
  endfacet
  facet normal 0.974077 -0 0.226217
    outer loop
      vertex 16.4234 -1.6 -0.790927
      vertex 16.4382 3.2 -0.854655
      vertex 16.4234 3.2 -0.790927
    endloop
  endfacet
  facet normal 0.974077 0 0.226217
    outer loop
      vertex 16.4382 3.2 -0.854655
      vertex 16.4234 -1.6 -0.790927
      vertex 16.4382 -1.6 -0.854655
    endloop
  endfacet
  facet normal 0.582452 0 0.812865
    outer loop
      vertex 16.7954 3.2 -1.38919
      vertex 16.8486 -1.6 -1.42731
      vertex 16.8486 3.2 -1.42731
    endloop
  endfacet
  facet normal 0.582452 0 0.812865
    outer loop
      vertex 16.8486 -1.6 -1.42731
      vertex 16.7954 3.2 -1.38919
      vertex 16.7954 -1.6 -1.38919
    endloop
  endfacet
  facet normal -0.882217 0 0.470842
    outer loop
      vertex 18.2702 -1.6 -1.09584
      vertex 18.301 3.2 -1.03813
      vertex 18.2702 3.2 -1.09584
    endloop
  endfacet
  facet normal -0.882217 0 0.470842
    outer loop
      vertex 18.301 3.2 -1.03813
      vertex 18.2702 -1.6 -1.09584
      vertex 18.301 -1.6 -1.03813
    endloop
  endfacet
  facet normal -0.986544 0 -0.163497
    outer loop
      vertex 18.3956 -1.6 -0.46531
      vertex 18.3849 3.2 -0.400746
      vertex 18.3956 3.2 -0.46531
    endloop
  endfacet
  facet normal -0.986544 -0 -0.163497
    outer loop
      vertex 18.3849 3.2 -0.400746
      vertex 18.3956 -1.6 -0.46531
      vertex 18.3849 -1.6 -0.400746
    endloop
  endfacet
  facet normal -0.956923 0 0.290342
    outer loop
      vertex 18.3511 -1.6 -0.917276
      vertex 18.3701 3.2 -0.854655
      vertex 18.3511 3.2 -0.917276
    endloop
  endfacet
  facet normal -0.956923 0 0.290342
    outer loop
      vertex 18.3701 3.2 -0.854655
      vertex 18.3511 -1.6 -0.917276
      vertex 18.3701 -1.6 -0.854655
    endloop
  endfacet
  facet normal 0.352464 0 0.935825
    outer loop
      vertex 17.0215 3.2 -1.51972
      vertex 17.0827 -1.6 -1.54277
      vertex 17.0827 3.2 -1.54277
    endloop
  endfacet
  facet normal 0.352464 0 0.935825
    outer loop
      vertex 17.0827 -1.6 -1.54277
      vertex 17.0215 3.2 -1.51972
      vertex 17.0215 -1.6 -1.51972
    endloop
  endfacet
  facet normal 0.412778 0 0.910832
    outer loop
      vertex 16.9619 3.2 -1.49271
      vertex 17.0215 -1.6 -1.51972
      vertex 17.0215 3.2 -1.51972
    endloop
  endfacet
  facet normal 0.412778 0 0.910832
    outer loop
      vertex 17.0215 -1.6 -1.51972
      vertex 16.9619 3.2 -1.49271
      vertex 16.9619 -1.6 -1.49271
    endloop
  endfacet
  facet normal 0.290292 0 0.956938
    outer loop
      vertex 17.0827 3.2 -1.54277
      vertex 17.1453 -1.6 -1.56176
      vertex 17.1453 3.2 -1.56176
    endloop
  endfacet
  facet normal 0.290292 0 0.956938
    outer loop
      vertex 17.1453 -1.6 -1.56176
      vertex 17.0827 3.2 -1.54277
      vertex 17.0827 -1.6 -1.54277
    endloop
  endfacet
  facet normal -0.0327195 0 -0.999465
    outer loop
      vertex 17.4042 -1.6 0.404162
      vertex 17.4696 3.2 0.402021
      vertex 17.4696 -1.6 0.402021
    endloop
  endfacet
  facet normal -0.0327195 0 -0.999465
    outer loop
      vertex 17.4696 3.2 0.402021
      vertex 17.4042 -1.6 0.404162
      vertex 17.4042 3.2 0.404162
    endloop
  endfacet
  facet normal 0.910902 0 -0.412622
    outer loop
      vertex 16.5073 -1.6 -0.153548
      vertex 16.4803 3.2 -0.213153
      vertex 16.5073 3.2 -0.153548
    endloop
  endfacet
  facet normal 0.910902 0 -0.412622
    outer loop
      vertex 16.4803 3.2 -0.213153
      vertex 16.5073 -1.6 -0.153548
      vertex 16.4803 -1.6 -0.213153
    endloop
  endfacet
  facet normal -0.0327042 0 0.999465
    outer loop
      vertex 17.4042 3.2 -1.59584
      vertex 17.4696 -1.6 -1.5937
      vertex 17.4696 3.2 -1.5937
    endloop
  endfacet
  facet normal -0.0327042 0 0.999465
    outer loop
      vertex 17.4696 -1.6 -1.5937
      vertex 17.4042 3.2 -1.59584
      vertex 17.4042 -1.6 -1.59584
    endloop
  endfacet
  facet normal 0.848898 -0 0.528556
    outer loop
      vertex 16.5381 -1.6 -1.09584
      vertex 16.5727 3.2 -1.15141
      vertex 16.5381 3.2 -1.09584
    endloop
  endfacet
  facet normal 0.848898 0 0.528556
    outer loop
      vertex 16.5727 3.2 -1.15141
      vertex 16.5381 -1.6 -1.09584
      vertex 16.5727 -1.6 -1.15141
    endloop
  endfacet
  facet normal 0.163059 0 0.986616
    outer loop
      vertex 17.2091 3.2 -1.57662
      vertex 17.2736 -1.6 -1.58728
      vertex 17.2736 3.2 -1.58728
    endloop
  endfacet
  facet normal 0.163059 0 0.986616
    outer loop
      vertex 17.2736 -1.6 -1.58728
      vertex 17.2091 3.2 -1.57662
      vertex 17.2091 -1.6 -1.57662
    endloop
  endfacet
  facet normal -0.162814 0 0.986657
    outer loop
      vertex 17.5347 3.2 -1.58728
      vertex 17.5993 -1.6 -1.57662
      vertex 17.5993 3.2 -1.57662
    endloop
  endfacet
  facet normal -0.162814 0 0.986657
    outer loop
      vertex 17.5993 -1.6 -1.57662
      vertex 17.5347 3.2 -1.58728
      vertex 17.5347 -1.6 -1.58728
    endloop
  endfacet
  facet normal 0.29039 0 -0.956908
    outer loop
      vertex 17.0827 -1.6 0.351092
      vertex 17.1453 3.2 0.370089
      vertex 17.1453 -1.6 0.370089
    endloop
  endfacet
  facet normal 0.29039 0 -0.956908
    outer loop
      vertex 17.1453 3.2 0.370089
      vertex 17.0827 -1.6 0.351092
      vertex 17.0827 3.2 0.351092
    endloop
  endfacet
  facet normal -0.910918 0 0.412588
    outer loop
      vertex 18.301 -1.6 -1.03813
      vertex 18.328 3.2 -0.978519
      vertex 18.301 3.2 -1.03813
    endloop
  endfacet
  facet normal -0.910918 0 0.412588
    outer loop
      vertex 18.328 3.2 -0.978519
      vertex 18.301 -1.6 -1.03813
      vertex 18.328 -1.6 -0.978519
    endloop
  endfacet
  facet normal -0.848901 0 -0.528552
    outer loop
      vertex 18.2702 -1.6 -0.0958366
      vertex 18.2356 3.2 -0.040266
      vertex 18.2702 3.2 -0.0958366
    endloop
  endfacet
  facet normal -0.848901 -0 -0.528552
    outer loop
      vertex 18.2356 3.2 -0.040266
      vertex 18.2702 -1.6 -0.0958366
      vertex 18.2356 -1.6 -0.040266
    endloop
  endfacet
  facet normal -0.683295 0 -0.730143
    outer loop
      vertex 18.0635 -1.6 0.156002
      vertex 18.1113 3.2 0.111269
      vertex 18.1113 -1.6 0.111269
    endloop
  endfacet
  facet normal -0.683295 0 -0.730143
    outer loop
      vertex 18.1113 3.2 0.111269
      vertex 18.0635 -1.6 0.156002
      vertex 18.0635 3.2 0.156002
    endloop
  endfacet
  facet normal -0.683352 0 0.730089
    outer loop
      vertex 18.0635 3.2 -1.34768
      vertex 18.1113 -1.6 -1.30294
      vertex 18.1113 3.2 -1.30294
    endloop
  endfacet
  facet normal -0.683352 0 0.730089
    outer loop
      vertex 18.1113 -1.6 -1.30294
      vertex 18.0635 3.2 -1.34768
      vertex 18.0635 -1.6 -1.34768
    endloop
  endfacet
  facet normal 0.773108 0 -0.634274
    outer loop
      vertex 16.6523 -1.6 0.063508
      vertex 16.6108 3.2 0.0129242
      vertex 16.6523 3.2 0.063508
    endloop
  endfacet
  facet normal 0.773108 0 -0.634274
    outer loop
      vertex 16.6108 3.2 0.0129242
      vertex 16.6523 -1.6 0.063508
      vertex 16.6108 -1.6 0.0129242
    endloop
  endfacet
  facet normal -0.634244 0 0.773133
    outer loop
      vertex 18.0129 3.2 -1.38919
      vertex 18.0635 -1.6 -1.34768
      vertex 18.0635 3.2 -1.34768
    endloop
  endfacet
  facet normal -0.634244 0 0.773133
    outer loop
      vertex 18.0635 -1.6 -1.34768
      vertex 18.0129 3.2 -1.38919
      vertex 18.0129 -1.6 -1.38919
    endloop
  endfacet
  facet normal -0.882222 0 -0.470833
    outer loop
      vertex 18.301 -1.6 -0.153548
      vertex 18.2702 3.2 -0.0958366
      vertex 18.301 3.2 -0.153548
    endloop
  endfacet
  facet normal -0.882222 -0 -0.470833
    outer loop
      vertex 18.2702 3.2 -0.0958366
      vertex 18.301 -1.6 -0.153548
      vertex 18.2702 -1.6 -0.0958366
    endloop
  endfacet
  facet normal -0.227167 0 -0.973856
    outer loop
      vertex 17.5993 -1.6 0.384948
      vertex 17.663 3.2 0.370089
      vertex 17.663 -1.6 0.370089
    endloop
  endfacet
  facet normal -0.227167 0 -0.973856
    outer loop
      vertex 17.663 3.2 0.370089
      vertex 17.5993 -1.6 0.384948
      vertex 17.5993 3.2 0.384948
    endloop
  endfacet
  facet normal 0.999485 -0 0.0320921
    outer loop
      vertex 16.4042 -1.6 -0.595837
      vertex 16.4063 3.2 -0.66124
      vertex 16.4042 3.2 -0.595837
    endloop
  endfacet
  facet normal 0.999485 0 0.0320921
    outer loop
      vertex 16.4063 3.2 -0.66124
      vertex 16.4042 -1.6 -0.595837
      vertex 16.4063 -1.6 -0.66124
    endloop
  endfacet
  facet normal -0.812959 0 -0.582321
    outer loop
      vertex 18.2356 -1.6 -0.040266
      vertex 18.1975 3.2 0.0129242
      vertex 18.2356 3.2 -0.040266
    endloop
  endfacet
  facet normal -0.812959 -0 -0.582321
    outer loop
      vertex 18.1975 3.2 0.0129242
      vertex 18.2356 -1.6 -0.040266
      vertex 18.1975 -1.6 0.0129242
    endloop
  endfacet
  facet normal 0.986544 0 -0.163497
    outer loop
      vertex 16.4234 -1.6 -0.400746
      vertex 16.4127 3.2 -0.46531
      vertex 16.4234 3.2 -0.400746
    endloop
  endfacet
  facet normal 0.986544 0 -0.163497
    outer loop
      vertex 16.4127 3.2 -0.46531
      vertex 16.4234 -1.6 -0.400746
      vertex 16.4127 -1.6 -0.46531
    endloop
  endfacet
  facet normal -0.582421 0 -0.812887
    outer loop
      vertex 17.9597 -1.6 0.235632
      vertex 18.0129 3.2 0.197515
      vertex 18.0129 -1.6 0.197515
    endloop
  endfacet
  facet normal -0.582421 0 -0.812887
    outer loop
      vertex 18.0129 3.2 0.197515
      vertex 17.9597 -1.6 0.235632
      vertex 17.9597 3.2 0.235632
    endloop
  endfacet
  facet normal -0.935657 0 -0.352911
    outer loop
      vertex 18.3511 -1.6 -0.274397
      vertex 18.328 3.2 -0.213153
      vertex 18.3511 3.2 -0.274397
    endloop
  endfacet
  facet normal -0.935657 -0 -0.352911
    outer loop
      vertex 18.328 3.2 -0.213153
      vertex 18.3511 -1.6 -0.274397
      vertex 18.328 -1.6 -0.213153
    endloop
  endfacet
  facet normal -0.956922 0 -0.290347
    outer loop
      vertex 18.3701 -1.6 -0.337017
      vertex 18.3511 3.2 -0.274397
      vertex 18.3701 3.2 -0.337017
    endloop
  endfacet
  facet normal -0.956922 -0 -0.290347
    outer loop
      vertex 18.3511 3.2 -0.274397
      vertex 18.3701 -1.6 -0.337017
      vertex 18.3511 -1.6 -0.274397
    endloop
  endfacet
  facet normal 0.163044 0 -0.986619
    outer loop
      vertex 17.2091 -1.6 0.384948
      vertex 17.2736 3.2 0.395607
      vertex 17.2736 -1.6 0.395607
    endloop
  endfacet
  facet normal 0.163044 0 -0.986619
    outer loop
      vertex 17.2736 3.2 0.395607
      vertex 17.2091 -1.6 0.384948
      vertex 17.2091 3.2 0.384948
    endloop
  endfacet
  facet normal -0.634271 0 -0.77311
    outer loop
      vertex 18.0129 -1.6 0.197515
      vertex 18.0635 3.2 0.156002
      vertex 18.0635 -1.6 0.156002
    endloop
  endfacet
  facet normal -0.634271 0 -0.77311
    outer loop
      vertex 18.0635 3.2 0.156002
      vertex 18.0129 -1.6 0.197515
      vertex 18.0129 3.2 0.197515
    endloop
  endfacet
  facet normal -0.29039 0 -0.956908
    outer loop
      vertex 17.663 -1.6 0.370089
      vertex 17.7256 3.2 0.351092
      vertex 17.7256 -1.6 0.351092
    endloop
  endfacet
  facet normal -0.29039 0 -0.956908
    outer loop
      vertex 17.7256 3.2 0.351092
      vertex 17.663 -1.6 0.370089
      vertex 17.663 3.2 0.370089
    endloop
  endfacet
  facet normal 0.634271 0 -0.77311
    outer loop
      vertex 16.7448 -1.6 0.156002
      vertex 16.7954 3.2 0.197515
      vertex 16.7954 -1.6 0.197515
    endloop
  endfacet
  facet normal 0.634271 0 -0.77311
    outer loop
      vertex 16.7954 3.2 0.197515
      vertex 16.7448 -1.6 0.156002
      vertex 16.7448 3.2 0.156002
    endloop
  endfacet
  facet normal -0.812958 0 0.582322
    outer loop
      vertex 18.1975 -1.6 -1.2046
      vertex 18.2356 3.2 -1.15141
      vertex 18.1975 3.2 -1.2046
    endloop
  endfacet
  facet normal -0.812958 0 0.582322
    outer loop
      vertex 18.2356 3.2 -1.15141
      vertex 18.1975 -1.6 -1.2046
      vertex 18.2356 -1.6 -1.15141
    endloop
  endfacet
  facet normal 0.974078 0 -0.226213
    outer loop
      vertex 16.4382 -1.6 -0.337017
      vertex 16.4234 3.2 -0.400746
      vertex 16.4382 3.2 -0.337017
    endloop
  endfacet
  facet normal 0.974078 0 -0.226213
    outer loop
      vertex 16.4234 3.2 -0.400746
      vertex 16.4382 -1.6 -0.337017
      vertex 16.4234 -1.6 -0.400746
    endloop
  endfacet
  facet normal -0.773085 0 0.634303
    outer loop
      vertex 18.156 -1.6 -1.25518
      vertex 18.1975 3.2 -1.2046
      vertex 18.156 3.2 -1.25518
    endloop
  endfacet
  facet normal -0.773085 0 0.634303
    outer loop
      vertex 18.1975 3.2 -1.2046
      vertex 18.156 -1.6 -1.25518
      vertex 18.1975 -1.6 -1.2046
    endloop
  endfacet
  facet normal 0.773085 -0 0.634303
    outer loop
      vertex 16.6108 -1.6 -1.2046
      vertex 16.6523 3.2 -1.25518
      vertex 16.6108 3.2 -1.2046
    endloop
  endfacet
  facet normal 0.773085 0 0.634303
    outer loop
      vertex 16.6523 3.2 -1.25518
      vertex 16.6108 -1.6 -1.2046
      vertex 16.6523 -1.6 -1.25518
    endloop
  endfacet
  facet normal -0.848898 0 0.528556
    outer loop
      vertex 18.2356 -1.6 -1.15141
      vertex 18.2702 3.2 -1.09584
      vertex 18.2356 3.2 -1.15141
    endloop
  endfacet
  facet normal -0.848898 0 0.528556
    outer loop
      vertex 18.2702 3.2 -1.09584
      vertex 18.2356 -1.6 -1.15141
      vertex 18.2702 -1.6 -1.09584
    endloop
  endfacet
  facet normal 0.0327195 0 -0.999465
    outer loop
      vertex 17.3388 -1.6 0.402021
      vertex 17.4042 3.2 0.404162
      vertex 17.4042 -1.6 0.404162
    endloop
  endfacet
  facet normal 0.0327195 0 -0.999465
    outer loop
      vertex 17.4042 3.2 0.404162
      vertex 17.3388 -1.6 0.402021
      vertex 17.3388 3.2 0.402021
    endloop
  endfacet
  facet normal 0.0979924 0 0.995187
    outer loop
      vertex 17.2736 3.2 -1.58728
      vertex 17.3388 -1.6 -1.5937
      vertex 17.3388 3.2 -1.5937
    endloop
  endfacet
  facet normal 0.0979924 0 0.995187
    outer loop
      vertex 17.3388 -1.6 -1.5937
      vertex 17.2736 3.2 -1.58728
      vertex 17.2736 -1.6 -1.58728
    endloop
  endfacet
  facet normal 0.226829 0 -0.973935
    outer loop
      vertex 17.1453 -1.6 0.370089
      vertex 17.2091 3.2 0.384948
      vertex 17.2091 -1.6 0.384948
    endloop
  endfacet
  facet normal 0.226829 0 -0.973935
    outer loop
      vertex 17.2091 3.2 0.384948
      vertex 17.1453 -1.6 0.370089
      vertex 17.1453 3.2 0.370089
    endloop
  endfacet
  facet normal 0.729347 -0 0.684144
    outer loop
      vertex 16.6523 -1.6 -1.25518
      vertex 16.6971 3.2 -1.30294
      vertex 16.6523 3.2 -1.25518
    endloop
  endfacet
  facet normal 0.729347 0 0.684144
    outer loop
      vertex 16.6971 3.2 -1.30294
      vertex 16.6523 -1.6 -1.25518
      vertex 16.6971 -1.6 -1.30294
    endloop
  endfacet
  facet normal -0.528552 0 -0.848901
    outer loop
      vertex 17.9042 -1.6 0.270188
      vertex 17.9597 3.2 0.235632
      vertex 17.9597 -1.6 0.235632
    endloop
  endfacet
  facet normal -0.528552 0 -0.848901
    outer loop
      vertex 17.9597 3.2 0.235632
      vertex 17.9042 -1.6 0.270188
      vertex 17.9042 3.2 0.270188
    endloop
  endfacet
  facet normal 0.986544 -0 0.163495
    outer loop
      vertex 16.4127 -1.6 -0.726362
      vertex 16.4234 3.2 -0.790927
      vertex 16.4127 3.2 -0.726362
    endloop
  endfacet
  facet normal 0.986544 0 0.163495
    outer loop
      vertex 16.4234 3.2 -0.790927
      vertex 16.4127 -1.6 -0.726362
      vertex 16.4234 -1.6 -0.790927
    endloop
  endfacet
  facet normal 0.956923 -0 0.290342
    outer loop
      vertex 16.4382 -1.6 -0.854655
      vertex 16.4572 3.2 -0.917276
      vertex 16.4382 3.2 -0.854655
    endloop
  endfacet
  facet normal 0.956923 0 0.290342
    outer loop
      vertex 16.4572 3.2 -0.917276
      vertex 16.4382 -1.6 -0.854655
      vertex 16.4572 -1.6 -0.917276
    endloop
  endfacet
  facet normal 0.848901 0 -0.528552
    outer loop
      vertex 16.5727 -1.6 -0.040266
      vertex 16.5381 3.2 -0.0958366
      vertex 16.5727 3.2 -0.040266
    endloop
  endfacet
  facet normal 0.848901 0 -0.528552
    outer loop
      vertex 16.5381 3.2 -0.0958366
      vertex 16.5727 -1.6 -0.040266
      vertex 16.5381 -1.6 -0.0958366
    endloop
  endfacet
  facet normal 0.684114 0 0.729375
    outer loop
      vertex 16.6971 3.2 -1.30294
      vertex 16.7448 -1.6 -1.34768
      vertex 16.7448 3.2 -1.34768
    endloop
  endfacet
  facet normal 0.684114 0 0.729375
    outer loop
      vertex 16.7448 -1.6 -1.34768
      vertex 16.6971 3.2 -1.30294
      vertex 16.6971 -1.6 -1.30294
    endloop
  endfacet
  facet normal 0.684057 0 -0.729428
    outer loop
      vertex 16.6971 -1.6 0.111269
      vertex 16.7448 3.2 0.156002
      vertex 16.7448 -1.6 0.156002
    endloop
  endfacet
  facet normal 0.684057 0 -0.729428
    outer loop
      vertex 16.7448 3.2 0.156002
      vertex 16.6971 -1.6 0.111269
      vertex 16.6971 3.2 0.111269
    endloop
  endfacet
  facet normal 0.812958 -0 0.582322
    outer loop
      vertex 16.5727 -1.6 -1.15141
      vertex 16.6108 3.2 -1.2046
      vertex 16.5727 3.2 -1.15141
    endloop
  endfacet
  facet normal 0.812958 0 0.582322
    outer loop
      vertex 16.6108 3.2 -1.2046
      vertex 16.5727 -1.6 -1.15141
      vertex 16.6108 -1.6 -1.2046
    endloop
  endfacet
  facet normal 0.352464 0 -0.935825
    outer loop
      vertex 17.0215 -1.6 0.328042
      vertex 17.0827 3.2 0.351092
      vertex 17.0827 -1.6 0.351092
    endloop
  endfacet
  facet normal 0.352464 0 -0.935825
    outer loop
      vertex 17.0827 3.2 0.351092
      vertex 17.0215 -1.6 0.328042
      vertex 17.0215 3.2 0.328042
    endloop
  endfacet
  facet normal 0.5278 0 0.849369
    outer loop
      vertex 16.8486 3.2 -1.42731
      vertex 16.9042 -1.6 -1.46186
      vertex 16.9042 3.2 -1.46186
    endloop
  endfacet
  facet normal 0.5278 0 0.849369
    outer loop
      vertex 16.9042 -1.6 -1.46186
      vertex 16.8486 3.2 -1.42731
      vertex 16.8486 -1.6 -1.42731
    endloop
  endfacet
  facet normal 0.0979017 0 -0.995196
    outer loop
      vertex 17.2736 -1.6 0.395607
      vertex 17.3388 3.2 0.402021
      vertex 17.3388 -1.6 0.402021
    endloop
  endfacet
  facet normal 0.0979017 0 -0.995196
    outer loop
      vertex 17.3388 3.2 0.402021
      vertex 17.2736 -1.6 0.395607
      vertex 17.2736 3.2 0.395607
    endloop
  endfacet
  facet normal -0.227181 0 0.973852
    outer loop
      vertex 17.5993 3.2 -1.57662
      vertex 17.663 -1.6 -1.56176
      vertex 17.663 3.2 -1.56176
    endloop
  endfacet
  facet normal -0.227181 0 0.973852
    outer loop
      vertex 17.663 -1.6 -1.56176
      vertex 17.5993 3.2 -1.57662
      vertex 17.5993 -1.6 -1.57662
    endloop
  endfacet
  facet normal 0.4715 0 0.881866
    outer loop
      vertex 16.9042 3.2 -1.46186
      vertex 16.9619 -1.6 -1.49271
      vertex 16.9619 3.2 -1.49271
    endloop
  endfacet
  facet normal 0.4715 0 0.881866
    outer loop
      vertex 16.9619 -1.6 -1.49271
      vertex 16.9042 3.2 -1.46186
      vertex 16.9042 -1.6 -1.46186
    endloop
  endfacet
  facet normal 0.995206 -0 0.0978059
    outer loop
      vertex 16.4063 -1.6 -0.66124
      vertex 16.4127 3.2 -0.726362
      vertex 16.4063 3.2 -0.66124
    endloop
  endfacet
  facet normal 0.995206 0 0.0978059
    outer loop
      vertex 16.4127 3.2 -0.726362
      vertex 16.4063 -1.6 -0.66124
      vertex 16.4127 -1.6 -0.726362
    endloop
  endfacet
  facet normal 0.812959 0 -0.582321
    outer loop
      vertex 16.6108 -1.6 0.0129242
      vertex 16.5727 3.2 -0.040266
      vertex 16.6108 3.2 0.0129242
    endloop
  endfacet
  facet normal 0.812959 0 -0.582321
    outer loop
      vertex 16.5727 3.2 -0.040266
      vertex 16.6108 -1.6 0.0129242
      vertex 16.5727 -1.6 -0.040266
    endloop
  endfacet
  facet normal 0.527866 0 -0.849328
    outer loop
      vertex 16.8486 -1.6 0.235632
      vertex 16.9042 3.2 0.270188
      vertex 16.9042 -1.6 0.270188
    endloop
  endfacet
  facet normal 0.527866 0 -0.849328
    outer loop
      vertex 16.9042 3.2 0.270188
      vertex 16.8486 -1.6 0.235632
      vertex 16.8486 3.2 0.235632
    endloop
  endfacet
  facet normal -0.730109 0 0.683331
    outer loop
      vertex 18.1113 -1.6 -1.30294
      vertex 18.156 3.2 -1.25518
      vertex 18.1113 3.2 -1.30294
    endloop
  endfacet
  facet normal -0.730109 0 0.683331
    outer loop
      vertex 18.156 3.2 -1.25518
      vertex 18.1113 -1.6 -1.30294
      vertex 18.156 -1.6 -1.25518
    endloop
  endfacet
  facet normal -0.162799 0 -0.986659
    outer loop
      vertex 17.5347 -1.6 0.395607
      vertex 17.5993 3.2 0.384948
      vertex 17.5993 -1.6 0.384948
    endloop
  endfacet
  facet normal -0.162799 0 -0.986659
    outer loop
      vertex 17.5993 3.2 0.384948
      vertex 17.5347 -1.6 0.395607
      vertex 17.5347 3.2 0.395607
    endloop
  endfacet
  facet normal 0.729354 0 -0.684137
    outer loop
      vertex 16.6971 -1.6 0.111269
      vertex 16.6523 3.2 0.063508
      vertex 16.6971 3.2 0.111269
    endloop
  endfacet
  facet normal 0.729354 0 -0.684137
    outer loop
      vertex 16.6523 3.2 0.063508
      vertex 16.6971 -1.6 0.111269
      vertex 16.6523 -1.6 0.063508
    endloop
  endfacet
  facet normal 0.935655 -0 0.352916
    outer loop
      vertex 16.4572 -1.6 -0.917276
      vertex 16.4803 3.2 -0.978519
      vertex 16.4572 3.2 -0.917276
    endloop
  endfacet
  facet normal 0.935655 0 0.352916
    outer loop
      vertex 16.4803 3.2 -0.978519
      vertex 16.4572 -1.6 -0.917276
      vertex 16.4803 -1.6 -0.978519
    endloop
  endfacet
  facet normal -0.4715 0 0.881866
    outer loop
      vertex 17.8465 3.2 -1.49271
      vertex 17.9042 -1.6 -1.46186
      vertex 17.9042 3.2 -1.46186
    endloop
  endfacet
  facet normal -0.4715 0 0.881866
    outer loop
      vertex 17.9042 -1.6 -1.46186
      vertex 17.8465 3.2 -1.49271
      vertex 17.8465 -1.6 -1.49271
    endloop
  endfacet
  facet normal -0.352464 0 -0.935825
    outer loop
      vertex 17.7256 -1.6 0.351092
      vertex 17.7868 3.2 0.328042
      vertex 17.7868 -1.6 0.328042
    endloop
  endfacet
  facet normal -0.352464 0 -0.935825
    outer loop
      vertex 17.7868 3.2 0.328042
      vertex 17.7256 -1.6 0.351092
      vertex 17.7256 3.2 0.351092
    endloop
  endfacet
  facet normal 0.882222 0 -0.470833
    outer loop
      vertex 16.5381 -1.6 -0.0958366
      vertex 16.5073 3.2 -0.153548
      vertex 16.5381 3.2 -0.0958366
    endloop
  endfacet
  facet normal 0.882222 0 -0.470833
    outer loop
      vertex 16.5073 3.2 -0.153548
      vertex 16.5381 -1.6 -0.0958366
      vertex 16.5073 -1.6 -0.153548
    endloop
  endfacet
  facet normal 0.471465 0 -0.881885
    outer loop
      vertex 16.9042 -1.6 0.270188
      vertex 16.9619 3.2 0.301035
      vertex 16.9619 -1.6 0.301035
    endloop
  endfacet
  facet normal 0.471465 0 -0.881885
    outer loop
      vertex 16.9619 3.2 0.301035
      vertex 16.9042 -1.6 0.270188
      vertex 16.9042 3.2 0.270188
    endloop
  endfacet
  facet normal 0.956922 0 -0.290347
    outer loop
      vertex 16.4572 -1.6 -0.274397
      vertex 16.4382 3.2 -0.337017
      vertex 16.4572 3.2 -0.274397
    endloop
  endfacet
  facet normal 0.956922 0 -0.290347
    outer loop
      vertex 16.4382 3.2 -0.337017
      vertex 16.4572 -1.6 -0.274397
      vertex 16.4382 -1.6 -0.337017
    endloop
  endfacet
  facet normal 0.910918 -0 0.412588
    outer loop
      vertex 16.4803 -1.6 -0.978519
      vertex 16.5073 3.2 -1.03813
      vertex 16.4803 3.2 -0.978519
    endloop
  endfacet
  facet normal 0.910918 0 0.412588
    outer loop
      vertex 16.5073 3.2 -1.03813
      vertex 16.4803 -1.6 -0.978519
      vertex 16.5073 -1.6 -1.03813
    endloop
  endfacet
  facet normal 0.41274 0 -0.910849
    outer loop
      vertex 16.9619 -1.6 0.301035
      vertex 17.0215 3.2 0.328042
      vertex 17.0215 -1.6 0.328042
    endloop
  endfacet
  facet normal 0.41274 0 -0.910849
    outer loop
      vertex 17.0215 3.2 0.328042
      vertex 16.9619 -1.6 0.301035
      vertex 16.9619 3.2 0.301035
    endloop
  endfacet
  facet normal 0.582421 0 -0.812887
    outer loop
      vertex 16.7954 -1.6 0.197515
      vertex 16.8486 3.2 0.235632
      vertex 16.8486 -1.6 0.235632
    endloop
  endfacet
  facet normal 0.582421 0 -0.812887
    outer loop
      vertex 16.8486 3.2 0.235632
      vertex 16.7954 -1.6 0.197515
      vertex 16.7954 3.2 0.197515
    endloop
  endfacet
  facet normal -0.995056 0 0.0993161
    outer loop
      vertex 15.9914 -1.6 0.269473
      vertex 15.9979 3.2 0.334597
      vertex 15.9914 3.2 0.269473
    endloop
  endfacet
  facet normal -0.995056 0 0.0993161
    outer loop
      vertex 15.9979 3.2 0.334597
      vertex 15.9914 -1.6 0.269473
      vertex 15.9979 -1.6 0.334597
    endloop
  endfacet
  facet normal -0.29039 0 0.956908
    outer loop
      vertex 15.2588 3.2 -0.565926
      vertex 15.3214 -1.6 -0.546929
      vertex 15.3214 3.2 -0.546929
    endloop
  endfacet
  facet normal -0.29039 0 0.956908
    outer loop
      vertex 15.3214 -1.6 -0.546929
      vertex 15.2588 3.2 -0.565926
      vertex 15.2588 -1.6 -0.565926
    endloop
  endfacet
  facet normal -0.471465 0 0.881885
    outer loop
      vertex 15.4423 3.2 -0.496872
      vertex 15.5 -1.6 -0.466025
      vertex 15.5 3.2 -0.466025
    endloop
  endfacet
  facet normal -0.471465 0 0.881885
    outer loop
      vertex 15.5 -1.6 -0.466025
      vertex 15.4423 3.2 -0.496872
      vertex 15.4423 -1.6 -0.496872
    endloop
  endfacet
  facet normal -0.227036 0 -0.973886
    outer loop
      vertex 15.1951 -1.6 1.38078
      vertex 15.2588 3.2 1.36593
      vertex 15.2588 -1.6 1.36593
    endloop
  endfacet
  facet normal -0.227036 0 -0.973886
    outer loop
      vertex 15.2588 3.2 1.36593
      vertex 15.1951 -1.6 1.38078
      vertex 15.1951 3.2 1.38078
    endloop
  endfacet
  facet normal -0.582452 0 -0.812865
    outer loop
      vertex 15.5556 -1.6 1.23147
      vertex 15.6088 3.2 1.19335
      vertex 15.6088 -1.6 1.19335
    endloop
  endfacet
  facet normal -0.582452 0 -0.812865
    outer loop
      vertex 15.6088 3.2 1.19335
      vertex 15.5556 -1.6 1.23147
      vertex 15.5556 3.2 1.23147
    endloop
  endfacet
  facet normal 0.527866 0 0.849328
    outer loop
      vertex 14.4444 3.2 -0.431469
      vertex 14.5 -1.6 -0.466025
      vertex 14.5 3.2 -0.466025
    endloop
  endfacet
  facet normal 0.527866 0 0.849328
    outer loop
      vertex 14.5 -1.6 -0.466025
      vertex 14.4444 3.2 -0.431469
      vertex 14.4444 -1.6 -0.431469
    endloop
  endfacet
  facet normal -0.881588 0 0.47202
    outer loop
      vertex 15.866 -1.6 -0.0999994
      vertex 15.8969 3.2 -0.0422878
      vertex 15.866 3.2 -0.0999994
    endloop
  endfacet
  facet normal -0.881588 0 0.47202
    outer loop
      vertex 15.8969 3.2 -0.0422878
      vertex 15.866 -1.6 -0.0999994
      vertex 15.8969 -1.6 -0.0422878
    endloop
  endfacet
  facet normal 0.0327042 0 -0.999465
    outer loop
      vertex 14.9346 -1.6 1.39786
      vertex 15 3.2 1.4
      vertex 15 -1.6 1.4
    endloop
  endfacet
  facet normal 0.0327042 0 -0.999465
    outer loop
      vertex 15 3.2 1.4
      vertex 14.9346 -1.6 1.39786
      vertex 14.9346 3.2 1.39786
    endloop
  endfacet
  facet normal -0.995056 0 -0.0993176
    outer loop
      vertex 15.9979 -1.6 0.465403
      vertex 15.9914 3.2 0.530526
      vertex 15.9979 3.2 0.465403
    endloop
  endfacet
  facet normal -0.995056 -0 -0.0993176
    outer loop
      vertex 15.9914 3.2 0.530526
      vertex 15.9979 -1.6 0.465403
      vertex 15.9914 -1.6 0.530526
    endloop
  endfacet
  facet normal -0.956922 0 0.290346
    outer loop
      vertex 15.9469 -1.6 0.0785599
      vertex 15.9659 3.2 0.14118
      vertex 15.9469 3.2 0.0785599
    endloop
  endfacet
  facet normal -0.956922 0 0.290346
    outer loop
      vertex 15.9659 3.2 0.14118
      vertex 15.9469 -1.6 0.0785599
      vertex 15.9659 -1.6 0.14118
    endloop
  endfacet
  facet normal -0.5278 0 -0.849369
    outer loop
      vertex 15.5 -1.6 1.26602
      vertex 15.5556 3.2 1.23147
      vertex 15.5556 -1.6 1.23147
    endloop
  endfacet
  facet normal -0.5278 0 -0.849369
    outer loop
      vertex 15.5556 3.2 1.23147
      vertex 15.5 -1.6 1.26602
      vertex 15.5 3.2 1.26602
    endloop
  endfacet
  facet normal 0.986789 0 -0.162009
    outer loop
      vertex 14.0192 -1.6 0.59509
      vertex 14.0086 3.2 0.530526
      vertex 14.0192 3.2 0.59509
    endloop
  endfacet
  facet normal 0.986789 0 -0.162009
    outer loop
      vertex 14.0086 3.2 0.530526
      vertex 14.0192 -1.6 0.59509
      vertex 14.0086 -1.6 0.530526
    endloop
  endfacet
  facet normal -0.97374 0 0.227663
    outer loop
      vertex 15.9659 -1.6 0.14118
      vertex 15.9808 3.2 0.204909
      vertex 15.9659 3.2 0.14118
    endloop
  endfacet
  facet normal -0.97374 0 0.227663
    outer loop
      vertex 15.9808 3.2 0.204909
      vertex 15.9659 -1.6 0.14118
      vertex 15.9808 -1.6 0.204909
    endloop
  endfacet
  facet normal -0.910899 0 0.41263
    outer loop
      vertex 15.8969 -1.6 -0.0422878
      vertex 15.9239 3.2 0.0173159
      vertex 15.8969 3.2 -0.0422878
    endloop
  endfacet
  facet normal -0.910899 0 0.41263
    outer loop
      vertex 15.9239 3.2 0.0173159
      vertex 15.8969 -1.6 -0.0422878
      vertex 15.9239 -1.6 0.0173159
    endloop
  endfacet
  facet normal 0.772397 0 -0.63514
    outer loop
      vertex 14.2482 -1.6 1.05935
      vertex 14.2066 3.2 1.00876
      vertex 14.2482 3.2 1.05935
    endloop
  endfacet
  facet normal 0.772397 0 -0.63514
    outer loop
      vertex 14.2066 3.2 1.00876
      vertex 14.2482 -1.6 1.05935
      vertex 14.2066 -1.6 1.00876
    endloop
  endfacet
  facet normal -0.910902 0 -0.412622
    outer loop
      vertex 15.9239 -1.6 0.782683
      vertex 15.8969 3.2 0.842288
      vertex 15.9239 3.2 0.782683
    endloop
  endfacet
  facet normal -0.910902 -0 -0.412622
    outer loop
      vertex 15.8969 3.2 0.842288
      vertex 15.9239 -1.6 0.782683
      vertex 15.8969 -1.6 0.842288
    endloop
  endfacet
  facet normal -0.0327042 0 -0.999465
    outer loop
      vertex 15 -1.6 1.4
      vertex 15.0654 3.2 1.39786
      vertex 15.0654 -1.6 1.39786
    endloop
  endfacet
  facet normal -0.0327042 0 -0.999465
    outer loop
      vertex 15.0654 3.2 1.39786
      vertex 15 -1.6 1.4
      vertex 15 3.2 1.4
    endloop
  endfacet
  facet normal -0.999485 0 0.0320921
    outer loop
      vertex 15.9979 -1.6 0.334597
      vertex 16 3.2 0.4
      vertex 15.9979 3.2 0.334597
    endloop
  endfacet
  facet normal -0.999485 0 0.0320921
    outer loop
      vertex 16 3.2 0.4
      vertex 15.9979 -1.6 0.334597
      vertex 16 -1.6 0.4
    endloop
  endfacet
  facet normal 0.730109 0 -0.683331
    outer loop
      vertex 14.2929 -1.6 1.10711
      vertex 14.2482 3.2 1.05935
      vertex 14.2929 3.2 1.10711
    endloop
  endfacet
  facet normal 0.730109 0 -0.683331
    outer loop
      vertex 14.2482 3.2 1.05935
      vertex 14.2929 -1.6 1.10711
      vertex 14.2482 -1.6 1.05935
    endloop
  endfacet
  facet normal 0.956923 0 -0.290342
    outer loop
      vertex 14.0531 -1.6 0.721439
      vertex 14.0341 3.2 0.658818
      vertex 14.0531 3.2 0.721439
    endloop
  endfacet
  facet normal 0.956923 0 -0.290342
    outer loop
      vertex 14.0341 3.2 0.658818
      vertex 14.0531 -1.6 0.721439
      vertex 14.0341 -1.6 0.658818
    endloop
  endfacet
  facet normal 0.999485 0 -0.0320921
    outer loop
      vertex 14.0021 -1.6 0.465403
      vertex 14 3.2 0.4
      vertex 14.0021 3.2 0.465403
    endloop
  endfacet
  facet normal 0.999485 0 -0.0320921
    outer loop
      vertex 14 3.2 0.4
      vertex 14.0021 -1.6 0.465403
      vertex 14 -1.6 0.4
    endloop
  endfacet
  facet normal 0.227167 0 0.973856
    outer loop
      vertex 14.7412 3.2 -0.565926
      vertex 14.8049 -1.6 -0.580785
      vertex 14.8049 3.2 -0.580785
    endloop
  endfacet
  facet normal 0.227167 0 0.973856
    outer loop
      vertex 14.8049 -1.6 -0.580785
      vertex 14.7412 3.2 -0.565926
      vertex 14.7412 -1.6 -0.565926
    endloop
  endfacet
  facet normal -0.527866 0 0.849328
    outer loop
      vertex 15.5 3.2 -0.466025
      vertex 15.5556 -1.6 -0.431469
      vertex 15.5556 3.2 -0.431469
    endloop
  endfacet
  facet normal -0.527866 0 0.849328
    outer loop
      vertex 15.5556 -1.6 -0.431469
      vertex 15.5 3.2 -0.466025
      vertex 15.5 -1.6 -0.466025
    endloop
  endfacet
  facet normal -0.849586 0 0.52745
    outer loop
      vertex 15.8315 -1.6 -0.15557
      vertex 15.866 3.2 -0.0999994
      vertex 15.8315 3.2 -0.15557
    endloop
  endfacet
  facet normal -0.849586 0 0.52745
    outer loop
      vertex 15.866 3.2 -0.0999994
      vertex 15.8315 -1.6 -0.15557
      vertex 15.866 -1.6 -0.0999994
    endloop
  endfacet
  facet normal -0.772397 0 -0.63514
    outer loop
      vertex 15.7934 -1.6 1.00876
      vertex 15.7518 3.2 1.05935
      vertex 15.7934 3.2 1.00876
    endloop
  endfacet
  facet normal -0.772397 -0 -0.63514
    outer loop
      vertex 15.7518 3.2 1.05935
      vertex 15.7934 -1.6 1.00876
      vertex 15.7518 -1.6 1.05935
    endloop
  endfacet
  facet normal -0.41274 0 0.910849
    outer loop
      vertex 15.3827 3.2 -0.523879
      vertex 15.4423 -1.6 -0.496872
      vertex 15.4423 3.2 -0.496872
    endloop
  endfacet
  facet normal -0.41274 0 0.910849
    outer loop
      vertex 15.4423 -1.6 -0.496872
      vertex 15.3827 3.2 -0.523879
      vertex 15.3827 -1.6 -0.523879
    endloop
  endfacet
  facet normal -0.849583 0 -0.527454
    outer loop
      vertex 15.866 -1.6 0.9
      vertex 15.8315 3.2 0.95557
      vertex 15.866 3.2 0.9
    endloop
  endfacet
  facet normal -0.849583 -0 -0.527454
    outer loop
      vertex 15.8315 3.2 0.95557
      vertex 15.866 -1.6 0.9
      vertex 15.8315 -1.6 0.95557
    endloop
  endfacet
  facet normal 0.63503 0 0.772487
    outer loop
      vertex 14.3407 3.2 -0.351839
      vertex 14.3912 -1.6 -0.393353
      vertex 14.3912 3.2 -0.393353
    endloop
  endfacet
  facet normal 0.63503 0 0.772487
    outer loop
      vertex 14.3912 -1.6 -0.393353
      vertex 14.3407 3.2 -0.351839
      vertex 14.3407 -1.6 -0.351839
    endloop
  endfacet
  facet normal 0.0980506 0 0.995181
    outer loop
      vertex 14.8695 3.2 -0.591444
      vertex 14.9346 -1.6 -0.597858
      vertex 14.9346 3.2 -0.597858
    endloop
  endfacet
  facet normal 0.0980506 0 0.995181
    outer loop
      vertex 14.9346 -1.6 -0.597858
      vertex 14.8695 3.2 -0.591444
      vertex 14.8695 -1.6 -0.591444
    endloop
  endfacet
  facet normal -0.634994 0 -0.772517
    outer loop
      vertex 15.6088 -1.6 1.19335
      vertex 15.6593 3.2 1.15184
      vertex 15.6593 -1.6 1.15184
    endloop
  endfacet
  facet normal -0.634994 0 -0.772517
    outer loop
      vertex 15.6593 3.2 1.15184
      vertex 15.6088 -1.6 1.19335
      vertex 15.6088 3.2 1.19335
    endloop
  endfacet
  facet normal 0.29039 0 0.956908
    outer loop
      vertex 14.6786 3.2 -0.546929
      vertex 14.7412 -1.6 -0.565926
      vertex 14.7412 3.2 -0.565926
    endloop
  endfacet
  facet normal 0.29039 0 0.956908
    outer loop
      vertex 14.7412 -1.6 -0.565926
      vertex 14.6786 3.2 -0.546929
      vertex 14.6786 -1.6 -0.546929
    endloop
  endfacet
  facet normal -0.986789 0 0.162009
    outer loop
      vertex 15.9808 -1.6 0.204909
      vertex 15.9914 3.2 0.269473
      vertex 15.9808 3.2 0.204909
    endloop
  endfacet
  facet normal -0.986789 0 0.162009
    outer loop
      vertex 15.9914 3.2 0.269473
      vertex 15.9808 -1.6 0.204909
      vertex 15.9914 -1.6 0.269473
    endloop
  endfacet
  facet normal 0.995056 0 -0.0993176
    outer loop
      vertex 14.0086 -1.6 0.530526
      vertex 14.0021 3.2 0.465403
      vertex 14.0086 3.2 0.530526
    endloop
  endfacet
  facet normal 0.995056 0 -0.0993176
    outer loop
      vertex 14.0021 3.2 0.465403
      vertex 14.0086 -1.6 0.530526
      vertex 14.0021 -1.6 0.465403
    endloop
  endfacet
  facet normal -0.582411 0 0.812894
    outer loop
      vertex 15.5556 3.2 -0.431469
      vertex 15.6088 -1.6 -0.393353
      vertex 15.6088 3.2 -0.393353
    endloop
  endfacet
  facet normal -0.582411 0 0.812894
    outer loop
      vertex 15.6088 -1.6 -0.393353
      vertex 15.5556 3.2 -0.431469
      vertex 15.5556 -1.6 -0.431469
    endloop
  endfacet
  facet normal -0.290432 0 -0.956896
    outer loop
      vertex 15.2588 -1.6 1.36593
      vertex 15.3214 3.2 1.34693
      vertex 15.3214 -1.6 1.34693
    endloop
  endfacet
  facet normal -0.290432 0 -0.956896
    outer loop
      vertex 15.3214 3.2 1.34693
      vertex 15.2588 -1.6 1.36593
      vertex 15.2588 3.2 1.36593
    endloop
  endfacet
  facet normal 0.68327 0 -0.730166
    outer loop
      vertex 14.2929 -1.6 1.10711
      vertex 14.3407 3.2 1.15184
      vertex 14.3407 -1.6 1.15184
    endloop
  endfacet
  facet normal 0.68327 0 -0.730166
    outer loop
      vertex 14.3407 3.2 1.15184
      vertex 14.2929 -1.6 1.10711
      vertex 14.2929 3.2 1.10711
    endloop
  endfacet
  facet normal 0.973739 0 -0.227666
    outer loop
      vertex 14.0341 -1.6 0.658818
      vertex 14.0192 3.2 0.59509
      vertex 14.0341 3.2 0.658818
    endloop
  endfacet
  facet normal 0.973739 0 -0.227666
    outer loop
      vertex 14.0192 3.2 0.59509
      vertex 14.0341 -1.6 0.658818
      vertex 14.0192 -1.6 0.59509
    endloop
  endfacet
  facet normal -0.730109 0 -0.683331
    outer loop
      vertex 15.7518 -1.6 1.05935
      vertex 15.7071 3.2 1.10711
      vertex 15.7518 3.2 1.05935
    endloop
  endfacet
  facet normal -0.730109 -0 -0.683331
    outer loop
      vertex 15.7071 3.2 1.10711
      vertex 15.7518 -1.6 1.05935
      vertex 15.7071 -1.6 1.10711
    endloop
  endfacet
  facet normal -0.35196 0 0.936015
    outer loop
      vertex 15.3214 3.2 -0.546929
      vertex 15.3827 -1.6 -0.523879
      vertex 15.3827 3.2 -0.523879
    endloop
  endfacet
  facet normal -0.35196 0 0.936015
    outer loop
      vertex 15.3827 -1.6 -0.523879
      vertex 15.3214 3.2 -0.546929
      vertex 15.3214 -1.6 -0.546929
    endloop
  endfacet
  facet normal 0.936161 0 -0.351572
    outer loop
      vertex 14.0761 -1.6 0.782683
      vertex 14.0531 3.2 0.721439
      vertex 14.0761 3.2 0.782683
    endloop
  endfacet
  facet normal 0.936161 0 -0.351572
    outer loop
      vertex 14.0531 3.2 0.721439
      vertex 14.0761 -1.6 0.782683
      vertex 14.0531 -1.6 0.721439
    endloop
  endfacet
  facet normal -0.63503 0 0.772487
    outer loop
      vertex 15.6088 3.2 -0.393353
      vertex 15.6593 -1.6 -0.351839
      vertex 15.6593 3.2 -0.351839
    endloop
  endfacet
  facet normal -0.63503 0 0.772487
    outer loop
      vertex 15.6593 -1.6 -0.351839
      vertex 15.6088 3.2 -0.393353
      vertex 15.6088 -1.6 -0.393353
    endloop
  endfacet
  facet normal -0.956923 0 -0.290342
    outer loop
      vertex 15.9659 -1.6 0.658818
      vertex 15.9469 3.2 0.721439
      vertex 15.9659 3.2 0.658818
    endloop
  endfacet
  facet normal -0.956923 -0 -0.290342
    outer loop
      vertex 15.9469 3.2 0.721439
      vertex 15.9659 -1.6 0.658818
      vertex 15.9469 -1.6 0.721439
    endloop
  endfacet
  facet normal -0.936161 0 -0.351572
    outer loop
      vertex 15.9469 -1.6 0.721439
      vertex 15.9239 3.2 0.782683
      vertex 15.9469 3.2 0.721439
    endloop
  endfacet
  facet normal -0.936161 -0 -0.351572
    outer loop
      vertex 15.9239 3.2 0.782683
      vertex 15.9469 -1.6 0.721439
      vertex 15.9239 -1.6 0.782683
    endloop
  endfacet
  facet normal 0.683295 0 0.730143
    outer loop
      vertex 14.2929 3.2 -0.307106
      vertex 14.3407 -1.6 -0.351839
      vertex 14.3407 3.2 -0.351839
    endloop
  endfacet
  facet normal 0.683295 0 0.730143
    outer loop
      vertex 14.3407 -1.6 -0.351839
      vertex 14.2929 3.2 -0.307106
      vertex 14.2929 -1.6 -0.307106
    endloop
  endfacet
  facet normal -0.77236 0 0.635185
    outer loop
      vertex 15.7518 -1.6 -0.259345
      vertex 15.7934 3.2 -0.208761
      vertex 15.7518 3.2 -0.259345
    endloop
  endfacet
  facet normal -0.77236 0 0.635185
    outer loop
      vertex 15.7934 3.2 -0.208761
      vertex 15.7518 -1.6 -0.259345
      vertex 15.7934 -1.6 -0.208761
    endloop
  endfacet
  facet normal 0.0981414 0 -0.995172
    outer loop
      vertex 14.8695 -1.6 1.39144
      vertex 14.9346 3.2 1.39786
      vertex 14.9346 -1.6 1.39786
    endloop
  endfacet
  facet normal 0.0981414 0 -0.995172
    outer loop
      vertex 14.9346 3.2 1.39786
      vertex 14.8695 -1.6 1.39144
      vertex 14.8695 3.2 1.39144
    endloop
  endfacet
  facet normal 0.0327195 0 0.999465
    outer loop
      vertex 14.9346 3.2 -0.597858
      vertex 15 -1.6 -0.599999
      vertex 15 3.2 -0.599999
    endloop
  endfacet
  facet normal 0.0327195 0 0.999465
    outer loop
      vertex 15 -1.6 -0.599999
      vertex 14.9346 3.2 -0.597858
      vertex 14.9346 -1.6 -0.597858
    endloop
  endfacet
  facet normal -0.812963 0 0.582315
    outer loop
      vertex 15.7934 -1.6 -0.208761
      vertex 15.8315 3.2 -0.15557
      vertex 15.7934 3.2 -0.208761
    endloop
  endfacet
  facet normal -0.812963 0 0.582315
    outer loop
      vertex 15.8315 3.2 -0.15557
      vertex 15.7934 -1.6 -0.208761
      vertex 15.8315 -1.6 -0.15557
    endloop
  endfacet
  facet normal 0.97374 -0 0.227663
    outer loop
      vertex 14.0192 -1.6 0.204909
      vertex 14.0341 3.2 0.14118
      vertex 14.0192 3.2 0.204909
    endloop
  endfacet
  facet normal 0.97374 0 0.227663
    outer loop
      vertex 14.0341 3.2 0.14118
      vertex 14.0192 -1.6 0.204909
      vertex 14.0341 -1.6 0.14118
    endloop
  endfacet
  facet normal -0.35196 0 -0.936015
    outer loop
      vertex 15.3214 -1.6 1.34693
      vertex 15.3827 3.2 1.32388
      vertex 15.3827 -1.6 1.32388
    endloop
  endfacet
  facet normal -0.35196 0 -0.936015
    outer loop
      vertex 15.3827 3.2 1.32388
      vertex 15.3214 -1.6 1.34693
      vertex 15.3214 3.2 1.34693
    endloop
  endfacet
  facet normal 0.35196 0 0.936015
    outer loop
      vertex 14.6173 3.2 -0.523879
      vertex 14.6786 -1.6 -0.546929
      vertex 14.6786 3.2 -0.546929
    endloop
  endfacet
  facet normal 0.35196 0 0.936015
    outer loop
      vertex 14.6786 -1.6 -0.546929
      vertex 14.6173 3.2 -0.523879
      vertex 14.6173 -1.6 -0.523879
    endloop
  endfacet
  facet normal 0.999485 -0 0.0320921
    outer loop
      vertex 14 -1.6 0.4
      vertex 14.0021 3.2 0.334597
      vertex 14 3.2 0.4
    endloop
  endfacet
  facet normal 0.999485 0 0.0320921
    outer loop
      vertex 14.0021 3.2 0.334597
      vertex 14 -1.6 0.4
      vertex 14.0021 -1.6 0.334597
    endloop
  endfacet
  facet normal 0.290432 0 -0.956896
    outer loop
      vertex 14.6786 -1.6 1.34693
      vertex 14.7412 3.2 1.36593
      vertex 14.7412 -1.6 1.36593
    endloop
  endfacet
  facet normal 0.290432 0 -0.956896
    outer loop
      vertex 14.7412 3.2 1.36593
      vertex 14.6786 -1.6 1.34693
      vertex 14.6786 3.2 1.34693
    endloop
  endfacet
  facet normal 0.812958 0 -0.582322
    outer loop
      vertex 14.2066 -1.6 1.00876
      vertex 14.1685 3.2 0.95557
      vertex 14.2066 3.2 1.00876
    endloop
  endfacet
  facet normal 0.812958 0 -0.582322
    outer loop
      vertex 14.1685 3.2 0.95557
      vertex 14.2066 -1.6 1.00876
      vertex 14.1685 -1.6 0.95557
    endloop
  endfacet
  facet normal 0.412778 0 -0.910832
    outer loop
      vertex 14.5577 -1.6 1.29687
      vertex 14.6173 3.2 1.32388
      vertex 14.6173 -1.6 1.32388
    endloop
  endfacet
  facet normal 0.412778 0 -0.910832
    outer loop
      vertex 14.6173 3.2 1.32388
      vertex 14.5577 -1.6 1.29687
      vertex 14.5577 3.2 1.29687
    endloop
  endfacet
  facet normal -0.0981414 0 -0.995172
    outer loop
      vertex 15.0654 -1.6 1.39786
      vertex 15.1305 3.2 1.39144
      vertex 15.1305 -1.6 1.39144
    endloop
  endfacet
  facet normal -0.0981414 0 -0.995172
    outer loop
      vertex 15.1305 3.2 1.39144
      vertex 15.0654 -1.6 1.39786
      vertex 15.0654 3.2 1.39786
    endloop
  endfacet
  facet normal 0.41274 0 0.910849
    outer loop
      vertex 14.5577 3.2 -0.496872
      vertex 14.6173 -1.6 -0.523879
      vertex 14.6173 3.2 -0.523879
    endloop
  endfacet
  facet normal 0.41274 0 0.910849
    outer loop
      vertex 14.6173 -1.6 -0.523879
      vertex 14.5577 3.2 -0.496872
      vertex 14.5577 -1.6 -0.496872
    endloop
  endfacet
  facet normal 0.162799 0 0.986659
    outer loop
      vertex 14.8049 3.2 -0.580785
      vertex 14.8695 -1.6 -0.591444
      vertex 14.8695 3.2 -0.591444
    endloop
  endfacet
  facet normal 0.162799 0 0.986659
    outer loop
      vertex 14.8695 -1.6 -0.591444
      vertex 14.8049 3.2 -0.580785
      vertex 14.8049 -1.6 -0.580785
    endloop
  endfacet
  facet normal 0.730116 -0 0.683323
    outer loop
      vertex 14.2482 -1.6 -0.259345
      vertex 14.2929 3.2 -0.307106
      vertex 14.2482 3.2 -0.259345
    endloop
  endfacet
  facet normal 0.730116 0 0.683323
    outer loop
      vertex 14.2929 3.2 -0.307106
      vertex 14.2482 -1.6 -0.259345
      vertex 14.2929 -1.6 -0.307106
    endloop
  endfacet
  facet normal 0.35196 0 -0.936015
    outer loop
      vertex 14.6173 -1.6 1.32388
      vertex 14.6786 3.2 1.34693
      vertex 14.6786 -1.6 1.34693
    endloop
  endfacet
  facet normal 0.35196 0 -0.936015
    outer loop
      vertex 14.6786 3.2 1.34693
      vertex 14.6173 -1.6 1.32388
      vertex 14.6173 3.2 1.32388
    endloop
  endfacet
  facet normal -0.162814 0 -0.986657
    outer loop
      vertex 15.1305 -1.6 1.39144
      vertex 15.1951 3.2 1.38078
      vertex 15.1951 -1.6 1.38078
    endloop
  endfacet
  facet normal -0.162814 0 -0.986657
    outer loop
      vertex 15.1951 3.2 1.38078
      vertex 15.1305 -1.6 1.39144
      vertex 15.1305 3.2 1.39144
    endloop
  endfacet
  facet normal -0.936161 0 0.351572
    outer loop
      vertex 15.9239 -1.6 0.0173159
      vertex 15.9469 3.2 0.0785599
      vertex 15.9239 3.2 0.0173159
    endloop
  endfacet
  facet normal -0.936161 0 0.351572
    outer loop
      vertex 15.9469 3.2 0.0785599
      vertex 15.9239 -1.6 0.0173159
      vertex 15.9469 -1.6 0.0785599
    endloop
  endfacet
  facet normal 0.5278 0 -0.849369
    outer loop
      vertex 14.4444 -1.6 1.23147
      vertex 14.5 3.2 1.26602
      vertex 14.5 -1.6 1.26602
    endloop
  endfacet
  facet normal 0.5278 0 -0.849369
    outer loop
      vertex 14.5 3.2 1.26602
      vertex 14.4444 -1.6 1.23147
      vertex 14.4444 3.2 1.23147
    endloop
  endfacet
  facet normal 0.881589 0 -0.472018
    outer loop
      vertex 14.134 -1.6 0.9
      vertex 14.1031 3.2 0.842288
      vertex 14.134 3.2 0.9
    endloop
  endfacet
  facet normal 0.881589 0 -0.472018
    outer loop
      vertex 14.1031 3.2 0.842288
      vertex 14.134 -1.6 0.9
      vertex 14.1031 -1.6 0.842288
    endloop
  endfacet
  facet normal -0.999485 0 -0.0320921
    outer loop
      vertex 16 -1.6 0.4
      vertex 15.9979 3.2 0.465403
      vertex 16 3.2 0.4
    endloop
  endfacet
  facet normal -0.999485 -0 -0.0320921
    outer loop
      vertex 15.9979 3.2 0.465403
      vertex 16 -1.6 0.4
      vertex 15.9979 -1.6 0.465403
    endloop
  endfacet
  facet normal -0.412778 0 -0.910832
    outer loop
      vertex 15.3827 -1.6 1.32388
      vertex 15.4423 3.2 1.29687
      vertex 15.4423 -1.6 1.29687
    endloop
  endfacet
  facet normal -0.412778 0 -0.910832
    outer loop
      vertex 15.4423 3.2 1.29687
      vertex 15.3827 -1.6 1.32388
      vertex 15.3827 3.2 1.32388
    endloop
  endfacet
  facet normal -0.0327195 0 0.999465
    outer loop
      vertex 15 3.2 -0.599999
      vertex 15.0654 -1.6 -0.597858
      vertex 15.0654 3.2 -0.597858
    endloop
  endfacet
  facet normal -0.0327195 0 0.999465
    outer loop
      vertex 15.0654 -1.6 -0.597858
      vertex 15 3.2 -0.599999
      vertex 15 -1.6 -0.599999
    endloop
  endfacet
  facet normal -0.683295 0 0.730143
    outer loop
      vertex 15.6593 3.2 -0.351839
      vertex 15.7071 -1.6 -0.307106
      vertex 15.7071 3.2 -0.307106
    endloop
  endfacet
  facet normal -0.683295 0 0.730143
    outer loop
      vertex 15.7071 -1.6 -0.307106
      vertex 15.6593 3.2 -0.351839
      vertex 15.6593 -1.6 -0.351839
    endloop
  endfacet
  facet normal -0.881589 0 -0.472018
    outer loop
      vertex 15.8969 -1.6 0.842288
      vertex 15.866 3.2 0.9
      vertex 15.8969 3.2 0.842288
    endloop
  endfacet
  facet normal -0.881589 -0 -0.472018
    outer loop
      vertex 15.866 3.2 0.9
      vertex 15.8969 -1.6 0.842288
      vertex 15.866 -1.6 0.9
    endloop
  endfacet
  facet normal 0.910902 0 -0.412622
    outer loop
      vertex 14.1031 -1.6 0.842288
      vertex 14.0761 3.2 0.782683
      vertex 14.1031 3.2 0.842288
    endloop
  endfacet
  facet normal 0.910902 0 -0.412622
    outer loop
      vertex 14.0761 3.2 0.782683
      vertex 14.1031 -1.6 0.842288
      vertex 14.0761 -1.6 0.782683
    endloop
  endfacet
  facet normal 0.956922 -0 0.290346
    outer loop
      vertex 14.0341 -1.6 0.14118
      vertex 14.0531 3.2 0.0785599
      vertex 14.0341 3.2 0.14118
    endloop
  endfacet
  facet normal 0.956922 0 0.290346
    outer loop
      vertex 14.0531 3.2 0.0785599
      vertex 14.0341 -1.6 0.14118
      vertex 14.0531 -1.6 0.0785599
    endloop
  endfacet
  facet normal 0.471465 0 0.881885
    outer loop
      vertex 14.5 3.2 -0.466025
      vertex 14.5577 -1.6 -0.496872
      vertex 14.5577 3.2 -0.496872
    endloop
  endfacet
  facet normal 0.471465 0 0.881885
    outer loop
      vertex 14.5577 -1.6 -0.496872
      vertex 14.5 3.2 -0.466025
      vertex 14.5 -1.6 -0.466025
    endloop
  endfacet
  facet normal 0.986789 -0 0.162009
    outer loop
      vertex 14.0086 -1.6 0.269473
      vertex 14.0192 3.2 0.204909
      vertex 14.0086 3.2 0.269473
    endloop
  endfacet
  facet normal 0.986789 0 0.162009
    outer loop
      vertex 14.0192 3.2 0.204909
      vertex 14.0086 -1.6 0.269473
      vertex 14.0192 -1.6 0.204909
    endloop
  endfacet
  facet normal -0.0980506 0 0.995181
    outer loop
      vertex 15.0654 3.2 -0.597858
      vertex 15.1305 -1.6 -0.591444
      vertex 15.1305 3.2 -0.591444
    endloop
  endfacet
  facet normal -0.0980506 0 0.995181
    outer loop
      vertex 15.1305 -1.6 -0.591444
      vertex 15.0654 3.2 -0.597858
      vertex 15.0654 -1.6 -0.597858
    endloop
  endfacet
  facet normal 0.4715 0 -0.881866
    outer loop
      vertex 14.5 -1.6 1.26602
      vertex 14.5577 3.2 1.29687
      vertex 14.5577 -1.6 1.29687
    endloop
  endfacet
  facet normal 0.4715 0 -0.881866
    outer loop
      vertex 14.5577 3.2 1.29687
      vertex 14.5 -1.6 1.26602
      vertex 14.5 3.2 1.26602
    endloop
  endfacet
  facet normal -0.162799 0 0.986659
    outer loop
      vertex 15.1305 3.2 -0.591444
      vertex 15.1951 -1.6 -0.580785
      vertex 15.1951 3.2 -0.580785
    endloop
  endfacet
  facet normal -0.162799 0 0.986659
    outer loop
      vertex 15.1951 -1.6 -0.580785
      vertex 15.1305 3.2 -0.591444
      vertex 15.1305 -1.6 -0.591444
    endloop
  endfacet
  facet normal 0.995056 -0 0.0993161
    outer loop
      vertex 14.0021 -1.6 0.334597
      vertex 14.0086 3.2 0.269473
      vertex 14.0021 3.2 0.334597
    endloop
  endfacet
  facet normal 0.995056 0 0.0993161
    outer loop
      vertex 14.0086 3.2 0.269473
      vertex 14.0021 -1.6 0.334597
      vertex 14.0086 -1.6 0.269473
    endloop
  endfacet
  facet normal 0.910899 -0 0.41263
    outer loop
      vertex 14.0761 -1.6 0.0173159
      vertex 14.1031 3.2 -0.0422878
      vertex 14.0761 3.2 0.0173159
    endloop
  endfacet
  facet normal 0.910899 0 0.41263
    outer loop
      vertex 14.1031 3.2 -0.0422878
      vertex 14.0761 -1.6 0.0173159
      vertex 14.1031 -1.6 -0.0422878
    endloop
  endfacet
  facet normal 0.77236 -0 0.635185
    outer loop
      vertex 14.2066 -1.6 -0.208761
      vertex 14.2482 3.2 -0.259345
      vertex 14.2066 3.2 -0.208761
    endloop
  endfacet
  facet normal 0.77236 0 0.635185
    outer loop
      vertex 14.2482 3.2 -0.259345
      vertex 14.2066 -1.6 -0.208761
      vertex 14.2482 -1.6 -0.259345
    endloop
  endfacet
  facet normal -0.986789 0 -0.162009
    outer loop
      vertex 15.9914 -1.6 0.530526
      vertex 15.9808 3.2 0.59509
      vertex 15.9914 3.2 0.530526
    endloop
  endfacet
  facet normal -0.986789 -0 -0.162009
    outer loop
      vertex 15.9808 3.2 0.59509
      vertex 15.9914 -1.6 0.530526
      vertex 15.9808 -1.6 0.59509
    endloop
  endfacet
  facet normal -0.227167 0 0.973856
    outer loop
      vertex 15.1951 3.2 -0.580785
      vertex 15.2588 -1.6 -0.565926
      vertex 15.2588 3.2 -0.565926
    endloop
  endfacet
  facet normal -0.227167 0 0.973856
    outer loop
      vertex 15.2588 -1.6 -0.565926
      vertex 15.1951 3.2 -0.580785
      vertex 15.1951 -1.6 -0.580785
    endloop
  endfacet
  facet normal 0.936161 -0 0.351572
    outer loop
      vertex 14.0531 -1.6 0.0785599
      vertex 14.0761 3.2 0.0173159
      vertex 14.0531 3.2 0.0785599
    endloop
  endfacet
  facet normal 0.936161 0 0.351572
    outer loop
      vertex 14.0761 3.2 0.0173159
      vertex 14.0531 -1.6 0.0785599
      vertex 14.0761 -1.6 0.0173159
    endloop
  endfacet
  facet normal 0.582452 0 -0.812865
    outer loop
      vertex 14.3912 -1.6 1.19335
      vertex 14.4444 3.2 1.23147
      vertex 14.4444 -1.6 1.23147
    endloop
  endfacet
  facet normal 0.582452 0 -0.812865
    outer loop
      vertex 14.4444 3.2 1.23147
      vertex 14.3912 -1.6 1.19335
      vertex 14.3912 3.2 1.19335
    endloop
  endfacet
  facet normal 0.582411 0 0.812894
    outer loop
      vertex 14.3912 3.2 -0.393353
      vertex 14.4444 -1.6 -0.431469
      vertex 14.4444 3.2 -0.431469
    endloop
  endfacet
  facet normal 0.582411 0 0.812894
    outer loop
      vertex 14.4444 -1.6 -0.431469
      vertex 14.3912 3.2 -0.393353
      vertex 14.3912 -1.6 -0.393353
    endloop
  endfacet
  facet normal 0.881588 -0 0.47202
    outer loop
      vertex 14.1031 -1.6 -0.0422878
      vertex 14.134 3.2 -0.0999994
      vertex 14.1031 3.2 -0.0422878
    endloop
  endfacet
  facet normal 0.881588 0 0.47202
    outer loop
      vertex 14.134 3.2 -0.0999994
      vertex 14.1031 -1.6 -0.0422878
      vertex 14.134 -1.6 -0.0999994
    endloop
  endfacet
  facet normal -0.730116 0 0.683323
    outer loop
      vertex 15.7071 -1.6 -0.307106
      vertex 15.7518 3.2 -0.259345
      vertex 15.7071 3.2 -0.307106
    endloop
  endfacet
  facet normal -0.730116 0 0.683323
    outer loop
      vertex 15.7518 3.2 -0.259345
      vertex 15.7071 -1.6 -0.307106
      vertex 15.7518 -1.6 -0.259345
    endloop
  endfacet
  facet normal -0.812958 0 -0.582322
    outer loop
      vertex 15.8315 -1.6 0.95557
      vertex 15.7934 3.2 1.00876
      vertex 15.8315 3.2 0.95557
    endloop
  endfacet
  facet normal -0.812958 -0 -0.582322
    outer loop
      vertex 15.7934 3.2 1.00876
      vertex 15.8315 -1.6 0.95557
      vertex 15.7934 -1.6 1.00876
    endloop
  endfacet
  facet normal -0.973739 0 -0.227666
    outer loop
      vertex 15.9808 -1.6 0.59509
      vertex 15.9659 3.2 0.658818
      vertex 15.9808 3.2 0.59509
    endloop
  endfacet
  facet normal -0.973739 -0 -0.227666
    outer loop
      vertex 15.9659 3.2 0.658818
      vertex 15.9808 -1.6 0.59509
      vertex 15.9659 -1.6 0.658818
    endloop
  endfacet
  facet normal 0.849583 0 -0.527454
    outer loop
      vertex 14.1685 -1.6 0.95557
      vertex 14.134 3.2 0.9
      vertex 14.1685 3.2 0.95557
    endloop
  endfacet
  facet normal 0.849583 0 -0.527454
    outer loop
      vertex 14.134 3.2 0.9
      vertex 14.1685 -1.6 0.95557
      vertex 14.134 -1.6 0.9
    endloop
  endfacet
  facet normal -0.4715 0 -0.881866
    outer loop
      vertex 15.4423 -1.6 1.29687
      vertex 15.5 3.2 1.26602
      vertex 15.5 -1.6 1.26602
    endloop
  endfacet
  facet normal -0.4715 0 -0.881866
    outer loop
      vertex 15.5 3.2 1.26602
      vertex 15.4423 -1.6 1.29687
      vertex 15.4423 3.2 1.29687
    endloop
  endfacet
  facet normal 0.849586 -0 0.52745
    outer loop
      vertex 14.134 -1.6 -0.0999994
      vertex 14.1685 3.2 -0.15557
      vertex 14.134 3.2 -0.0999994
    endloop
  endfacet
  facet normal 0.849586 0 0.52745
    outer loop
      vertex 14.1685 3.2 -0.15557
      vertex 14.134 -1.6 -0.0999994
      vertex 14.1685 -1.6 -0.15557
    endloop
  endfacet
  facet normal -0.68327 0 -0.730166
    outer loop
      vertex 15.6593 -1.6 1.15184
      vertex 15.7071 3.2 1.10711
      vertex 15.7071 -1.6 1.10711
    endloop
  endfacet
  facet normal -0.68327 0 -0.730166
    outer loop
      vertex 15.7071 3.2 1.10711
      vertex 15.6593 -1.6 1.15184
      vertex 15.6593 3.2 1.15184
    endloop
  endfacet
  facet normal 0.634994 0 -0.772517
    outer loop
      vertex 14.3407 -1.6 1.15184
      vertex 14.3912 3.2 1.19335
      vertex 14.3912 -1.6 1.19335
    endloop
  endfacet
  facet normal 0.634994 0 -0.772517
    outer loop
      vertex 14.3912 3.2 1.19335
      vertex 14.3407 -1.6 1.15184
      vertex 14.3407 3.2 1.15184
    endloop
  endfacet
  facet normal 0.227036 0 -0.973886
    outer loop
      vertex 14.7412 -1.6 1.36593
      vertex 14.8049 3.2 1.38078
      vertex 14.8049 -1.6 1.38078
    endloop
  endfacet
  facet normal 0.227036 0 -0.973886
    outer loop
      vertex 14.8049 3.2 1.38078
      vertex 14.7412 -1.6 1.36593
      vertex 14.7412 3.2 1.36593
    endloop
  endfacet
  facet normal 0.162814 0 -0.986657
    outer loop
      vertex 14.8049 -1.6 1.38078
      vertex 14.8695 3.2 1.39144
      vertex 14.8695 -1.6 1.39144
    endloop
  endfacet
  facet normal 0.162814 0 -0.986657
    outer loop
      vertex 14.8695 3.2 1.39144
      vertex 14.8049 -1.6 1.38078
      vertex 14.8049 3.2 1.38078
    endloop
  endfacet
  facet normal 0.812963 -0 0.582315
    outer loop
      vertex 14.1685 -1.6 -0.15557
      vertex 14.2066 3.2 -0.208761
      vertex 14.1685 3.2 -0.15557
    endloop
  endfacet
  facet normal 0.812963 0 0.582315
    outer loop
      vertex 14.2066 3.2 -0.208761
      vertex 14.1685 -1.6 -0.15557
      vertex 14.2066 -1.6 -0.208761
    endloop
  endfacet
  facet normal -0.995206 0 0.0978059
    outer loop
      vertex 13.5873 -1.6 -0.726362
      vertex 13.5937 3.2 -0.66124
      vertex 13.5873 3.2 -0.726362
    endloop
  endfacet
  facet normal -0.995206 0 0.0978059
    outer loop
      vertex 13.5937 3.2 -0.66124
      vertex 13.5873 -1.6 -0.726362
      vertex 13.5937 -1.6 -0.66124
    endloop
  endfacet
  facet normal -0.999485 0 0.0320921
    outer loop
      vertex 13.5937 -1.6 -0.66124
      vertex 13.5958 3.2 -0.595837
      vertex 13.5937 3.2 -0.66124
    endloop
  endfacet
  facet normal -0.999485 0 0.0320921
    outer loop
      vertex 13.5958 3.2 -0.595837
      vertex 13.5937 -1.6 -0.66124
      vertex 13.5958 -1.6 -0.595837
    endloop
  endfacet
  facet normal -0.986544 0 0.163495
    outer loop
      vertex 13.5766 -1.6 -0.790927
      vertex 13.5873 3.2 -0.726362
      vertex 13.5766 3.2 -0.790927
    endloop
  endfacet
  facet normal -0.986544 0 0.163495
    outer loop
      vertex 13.5873 3.2 -0.726362
      vertex 13.5766 -1.6 -0.790927
      vertex 13.5873 -1.6 -0.726362
    endloop
  endfacet
  facet normal -0.974077 0 0.226217
    outer loop
      vertex 13.5618 -1.6 -0.854655
      vertex 13.5766 3.2 -0.790927
      vertex 13.5618 3.2 -0.854655
    endloop
  endfacet
  facet normal -0.974077 0 0.226217
    outer loop
      vertex 13.5766 3.2 -0.790927
      vertex 13.5618 -1.6 -0.854655
      vertex 13.5766 -1.6 -0.790927
    endloop
  endfacet
  facet normal 0.162814 0 0.986657
    outer loop
      vertex 12.4007 3.2 -1.57662
      vertex 12.4653 -1.6 -1.58728
      vertex 12.4653 3.2 -1.58728
    endloop
  endfacet
  facet normal 0.162814 0 0.986657
    outer loop
      vertex 12.4653 -1.6 -1.58728
      vertex 12.4007 3.2 -1.57662
      vertex 12.4007 -1.6 -1.57662
    endloop
  endfacet
  facet normal 0.956922 0 -0.290347
    outer loop
      vertex 11.6489 -1.6 -0.274397
      vertex 11.6299 3.2 -0.337017
      vertex 11.6489 3.2 -0.274397
    endloop
  endfacet
  facet normal 0.956922 0 -0.290347
    outer loop
      vertex 11.6299 3.2 -0.337017
      vertex 11.6489 -1.6 -0.274397
      vertex 11.6299 -1.6 -0.337017
    endloop
  endfacet
  facet normal 0.0980506 0 -0.995181
    outer loop
      vertex 12.4653 -1.6 0.395607
      vertex 12.5304 3.2 0.402021
      vertex 12.5304 -1.6 0.402021
    endloop
  endfacet
  facet normal 0.0980506 0 -0.995181
    outer loop
      vertex 12.5304 3.2 0.402021
      vertex 12.4653 -1.6 0.395607
      vertex 12.4653 3.2 0.395607
    endloop
  endfacet
  facet normal -0.848901 0 -0.528552
    outer loop
      vertex 13.4619 -1.6 -0.0958366
      vertex 13.4273 3.2 -0.040266
      vertex 13.4619 3.2 -0.0958366
    endloop
  endfacet
  facet normal -0.848901 -0 -0.528552
    outer loop
      vertex 13.4273 3.2 -0.040266
      vertex 13.4619 -1.6 -0.0958366
      vertex 13.4273 -1.6 -0.040266
    endloop
  endfacet
  facet normal -0.986544 0 -0.163497
    outer loop
      vertex 13.5873 -1.6 -0.46531
      vertex 13.5766 3.2 -0.400746
      vertex 13.5873 3.2 -0.46531
    endloop
  endfacet
  facet normal -0.986544 -0 -0.163497
    outer loop
      vertex 13.5766 3.2 -0.400746
      vertex 13.5873 -1.6 -0.46531
      vertex 13.5766 -1.6 -0.400746
    endloop
  endfacet
  facet normal -0.773108 0 -0.634274
    outer loop
      vertex 13.3892 -1.6 0.0129242
      vertex 13.3477 3.2 0.063508
      vertex 13.3892 3.2 0.0129242
    endloop
  endfacet
  facet normal -0.773108 -0 -0.634274
    outer loop
      vertex 13.3477 3.2 0.063508
      vertex 13.3892 -1.6 0.0129242
      vertex 13.3477 -1.6 0.063508
    endloop
  endfacet
  facet normal -0.352464 0 -0.935825
    outer loop
      vertex 12.9173 -1.6 0.351092
      vertex 12.9785 3.2 0.328042
      vertex 12.9785 -1.6 0.328042
    endloop
  endfacet
  facet normal -0.352464 0 -0.935825
    outer loop
      vertex 12.9785 3.2 0.328042
      vertex 12.9173 -1.6 0.351092
      vertex 12.9173 3.2 0.351092
    endloop
  endfacet
  facet normal -0.956923 0 0.290342
    outer loop
      vertex 13.5428 -1.6 -0.917276
      vertex 13.5618 3.2 -0.854655
      vertex 13.5428 3.2 -0.917276
    endloop
  endfacet
  facet normal -0.956923 0 0.290342
    outer loop
      vertex 13.5618 3.2 -0.854655
      vertex 13.5428 -1.6 -0.917276
      vertex 13.5618 -1.6 -0.854655
    endloop
  endfacet
  facet normal -0.812958 0 0.582322
    outer loop
      vertex 13.3892 -1.6 -1.2046
      vertex 13.4273 3.2 -1.15141
      vertex 13.3892 3.2 -1.2046
    endloop
  endfacet
  facet normal -0.812958 0 0.582322
    outer loop
      vertex 13.4273 3.2 -1.15141
      vertex 13.3892 -1.6 -1.2046
      vertex 13.4273 -1.6 -1.15141
    endloop
  endfacet
  facet normal 0.848901 0 -0.528552
    outer loop
      vertex 11.7644 -1.6 -0.040266
      vertex 11.7298 3.2 -0.0958366
      vertex 11.7644 3.2 -0.040266
    endloop
  endfacet
  facet normal 0.848901 0 -0.528552
    outer loop
      vertex 11.7298 3.2 -0.0958366
      vertex 11.7644 -1.6 -0.040266
      vertex 11.7298 -1.6 -0.0958366
    endloop
  endfacet
  facet normal -0.582452 0 0.812865
    outer loop
      vertex 13.1514 3.2 -1.42731
      vertex 13.2046 -1.6 -1.38919
      vertex 13.2046 3.2 -1.38919
    endloop
  endfacet
  facet normal -0.582452 0 0.812865
    outer loop
      vertex 13.2046 -1.6 -1.38919
      vertex 13.1514 3.2 -1.42731
      vertex 13.1514 -1.6 -1.42731
    endloop
  endfacet
  facet normal 0.162799 0 -0.986659
    outer loop
      vertex 12.4007 -1.6 0.384948
      vertex 12.4653 3.2 0.395607
      vertex 12.4653 -1.6 0.395607
    endloop
  endfacet
  facet normal 0.162799 0 -0.986659
    outer loop
      vertex 12.4653 3.2 0.395607
      vertex 12.4007 -1.6 0.384948
      vertex 12.4007 3.2 0.384948
    endloop
  endfacet
  facet normal -0.4715 0 0.881866
    outer loop
      vertex 13.0381 3.2 -1.49271
      vertex 13.0958 -1.6 -1.46186
      vertex 13.0958 3.2 -1.46186
    endloop
  endfacet
  facet normal -0.4715 0 0.881866
    outer loop
      vertex 13.0958 -1.6 -1.46186
      vertex 13.0381 3.2 -1.49271
      vertex 13.0381 -1.6 -1.49271
    endloop
  endfacet
  facet normal -0.0979017 0 -0.995196
    outer loop
      vertex 12.6612 -1.6 0.402021
      vertex 12.7264 3.2 0.395607
      vertex 12.7264 -1.6 0.395607
    endloop
  endfacet
  facet normal -0.0979017 0 -0.995196
    outer loop
      vertex 12.7264 3.2 0.395607
      vertex 12.6612 -1.6 0.402021
      vertex 12.6612 3.2 0.402021
    endloop
  endfacet
  facet normal 0.352464 0 0.935825
    outer loop
      vertex 12.2132 3.2 -1.51972
      vertex 12.2744 -1.6 -1.54277
      vertex 12.2744 3.2 -1.54277
    endloop
  endfacet
  facet normal 0.352464 0 0.935825
    outer loop
      vertex 12.2744 -1.6 -1.54277
      vertex 12.2132 3.2 -1.51972
      vertex 12.2132 -1.6 -1.51972
    endloop
  endfacet
  facet normal 0.910902 0 -0.412622
    outer loop
      vertex 11.699 -1.6 -0.153548
      vertex 11.672 3.2 -0.213153
      vertex 11.699 3.2 -0.153548
    endloop
  endfacet
  facet normal 0.910902 0 -0.412622
    outer loop
      vertex 11.672 3.2 -0.213153
      vertex 11.699 -1.6 -0.153548
      vertex 11.672 -1.6 -0.213153
    endloop
  endfacet
  facet normal 0.412204 0 0.911092
    outer loop
      vertex 12.1535 3.2 -1.49271
      vertex 12.2132 -1.6 -1.51972
      vertex 12.2132 3.2 -1.51972
    endloop
  endfacet
  facet normal 0.412204 0 0.911092
    outer loop
      vertex 12.2132 -1.6 -1.51972
      vertex 12.1535 3.2 -1.49271
      vertex 12.1535 -1.6 -1.49271
    endloop
  endfacet
  facet normal -0.974078 0 -0.226213
    outer loop
      vertex 13.5766 -1.6 -0.400746
      vertex 13.5618 3.2 -0.337017
      vertex 13.5766 3.2 -0.400746
    endloop
  endfacet
  facet normal -0.974078 -0 -0.226213
    outer loop
      vertex 13.5618 3.2 -0.337017
      vertex 13.5766 -1.6 -0.400746
      vertex 13.5618 -1.6 -0.337017
    endloop
  endfacet
  facet normal 0.730109 -0 0.683331
    outer loop
      vertex 11.844 -1.6 -1.25518
      vertex 11.8887 3.2 -1.30294
      vertex 11.844 3.2 -1.25518
    endloop
  endfacet
  facet normal 0.730109 0 0.683331
    outer loop
      vertex 11.8887 3.2 -1.30294
      vertex 11.844 -1.6 -1.25518
      vertex 11.8887 -1.6 -1.30294
    endloop
  endfacet
  facet normal -0.352464 0 0.935825
    outer loop
      vertex 12.9173 3.2 -1.54277
      vertex 12.9785 -1.6 -1.51972
      vertex 12.9785 3.2 -1.51972
    endloop
  endfacet
  facet normal -0.352464 0 0.935825
    outer loop
      vertex 12.9785 -1.6 -1.51972
      vertex 12.9173 3.2 -1.54277
      vertex 12.9173 -1.6 -1.54277
    endloop
  endfacet
  facet normal 0.634271 0 -0.77311
    outer loop
      vertex 11.9365 -1.6 0.156002
      vertex 11.9871 3.2 0.197515
      vertex 11.9871 -1.6 0.197515
    endloop
  endfacet
  facet normal 0.634271 0 -0.77311
    outer loop
      vertex 11.9871 3.2 0.197515
      vertex 11.9365 -1.6 0.156002
      vertex 11.9365 3.2 0.156002
    endloop
  endfacet
  facet normal -0.995206 0 -0.0978029
    outer loop
      vertex 13.5937 -1.6 -0.530434
      vertex 13.5873 3.2 -0.46531
      vertex 13.5937 3.2 -0.530434
    endloop
  endfacet
  facet normal -0.995206 -0 -0.0978029
    outer loop
      vertex 13.5873 3.2 -0.46531
      vertex 13.5937 -1.6 -0.530434
      vertex 13.5873 -1.6 -0.46531
    endloop
  endfacet
  facet normal -0.848898 0 0.528556
    outer loop
      vertex 13.4273 -1.6 -1.15141
      vertex 13.4619 3.2 -1.09584
      vertex 13.4273 3.2 -1.15141
    endloop
  endfacet
  facet normal -0.848898 0 0.528556
    outer loop
      vertex 13.4619 3.2 -1.09584
      vertex 13.4273 -1.6 -1.15141
      vertex 13.4619 -1.6 -1.09584
    endloop
  endfacet
  facet normal 0.974077 -0 0.226217
    outer loop
      vertex 11.6151 -1.6 -0.790927
      vertex 11.6299 3.2 -0.854655
      vertex 11.6151 3.2 -0.790927
    endloop
  endfacet
  facet normal 0.974077 0 0.226217
    outer loop
      vertex 11.6299 3.2 -0.854655
      vertex 11.6151 -1.6 -0.790927
      vertex 11.6299 -1.6 -0.854655
    endloop
  endfacet
  facet normal 0.4715 0 0.881866
    outer loop
      vertex 12.0958 3.2 -1.46186
      vertex 12.1535 -1.6 -1.49271
      vertex 12.1535 3.2 -1.49271
    endloop
  endfacet
  facet normal 0.4715 0 0.881866
    outer loop
      vertex 12.1535 -1.6 -1.49271
      vertex 12.0958 3.2 -1.46186
      vertex 12.0958 -1.6 -1.46186
    endloop
  endfacet
  facet normal 0.848898 -0 0.528556
    outer loop
      vertex 11.7298 -1.6 -1.09584
      vertex 11.7644 3.2 -1.15141
      vertex 11.7298 3.2 -1.09584
    endloop
  endfacet
  facet normal 0.848898 0 0.528556
    outer loop
      vertex 11.7644 3.2 -1.15141
      vertex 11.7298 -1.6 -1.09584
      vertex 11.7644 -1.6 -1.15141
    endloop
  endfacet
  facet normal 0.528552 0 -0.848901
    outer loop
      vertex 12.0403 -1.6 0.235632
      vertex 12.0958 3.2 0.270188
      vertex 12.0958 -1.6 0.270188
    endloop
  endfacet
  facet normal 0.528552 0 -0.848901
    outer loop
      vertex 12.0958 3.2 0.270188
      vertex 12.0403 -1.6 0.235632
      vertex 12.0403 3.2 0.235632
    endloop
  endfacet
  facet normal 0.634244 0 0.773133
    outer loop
      vertex 11.9365 3.2 -1.34768
      vertex 11.9871 -1.6 -1.38919
      vertex 11.9871 3.2 -1.38919
    endloop
  endfacet
  facet normal 0.634244 0 0.773133
    outer loop
      vertex 11.9871 -1.6 -1.38919
      vertex 11.9365 3.2 -1.34768
      vertex 11.9365 -1.6 -1.34768
    endloop
  endfacet
  facet normal 0.999435 0 -0.0336186
    outer loop
      vertex 11.598 -1.6 -0.530434
      vertex 11.5958 3.2 -0.595837
      vertex 11.598 3.2 -0.530434
    endloop
  endfacet
  facet normal 0.999435 0 -0.0336186
    outer loop
      vertex 11.5958 3.2 -0.595837
      vertex 11.598 -1.6 -0.530434
      vertex 11.5958 -1.6 -0.595837
    endloop
  endfacet
  facet normal -0.999485 0 -0.0320921
    outer loop
      vertex 13.5958 -1.6 -0.595837
      vertex 13.5937 3.2 -0.530434
      vertex 13.5958 3.2 -0.595837
    endloop
  endfacet
  facet normal -0.999485 -0 -0.0320921
    outer loop
      vertex 13.5937 3.2 -0.530434
      vertex 13.5958 -1.6 -0.595837
      vertex 13.5937 -1.6 -0.530434
    endloop
  endfacet
  facet normal -0.41274 0 -0.910849
    outer loop
      vertex 12.9785 -1.6 0.328042
      vertex 13.0381 3.2 0.301035
      vertex 13.0381 -1.6 0.301035
    endloop
  endfacet
  facet normal -0.41274 0 -0.910849
    outer loop
      vertex 13.0381 3.2 0.301035
      vertex 12.9785 -1.6 0.328042
      vertex 12.9785 3.2 0.328042
    endloop
  endfacet
  facet normal 0.986544 -0 0.163495
    outer loop
      vertex 11.6044 -1.6 -0.726362
      vertex 11.6151 3.2 -0.790927
      vertex 11.6044 3.2 -0.726362
    endloop
  endfacet
  facet normal 0.986544 0 0.163495
    outer loop
      vertex 11.6151 3.2 -0.790927
      vertex 11.6044 -1.6 -0.726362
      vertex 11.6151 -1.6 -0.790927
    endloop
  endfacet
  facet normal 0.882222 0 -0.470833
    outer loop
      vertex 11.7298 -1.6 -0.0958366
      vertex 11.699 3.2 -0.153548
      vertex 11.7298 3.2 -0.0958366
    endloop
  endfacet
  facet normal 0.882222 0 -0.470833
    outer loop
      vertex 11.699 3.2 -0.153548
      vertex 11.7298 -1.6 -0.0958366
      vertex 11.699 -1.6 -0.153548
    endloop
  endfacet
  facet normal -0.634244 0 0.773133
    outer loop
      vertex 13.2046 3.2 -1.38919
      vertex 13.2552 -1.6 -1.34768
      vertex 13.2552 3.2 -1.34768
    endloop
  endfacet
  facet normal -0.634244 0 0.773133
    outer loop
      vertex 13.2552 -1.6 -1.34768
      vertex 13.2046 3.2 -1.38919
      vertex 13.2046 -1.6 -1.38919
    endloop
  endfacet
  facet normal -0.0979924 0 0.995187
    outer loop
      vertex 12.6612 3.2 -1.5937
      vertex 12.7264 -1.6 -1.58728
      vertex 12.7264 3.2 -1.58728
    endloop
  endfacet
  facet normal -0.0979924 0 0.995187
    outer loop
      vertex 12.7264 -1.6 -1.58728
      vertex 12.6612 3.2 -1.5937
      vertex 12.6612 -1.6 -1.5937
    endloop
  endfacet
  facet normal -0.0327042 0 0.999465
    outer loop
      vertex 12.5958 3.2 -1.59584
      vertex 12.6612 -1.6 -1.5937
      vertex 12.6612 3.2 -1.5937
    endloop
  endfacet
  facet normal -0.0327042 0 0.999465
    outer loop
      vertex 12.6612 -1.6 -1.5937
      vertex 12.5958 3.2 -1.59584
      vertex 12.5958 -1.6 -1.59584
    endloop
  endfacet
  facet normal -0.5278 0 0.849369
    outer loop
      vertex 13.0958 3.2 -1.46186
      vertex 13.1514 -1.6 -1.42731
      vertex 13.1514 3.2 -1.42731
    endloop
  endfacet
  facet normal -0.5278 0 0.849369
    outer loop
      vertex 13.1514 -1.6 -1.42731
      vertex 13.0958 3.2 -1.46186
      vertex 13.0958 -1.6 -1.46186
    endloop
  endfacet
  facet normal -0.935655 0 0.352916
    outer loop
      vertex 13.5197 -1.6 -0.978519
      vertex 13.5428 3.2 -0.917276
      vertex 13.5197 3.2 -0.978519
    endloop
  endfacet
  facet normal -0.935655 0 0.352916
    outer loop
      vertex 13.5428 3.2 -0.917276
      vertex 13.5197 -1.6 -0.978519
      vertex 13.5428 -1.6 -0.917276
    endloop
  endfacet
  facet normal 0.812958 -0 0.582322
    outer loop
      vertex 11.7644 -1.6 -1.15141
      vertex 11.8025 3.2 -1.2046
      vertex 11.7644 3.2 -1.15141
    endloop
  endfacet
  facet normal 0.812958 0 0.582322
    outer loop
      vertex 11.8025 3.2 -1.2046
      vertex 11.7644 -1.6 -1.15141
      vertex 11.8025 -1.6 -1.2046
    endloop
  endfacet
  facet normal 0.0981414 0 0.995172
    outer loop
      vertex 12.4653 3.2 -1.58728
      vertex 12.5304 -1.6 -1.5937
      vertex 12.5304 3.2 -1.5937
    endloop
  endfacet
  facet normal 0.0981414 0 0.995172
    outer loop
      vertex 12.5304 -1.6 -1.5937
      vertex 12.4653 3.2 -1.58728
      vertex 12.4653 -1.6 -1.58728
    endloop
  endfacet
  facet normal 0.683295 0 -0.730143
    outer loop
      vertex 11.8887 -1.6 0.111269
      vertex 11.9365 3.2 0.156002
      vertex 11.9365 -1.6 0.156002
    endloop
  endfacet
  facet normal 0.683295 0 -0.730143
    outer loop
      vertex 11.9365 3.2 0.156002
      vertex 11.8887 -1.6 0.111269
      vertex 11.8887 3.2 0.111269
    endloop
  endfacet
  facet normal -0.163059 0 0.986616
    outer loop
      vertex 12.7264 3.2 -1.58728
      vertex 12.7909 -1.6 -1.57662
      vertex 12.7909 3.2 -1.57662
    endloop
  endfacet
  facet normal -0.163059 0 0.986616
    outer loop
      vertex 12.7909 -1.6 -1.57662
      vertex 12.7264 3.2 -1.58728
      vertex 12.7264 -1.6 -1.58728
    endloop
  endfacet
  facet normal 0.999435 -0 0.0336186
    outer loop
      vertex 11.5958 -1.6 -0.595837
      vertex 11.598 3.2 -0.66124
      vertex 11.5958 3.2 -0.595837
    endloop
  endfacet
  facet normal 0.999435 0 0.0336186
    outer loop
      vertex 11.598 3.2 -0.66124
      vertex 11.5958 -1.6 -0.595837
      vertex 11.598 -1.6 -0.66124
    endloop
  endfacet
  facet normal 0.29039 0 -0.956908
    outer loop
      vertex 12.2744 -1.6 0.351092
      vertex 12.337 3.2 0.370089
      vertex 12.337 -1.6 0.370089
    endloop
  endfacet
  facet normal 0.29039 0 -0.956908
    outer loop
      vertex 12.337 3.2 0.370089
      vertex 12.2744 -1.6 0.351092
      vertex 12.2744 3.2 0.351092
    endloop
  endfacet
  facet normal -0.163044 0 -0.986619
    outer loop
      vertex 12.7264 -1.6 0.395607
      vertex 12.7909 3.2 0.384948
      vertex 12.7909 -1.6 0.384948
    endloop
  endfacet
  facet normal -0.163044 0 -0.986619
    outer loop
      vertex 12.7909 3.2 0.384948
      vertex 12.7264 -1.6 0.395607
      vertex 12.7264 3.2 0.395607
    endloop
  endfacet
  facet normal 0.986544 0 -0.163497
    outer loop
      vertex 11.6151 -1.6 -0.400746
      vertex 11.6044 3.2 -0.46531
      vertex 11.6151 3.2 -0.400746
    endloop
  endfacet
  facet normal 0.986544 0 -0.163497
    outer loop
      vertex 11.6044 3.2 -0.46531
      vertex 11.6151 -1.6 -0.400746
      vertex 11.6044 -1.6 -0.46531
    endloop
  endfacet
  facet normal 0.227181 0 0.973852
    outer loop
      vertex 12.337 3.2 -1.56176
      vertex 12.4007 -1.6 -1.57662
      vertex 12.4007 3.2 -1.57662
    endloop
  endfacet
  facet normal 0.227181 0 0.973852
    outer loop
      vertex 12.4007 -1.6 -1.57662
      vertex 12.337 3.2 -1.56176
      vertex 12.337 -1.6 -1.56176
    endloop
  endfacet
  facet normal -0.882222 0 -0.470833
    outer loop
      vertex 13.4927 -1.6 -0.153548
      vertex 13.4619 3.2 -0.0958366
      vertex 13.4927 3.2 -0.153548
    endloop
  endfacet
  facet normal -0.882222 -0 -0.470833
    outer loop
      vertex 13.4619 3.2 -0.0958366
      vertex 13.4927 -1.6 -0.153548
      vertex 13.4619 -1.6 -0.0958366
    endloop
  endfacet
  facet normal -0.935657 0 -0.352911
    outer loop
      vertex 13.5428 -1.6 -0.274397
      vertex 13.5197 3.2 -0.213153
      vertex 13.5428 3.2 -0.274397
    endloop
  endfacet
  facet normal -0.935657 -0 -0.352911
    outer loop
      vertex 13.5197 3.2 -0.213153
      vertex 13.5428 -1.6 -0.274397
      vertex 13.5197 -1.6 -0.213153
    endloop
  endfacet
  facet normal 0.412166 0 -0.911109
    outer loop
      vertex 12.1535 -1.6 0.301035
      vertex 12.2132 3.2 0.328042
      vertex 12.2132 -1.6 0.328042
    endloop
  endfacet
  facet normal 0.412166 0 -0.911109
    outer loop
      vertex 12.2132 3.2 0.328042
      vertex 12.1535 -1.6 0.301035
      vertex 12.1535 3.2 0.301035
    endloop
  endfacet
  facet normal 0.582452 0 0.812865
    outer loop
      vertex 11.9871 3.2 -1.38919
      vertex 12.0403 -1.6 -1.42731
      vertex 12.0403 3.2 -1.42731
    endloop
  endfacet
  facet normal 0.582452 0 0.812865
    outer loop
      vertex 12.0403 -1.6 -1.42731
      vertex 11.9871 3.2 -1.38919
      vertex 11.9871 -1.6 -1.38919
    endloop
  endfacet
  facet normal 0.683352 0 0.730089
    outer loop
      vertex 11.8887 3.2 -1.30294
      vertex 11.9365 -1.6 -1.34768
      vertex 11.9365 3.2 -1.34768
    endloop
  endfacet
  facet normal 0.683352 0 0.730089
    outer loop
      vertex 11.9365 -1.6 -1.34768
      vertex 11.8887 3.2 -1.30294
      vertex 11.8887 -1.6 -1.30294
    endloop
  endfacet
  facet normal -0.412778 0 0.910832
    outer loop
      vertex 12.9785 3.2 -1.51972
      vertex 13.0381 -1.6 -1.49271
      vertex 13.0381 3.2 -1.49271
    endloop
  endfacet
  facet normal -0.412778 0 0.910832
    outer loop
      vertex 13.0381 -1.6 -1.49271
      vertex 12.9785 3.2 -1.51972
      vertex 12.9785 -1.6 -1.51972
    endloop
  endfacet
  facet normal -0.471465 0 -0.881885
    outer loop
      vertex 13.0381 -1.6 0.301035
      vertex 13.0958 3.2 0.270188
      vertex 13.0958 -1.6 0.270188
    endloop
  endfacet
  facet normal -0.471465 0 -0.881885
    outer loop
      vertex 13.0958 3.2 0.270188
      vertex 13.0381 -1.6 0.301035
      vertex 13.0381 3.2 0.301035
    endloop
  endfacet
  facet normal -0.0327195 0 -0.999465
    outer loop
      vertex 12.5958 -1.6 0.404162
      vertex 12.6612 3.2 0.402021
      vertex 12.6612 -1.6 0.402021
    endloop
  endfacet
  facet normal -0.0327195 0 -0.999465
    outer loop
      vertex 12.6612 3.2 0.402021
      vertex 12.5958 -1.6 0.404162
      vertex 12.5958 3.2 0.404162
    endloop
  endfacet
  facet normal 0.352464 0 -0.935825
    outer loop
      vertex 12.2132 -1.6 0.328042
      vertex 12.2744 3.2 0.351092
      vertex 12.2744 -1.6 0.351092
    endloop
  endfacet
  facet normal 0.352464 0 -0.935825
    outer loop
      vertex 12.2744 3.2 0.351092
      vertex 12.2132 -1.6 0.328042
      vertex 12.2132 3.2 0.328042
    endloop
  endfacet
  facet normal -0.29039 0 -0.956908
    outer loop
      vertex 12.8547 -1.6 0.370089
      vertex 12.9173 3.2 0.351092
      vertex 12.9173 -1.6 0.351092
    endloop
  endfacet
  facet normal -0.29039 0 -0.956908
    outer loop
      vertex 12.9173 3.2 0.351092
      vertex 12.8547 -1.6 0.370089
      vertex 12.8547 3.2 0.370089
    endloop
  endfacet
  facet normal 0.227167 0 -0.973856
    outer loop
      vertex 12.337 -1.6 0.370089
      vertex 12.4007 3.2 0.384948
      vertex 12.4007 -1.6 0.384948
    endloop
  endfacet
  facet normal 0.227167 0 -0.973856
    outer loop
      vertex 12.4007 3.2 0.384948
      vertex 12.337 -1.6 0.370089
      vertex 12.337 3.2 0.370089
    endloop
  endfacet
  facet normal -0.773085 0 0.634303
    outer loop
      vertex 13.3477 -1.6 -1.25518
      vertex 13.3892 3.2 -1.2046
      vertex 13.3477 3.2 -1.25518
    endloop
  endfacet
  facet normal -0.773085 0 0.634303
    outer loop
      vertex 13.3892 3.2 -1.2046
      vertex 13.3477 -1.6 -1.25518
      vertex 13.3892 -1.6 -1.2046
    endloop
  endfacet
  facet normal -0.226829 0 -0.973935
    outer loop
      vertex 12.7909 -1.6 0.384948
      vertex 12.8547 3.2 0.370089
      vertex 12.8547 -1.6 0.370089
    endloop
  endfacet
  facet normal -0.226829 0 -0.973935
    outer loop
      vertex 12.8547 3.2 0.370089
      vertex 12.7909 -1.6 0.384948
      vertex 12.7909 3.2 0.384948
    endloop
  endfacet
  facet normal -0.582421 0 -0.812887
    outer loop
      vertex 13.1514 -1.6 0.235632
      vertex 13.2046 3.2 0.197515
      vertex 13.2046 -1.6 0.197515
    endloop
  endfacet
  facet normal -0.582421 0 -0.812887
    outer loop
      vertex 13.2046 3.2 0.197515
      vertex 13.1514 -1.6 0.235632
      vertex 13.1514 3.2 0.235632
    endloop
  endfacet
  facet normal -0.527866 0 -0.849328
    outer loop
      vertex 13.0958 -1.6 0.270188
      vertex 13.1514 3.2 0.235632
      vertex 13.1514 -1.6 0.235632
    endloop
  endfacet
  facet normal -0.527866 0 -0.849328
    outer loop
      vertex 13.1514 3.2 0.235632
      vertex 13.0958 -1.6 0.270188
      vertex 13.0958 3.2 0.270188
    endloop
  endfacet
  facet normal 0.956923 -0 0.290342
    outer loop
      vertex 11.6299 -1.6 -0.854655
      vertex 11.6489 3.2 -0.917276
      vertex 11.6299 3.2 -0.854655
    endloop
  endfacet
  facet normal 0.956923 0 0.290342
    outer loop
      vertex 11.6489 3.2 -0.917276
      vertex 11.6299 -1.6 -0.854655
      vertex 11.6489 -1.6 -0.917276
    endloop
  endfacet
  facet normal -0.634271 0 -0.77311
    outer loop
      vertex 13.2046 -1.6 0.197515
      vertex 13.2552 3.2 0.156002
      vertex 13.2552 -1.6 0.156002
    endloop
  endfacet
  facet normal -0.634271 0 -0.77311
    outer loop
      vertex 13.2552 3.2 0.156002
      vertex 13.2046 -1.6 0.197515
      vertex 13.2046 3.2 0.197515
    endloop
  endfacet
  facet normal 0.995206 -0 0.0978059
    outer loop
      vertex 11.598 -1.6 -0.66124
      vertex 11.6044 3.2 -0.726362
      vertex 11.598 3.2 -0.66124
    endloop
  endfacet
  facet normal 0.995206 0 0.0978059
    outer loop
      vertex 11.6044 3.2 -0.726362
      vertex 11.598 -1.6 -0.66124
      vertex 11.6044 -1.6 -0.726362
    endloop
  endfacet
  facet normal -0.882217 0 0.470842
    outer loop
      vertex 13.4619 -1.6 -1.09584
      vertex 13.4927 3.2 -1.03813
      vertex 13.4619 3.2 -1.09584
    endloop
  endfacet
  facet normal -0.882217 0 0.470842
    outer loop
      vertex 13.4927 3.2 -1.03813
      vertex 13.4619 -1.6 -1.09584
      vertex 13.4927 -1.6 -1.03813
    endloop
  endfacet
  facet normal 0.773108 0 -0.634274
    outer loop
      vertex 11.844 -1.6 0.063508
      vertex 11.8025 3.2 0.0129242
      vertex 11.844 3.2 0.063508
    endloop
  endfacet
  facet normal 0.773108 0 -0.634274
    outer loop
      vertex 11.8025 3.2 0.0129242
      vertex 11.844 -1.6 0.063508
      vertex 11.8025 -1.6 0.0129242
    endloop
  endfacet
  facet normal 0.0327195 0 -0.999465
    outer loop
      vertex 12.5304 -1.6 0.402021
      vertex 12.5958 3.2 0.404162
      vertex 12.5958 -1.6 0.404162
    endloop
  endfacet
  facet normal 0.0327195 0 -0.999465
    outer loop
      vertex 12.5958 3.2 0.404162
      vertex 12.5304 -1.6 0.402021
      vertex 12.5304 3.2 0.402021
    endloop
  endfacet
  facet normal -0.226844 0 0.973931
    outer loop
      vertex 12.7909 3.2 -1.57662
      vertex 12.8547 -1.6 -1.56176
      vertex 12.8547 3.2 -1.56176
    endloop
  endfacet
  facet normal -0.226844 0 0.973931
    outer loop
      vertex 12.8547 -1.6 -1.56176
      vertex 12.7909 3.2 -1.57662
      vertex 12.7909 -1.6 -1.57662
    endloop
  endfacet
  facet normal -0.910902 0 -0.412622
    outer loop
      vertex 13.5197 -1.6 -0.213153
      vertex 13.4927 3.2 -0.153548
      vertex 13.5197 3.2 -0.213153
    endloop
  endfacet
  facet normal -0.910902 -0 -0.412622
    outer loop
      vertex 13.4927 3.2 -0.153548
      vertex 13.5197 -1.6 -0.213153
      vertex 13.4927 -1.6 -0.153548
    endloop
  endfacet
  facet normal 0.935657 0 -0.352911
    outer loop
      vertex 11.672 -1.6 -0.213153
      vertex 11.6489 3.2 -0.274397
      vertex 11.672 3.2 -0.213153
    endloop
  endfacet
  facet normal 0.935657 0 -0.352911
    outer loop
      vertex 11.6489 3.2 -0.274397
      vertex 11.672 -1.6 -0.213153
      vertex 11.6489 -1.6 -0.274397
    endloop
  endfacet
  facet normal -0.812959 0 -0.582321
    outer loop
      vertex 13.4273 -1.6 -0.040266
      vertex 13.3892 3.2 0.0129242
      vertex 13.4273 3.2 -0.040266
    endloop
  endfacet
  facet normal -0.812959 -0 -0.582321
    outer loop
      vertex 13.3892 3.2 0.0129242
      vertex 13.4273 -1.6 -0.040266
      vertex 13.3892 -1.6 0.0129242
    endloop
  endfacet
  facet normal -0.729354 0 -0.684137
    outer loop
      vertex 13.3477 -1.6 0.063508
      vertex 13.3029 3.2 0.111269
      vertex 13.3477 3.2 0.063508
    endloop
  endfacet
  facet normal -0.729354 -0 -0.684137
    outer loop
      vertex 13.3029 3.2 0.111269
      vertex 13.3477 -1.6 0.063508
      vertex 13.3029 -1.6 0.111269
    endloop
  endfacet
  facet normal -0.684057 0 -0.729428
    outer loop
      vertex 13.2552 -1.6 0.156002
      vertex 13.3029 3.2 0.111269
      vertex 13.3029 -1.6 0.111269
    endloop
  endfacet
  facet normal -0.684057 0 -0.729428
    outer loop
      vertex 13.3029 3.2 0.111269
      vertex 13.2552 -1.6 0.156002
      vertex 13.2552 3.2 0.156002
    endloop
  endfacet
  facet normal 0.0327042 0 0.999465
    outer loop
      vertex 12.5304 3.2 -1.5937
      vertex 12.5958 -1.6 -1.59584
      vertex 12.5958 3.2 -1.59584
    endloop
  endfacet
  facet normal 0.0327042 0 0.999465
    outer loop
      vertex 12.5958 -1.6 -1.59584
      vertex 12.5304 3.2 -1.5937
      vertex 12.5304 -1.6 -1.5937
    endloop
  endfacet
  facet normal 0.995206 0 -0.0978029
    outer loop
      vertex 11.6044 -1.6 -0.46531
      vertex 11.598 3.2 -0.530434
      vertex 11.6044 3.2 -0.46531
    endloop
  endfacet
  facet normal 0.995206 0 -0.0978029
    outer loop
      vertex 11.598 3.2 -0.530434
      vertex 11.6044 -1.6 -0.46531
      vertex 11.598 -1.6 -0.530434
    endloop
  endfacet
  facet normal -0.684114 0 0.729375
    outer loop
      vertex 13.2552 3.2 -1.34768
      vertex 13.3029 -1.6 -1.30294
      vertex 13.3029 3.2 -1.30294
    endloop
  endfacet
  facet normal -0.684114 0 0.729375
    outer loop
      vertex 13.3029 -1.6 -1.30294
      vertex 13.2552 3.2 -1.34768
      vertex 13.2552 -1.6 -1.34768
    endloop
  endfacet
  facet normal -0.910918 0 0.412588
    outer loop
      vertex 13.4927 -1.6 -1.03813
      vertex 13.5197 3.2 -0.978519
      vertex 13.4927 3.2 -1.03813
    endloop
  endfacet
  facet normal -0.910918 0 0.412588
    outer loop
      vertex 13.5197 3.2 -0.978519
      vertex 13.4927 -1.6 -1.03813
      vertex 13.5197 -1.6 -0.978519
    endloop
  endfacet
  facet normal 0.974078 0 -0.226213
    outer loop
      vertex 11.6299 -1.6 -0.337017
      vertex 11.6151 3.2 -0.400746
      vertex 11.6299 3.2 -0.337017
    endloop
  endfacet
  facet normal 0.974078 0 -0.226213
    outer loop
      vertex 11.6151 3.2 -0.400746
      vertex 11.6299 -1.6 -0.337017
      vertex 11.6151 -1.6 -0.400746
    endloop
  endfacet
  facet normal 0.773085 -0 0.634303
    outer loop
      vertex 11.8025 -1.6 -1.2046
      vertex 11.844 3.2 -1.25518
      vertex 11.8025 3.2 -1.2046
    endloop
  endfacet
  facet normal 0.773085 0 0.634303
    outer loop
      vertex 11.844 3.2 -1.25518
      vertex 11.8025 -1.6 -1.2046
      vertex 11.844 -1.6 -1.25518
    endloop
  endfacet
  facet normal 0.812959 0 -0.582321
    outer loop
      vertex 11.8025 -1.6 0.0129242
      vertex 11.7644 3.2 -0.040266
      vertex 11.8025 3.2 0.0129242
    endloop
  endfacet
  facet normal 0.812959 0 -0.582321
    outer loop
      vertex 11.7644 3.2 -0.040266
      vertex 11.8025 -1.6 0.0129242
      vertex 11.7644 -1.6 -0.040266
    endloop
  endfacet
  facet normal -0.729347 0 0.684144
    outer loop
      vertex 13.3029 -1.6 -1.30294
      vertex 13.3477 3.2 -1.25518
      vertex 13.3029 3.2 -1.30294
    endloop
  endfacet
  facet normal -0.729347 0 0.684144
    outer loop
      vertex 13.3477 3.2 -1.25518
      vertex 13.3029 -1.6 -1.30294
      vertex 13.3477 -1.6 -1.25518
    endloop
  endfacet
  facet normal -0.956922 0 -0.290347
    outer loop
      vertex 13.5618 -1.6 -0.337017
      vertex 13.5428 3.2 -0.274397
      vertex 13.5618 3.2 -0.337017
    endloop
  endfacet
  facet normal -0.956922 -0 -0.290347
    outer loop
      vertex 13.5428 3.2 -0.274397
      vertex 13.5618 -1.6 -0.337017
      vertex 13.5428 -1.6 -0.274397
    endloop
  endfacet
  facet normal 0.730116 0 -0.683323
    outer loop
      vertex 11.8887 -1.6 0.111269
      vertex 11.844 3.2 0.063508
      vertex 11.8887 3.2 0.111269
    endloop
  endfacet
  facet normal 0.730116 0 -0.683323
    outer loop
      vertex 11.844 3.2 0.063508
      vertex 11.8887 -1.6 0.111269
      vertex 11.844 -1.6 0.063508
    endloop
  endfacet
  facet normal 0.910918 -0 0.412588
    outer loop
      vertex 11.672 -1.6 -0.978519
      vertex 11.699 3.2 -1.03813
      vertex 11.672 3.2 -0.978519
    endloop
  endfacet
  facet normal 0.910918 0 0.412588
    outer loop
      vertex 11.699 3.2 -1.03813
      vertex 11.672 -1.6 -0.978519
      vertex 11.699 -1.6 -1.03813
    endloop
  endfacet
  facet normal 0.290292 0 0.956938
    outer loop
      vertex 12.2744 3.2 -1.54277
      vertex 12.337 -1.6 -1.56176
      vertex 12.337 3.2 -1.56176
    endloop
  endfacet
  facet normal 0.290292 0 0.956938
    outer loop
      vertex 12.337 -1.6 -1.56176
      vertex 12.2744 3.2 -1.54277
      vertex 12.2744 -1.6 -1.54277
    endloop
  endfacet
  facet normal 0.528486 0 0.848942
    outer loop
      vertex 12.0403 3.2 -1.42731
      vertex 12.0958 -1.6 -1.46186
      vertex 12.0958 3.2 -1.46186
    endloop
  endfacet
  facet normal 0.528486 0 0.848942
    outer loop
      vertex 12.0958 -1.6 -1.46186
      vertex 12.0403 3.2 -1.42731
      vertex 12.0403 -1.6 -1.42731
    endloop
  endfacet
  facet normal 0.935655 -0 0.352916
    outer loop
      vertex 11.6489 -1.6 -0.917276
      vertex 11.672 3.2 -0.978519
      vertex 11.6489 3.2 -0.917276
    endloop
  endfacet
  facet normal 0.935655 0 0.352916
    outer loop
      vertex 11.672 3.2 -0.978519
      vertex 11.6489 -1.6 -0.917276
      vertex 11.672 -1.6 -0.978519
    endloop
  endfacet
  facet normal 0.882217 -0 0.470842
    outer loop
      vertex 11.699 -1.6 -1.03813
      vertex 11.7298 3.2 -1.09584
      vertex 11.699 3.2 -1.03813
    endloop
  endfacet
  facet normal 0.882217 0 0.470842
    outer loop
      vertex 11.7298 3.2 -1.09584
      vertex 11.699 -1.6 -1.03813
      vertex 11.7298 -1.6 -1.09584
    endloop
  endfacet
  facet normal -0.290292 0 0.956938
    outer loop
      vertex 12.8547 3.2 -1.56176
      vertex 12.9173 -1.6 -1.54277
      vertex 12.9173 3.2 -1.54277
    endloop
  endfacet
  facet normal -0.290292 0 0.956938
    outer loop
      vertex 12.9173 -1.6 -1.54277
      vertex 12.8547 3.2 -1.56176
      vertex 12.8547 -1.6 -1.56176
    endloop
  endfacet
  facet normal 0.471465 0 -0.881885
    outer loop
      vertex 12.0958 -1.6 0.270188
      vertex 12.1535 3.2 0.301035
      vertex 12.1535 -1.6 0.301035
    endloop
  endfacet
  facet normal 0.471465 0 -0.881885
    outer loop
      vertex 12.1535 3.2 0.301035
      vertex 12.0958 -1.6 0.270188
      vertex 12.0958 3.2 0.270188
    endloop
  endfacet
  facet normal 0.582421 0 -0.812887
    outer loop
      vertex 11.9871 -1.6 0.197515
      vertex 12.0403 3.2 0.235632
      vertex 12.0403 -1.6 0.235632
    endloop
  endfacet
  facet normal 0.582421 0 -0.812887
    outer loop
      vertex 12.0403 3.2 0.235632
      vertex 11.9871 -1.6 0.197515
      vertex 11.9871 3.2 0.197515
    endloop
  endfacet
  facet normal -0.999485 0 -0.0320936
    outer loop
      vertex 12.6 -1.6 -3
      vertex 12.5979 3.2 -2.9346
      vertex 12.6 3.2 -3
    endloop
  endfacet
  facet normal -0.999485 -0 -0.0320936
    outer loop
      vertex 12.5979 3.2 -2.9346
      vertex 12.6 -1.6 -3
      vertex 12.5979 -1.6 -2.9346
    endloop
  endfacet
  facet normal 0.0327042 0 -0.999465
    outer loop
      vertex 11.5346 -1.6 -2.00214
      vertex 11.6 3.2 -2
      vertex 11.6 -1.6 -2
    endloop
  endfacet
  facet normal 0.0327042 0 -0.999465
    outer loop
      vertex 11.6 3.2 -2
      vertex 11.5346 -1.6 -2.00214
      vertex 11.5346 3.2 -2.00214
    endloop
  endfacet
  facet normal -0.0327042 0 0.999465
    outer loop
      vertex 11.6 3.2 -4
      vertex 11.6654 -1.6 -3.99786
      vertex 11.6654 3.2 -3.99786
    endloop
  endfacet
  facet normal -0.0327042 0 0.999465
    outer loop
      vertex 11.6654 -1.6 -3.99786
      vertex 11.6 3.2 -4
      vertex 11.6 -1.6 -4
    endloop
  endfacet
  facet normal 0.35196 0 0.936015
    outer loop
      vertex 11.2173 3.2 -3.92388
      vertex 11.2786 -1.6 -3.94693
      vertex 11.2786 3.2 -3.94693
    endloop
  endfacet
  facet normal 0.35196 0 0.936015
    outer loop
      vertex 11.2786 -1.6 -3.94693
      vertex 11.2173 3.2 -3.92388
      vertex 11.2173 -1.6 -3.92388
    endloop
  endfacet
  facet normal -0.772397 0 -0.63514
    outer loop
      vertex 12.3934 -1.6 -2.39124
      vertex 12.3518 3.2 -2.34065
      vertex 12.3934 3.2 -2.39124
    endloop
  endfacet
  facet normal -0.772397 -0 -0.63514
    outer loop
      vertex 12.3518 3.2 -2.34065
      vertex 12.3934 -1.6 -2.39124
      vertex 12.3518 -1.6 -2.34065
    endloop
  endfacet
  facet normal 0.812958 -0 0.582322
    outer loop
      vertex 10.7685 -1.6 -3.55557
      vertex 10.8066 3.2 -3.60876
      vertex 10.7685 3.2 -3.55557
    endloop
  endfacet
  facet normal 0.812958 0 0.582322
    outer loop
      vertex 10.8066 3.2 -3.60876
      vertex 10.7685 -1.6 -3.55557
      vertex 10.8066 -1.6 -3.60876
    endloop
  endfacet
  facet normal -0.290432 0 0.956896
    outer loop
      vertex 11.8588 3.2 -3.96593
      vertex 11.9214 -1.6 -3.94693
      vertex 11.9214 3.2 -3.94693
    endloop
  endfacet
  facet normal -0.290432 0 0.956896
    outer loop
      vertex 11.9214 -1.6 -3.94693
      vertex 11.8588 3.2 -3.96593
      vertex 11.8588 -1.6 -3.96593
    endloop
  endfacet
  facet normal -0.999485 0 0.0320936
    outer loop
      vertex 12.5979 -1.6 -3.0654
      vertex 12.6 3.2 -3
      vertex 12.5979 3.2 -3.0654
    endloop
  endfacet
  facet normal -0.999485 0 0.0320936
    outer loop
      vertex 12.6 3.2 -3
      vertex 12.5979 -1.6 -3.0654
      vertex 12.6 -1.6 -3
    endloop
  endfacet
  facet normal -0.772397 0 0.63514
    outer loop
      vertex 12.3518 -1.6 -3.65935
      vertex 12.3934 3.2 -3.60876
      vertex 12.3518 3.2 -3.65935
    endloop
  endfacet
  facet normal -0.772397 0 0.63514
    outer loop
      vertex 12.3934 3.2 -3.60876
      vertex 12.3518 -1.6 -3.65935
      vertex 12.3934 -1.6 -3.60876
    endloop
  endfacet
  facet normal -0.35196 0 0.936015
    outer loop
      vertex 11.9214 3.2 -3.94693
      vertex 11.9827 -1.6 -3.92388
      vertex 11.9827 3.2 -3.92388
    endloop
  endfacet
  facet normal -0.35196 0 0.936015
    outer loop
      vertex 11.9827 -1.6 -3.92388
      vertex 11.9214 3.2 -3.94693
      vertex 11.9214 -1.6 -3.94693
    endloop
  endfacet
  facet normal 0.849583 -0 0.527454
    outer loop
      vertex 10.734 -1.6 -3.5
      vertex 10.7685 3.2 -3.55557
      vertex 10.734 3.2 -3.5
    endloop
  endfacet
  facet normal 0.849583 0 0.527454
    outer loop
      vertex 10.7685 3.2 -3.55557
      vertex 10.734 -1.6 -3.5
      vertex 10.7685 -1.6 -3.55557
    endloop
  endfacet
  facet normal 0.52791 0 -0.8493
    outer loop
      vertex 11.0444 -1.6 -2.16853
      vertex 11.1 3.2 -2.13397
      vertex 11.1 -1.6 -2.13397
    endloop
  endfacet
  facet normal 0.52791 0 -0.8493
    outer loop
      vertex 11.1 3.2 -2.13397
      vertex 11.0444 -1.6 -2.16853
      vertex 11.0444 3.2 -2.16853
    endloop
  endfacet
  facet normal 0.995057 0 -0.0993071
    outer loop
      vertex 10.6086 -1.6 -2.86947
      vertex 10.6021 3.2 -2.9346
      vertex 10.6086 3.2 -2.86947
    endloop
  endfacet
  facet normal 0.995057 0 -0.0993071
    outer loop
      vertex 10.6021 3.2 -2.9346
      vertex 10.6086 -1.6 -2.86947
      vertex 10.6021 -1.6 -2.9346
    endloop
  endfacet
  facet normal 0.881582 0 -0.472031
    outer loop
      vertex 10.734 -1.6 -2.5
      vertex 10.7031 3.2 -2.55771
      vertex 10.734 3.2 -2.5
    endloop
  endfacet
  facet normal 0.881582 0 -0.472031
    outer loop
      vertex 10.7031 3.2 -2.55771
      vertex 10.734 -1.6 -2.5
      vertex 10.7031 -1.6 -2.55771
    endloop
  endfacet
  facet normal -0.973741 0 -0.227659
    outer loop
      vertex 12.5808 -1.6 -2.80491
      vertex 12.5659 3.2 -2.74118
      vertex 12.5808 3.2 -2.80491
    endloop
  endfacet
  facet normal -0.973741 -0 -0.227659
    outer loop
      vertex 12.5659 3.2 -2.74118
      vertex 12.5808 -1.6 -2.80491
      vertex 12.5659 -1.6 -2.74118
    endloop
  endfacet
  facet normal -0.849583 0 0.527454
    outer loop
      vertex 12.4315 -1.6 -3.55557
      vertex 12.466 3.2 -3.5
      vertex 12.4315 3.2 -3.55557
    endloop
  endfacet
  facet normal -0.849583 0 0.527454
    outer loop
      vertex 12.466 3.2 -3.5
      vertex 12.4315 -1.6 -3.55557
      vertex 12.466 -1.6 -3.5
    endloop
  endfacet
  facet normal -0.910915 0 0.412594
    outer loop
      vertex 12.4969 -1.6 -3.44229
      vertex 12.5239 3.2 -3.38268
      vertex 12.4969 3.2 -3.44229
    endloop
  endfacet
  facet normal -0.910915 0 0.412594
    outer loop
      vertex 12.5239 3.2 -3.38268
      vertex 12.4969 -1.6 -3.44229
      vertex 12.5239 -1.6 -3.38268
    endloop
  endfacet
  facet normal 0.999485 -0 0.0320936
    outer loop
      vertex 10.6 -1.6 -3
      vertex 10.6021 3.2 -3.0654
      vertex 10.6 3.2 -3
    endloop
  endfacet
  facet normal 0.999485 0 0.0320936
    outer loop
      vertex 10.6021 3.2 -3.0654
      vertex 10.6 -1.6 -3
      vertex 10.6021 -1.6 -3.0654
    endloop
  endfacet
  facet normal -0.582452 0 -0.812865
    outer loop
      vertex 12.1556 -1.6 -2.16853
      vertex 12.2088 3.2 -2.20665
      vertex 12.2088 -1.6 -2.20665
    endloop
  endfacet
  facet normal -0.582452 0 -0.812865
    outer loop
      vertex 12.2088 3.2 -2.20665
      vertex 12.1556 -1.6 -2.16853
      vertex 12.1556 3.2 -2.16853
    endloop
  endfacet
  facet normal -0.52791 0 -0.8493
    outer loop
      vertex 12.1 -1.6 -2.13397
      vertex 12.1556 3.2 -2.16853
      vertex 12.1556 -1.6 -2.16853
    endloop
  endfacet
  facet normal -0.52791 0 -0.8493
    outer loop
      vertex 12.1556 3.2 -2.16853
      vertex 12.1 -1.6 -2.13397
      vertex 12.1 3.2 -2.13397
    endloop
  endfacet
  facet normal 0.227181 0 -0.973852
    outer loop
      vertex 11.3412 -1.6 -2.03407
      vertex 11.4049 3.2 -2.01921
      vertex 11.4049 -1.6 -2.01921
    endloop
  endfacet
  facet normal 0.227181 0 -0.973852
    outer loop
      vertex 11.4049 3.2 -2.01921
      vertex 11.3412 -1.6 -2.03407
      vertex 11.3412 3.2 -2.03407
    endloop
  endfacet
  facet normal -0.881582 0 0.472031
    outer loop
      vertex 12.466 -1.6 -3.5
      vertex 12.4969 3.2 -3.44229
      vertex 12.466 3.2 -3.5
    endloop
  endfacet
  facet normal -0.881582 0 0.472031
    outer loop
      vertex 12.4969 3.2 -3.44229
      vertex 12.466 -1.6 -3.5
      vertex 12.4969 -1.6 -3.44229
    endloop
  endfacet
  facet normal 0.4715 0 0.881866
    outer loop
      vertex 11.1 3.2 -3.86602
      vertex 11.1577 -1.6 -3.89687
      vertex 11.1577 3.2 -3.89687
    endloop
  endfacet
  facet normal 0.4715 0 0.881866
    outer loop
      vertex 11.1577 -1.6 -3.89687
      vertex 11.1 3.2 -3.86602
      vertex 11.1 -1.6 -3.86602
    endloop
  endfacet
  facet normal -0.5278 0 0.849369
    outer loop
      vertex 12.1 3.2 -3.86602
      vertex 12.1556 -1.6 -3.83147
      vertex 12.1556 3.2 -3.83147
    endloop
  endfacet
  facet normal -0.5278 0 0.849369
    outer loop
      vertex 12.1556 -1.6 -3.83147
      vertex 12.1 3.2 -3.86602
      vertex 12.1 -1.6 -3.86602
    endloop
  endfacet
  facet normal 0.999485 0 -0.0320936
    outer loop
      vertex 10.6021 -1.6 -2.9346
      vertex 10.6 3.2 -3
      vertex 10.6021 3.2 -2.9346
    endloop
  endfacet
  facet normal 0.999485 0 -0.0320936
    outer loop
      vertex 10.6 3.2 -3
      vertex 10.6021 -1.6 -2.9346
      vertex 10.6 -1.6 -3
    endloop
  endfacet
  facet normal -0.09799 0 -0.995187
    outer loop
      vertex 11.6654 -1.6 -2.00214
      vertex 11.7305 3.2 -2.00855
      vertex 11.7305 -1.6 -2.00855
    endloop
  endfacet
  facet normal -0.09799 0 -0.995187
    outer loop
      vertex 11.7305 3.2 -2.00855
      vertex 11.6654 -1.6 -2.00214
      vertex 11.6654 3.2 -2.00214
    endloop
  endfacet
  facet normal 0.772397 0 -0.63514
    outer loop
      vertex 10.8482 -1.6 -2.34065
      vertex 10.8066 3.2 -2.39124
      vertex 10.8482 3.2 -2.34065
    endloop
  endfacet
  facet normal 0.772397 0 -0.63514
    outer loop
      vertex 10.8066 3.2 -2.39124
      vertex 10.8482 -1.6 -2.34065
      vertex 10.8066 -1.6 -2.39124
    endloop
  endfacet
  facet normal 0.412778 0 0.910832
    outer loop
      vertex 11.1577 3.2 -3.89687
      vertex 11.2173 -1.6 -3.92388
      vertex 11.2173 3.2 -3.92388
    endloop
  endfacet
  facet normal 0.412778 0 0.910832
    outer loop
      vertex 11.2173 -1.6 -3.92388
      vertex 11.1577 3.2 -3.89687
      vertex 11.1577 -1.6 -3.89687
    endloop
  endfacet
  facet normal -0.849583 0 -0.527454
    outer loop
      vertex 12.466 -1.6 -2.5
      vertex 12.4315 3.2 -2.44443
      vertex 12.466 3.2 -2.5
    endloop
  endfacet
  facet normal -0.849583 -0 -0.527454
    outer loop
      vertex 12.4315 3.2 -2.44443
      vertex 12.466 -1.6 -2.5
      vertex 12.4315 -1.6 -2.44443
    endloop
  endfacet
  facet normal -0.973741 0 0.227659
    outer loop
      vertex 12.5659 -1.6 -3.25882
      vertex 12.5808 3.2 -3.19509
      vertex 12.5659 3.2 -3.25882
    endloop
  endfacet
  facet normal -0.973741 0 0.227659
    outer loop
      vertex 12.5808 3.2 -3.19509
      vertex 12.5659 -1.6 -3.25882
      vertex 12.5808 -1.6 -3.19509
    endloop
  endfacet
  facet normal -0.995057 0 0.0993071
    outer loop
      vertex 12.5914 -1.6 -3.13053
      vertex 12.5979 3.2 -3.0654
      vertex 12.5914 3.2 -3.13053
    endloop
  endfacet
  facet normal -0.995057 0 0.0993071
    outer loop
      vertex 12.5979 3.2 -3.0654
      vertex 12.5914 -1.6 -3.13053
      vertex 12.5979 -1.6 -3.0654
    endloop
  endfacet
  facet normal -0.812958 0 0.582322
    outer loop
      vertex 12.3934 -1.6 -3.60876
      vertex 12.4315 3.2 -3.55557
      vertex 12.3934 3.2 -3.60876
    endloop
  endfacet
  facet normal -0.812958 0 0.582322
    outer loop
      vertex 12.4315 3.2 -3.55557
      vertex 12.3934 -1.6 -3.60876
      vertex 12.4315 -1.6 -3.55557
    endloop
  endfacet
  facet normal 0.849583 0 -0.527454
    outer loop
      vertex 10.7685 -1.6 -2.44443
      vertex 10.734 3.2 -2.5
      vertex 10.7685 3.2 -2.44443
    endloop
  endfacet
  facet normal 0.849583 0 -0.527454
    outer loop
      vertex 10.734 3.2 -2.5
      vertex 10.7685 -1.6 -2.44443
      vertex 10.734 -1.6 -2.5
    endloop
  endfacet
  facet normal -0.162814 0 -0.986657
    outer loop
      vertex 11.7305 -1.6 -2.00855
      vertex 11.7951 3.2 -2.01921
      vertex 11.7951 -1.6 -2.01921
    endloop
  endfacet
  facet normal -0.162814 0 -0.986657
    outer loop
      vertex 11.7951 3.2 -2.01921
      vertex 11.7305 -1.6 -2.00855
      vertex 11.7305 3.2 -2.00855
    endloop
  endfacet
  facet normal -0.68327 0 0.730166
    outer loop
      vertex 12.2593 3.2 -3.75184
      vertex 12.3071 -1.6 -3.70711
      vertex 12.3071 3.2 -3.70711
    endloop
  endfacet
  facet normal -0.68327 0 0.730166
    outer loop
      vertex 12.3071 -1.6 -3.70711
      vertex 12.2593 3.2 -3.75184
      vertex 12.2593 -1.6 -3.75184
    endloop
  endfacet
  facet normal 0.412778 0 -0.910832
    outer loop
      vertex 11.1577 -1.6 -2.10313
      vertex 11.2173 3.2 -2.07612
      vertex 11.2173 -1.6 -2.07612
    endloop
  endfacet
  facet normal 0.412778 0 -0.910832
    outer loop
      vertex 11.2173 3.2 -2.07612
      vertex 11.1577 -1.6 -2.10313
      vertex 11.1577 3.2 -2.10313
    endloop
  endfacet
  facet normal -0.634994 0 0.772517
    outer loop
      vertex 12.2088 3.2 -3.79335
      vertex 12.2593 -1.6 -3.75184
      vertex 12.2593 3.2 -3.75184
    endloop
  endfacet
  facet normal -0.634994 0 0.772517
    outer loop
      vertex 12.2593 -1.6 -3.75184
      vertex 12.2088 3.2 -3.79335
      vertex 12.2088 -1.6 -3.79335
    endloop
  endfacet
  facet normal -0.986788 0 0.162019
    outer loop
      vertex 12.5808 -1.6 -3.19509
      vertex 12.5914 3.2 -3.13053
      vertex 12.5808 3.2 -3.19509
    endloop
  endfacet
  facet normal -0.986788 0 0.162019
    outer loop
      vertex 12.5914 3.2 -3.13053
      vertex 12.5808 -1.6 -3.19509
      vertex 12.5914 -1.6 -3.13053
    endloop
  endfacet
  facet normal -0.0327042 0 -0.999465
    outer loop
      vertex 11.6 -1.6 -2
      vertex 11.6654 3.2 -2.00214
      vertex 11.6654 -1.6 -2.00214
    endloop
  endfacet
  facet normal -0.0327042 0 -0.999465
    outer loop
      vertex 11.6654 3.2 -2.00214
      vertex 11.6 -1.6 -2
      vertex 11.6 3.2 -2
    endloop
  endfacet
  facet normal 0.910915 0 -0.412594
    outer loop
      vertex 10.7031 -1.6 -2.55771
      vertex 10.6761 3.2 -2.61732
      vertex 10.7031 3.2 -2.55771
    endloop
  endfacet
  facet normal 0.910915 0 -0.412594
    outer loop
      vertex 10.6761 3.2 -2.61732
      vertex 10.7031 -1.6 -2.55771
      vertex 10.6761 -1.6 -2.61732
    endloop
  endfacet
  facet normal 0.227036 0 0.973886
    outer loop
      vertex 11.3412 3.2 -3.96593
      vertex 11.4049 -1.6 -3.98078
      vertex 11.4049 3.2 -3.98078
    endloop
  endfacet
  facet normal 0.227036 0 0.973886
    outer loop
      vertex 11.4049 -1.6 -3.98078
      vertex 11.3412 3.2 -3.96593
      vertex 11.3412 -1.6 -3.96593
    endloop
  endfacet
  facet normal -0.995057 0 -0.0993071
    outer loop
      vertex 12.5979 -1.6 -2.9346
      vertex 12.5914 3.2 -2.86947
      vertex 12.5979 3.2 -2.9346
    endloop
  endfacet
  facet normal -0.995057 -0 -0.0993071
    outer loop
      vertex 12.5914 3.2 -2.86947
      vertex 12.5979 -1.6 -2.9346
      vertex 12.5914 -1.6 -2.86947
    endloop
  endfacet
  facet normal -0.582452 0 0.812865
    outer loop
      vertex 12.1556 3.2 -3.83147
      vertex 12.2088 -1.6 -3.79335
      vertex 12.2088 3.2 -3.79335
    endloop
  endfacet
  facet normal -0.582452 0 0.812865
    outer loop
      vertex 12.2088 -1.6 -3.79335
      vertex 12.1556 3.2 -3.83147
      vertex 12.1556 -1.6 -3.83147
    endloop
  endfacet
  facet normal 0.936153 0 -0.351592
    outer loop
      vertex 10.6761 -1.6 -2.61732
      vertex 10.6531 3.2 -2.67856
      vertex 10.6761 3.2 -2.61732
    endloop
  endfacet
  facet normal 0.936153 0 -0.351592
    outer loop
      vertex 10.6531 3.2 -2.67856
      vertex 10.6761 -1.6 -2.61732
      vertex 10.6531 -1.6 -2.67856
    endloop
  endfacet
  facet normal -0.412778 0 0.910832
    outer loop
      vertex 11.9827 3.2 -3.92388
      vertex 12.0423 -1.6 -3.89687
      vertex 12.0423 3.2 -3.89687
    endloop
  endfacet
  facet normal -0.412778 0 0.910832
    outer loop
      vertex 12.0423 -1.6 -3.89687
      vertex 11.9827 3.2 -3.92388
      vertex 11.9827 -1.6 -3.92388
    endloop
  endfacet
  facet normal 0.986788 0 -0.162019
    outer loop
      vertex 10.6192 -1.6 -2.80491
      vertex 10.6086 3.2 -2.86947
      vertex 10.6192 3.2 -2.80491
    endloop
  endfacet
  facet normal 0.986788 0 -0.162019
    outer loop
      vertex 10.6086 3.2 -2.86947
      vertex 10.6192 -1.6 -2.80491
      vertex 10.6086 -1.6 -2.86947
    endloop
  endfacet
  facet normal -0.4715 0 0.881866
    outer loop
      vertex 12.0423 3.2 -3.89687
      vertex 12.1 -1.6 -3.86602
      vertex 12.1 3.2 -3.86602
    endloop
  endfacet
  facet normal -0.4715 0 0.881866
    outer loop
      vertex 12.1 -1.6 -3.86602
      vertex 12.0423 3.2 -3.89687
      vertex 12.0423 -1.6 -3.89687
    endloop
  endfacet
  facet normal 0.812958 0 -0.582322
    outer loop
      vertex 10.8066 -1.6 -2.39124
      vertex 10.7685 3.2 -2.44443
      vertex 10.8066 3.2 -2.39124
    endloop
  endfacet
  facet normal 0.812958 0 -0.582322
    outer loop
      vertex 10.7685 3.2 -2.44443
      vertex 10.8066 -1.6 -2.39124
      vertex 10.7685 -1.6 -2.44443
    endloop
  endfacet
  facet normal -0.936153 0 0.351592
    outer loop
      vertex 12.5239 -1.6 -3.38268
      vertex 12.5469 3.2 -3.32144
      vertex 12.5239 3.2 -3.38268
    endloop
  endfacet
  facet normal -0.936153 0 0.351592
    outer loop
      vertex 12.5469 3.2 -3.32144
      vertex 12.5239 -1.6 -3.38268
      vertex 12.5469 -1.6 -3.32144
    endloop
  endfacet
  facet normal -0.290432 0 -0.956896
    outer loop
      vertex 11.8588 -1.6 -2.03407
      vertex 11.9214 3.2 -2.05307
      vertex 11.9214 -1.6 -2.05307
    endloop
  endfacet
  facet normal -0.290432 0 -0.956896
    outer loop
      vertex 11.9214 3.2 -2.05307
      vertex 11.8588 -1.6 -2.03407
      vertex 11.8588 3.2 -2.03407
    endloop
  endfacet
  facet normal 0.986788 -0 0.162019
    outer loop
      vertex 10.6086 -1.6 -3.13053
      vertex 10.6192 3.2 -3.19509
      vertex 10.6086 3.2 -3.13053
    endloop
  endfacet
  facet normal 0.986788 0 0.162019
    outer loop
      vertex 10.6192 3.2 -3.19509
      vertex 10.6086 -1.6 -3.13053
      vertex 10.6192 -1.6 -3.19509
    endloop
  endfacet
  facet normal 0.68327 0 -0.730166
    outer loop
      vertex 10.8929 -1.6 -2.29289
      vertex 10.9407 3.2 -2.24816
      vertex 10.9407 -1.6 -2.24816
    endloop
  endfacet
  facet normal 0.68327 0 -0.730166
    outer loop
      vertex 10.9407 3.2 -2.24816
      vertex 10.8929 -1.6 -2.29289
      vertex 10.8929 3.2 -2.29289
    endloop
  endfacet
  facet normal 0.290432 0 0.956896
    outer loop
      vertex 11.2786 3.2 -3.94693
      vertex 11.3412 -1.6 -3.96593
      vertex 11.3412 3.2 -3.96593
    endloop
  endfacet
  facet normal 0.290432 0 0.956896
    outer loop
      vertex 11.3412 -1.6 -3.96593
      vertex 11.2786 3.2 -3.94693
      vertex 11.2786 -1.6 -3.94693
    endloop
  endfacet
  facet normal -0.956922 0 -0.290347
    outer loop
      vertex 12.5659 -1.6 -2.74118
      vertex 12.5469 3.2 -2.67856
      vertex 12.5659 3.2 -2.74118
    endloop
  endfacet
  facet normal -0.956922 -0 -0.290347
    outer loop
      vertex 12.5469 3.2 -2.67856
      vertex 12.5659 -1.6 -2.74118
      vertex 12.5469 -1.6 -2.67856
    endloop
  endfacet
  facet normal -0.0981414 0 0.995172
    outer loop
      vertex 11.6654 3.2 -3.99786
      vertex 11.7305 -1.6 -3.99144
      vertex 11.7305 3.2 -3.99144
    endloop
  endfacet
  facet normal -0.0981414 0 0.995172
    outer loop
      vertex 11.7305 -1.6 -3.99144
      vertex 11.6654 3.2 -3.99786
      vertex 11.6654 -1.6 -3.99786
    endloop
  endfacet
  facet normal -0.162814 0 0.986657
    outer loop
      vertex 11.7305 3.2 -3.99144
      vertex 11.7951 -1.6 -3.98078
      vertex 11.7951 3.2 -3.98078
    endloop
  endfacet
  facet normal -0.162814 0 0.986657
    outer loop
      vertex 11.7951 -1.6 -3.98078
      vertex 11.7305 3.2 -3.99144
      vertex 11.7305 -1.6 -3.99144
    endloop
  endfacet
  facet normal 0.68327 0 0.730166
    outer loop
      vertex 10.8929 3.2 -3.70711
      vertex 10.9407 -1.6 -3.75184
      vertex 10.9407 3.2 -3.75184
    endloop
  endfacet
  facet normal 0.68327 0 0.730166
    outer loop
      vertex 10.9407 -1.6 -3.75184
      vertex 10.8929 3.2 -3.70711
      vertex 10.8929 -1.6 -3.70711
    endloop
  endfacet
  facet normal -0.412778 0 -0.910832
    outer loop
      vertex 11.9827 -1.6 -2.07612
      vertex 12.0423 3.2 -2.10313
      vertex 12.0423 -1.6 -2.10313
    endloop
  endfacet
  facet normal -0.412778 0 -0.910832
    outer loop
      vertex 12.0423 3.2 -2.10313
      vertex 11.9827 -1.6 -2.07612
      vertex 11.9827 3.2 -2.07612
    endloop
  endfacet
  facet normal -0.956922 0 0.290347
    outer loop
      vertex 12.5469 -1.6 -3.32144
      vertex 12.5659 3.2 -3.25882
      vertex 12.5469 3.2 -3.32144
    endloop
  endfacet
  facet normal -0.956922 0 0.290347
    outer loop
      vertex 12.5659 3.2 -3.25882
      vertex 12.5469 -1.6 -3.32144
      vertex 12.5659 -1.6 -3.25882
    endloop
  endfacet
  facet normal 0.0327042 0 0.999465
    outer loop
      vertex 11.5346 3.2 -3.99786
      vertex 11.6 -1.6 -4
      vertex 11.6 3.2 -4
    endloop
  endfacet
  facet normal 0.0327042 0 0.999465
    outer loop
      vertex 11.6 -1.6 -4
      vertex 11.5346 3.2 -3.99786
      vertex 11.5346 -1.6 -3.99786
    endloop
  endfacet
  facet normal 0.730109 -0 0.683331
    outer loop
      vertex 10.8482 -1.6 -3.65935
      vertex 10.8929 3.2 -3.70711
      vertex 10.8482 3.2 -3.65935
    endloop
  endfacet
  facet normal 0.730109 0 0.683331
    outer loop
      vertex 10.8929 3.2 -3.70711
      vertex 10.8482 -1.6 -3.65935
      vertex 10.8929 -1.6 -3.70711
    endloop
  endfacet
  facet normal 0.973741 -0 0.227659
    outer loop
      vertex 10.6192 -1.6 -3.19509
      vertex 10.6341 3.2 -3.25882
      vertex 10.6192 3.2 -3.19509
    endloop
  endfacet
  facet normal 0.973741 0 0.227659
    outer loop
      vertex 10.6341 3.2 -3.25882
      vertex 10.6192 -1.6 -3.19509
      vertex 10.6341 -1.6 -3.25882
    endloop
  endfacet
  facet normal -0.986788 0 -0.162019
    outer loop
      vertex 12.5914 -1.6 -2.86947
      vertex 12.5808 3.2 -2.80491
      vertex 12.5914 3.2 -2.86947
    endloop
  endfacet
  facet normal -0.986788 -0 -0.162019
    outer loop
      vertex 12.5808 3.2 -2.80491
      vertex 12.5914 -1.6 -2.86947
      vertex 12.5808 -1.6 -2.80491
    endloop
  endfacet
  facet normal -0.910915 0 -0.412594
    outer loop
      vertex 12.5239 -1.6 -2.61732
      vertex 12.4969 3.2 -2.55771
      vertex 12.5239 3.2 -2.61732
    endloop
  endfacet
  facet normal -0.910915 -0 -0.412594
    outer loop
      vertex 12.4969 3.2 -2.55771
      vertex 12.5239 -1.6 -2.61732
      vertex 12.4969 -1.6 -2.55771
    endloop
  endfacet
  facet normal 0.634994 0 -0.772517
    outer loop
      vertex 10.9407 -1.6 -2.24816
      vertex 10.9912 3.2 -2.20665
      vertex 10.9912 -1.6 -2.20665
    endloop
  endfacet
  facet normal 0.634994 0 -0.772517
    outer loop
      vertex 10.9912 3.2 -2.20665
      vertex 10.9407 -1.6 -2.24816
      vertex 10.9407 3.2 -2.24816
    endloop
  endfacet
  facet normal 0.730109 0 -0.683331
    outer loop
      vertex 10.8929 -1.6 -2.29289
      vertex 10.8482 3.2 -2.34065
      vertex 10.8929 3.2 -2.29289
    endloop
  endfacet
  facet normal 0.730109 0 -0.683331
    outer loop
      vertex 10.8482 3.2 -2.34065
      vertex 10.8929 -1.6 -2.29289
      vertex 10.8482 -1.6 -2.34065
    endloop
  endfacet
  facet normal -0.881582 0 -0.472031
    outer loop
      vertex 12.4969 -1.6 -2.55771
      vertex 12.466 3.2 -2.5
      vertex 12.4969 3.2 -2.55771
    endloop
  endfacet
  facet normal -0.881582 -0 -0.472031
    outer loop
      vertex 12.466 3.2 -2.5
      vertex 12.4969 -1.6 -2.55771
      vertex 12.466 -1.6 -2.5
    endloop
  endfacet
  facet normal 0.0981414 0 0.995172
    outer loop
      vertex 11.4695 3.2 -3.99144
      vertex 11.5346 -1.6 -3.99786
      vertex 11.5346 3.2 -3.99786
    endloop
  endfacet
  facet normal 0.0981414 0 0.995172
    outer loop
      vertex 11.5346 -1.6 -3.99786
      vertex 11.4695 3.2 -3.99144
      vertex 11.4695 -1.6 -3.99144
    endloop
  endfacet
  facet normal 0.772397 -0 0.63514
    outer loop
      vertex 10.8066 -1.6 -3.60876
      vertex 10.8482 3.2 -3.65935
      vertex 10.8066 3.2 -3.60876
    endloop
  endfacet
  facet normal 0.772397 0 0.63514
    outer loop
      vertex 10.8482 3.2 -3.65935
      vertex 10.8066 -1.6 -3.60876
      vertex 10.8482 -1.6 -3.65935
    endloop
  endfacet
  facet normal 0.956922 0 -0.290347
    outer loop
      vertex 10.6531 -1.6 -2.67856
      vertex 10.6341 3.2 -2.74118
      vertex 10.6531 3.2 -2.67856
    endloop
  endfacet
  facet normal 0.956922 0 -0.290347
    outer loop
      vertex 10.6341 3.2 -2.74118
      vertex 10.6531 -1.6 -2.67856
      vertex 10.6341 -1.6 -2.74118
    endloop
  endfacet
  facet normal 0.956922 -0 0.290347
    outer loop
      vertex 10.6341 -1.6 -3.25882
      vertex 10.6531 3.2 -3.32144
      vertex 10.6341 3.2 -3.25882
    endloop
  endfacet
  facet normal 0.956922 0 0.290347
    outer loop
      vertex 10.6531 3.2 -3.32144
      vertex 10.6341 -1.6 -3.25882
      vertex 10.6531 -1.6 -3.32144
    endloop
  endfacet
  facet normal 0.582452 0 0.812865
    outer loop
      vertex 10.9912 3.2 -3.79335
      vertex 11.0444 -1.6 -3.83147
      vertex 11.0444 3.2 -3.83147
    endloop
  endfacet
  facet normal 0.582452 0 0.812865
    outer loop
      vertex 11.0444 -1.6 -3.83147
      vertex 10.9912 3.2 -3.79335
      vertex 10.9912 -1.6 -3.79335
    endloop
  endfacet
  facet normal 0.973741 0 -0.227659
    outer loop
      vertex 10.6341 -1.6 -2.74118
      vertex 10.6192 3.2 -2.80491
      vertex 10.6341 3.2 -2.74118
    endloop
  endfacet
  facet normal 0.973741 0 -0.227659
    outer loop
      vertex 10.6192 3.2 -2.80491
      vertex 10.6341 -1.6 -2.74118
      vertex 10.6192 -1.6 -2.80491
    endloop
  endfacet
  facet normal -0.227181 0 -0.973852
    outer loop
      vertex 11.7951 -1.6 -2.01921
      vertex 11.8588 3.2 -2.03407
      vertex 11.8588 -1.6 -2.03407
    endloop
  endfacet
  facet normal -0.227181 0 -0.973852
    outer loop
      vertex 11.8588 3.2 -2.03407
      vertex 11.7951 -1.6 -2.01921
      vertex 11.7951 3.2 -2.01921
    endloop
  endfacet
  facet normal 0.910915 -0 0.412594
    outer loop
      vertex 10.6761 -1.6 -3.38268
      vertex 10.7031 3.2 -3.44229
      vertex 10.6761 3.2 -3.38268
    endloop
  endfacet
  facet normal 0.910915 0 0.412594
    outer loop
      vertex 10.7031 3.2 -3.44229
      vertex 10.6761 -1.6 -3.38268
      vertex 10.7031 -1.6 -3.44229
    endloop
  endfacet
  facet normal 0.162814 0 0.986657
    outer loop
      vertex 11.4049 3.2 -3.98078
      vertex 11.4695 -1.6 -3.99144
      vertex 11.4695 3.2 -3.99144
    endloop
  endfacet
  facet normal 0.162814 0 0.986657
    outer loop
      vertex 11.4695 -1.6 -3.99144
      vertex 11.4049 3.2 -3.98078
      vertex 11.4049 -1.6 -3.98078
    endloop
  endfacet
  facet normal -0.471381 0 -0.881929
    outer loop
      vertex 12.0423 -1.6 -2.10313
      vertex 12.1 3.2 -2.13397
      vertex 12.1 -1.6 -2.13397
    endloop
  endfacet
  facet normal -0.471381 0 -0.881929
    outer loop
      vertex 12.1 3.2 -2.13397
      vertex 12.0423 -1.6 -2.10313
      vertex 12.0423 3.2 -2.10313
    endloop
  endfacet
  facet normal -0.936153 0 -0.351592
    outer loop
      vertex 12.5469 -1.6 -2.67856
      vertex 12.5239 3.2 -2.61732
      vertex 12.5469 3.2 -2.67856
    endloop
  endfacet
  facet normal -0.936153 -0 -0.351592
    outer loop
      vertex 12.5239 3.2 -2.61732
      vertex 12.5469 -1.6 -2.67856
      vertex 12.5239 -1.6 -2.61732
    endloop
  endfacet
  facet normal -0.730109 0 0.683331
    outer loop
      vertex 12.3071 -1.6 -3.70711
      vertex 12.3518 3.2 -3.65935
      vertex 12.3071 3.2 -3.70711
    endloop
  endfacet
  facet normal -0.730109 0 0.683331
    outer loop
      vertex 12.3518 3.2 -3.65935
      vertex 12.3071 -1.6 -3.70711
      vertex 12.3518 -1.6 -3.65935
    endloop
  endfacet
  facet normal 0.995057 -0 0.0993071
    outer loop
      vertex 10.6021 -1.6 -3.0654
      vertex 10.6086 3.2 -3.13053
      vertex 10.6021 3.2 -3.0654
    endloop
  endfacet
  facet normal 0.995057 0 0.0993071
    outer loop
      vertex 10.6086 3.2 -3.13053
      vertex 10.6021 -1.6 -3.0654
      vertex 10.6086 -1.6 -3.13053
    endloop
  endfacet
  facet normal 0.162814 0 -0.986657
    outer loop
      vertex 11.4049 -1.6 -2.01921
      vertex 11.4695 3.2 -2.00855
      vertex 11.4695 -1.6 -2.00855
    endloop
  endfacet
  facet normal 0.162814 0 -0.986657
    outer loop
      vertex 11.4695 3.2 -2.00855
      vertex 11.4049 -1.6 -2.01921
      vertex 11.4049 3.2 -2.01921
    endloop
  endfacet
  facet normal 0.634994 0 0.772517
    outer loop
      vertex 10.9407 3.2 -3.75184
      vertex 10.9912 -1.6 -3.79335
      vertex 10.9912 3.2 -3.79335
    endloop
  endfacet
  facet normal 0.634994 0 0.772517
    outer loop
      vertex 10.9912 -1.6 -3.79335
      vertex 10.9407 3.2 -3.75184
      vertex 10.9407 -1.6 -3.75184
    endloop
  endfacet
  facet normal -0.634994 0 -0.772517
    outer loop
      vertex 12.2088 -1.6 -2.20665
      vertex 12.2593 3.2 -2.24816
      vertex 12.2593 -1.6 -2.24816
    endloop
  endfacet
  facet normal -0.634994 0 -0.772517
    outer loop
      vertex 12.2593 3.2 -2.24816
      vertex 12.2088 -1.6 -2.20665
      vertex 12.2088 3.2 -2.20665
    endloop
  endfacet
  facet normal -0.812958 0 -0.582322
    outer loop
      vertex 12.4315 -1.6 -2.44443
      vertex 12.3934 3.2 -2.39124
      vertex 12.4315 3.2 -2.44443
    endloop
  endfacet
  facet normal -0.812958 -0 -0.582322
    outer loop
      vertex 12.3934 3.2 -2.39124
      vertex 12.4315 -1.6 -2.44443
      vertex 12.3934 -1.6 -2.39124
    endloop
  endfacet
  facet normal 0.290432 0 -0.956896
    outer loop
      vertex 11.2786 -1.6 -2.05307
      vertex 11.3412 3.2 -2.03407
      vertex 11.3412 -1.6 -2.03407
    endloop
  endfacet
  facet normal 0.290432 0 -0.956896
    outer loop
      vertex 11.3412 3.2 -2.03407
      vertex 11.2786 -1.6 -2.05307
      vertex 11.2786 3.2 -2.05307
    endloop
  endfacet
  facet normal -0.730109 0 -0.683331
    outer loop
      vertex 12.3518 -1.6 -2.34065
      vertex 12.3071 3.2 -2.29289
      vertex 12.3518 3.2 -2.34065
    endloop
  endfacet
  facet normal -0.730109 -0 -0.683331
    outer loop
      vertex 12.3071 3.2 -2.29289
      vertex 12.3518 -1.6 -2.34065
      vertex 12.3071 -1.6 -2.29289
    endloop
  endfacet
  facet normal 0.582452 0 -0.812865
    outer loop
      vertex 10.9912 -1.6 -2.20665
      vertex 11.0444 3.2 -2.16853
      vertex 11.0444 -1.6 -2.16853
    endloop
  endfacet
  facet normal 0.582452 0 -0.812865
    outer loop
      vertex 11.0444 3.2 -2.16853
      vertex 10.9912 -1.6 -2.20665
      vertex 10.9912 3.2 -2.20665
    endloop
  endfacet
  facet normal 0.936153 -0 0.351592
    outer loop
      vertex 10.6531 -1.6 -3.32144
      vertex 10.6761 3.2 -3.38268
      vertex 10.6531 3.2 -3.32144
    endloop
  endfacet
  facet normal 0.936153 0 0.351592
    outer loop
      vertex 10.6761 3.2 -3.38268
      vertex 10.6531 -1.6 -3.32144
      vertex 10.6761 -1.6 -3.38268
    endloop
  endfacet
  facet normal 0.471381 0 -0.881929
    outer loop
      vertex 11.1 -1.6 -2.13397
      vertex 11.1577 3.2 -2.10313
      vertex 11.1577 -1.6 -2.10313
    endloop
  endfacet
  facet normal 0.471381 0 -0.881929
    outer loop
      vertex 11.1577 3.2 -2.10313
      vertex 11.1 -1.6 -2.13397
      vertex 11.1 3.2 -2.13397
    endloop
  endfacet
  facet normal 0.09799 0 -0.995187
    outer loop
      vertex 11.4695 -1.6 -2.00855
      vertex 11.5346 3.2 -2.00214
      vertex 11.5346 -1.6 -2.00214
    endloop
  endfacet
  facet normal 0.09799 0 -0.995187
    outer loop
      vertex 11.5346 3.2 -2.00214
      vertex 11.4695 -1.6 -2.00855
      vertex 11.4695 3.2 -2.00855
    endloop
  endfacet
  facet normal -0.35196 0 -0.936015
    outer loop
      vertex 11.9214 -1.6 -2.05307
      vertex 11.9827 3.2 -2.07612
      vertex 11.9827 -1.6 -2.07612
    endloop
  endfacet
  facet normal -0.35196 0 -0.936015
    outer loop
      vertex 11.9827 3.2 -2.07612
      vertex 11.9214 -1.6 -2.05307
      vertex 11.9214 3.2 -2.05307
    endloop
  endfacet
  facet normal -0.68327 0 -0.730166
    outer loop
      vertex 12.2593 -1.6 -2.24816
      vertex 12.3071 3.2 -2.29289
      vertex 12.3071 -1.6 -2.29289
    endloop
  endfacet
  facet normal -0.68327 0 -0.730166
    outer loop
      vertex 12.3071 3.2 -2.29289
      vertex 12.2593 -1.6 -2.24816
      vertex 12.2593 3.2 -2.24816
    endloop
  endfacet
  facet normal 0.5278 0 0.849369
    outer loop
      vertex 11.0444 3.2 -3.83147
      vertex 11.1 -1.6 -3.86602
      vertex 11.1 3.2 -3.86602
    endloop
  endfacet
  facet normal 0.5278 0 0.849369
    outer loop
      vertex 11.1 -1.6 -3.86602
      vertex 11.0444 3.2 -3.83147
      vertex 11.0444 -1.6 -3.83147
    endloop
  endfacet
  facet normal -0.227036 0 0.973886
    outer loop
      vertex 11.7951 3.2 -3.98078
      vertex 11.8588 -1.6 -3.96593
      vertex 11.8588 3.2 -3.96593
    endloop
  endfacet
  facet normal -0.227036 0 0.973886
    outer loop
      vertex 11.8588 -1.6 -3.96593
      vertex 11.7951 3.2 -3.98078
      vertex 11.7951 -1.6 -3.98078
    endloop
  endfacet
  facet normal 0.881582 -0 0.472031
    outer loop
      vertex 10.7031 -1.6 -3.44229
      vertex 10.734 3.2 -3.5
      vertex 10.7031 3.2 -3.44229
    endloop
  endfacet
  facet normal 0.881582 0 0.472031
    outer loop
      vertex 10.734 3.2 -3.5
      vertex 10.7031 -1.6 -3.44229
      vertex 10.734 -1.6 -3.5
    endloop
  endfacet
  facet normal 0.35196 0 -0.936015
    outer loop
      vertex 11.2173 -1.6 -2.07612
      vertex 11.2786 3.2 -2.05307
      vertex 11.2786 -1.6 -2.05307
    endloop
  endfacet
  facet normal 0.35196 0 -0.936015
    outer loop
      vertex 11.2786 3.2 -2.05307
      vertex 11.2173 -1.6 -2.07612
      vertex 11.2173 3.2 -2.07612
    endloop
  endfacet
  facet normal -0.995205 0 0.0978089
    outer loop
      vertex 13.5873 -1.6 -5.53469
      vertex 13.5937 3.2 -5.46957
      vertex 13.5873 3.2 -5.53469
    endloop
  endfacet
  facet normal -0.995205 0 0.0978089
    outer loop
      vertex 13.5937 3.2 -5.46957
      vertex 13.5873 -1.6 -5.53469
      vertex 13.5937 -1.6 -5.46957
    endloop
  endfacet
  facet normal -0.999485 0 0.0320886
    outer loop
      vertex 13.5937 -1.6 -5.46957
      vertex 13.5958 3.2 -5.40416
      vertex 13.5937 3.2 -5.46957
    endloop
  endfacet
  facet normal -0.999485 0 0.0320886
    outer loop
      vertex 13.5958 3.2 -5.40416
      vertex 13.5937 -1.6 -5.46957
      vertex 13.5958 -1.6 -5.40416
    endloop
  endfacet
  facet normal -0.986542 0 0.163507
    outer loop
      vertex 13.5766 -1.6 -5.59925
      vertex 13.5873 3.2 -5.53469
      vertex 13.5766 3.2 -5.59925
    endloop
  endfacet
  facet normal -0.986542 0 0.163507
    outer loop
      vertex 13.5873 3.2 -5.53469
      vertex 13.5766 -1.6 -5.59925
      vertex 13.5873 -1.6 -5.53469
    endloop
  endfacet
  facet normal -0.974079 0 0.22621
    outer loop
      vertex 13.5618 -1.6 -5.66298
      vertex 13.5766 3.2 -5.59925
      vertex 13.5618 3.2 -5.66298
    endloop
  endfacet
  facet normal -0.974079 0 0.22621
    outer loop
      vertex 13.5766 3.2 -5.59925
      vertex 13.5618 -1.6 -5.66298
      vertex 13.5766 -1.6 -5.59925
    endloop
  endfacet
  facet normal -0.634244 0 -0.773133
    outer loop
      vertex 13.2046 -1.6 -4.61081
      vertex 13.2552 3.2 -4.65232
      vertex 13.2552 -1.6 -4.65232
    endloop
  endfacet
  facet normal -0.634244 0 -0.773133
    outer loop
      vertex 13.2552 3.2 -4.65232
      vertex 13.2046 -1.6 -4.61081
      vertex 13.2046 3.2 -4.61081
    endloop
  endfacet
  facet normal -0.352464 0 0.935825
    outer loop
      vertex 12.9173 3.2 -6.35109
      vertex 12.9785 -1.6 -6.32804
      vertex 12.9785 3.2 -6.32804
    endloop
  endfacet
  facet normal -0.352464 0 0.935825
    outer loop
      vertex 12.9785 -1.6 -6.32804
      vertex 12.9173 3.2 -6.35109
      vertex 12.9173 -1.6 -6.35109
    endloop
  endfacet
  facet normal -0.986546 0 -0.163482
    outer loop
      vertex 13.5873 -1.6 -5.27364
      vertex 13.5766 3.2 -5.20907
      vertex 13.5873 3.2 -5.27364
    endloop
  endfacet
  facet normal -0.986546 -0 -0.163482
    outer loop
      vertex 13.5766 3.2 -5.20907
      vertex 13.5873 -1.6 -5.27364
      vertex 13.5766 -1.6 -5.20907
    endloop
  endfacet
  facet normal -0.52791 0 0.8493
    outer loop
      vertex 13.0958 3.2 -6.27019
      vertex 13.1514 -1.6 -6.23563
      vertex 13.1514 3.2 -6.23563
    endloop
  endfacet
  facet normal -0.52791 0 0.8493
    outer loop
      vertex 13.1514 -1.6 -6.23563
      vertex 13.0958 3.2 -6.27019
      vertex 13.0958 -1.6 -6.27019
    endloop
  endfacet
  facet normal 0.995205 0 -0.0978089
    outer loop
      vertex 11.6044 -1.6 -5.27364
      vertex 11.598 3.2 -5.33876
      vertex 11.6044 3.2 -5.27364
    endloop
  endfacet
  facet normal 0.995205 0 -0.0978089
    outer loop
      vertex 11.598 3.2 -5.33876
      vertex 11.6044 -1.6 -5.27364
      vertex 11.598 -1.6 -5.33876
    endloop
  endfacet
  facet normal -0.848898 0 0.528556
    outer loop
      vertex 13.4273 -1.6 -5.95973
      vertex 13.4619 3.2 -5.90416
      vertex 13.4273 3.2 -5.95973
    endloop
  endfacet
  facet normal -0.848898 0 0.528556
    outer loop
      vertex 13.4619 3.2 -5.90416
      vertex 13.4273 -1.6 -5.95973
      vertex 13.4619 -1.6 -5.90416
    endloop
  endfacet
  facet normal 0.848898 -0 0.528556
    outer loop
      vertex 11.7298 -1.6 -5.90416
      vertex 11.7644 3.2 -5.95973
      vertex 11.7298 3.2 -5.90416
    endloop
  endfacet
  facet normal 0.848898 0 0.528556
    outer loop
      vertex 11.7644 3.2 -5.95973
      vertex 11.7298 -1.6 -5.90416
      vertex 11.7644 -1.6 -5.95973
    endloop
  endfacet
  facet normal -0.226844 0 -0.973931
    outer loop
      vertex 12.7909 -1.6 -4.42338
      vertex 12.8547 3.2 -4.43824
      vertex 12.8547 -1.6 -4.43824
    endloop
  endfacet
  facet normal -0.226844 0 -0.973931
    outer loop
      vertex 12.8547 3.2 -4.43824
      vertex 12.7909 -1.6 -4.42338
      vertex 12.7909 3.2 -4.42338
    endloop
  endfacet
  facet normal -0.995205 0 -0.0978089
    outer loop
      vertex 13.5937 -1.6 -5.33876
      vertex 13.5873 3.2 -5.27364
      vertex 13.5937 3.2 -5.33876
    endloop
  endfacet
  facet normal -0.995205 -0 -0.0978089
    outer loop
      vertex 13.5873 3.2 -5.27364
      vertex 13.5937 -1.6 -5.33876
      vertex 13.5873 -1.6 -5.27364
    endloop
  endfacet
  facet normal -0.163059 0 -0.986616
    outer loop
      vertex 12.7264 -1.6 -4.41272
      vertex 12.7909 3.2 -4.42338
      vertex 12.7909 -1.6 -4.42338
    endloop
  endfacet
  facet normal -0.163059 0 -0.986616
    outer loop
      vertex 12.7909 3.2 -4.42338
      vertex 12.7264 -1.6 -4.41272
      vertex 12.7264 3.2 -4.41272
    endloop
  endfacet
  facet normal -0.812958 0 0.582322
    outer loop
      vertex 13.3892 -1.6 -6.01292
      vertex 13.4273 3.2 -5.95973
      vertex 13.3892 3.2 -6.01292
    endloop
  endfacet
  facet normal -0.812958 0 0.582322
    outer loop
      vertex 13.4273 3.2 -5.95973
      vertex 13.3892 -1.6 -6.01292
      vertex 13.4273 -1.6 -5.95973
    endloop
  endfacet
  facet normal 0.986546 0 -0.163482
    outer loop
      vertex 11.6151 -1.6 -5.20907
      vertex 11.6044 3.2 -5.27364
      vertex 11.6151 3.2 -5.20907
    endloop
  endfacet
  facet normal 0.986546 0 -0.163482
    outer loop
      vertex 11.6044 3.2 -5.27364
      vertex 11.6151 -1.6 -5.20907
      vertex 11.6044 -1.6 -5.27364
    endloop
  endfacet
  facet normal 0.412204 0 0.911092
    outer loop
      vertex 12.1535 3.2 -6.30103
      vertex 12.2132 -1.6 -6.32804
      vertex 12.2132 3.2 -6.32804
    endloop
  endfacet
  facet normal 0.412204 0 0.911092
    outer loop
      vertex 12.2132 -1.6 -6.32804
      vertex 12.1535 3.2 -6.30103
      vertex 12.1535 -1.6 -6.30103
    endloop
  endfacet
  facet normal 0.730109 -0 0.683331
    outer loop
      vertex 11.844 -1.6 -6.06351
      vertex 11.8887 3.2 -6.11127
      vertex 11.844 3.2 -6.06351
    endloop
  endfacet
  facet normal 0.730109 0 0.683331
    outer loop
      vertex 11.8887 3.2 -6.11127
      vertex 11.844 -1.6 -6.06351
      vertex 11.8887 -1.6 -6.11127
    endloop
  endfacet
  facet normal 0.471381 0 0.881929
    outer loop
      vertex 12.0958 3.2 -6.27019
      vertex 12.1535 -1.6 -6.30103
      vertex 12.1535 3.2 -6.30103
    endloop
  endfacet
  facet normal 0.471381 0 0.881929
    outer loop
      vertex 12.1535 -1.6 -6.30103
      vertex 12.0958 3.2 -6.27019
      vertex 12.0958 -1.6 -6.27019
    endloop
  endfacet
  facet normal -0.412778 0 0.910832
    outer loop
      vertex 12.9785 3.2 -6.32804
      vertex 13.0381 -1.6 -6.30103
      vertex 13.0381 3.2 -6.30103
    endloop
  endfacet
  facet normal -0.412778 0 0.910832
    outer loop
      vertex 13.0381 -1.6 -6.30103
      vertex 12.9785 3.2 -6.32804
      vertex 12.9785 -1.6 -6.32804
    endloop
  endfacet
  facet normal -0.4715 0 -0.881866
    outer loop
      vertex 13.0381 -1.6 -4.50729
      vertex 13.0958 3.2 -4.53814
      vertex 13.0958 -1.6 -4.53814
    endloop
  endfacet
  facet normal -0.4715 0 -0.881866
    outer loop
      vertex 13.0958 3.2 -4.53814
      vertex 13.0381 -1.6 -4.50729
      vertex 13.0381 3.2 -4.50729
    endloop
  endfacet
  facet normal 0.227181 0 0.973852
    outer loop
      vertex 12.337 3.2 -6.37009
      vertex 12.4007 -1.6 -6.38495
      vertex 12.4007 3.2 -6.38495
    endloop
  endfacet
  facet normal 0.227181 0 0.973852
    outer loop
      vertex 12.4007 -1.6 -6.38495
      vertex 12.337 3.2 -6.37009
      vertex 12.337 -1.6 -6.37009
    endloop
  endfacet
  facet normal -0.0979924 0 -0.995187
    outer loop
      vertex 12.6612 -1.6 -4.4063
      vertex 12.7264 3.2 -4.41272
      vertex 12.7264 -1.6 -4.41272
    endloop
  endfacet
  facet normal -0.0979924 0 -0.995187
    outer loop
      vertex 12.7264 3.2 -4.41272
      vertex 12.6612 -1.6 -4.4063
      vertex 12.6612 3.2 -4.4063
    endloop
  endfacet
  facet normal 0.974079 0 -0.22621
    outer loop
      vertex 11.6299 -1.6 -5.14534
      vertex 11.6151 3.2 -5.20907
      vertex 11.6299 3.2 -5.14534
    endloop
  endfacet
  facet normal 0.974079 0 -0.22621
    outer loop
      vertex 11.6151 3.2 -5.20907
      vertex 11.6299 -1.6 -5.14534
      vertex 11.6151 -1.6 -5.20907
    endloop
  endfacet
  facet normal 0.910915 0 -0.412594
    outer loop
      vertex 11.699 -1.6 -4.96187
      vertex 11.672 3.2 -5.02148
      vertex 11.699 3.2 -4.96187
    endloop
  endfacet
  facet normal 0.910915 0 -0.412594
    outer loop
      vertex 11.672 3.2 -5.02148
      vertex 11.699 -1.6 -4.96187
      vertex 11.672 -1.6 -5.02148
    endloop
  endfacet
  facet normal 0.995205 -0 0.0978089
    outer loop
      vertex 11.598 -1.6 -5.46957
      vertex 11.6044 3.2 -5.53469
      vertex 11.598 3.2 -5.46957
    endloop
  endfacet
  facet normal 0.995205 0 0.0978089
    outer loop
      vertex 11.6044 3.2 -5.53469
      vertex 11.598 -1.6 -5.46957
      vertex 11.6044 -1.6 -5.53469
    endloop
  endfacet
  facet normal -0.412778 0 -0.910832
    outer loop
      vertex 12.9785 -1.6 -4.48028
      vertex 13.0381 3.2 -4.50729
      vertex 13.0381 -1.6 -4.50729
    endloop
  endfacet
  facet normal -0.412778 0 -0.910832
    outer loop
      vertex 13.0381 3.2 -4.50729
      vertex 12.9785 -1.6 -4.48028
      vertex 12.9785 3.2 -4.48028
    endloop
  endfacet
  facet normal 0.974079 -0 0.22621
    outer loop
      vertex 11.6151 -1.6 -5.59925
      vertex 11.6299 3.2 -5.66298
      vertex 11.6151 3.2 -5.59925
    endloop
  endfacet
  facet normal 0.974079 0 0.22621
    outer loop
      vertex 11.6299 3.2 -5.66298
      vertex 11.6151 -1.6 -5.59925
      vertex 11.6299 -1.6 -5.66298
    endloop
  endfacet
  facet normal -0.935668 0 0.352881
    outer loop
      vertex 13.5197 -1.6 -5.78685
      vertex 13.5428 3.2 -5.7256
      vertex 13.5197 3.2 -5.78685
    endloop
  endfacet
  facet normal -0.935668 0 0.352881
    outer loop
      vertex 13.5428 3.2 -5.7256
      vertex 13.5197 -1.6 -5.78685
      vertex 13.5428 -1.6 -5.7256
    endloop
  endfacet
  facet normal -0.729347 0 -0.684144
    outer loop
      vertex 13.3477 -1.6 -4.74482
      vertex 13.3029 3.2 -4.69706
      vertex 13.3477 3.2 -4.74482
    endloop
  endfacet
  facet normal -0.729347 -0 -0.684144
    outer loop
      vertex 13.3029 3.2 -4.69706
      vertex 13.3477 -1.6 -4.74482
      vertex 13.3029 -1.6 -4.69706
    endloop
  endfacet
  facet normal 0.773085 0 -0.634303
    outer loop
      vertex 11.844 -1.6 -4.74482
      vertex 11.8025 3.2 -4.7954
      vertex 11.844 3.2 -4.74482
    endloop
  endfacet
  facet normal 0.773085 0 -0.634303
    outer loop
      vertex 11.8025 3.2 -4.7954
      vertex 11.844 -1.6 -4.74482
      vertex 11.8025 -1.6 -4.7954
    endloop
  endfacet
  facet normal 0.528596 0 0.848874
    outer loop
      vertex 12.0403 3.2 -6.23563
      vertex 12.0958 -1.6 -6.27019
      vertex 12.0958 3.2 -6.27019
    endloop
  endfacet
  facet normal 0.528596 0 0.848874
    outer loop
      vertex 12.0958 -1.6 -6.27019
      vertex 12.0403 3.2 -6.23563
      vertex 12.0403 -1.6 -6.23563
    endloop
  endfacet
  facet normal 0.4715 0 -0.881866
    outer loop
      vertex 12.0958 -1.6 -4.53814
      vertex 12.1535 3.2 -4.50729
      vertex 12.1535 -1.6 -4.50729
    endloop
  endfacet
  facet normal 0.4715 0 -0.881866
    outer loop
      vertex 12.1535 3.2 -4.50729
      vertex 12.0958 -1.6 -4.53814
      vertex 12.0958 3.2 -4.53814
    endloop
  endfacet
  facet normal 0.812958 -0 0.582322
    outer loop
      vertex 11.7644 -1.6 -5.95973
      vertex 11.8025 3.2 -6.01292
      vertex 11.7644 3.2 -5.95973
    endloop
  endfacet
  facet normal 0.812958 0 0.582322
    outer loop
      vertex 11.8025 3.2 -6.01292
      vertex 11.7644 -1.6 -5.95973
      vertex 11.8025 -1.6 -6.01292
    endloop
  endfacet
  facet normal -0.910889 0 0.412651
    outer loop
      vertex 13.4927 -1.6 -5.84645
      vertex 13.5197 3.2 -5.78685
      vertex 13.4927 3.2 -5.84645
    endloop
  endfacet
  facet normal -0.910889 0 0.412651
    outer loop
      vertex 13.5197 3.2 -5.78685
      vertex 13.4927 -1.6 -5.84645
      vertex 13.5197 -1.6 -5.78685
    endloop
  endfacet
  facet normal 0.290292 0 -0.956938
    outer loop
      vertex 12.2744 -1.6 -4.45723
      vertex 12.337 3.2 -4.43824
      vertex 12.337 -1.6 -4.43824
    endloop
  endfacet
  facet normal 0.290292 0 -0.956938
    outer loop
      vertex 12.337 3.2 -4.43824
      vertex 12.2744 -1.6 -4.45723
      vertex 12.2744 3.2 -4.45723
    endloop
  endfacet
  facet normal 0.812958 0 -0.582322
    outer loop
      vertex 11.8025 -1.6 -4.7954
      vertex 11.7644 3.2 -4.84859
      vertex 11.8025 3.2 -4.7954
    endloop
  endfacet
  facet normal 0.812958 0 -0.582322
    outer loop
      vertex 11.7644 3.2 -4.84859
      vertex 11.8025 -1.6 -4.7954
      vertex 11.7644 -1.6 -4.84859
    endloop
  endfacet
  facet normal -0.910915 0 -0.412594
    outer loop
      vertex 13.5197 -1.6 -5.02148
      vertex 13.4927 3.2 -4.96187
      vertex 13.5197 3.2 -5.02148
    endloop
  endfacet
  facet normal -0.910915 -0 -0.412594
    outer loop
      vertex 13.4927 3.2 -4.96187
      vertex 13.5197 -1.6 -5.02148
      vertex 13.4927 -1.6 -4.96187
    endloop
  endfacet
  facet normal -0.290432 0 0.956896
    outer loop
      vertex 12.8547 3.2 -6.37009
      vertex 12.9173 -1.6 -6.35109
      vertex 12.9173 3.2 -6.35109
    endloop
  endfacet
  facet normal -0.290432 0 0.956896
    outer loop
      vertex 12.9173 -1.6 -6.35109
      vertex 12.8547 3.2 -6.37009
      vertex 12.8547 -1.6 -6.37009
    endloop
  endfacet
  facet normal -0.0327042 0 -0.999465
    outer loop
      vertex 12.5958 -1.6 -4.40416
      vertex 12.6612 3.2 -4.4063
      vertex 12.6612 -1.6 -4.4063
    endloop
  endfacet
  facet normal -0.0327042 0 -0.999465
    outer loop
      vertex 12.6612 3.2 -4.4063
      vertex 12.5958 -1.6 -4.40416
      vertex 12.5958 3.2 -4.40416
    endloop
  endfacet
  facet normal -0.634335 0 0.773058
    outer loop
      vertex 13.2046 3.2 -6.19752
      vertex 13.2552 -1.6 -6.156
      vertex 13.2552 3.2 -6.156
    endloop
  endfacet
  facet normal -0.634335 0 0.773058
    outer loop
      vertex 13.2552 -1.6 -6.156
      vertex 13.2046 3.2 -6.19752
      vertex 13.2046 -1.6 -6.19752
    endloop
  endfacet
  facet normal -0.882217 0 -0.470842
    outer loop
      vertex 13.4927 -1.6 -4.96187
      vertex 13.4619 3.2 -4.90416
      vertex 13.4927 3.2 -4.96187
    endloop
  endfacet
  facet normal -0.882217 -0 -0.470842
    outer loop
      vertex 13.4619 3.2 -4.90416
      vertex 13.4927 -1.6 -4.96187
      vertex 13.4619 -1.6 -4.90416
    endloop
  endfacet
  facet normal -0.352464 0 -0.935825
    outer loop
      vertex 12.9173 -1.6 -4.45723
      vertex 12.9785 3.2 -4.48028
      vertex 12.9785 -1.6 -4.48028
    endloop
  endfacet
  facet normal -0.352464 0 -0.935825
    outer loop
      vertex 12.9785 3.2 -4.48028
      vertex 12.9173 -1.6 -4.45723
      vertex 12.9173 3.2 -4.45723
    endloop
  endfacet
  facet normal -0.935649 0 -0.352931
    outer loop
      vertex 13.5428 -1.6 -5.08272
      vertex 13.5197 3.2 -5.02148
      vertex 13.5428 3.2 -5.08272
    endloop
  endfacet
  facet normal -0.935649 -0 -0.352931
    outer loop
      vertex 13.5197 3.2 -5.02148
      vertex 13.5428 -1.6 -5.08272
      vertex 13.5197 -1.6 -5.02148
    endloop
  endfacet
  facet normal -0.999485 0 -0.0320936
    outer loop
      vertex 13.5958 -1.6 -5.40416
      vertex 13.5937 3.2 -5.33876
      vertex 13.5958 3.2 -5.40416
    endloop
  endfacet
  facet normal -0.999485 -0 -0.0320936
    outer loop
      vertex 13.5937 3.2 -5.33876
      vertex 13.5958 -1.6 -5.40416
      vertex 13.5937 -1.6 -5.33876
    endloop
  endfacet
  facet normal -0.848898 0 -0.528556
    outer loop
      vertex 13.4619 -1.6 -4.90416
      vertex 13.4273 3.2 -4.84859
      vertex 13.4619 3.2 -4.90416
    endloop
  endfacet
  facet normal -0.848898 -0 -0.528556
    outer loop
      vertex 13.4273 3.2 -4.84859
      vertex 13.4619 -1.6 -4.90416
      vertex 13.4273 -1.6 -4.84859
    endloop
  endfacet
  facet normal -0.0327042 0 0.999465
    outer loop
      vertex 12.5958 3.2 -6.40416
      vertex 12.6612 -1.6 -6.40202
      vertex 12.6612 3.2 -6.40202
    endloop
  endfacet
  facet normal -0.0327042 0 0.999465
    outer loop
      vertex 12.6612 -1.6 -6.40202
      vertex 12.5958 3.2 -6.40416
      vertex 12.5958 -1.6 -6.40416
    endloop
  endfacet
  facet normal 0.882217 0 -0.470842
    outer loop
      vertex 11.7298 -1.6 -4.90416
      vertex 11.699 3.2 -4.96187
      vertex 11.7298 3.2 -4.90416
    endloop
  endfacet
  facet normal 0.882217 0 -0.470842
    outer loop
      vertex 11.699 3.2 -4.96187
      vertex 11.7298 -1.6 -4.90416
      vertex 11.699 -1.6 -4.96187
    endloop
  endfacet
  facet normal 0.162814 0 0.986657
    outer loop
      vertex 12.4007 3.2 -6.38495
      vertex 12.4653 -1.6 -6.39561
      vertex 12.4653 3.2 -6.39561
    endloop
  endfacet
  facet normal 0.162814 0 0.986657
    outer loop
      vertex 12.4653 -1.6 -6.39561
      vertex 12.4007 3.2 -6.38495
      vertex 12.4007 -1.6 -6.38495
    endloop
  endfacet
  facet normal -0.684033 0 0.729451
    outer loop
      vertex 13.2552 3.2 -6.156
      vertex 13.3029 -1.6 -6.11127
      vertex 13.3029 3.2 -6.11127
    endloop
  endfacet
  facet normal -0.684033 0 0.729451
    outer loop
      vertex 13.3029 -1.6 -6.11127
      vertex 13.2552 3.2 -6.156
      vertex 13.2552 -1.6 -6.156
    endloop
  endfacet
  facet normal 0.882217 -0 0.470842
    outer loop
      vertex 11.699 -1.6 -5.84645
      vertex 11.7298 3.2 -5.90416
      vertex 11.699 3.2 -5.84645
    endloop
  endfacet
  facet normal 0.882217 0 0.470842
    outer loop
      vertex 11.7298 3.2 -5.90416
      vertex 11.699 -1.6 -5.84645
      vertex 11.7298 -1.6 -5.90416
    endloop
  endfacet
  facet normal 0.634335 0 0.773058
    outer loop
      vertex 11.9365 3.2 -6.156
      vertex 11.9871 -1.6 -6.19752
      vertex 11.9871 3.2 -6.19752
    endloop
  endfacet
  facet normal 0.634335 0 0.773058
    outer loop
      vertex 11.9871 -1.6 -6.19752
      vertex 11.9365 3.2 -6.156
      vertex 11.9365 -1.6 -6.156
    endloop
  endfacet
  facet normal -0.882217 0 0.470842
    outer loop
      vertex 13.4619 -1.6 -5.90416
      vertex 13.4927 3.2 -5.84645
      vertex 13.4619 3.2 -5.90416
    endloop
  endfacet
  facet normal -0.882217 0 0.470842
    outer loop
      vertex 13.4927 3.2 -5.84645
      vertex 13.4619 -1.6 -5.90416
      vertex 13.4927 -1.6 -5.84645
    endloop
  endfacet
  facet normal 0.227181 0 -0.973852
    outer loop
      vertex 12.337 -1.6 -4.43824
      vertex 12.4007 3.2 -4.42338
      vertex 12.4007 -1.6 -4.42338
    endloop
  endfacet
  facet normal 0.227181 0 -0.973852
    outer loop
      vertex 12.4007 3.2 -4.42338
      vertex 12.337 -1.6 -4.43824
      vertex 12.337 3.2 -4.43824
    endloop
  endfacet
  facet normal -0.773146 0 0.634228
    outer loop
      vertex 13.3477 -1.6 -6.06351
      vertex 13.3892 3.2 -6.01292
      vertex 13.3477 3.2 -6.06351
    endloop
  endfacet
  facet normal -0.773146 0 0.634228
    outer loop
      vertex 13.3892 3.2 -6.01292
      vertex 13.3477 -1.6 -6.06351
      vertex 13.3892 -1.6 -6.01292
    endloop
  endfacet
  facet normal 0.848898 0 -0.528556
    outer loop
      vertex 11.7644 -1.6 -4.84859
      vertex 11.7298 3.2 -4.90416
      vertex 11.7644 3.2 -4.84859
    endloop
  endfacet
  facet normal 0.848898 0 -0.528556
    outer loop
      vertex 11.7298 3.2 -4.90416
      vertex 11.7644 -1.6 -4.84859
      vertex 11.7298 -1.6 -4.90416
    endloop
  endfacet
  facet normal -0.684114 0 -0.729375
    outer loop
      vertex 13.2552 -1.6 -4.65232
      vertex 13.3029 3.2 -4.69706
      vertex 13.3029 -1.6 -4.69706
    endloop
  endfacet
  facet normal -0.684114 0 -0.729375
    outer loop
      vertex 13.3029 3.2 -4.69706
      vertex 13.2552 -1.6 -4.65232
      vertex 13.2552 3.2 -4.65232
    endloop
  endfacet
  facet normal -0.956922 0 -0.290347
    outer loop
      vertex 13.5618 -1.6 -5.14534
      vertex 13.5428 3.2 -5.08272
      vertex 13.5618 3.2 -5.14534
    endloop
  endfacet
  facet normal -0.956922 -0 -0.290347
    outer loop
      vertex 13.5428 3.2 -5.08272
      vertex 13.5618 -1.6 -5.14534
      vertex 13.5428 -1.6 -5.08272
    endloop
  endfacet
  facet normal 0.935668 -0 0.352881
    outer loop
      vertex 11.6489 -1.6 -5.7256
      vertex 11.672 3.2 -5.78685
      vertex 11.6489 3.2 -5.7256
    endloop
  endfacet
  facet normal 0.935668 0 0.352881
    outer loop
      vertex 11.672 3.2 -5.78685
      vertex 11.6489 -1.6 -5.7256
      vertex 11.672 -1.6 -5.78685
    endloop
  endfacet
  facet normal -0.582452 0 -0.812865
    outer loop
      vertex 13.1514 -1.6 -4.57269
      vertex 13.2046 3.2 -4.61081
      vertex 13.2046 -1.6 -4.61081
    endloop
  endfacet
  facet normal -0.582452 0 -0.812865
    outer loop
      vertex 13.2046 3.2 -4.61081
      vertex 13.1514 -1.6 -4.57269
      vertex 13.1514 3.2 -4.57269
    endloop
  endfacet
  facet normal -0.956922 0 0.290347
    outer loop
      vertex 13.5428 -1.6 -5.7256
      vertex 13.5618 3.2 -5.66298
      vertex 13.5428 3.2 -5.7256
    endloop
  endfacet
  facet normal -0.956922 0 0.290347
    outer loop
      vertex 13.5618 3.2 -5.66298
      vertex 13.5428 -1.6 -5.7256
      vertex 13.5618 -1.6 -5.66298
    endloop
  endfacet
  facet normal 0.935649 0 -0.352931
    outer loop
      vertex 11.672 -1.6 -5.02148
      vertex 11.6489 3.2 -5.08272
      vertex 11.672 3.2 -5.02148
    endloop
  endfacet
  facet normal 0.935649 0 -0.352931
    outer loop
      vertex 11.6489 3.2 -5.08272
      vertex 11.672 -1.6 -5.02148
      vertex 11.6489 -1.6 -5.08272
    endloop
  endfacet
  facet normal 0.412204 0 -0.911092
    outer loop
      vertex 12.1535 -1.6 -4.50729
      vertex 12.2132 3.2 -4.48028
      vertex 12.2132 -1.6 -4.48028
    endloop
  endfacet
  facet normal 0.412204 0 -0.911092
    outer loop
      vertex 12.2132 3.2 -4.48028
      vertex 12.1535 -1.6 -4.50729
      vertex 12.1535 3.2 -4.50729
    endloop
  endfacet
  facet normal -0.290292 0 -0.956938
    outer loop
      vertex 12.8547 -1.6 -4.43824
      vertex 12.9173 3.2 -4.45723
      vertex 12.9173 -1.6 -4.45723
    endloop
  endfacet
  facet normal -0.290292 0 -0.956938
    outer loop
      vertex 12.9173 3.2 -4.45723
      vertex 12.8547 -1.6 -4.43824
      vertex 12.8547 3.2 -4.43824
    endloop
  endfacet
  facet normal 0.352464 0 0.935825
    outer loop
      vertex 12.2132 3.2 -6.32804
      vertex 12.2744 -1.6 -6.35109
      vertex 12.2744 3.2 -6.35109
    endloop
  endfacet
  facet normal 0.352464 0 0.935825
    outer loop
      vertex 12.2744 -1.6 -6.35109
      vertex 12.2132 3.2 -6.32804
      vertex 12.2132 -1.6 -6.32804
    endloop
  endfacet
  facet normal -0.0978412 0 0.995202
    outer loop
      vertex 12.6612 3.2 -6.40202
      vertex 12.7264 -1.6 -6.39561
      vertex 12.7264 3.2 -6.39561
    endloop
  endfacet
  facet normal -0.0978412 0 0.995202
    outer loop
      vertex 12.7264 -1.6 -6.39561
      vertex 12.6612 3.2 -6.40202
      vertex 12.6612 -1.6 -6.40202
    endloop
  endfacet
  facet normal -0.582351 0 0.812938
    outer loop
      vertex 13.1514 3.2 -6.23563
      vertex 13.2046 -1.6 -6.19752
      vertex 13.2046 3.2 -6.19752
    endloop
  endfacet
  facet normal -0.582351 0 0.812938
    outer loop
      vertex 13.2046 -1.6 -6.19752
      vertex 13.1514 3.2 -6.23563
      vertex 13.1514 -1.6 -6.23563
    endloop
  endfacet
  facet normal 0.956922 0 -0.290347
    outer loop
      vertex 11.6489 -1.6 -5.08272
      vertex 11.6299 3.2 -5.14534
      vertex 11.6489 3.2 -5.08272
    endloop
  endfacet
  facet normal 0.956922 0 -0.290347
    outer loop
      vertex 11.6299 3.2 -5.14534
      vertex 11.6489 -1.6 -5.08272
      vertex 11.6299 -1.6 -5.14534
    endloop
  endfacet
  facet normal -0.471381 0 0.881929
    outer loop
      vertex 13.0381 3.2 -6.30103
      vertex 13.0958 -1.6 -6.27019
      vertex 13.0958 3.2 -6.27019
    endloop
  endfacet
  facet normal -0.471381 0 0.881929
    outer loop
      vertex 13.0958 -1.6 -6.27019
      vertex 13.0381 3.2 -6.30103
      vertex 13.0381 -1.6 -6.30103
    endloop
  endfacet
  facet normal -0.5278 0 -0.849369
    outer loop
      vertex 13.0958 -1.6 -4.53814
      vertex 13.1514 3.2 -4.57269
      vertex 13.1514 -1.6 -4.57269
    endloop
  endfacet
  facet normal -0.5278 0 -0.849369
    outer loop
      vertex 13.1514 3.2 -4.57269
      vertex 13.0958 -1.6 -4.53814
      vertex 13.0958 3.2 -4.53814
    endloop
  endfacet
  facet normal 0.582351 0 0.812938
    outer loop
      vertex 11.9871 3.2 -6.19752
      vertex 12.0403 -1.6 -6.23563
      vertex 12.0403 3.2 -6.23563
    endloop
  endfacet
  facet normal 0.582351 0 0.812938
    outer loop
      vertex 12.0403 -1.6 -6.23563
      vertex 11.9871 3.2 -6.19752
      vertex 11.9871 -1.6 -6.19752
    endloop
  endfacet
  facet normal 0.999435 -0 0.033615
    outer loop
      vertex 11.5958 -1.6 -5.40416
      vertex 11.598 3.2 -5.46957
      vertex 11.5958 3.2 -5.40416
    endloop
  endfacet
  facet normal 0.999435 0 0.033615
    outer loop
      vertex 11.598 3.2 -5.46957
      vertex 11.5958 -1.6 -5.40416
      vertex 11.598 -1.6 -5.46957
    endloop
  endfacet
  facet normal -0.974079 0 -0.22621
    outer loop
      vertex 13.5766 -1.6 -5.20907
      vertex 13.5618 3.2 -5.14534
      vertex 13.5766 3.2 -5.20907
    endloop
  endfacet
  facet normal -0.974079 -0 -0.22621
    outer loop
      vertex 13.5618 3.2 -5.14534
      vertex 13.5766 -1.6 -5.20907
      vertex 13.5618 -1.6 -5.14534
    endloop
  endfacet
  facet normal 0.528486 0 -0.848942
    outer loop
      vertex 12.0403 -1.6 -4.57269
      vertex 12.0958 3.2 -4.53814
      vertex 12.0958 -1.6 -4.53814
    endloop
  endfacet
  facet normal 0.528486 0 -0.848942
    outer loop
      vertex 12.0958 3.2 -4.53814
      vertex 12.0403 -1.6 -4.57269
      vertex 12.0403 3.2 -4.57269
    endloop
  endfacet
  facet normal -0.812958 0 -0.582322
    outer loop
      vertex 13.4273 -1.6 -4.84859
      vertex 13.3892 3.2 -4.7954
      vertex 13.4273 3.2 -4.84859
    endloop
  endfacet
  facet normal -0.812958 -0 -0.582322
    outer loop
      vertex 13.3892 3.2 -4.7954
      vertex 13.4273 -1.6 -4.84859
      vertex 13.3892 -1.6 -4.7954
    endloop
  endfacet
  facet normal 0.09799 0 0.995187
    outer loop
      vertex 12.4653 3.2 -6.39561
      vertex 12.5304 -1.6 -6.40202
      vertex 12.5304 3.2 -6.40202
    endloop
  endfacet
  facet normal 0.09799 0 0.995187
    outer loop
      vertex 12.5304 -1.6 -6.40202
      vertex 12.4653 3.2 -6.39561
      vertex 12.4653 -1.6 -6.39561
    endloop
  endfacet
  facet normal 0.986542 -0 0.163507
    outer loop
      vertex 11.6044 -1.6 -5.53469
      vertex 11.6151 3.2 -5.59925
      vertex 11.6044 3.2 -5.53469
    endloop
  endfacet
  facet normal 0.986542 0 0.163507
    outer loop
      vertex 11.6151 3.2 -5.59925
      vertex 11.6044 -1.6 -5.53469
      vertex 11.6151 -1.6 -5.59925
    endloop
  endfacet
  facet normal -0.773085 0 -0.634303
    outer loop
      vertex 13.3892 -1.6 -4.7954
      vertex 13.3477 3.2 -4.74482
      vertex 13.3892 3.2 -4.7954
    endloop
  endfacet
  facet normal -0.773085 -0 -0.634303
    outer loop
      vertex 13.3477 3.2 -4.74482
      vertex 13.3892 -1.6 -4.7954
      vertex 13.3477 -1.6 -4.74482
    endloop
  endfacet
  facet normal 0.956922 -0 0.290347
    outer loop
      vertex 11.6299 -1.6 -5.66298
      vertex 11.6489 3.2 -5.7256
      vertex 11.6299 3.2 -5.66298
    endloop
  endfacet
  facet normal 0.956922 0 0.290347
    outer loop
      vertex 11.6489 3.2 -5.7256
      vertex 11.6299 -1.6 -5.66298
      vertex 11.6489 -1.6 -5.7256
    endloop
  endfacet
  facet normal 0.730109 0 -0.683331
    outer loop
      vertex 11.8887 -1.6 -4.69706
      vertex 11.844 3.2 -4.74482
      vertex 11.8887 3.2 -4.69706
    endloop
  endfacet
  facet normal 0.730109 0 -0.683331
    outer loop
      vertex 11.844 3.2 -4.74482
      vertex 11.8887 -1.6 -4.69706
      vertex 11.844 -1.6 -4.74482
    endloop
  endfacet
  facet normal 0.999435 0 -0.0336201
    outer loop
      vertex 11.598 -1.6 -5.33876
      vertex 11.5958 3.2 -5.40416
      vertex 11.598 3.2 -5.33876
    endloop
  endfacet
  facet normal 0.999435 0 -0.0336201
    outer loop
      vertex 11.5958 3.2 -5.40416
      vertex 11.598 -1.6 -5.33876
      vertex 11.5958 -1.6 -5.40416
    endloop
  endfacet
  facet normal 0.162814 0 -0.986657
    outer loop
      vertex 12.4007 -1.6 -4.42338
      vertex 12.4653 3.2 -4.41272
      vertex 12.4653 -1.6 -4.41272
    endloop
  endfacet
  facet normal 0.162814 0 -0.986657
    outer loop
      vertex 12.4653 3.2 -4.41272
      vertex 12.4007 -1.6 -4.42338
      vertex 12.4007 3.2 -4.42338
    endloop
  endfacet
  facet normal 0.0327042 0 0.999465
    outer loop
      vertex 12.5304 3.2 -6.40202
      vertex 12.5958 -1.6 -6.40416
      vertex 12.5958 3.2 -6.40416
    endloop
  endfacet
  facet normal 0.0327042 0 0.999465
    outer loop
      vertex 12.5958 -1.6 -6.40416
      vertex 12.5304 3.2 -6.40202
      vertex 12.5304 -1.6 -6.40202
    endloop
  endfacet
  facet normal 0.634244 0 -0.773133
    outer loop
      vertex 11.9365 -1.6 -4.65232
      vertex 11.9871 3.2 -4.61081
      vertex 11.9871 -1.6 -4.61081
    endloop
  endfacet
  facet normal 0.634244 0 -0.773133
    outer loop
      vertex 11.9871 3.2 -4.61081
      vertex 11.9365 -1.6 -4.65232
      vertex 11.9365 3.2 -4.65232
    endloop
  endfacet
  facet normal -0.226844 0 0.973931
    outer loop
      vertex 12.7909 3.2 -6.38495
      vertex 12.8547 -1.6 -6.37009
      vertex 12.8547 3.2 -6.37009
    endloop
  endfacet
  facet normal -0.226844 0 0.973931
    outer loop
      vertex 12.8547 -1.6 -6.37009
      vertex 12.7909 3.2 -6.38495
      vertex 12.7909 -1.6 -6.38495
    endloop
  endfacet
  facet normal 0.68327 0 0.730166
    outer loop
      vertex 11.8887 3.2 -6.11127
      vertex 11.9365 -1.6 -6.156
      vertex 11.9365 3.2 -6.156
    endloop
  endfacet
  facet normal 0.68327 0 0.730166
    outer loop
      vertex 11.9365 -1.6 -6.156
      vertex 11.8887 3.2 -6.11127
      vertex 11.8887 -1.6 -6.11127
    endloop
  endfacet
  facet normal 0.0327042 0 -0.999465
    outer loop
      vertex 12.5304 -1.6 -4.4063
      vertex 12.5958 3.2 -4.40416
      vertex 12.5958 -1.6 -4.40416
    endloop
  endfacet
  facet normal 0.0327042 0 -0.999465
    outer loop
      vertex 12.5958 3.2 -4.40416
      vertex 12.5304 -1.6 -4.4063
      vertex 12.5304 3.2 -4.4063
    endloop
  endfacet
  facet normal 0.773146 -0 0.634228
    outer loop
      vertex 11.8025 -1.6 -6.01292
      vertex 11.844 3.2 -6.06351
      vertex 11.8025 3.2 -6.01292
    endloop
  endfacet
  facet normal 0.773146 0 0.634228
    outer loop
      vertex 11.844 3.2 -6.06351
      vertex 11.8025 -1.6 -6.01292
      vertex 11.844 -1.6 -6.06351
    endloop
  endfacet
  facet normal -0.729347 0 0.684144
    outer loop
      vertex 13.3029 -1.6 -6.11127
      vertex 13.3477 3.2 -6.06351
      vertex 13.3029 3.2 -6.11127
    endloop
  endfacet
  facet normal -0.729347 0 0.684144
    outer loop
      vertex 13.3477 3.2 -6.06351
      vertex 13.3029 -1.6 -6.11127
      vertex 13.3477 -1.6 -6.06351
    endloop
  endfacet
  facet normal 0.352464 0 -0.935825
    outer loop
      vertex 12.2132 -1.6 -4.48028
      vertex 12.2744 3.2 -4.45723
      vertex 12.2744 -1.6 -4.45723
    endloop
  endfacet
  facet normal 0.352464 0 -0.935825
    outer loop
      vertex 12.2744 3.2 -4.45723
      vertex 12.2132 -1.6 -4.48028
      vertex 12.2132 3.2 -4.48028
    endloop
  endfacet
  facet normal 0.290432 0 0.956896
    outer loop
      vertex 12.2744 3.2 -6.35109
      vertex 12.337 -1.6 -6.37009
      vertex 12.337 3.2 -6.37009
    endloop
  endfacet
  facet normal 0.290432 0 0.956896
    outer loop
      vertex 12.337 -1.6 -6.37009
      vertex 12.2744 3.2 -6.35109
      vertex 12.2744 -1.6 -6.35109
    endloop
  endfacet
  facet normal 0.910889 -0 0.412651
    outer loop
      vertex 11.672 -1.6 -5.78685
      vertex 11.699 3.2 -5.84645
      vertex 11.672 3.2 -5.78685
    endloop
  endfacet
  facet normal 0.910889 0 0.412651
    outer loop
      vertex 11.699 3.2 -5.84645
      vertex 11.672 -1.6 -5.78685
      vertex 11.699 -1.6 -5.84645
    endloop
  endfacet
  facet normal 0.683352 0 -0.730089
    outer loop
      vertex 11.8887 -1.6 -4.69706
      vertex 11.9365 3.2 -4.65232
      vertex 11.9365 -1.6 -4.65232
    endloop
  endfacet
  facet normal 0.683352 0 -0.730089
    outer loop
      vertex 11.9365 3.2 -4.65232
      vertex 11.8887 -1.6 -4.69706
      vertex 11.8887 3.2 -4.69706
    endloop
  endfacet
  facet normal -0.163059 0 0.986616
    outer loop
      vertex 12.7264 3.2 -6.39561
      vertex 12.7909 -1.6 -6.38495
      vertex 12.7909 3.2 -6.38495
    endloop
  endfacet
  facet normal -0.163059 0 0.986616
    outer loop
      vertex 12.7909 -1.6 -6.38495
      vertex 12.7264 3.2 -6.39561
      vertex 12.7264 -1.6 -6.39561
    endloop
  endfacet
  facet normal 0.0981414 0 -0.995172
    outer loop
      vertex 12.4653 -1.6 -4.41272
      vertex 12.5304 3.2 -4.4063
      vertex 12.5304 -1.6 -4.4063
    endloop
  endfacet
  facet normal 0.0981414 0 -0.995172
    outer loop
      vertex 12.5304 3.2 -4.4063
      vertex 12.4653 -1.6 -4.41272
      vertex 12.4653 3.2 -4.41272
    endloop
  endfacet
  facet normal 0.582452 0 -0.812865
    outer loop
      vertex 11.9871 -1.6 -4.61081
      vertex 12.0403 3.2 -4.57269
      vertex 12.0403 -1.6 -4.57269
    endloop
  endfacet
  facet normal 0.582452 0 -0.812865
    outer loop
      vertex 12.0403 3.2 -4.57269
      vertex 11.9871 -1.6 -4.61081
      vertex 11.9871 3.2 -4.61081
    endloop
  endfacet
  facet normal 0.986788 -0 0.162019
    outer loop
      vertex 14.0086 -1.6 -6.53053
      vertex 14.0192 3.2 -6.59509
      vertex 14.0086 3.2 -6.53053
    endloop
  endfacet
  facet normal 0.986788 0 0.162019
    outer loop
      vertex 14.0192 3.2 -6.59509
      vertex 14.0086 -1.6 -6.53053
      vertex 14.0192 -1.6 -6.59509
    endloop
  endfacet
  facet normal -0.995057 0 0.0993071
    outer loop
      vertex 15.9914 -1.6 -6.53053
      vertex 15.9979 3.2 -6.4654
      vertex 15.9914 3.2 -6.53053
    endloop
  endfacet
  facet normal -0.995057 0 0.0993071
    outer loop
      vertex 15.9979 3.2 -6.4654
      vertex 15.9914 -1.6 -6.53053
      vertex 15.9979 -1.6 -6.4654
    endloop
  endfacet
  facet normal -0.999485 0 0.0320936
    outer loop
      vertex 15.9979 -1.6 -6.4654
      vertex 16 3.2 -6.4
      vertex 15.9979 3.2 -6.4654
    endloop
  endfacet
  facet normal -0.999485 0 0.0320936
    outer loop
      vertex 16 3.2 -6.4
      vertex 15.9979 -1.6 -6.4654
      vertex 16 -1.6 -6.4
    endloop
  endfacet
  facet normal 0.995057 -0 0.0993071
    outer loop
      vertex 14.0021 -1.6 -6.4654
      vertex 14.0086 3.2 -6.53053
      vertex 14.0021 3.2 -6.4654
    endloop
  endfacet
  facet normal 0.995057 0 0.0993071
    outer loop
      vertex 14.0086 3.2 -6.53053
      vertex 14.0021 -1.6 -6.4654
      vertex 14.0086 -1.6 -6.53053
    endloop
  endfacet
  facet normal -0.68327 0 -0.730166
    outer loop
      vertex 15.6593 -1.6 -5.64816
      vertex 15.7071 3.2 -5.69289
      vertex 15.7071 -1.6 -5.69289
    endloop
  endfacet
  facet normal -0.68327 0 -0.730166
    outer loop
      vertex 15.7071 3.2 -5.69289
      vertex 15.6593 -1.6 -5.64816
      vertex 15.6593 3.2 -5.64816
    endloop
  endfacet
  facet normal 0.956922 -0 0.290347
    outer loop
      vertex 14.0341 -1.6 -6.65882
      vertex 14.0531 3.2 -6.72144
      vertex 14.0341 3.2 -6.65882
    endloop
  endfacet
  facet normal 0.956922 0 0.290347
    outer loop
      vertex 14.0531 3.2 -6.72144
      vertex 14.0341 -1.6 -6.65882
      vertex 14.0531 -1.6 -6.72144
    endloop
  endfacet
  facet normal -0.52791 0 -0.8493
    outer loop
      vertex 15.5 -1.6 -5.53397
      vertex 15.5556 3.2 -5.56853
      vertex 15.5556 -1.6 -5.56853
    endloop
  endfacet
  facet normal -0.52791 0 -0.8493
    outer loop
      vertex 15.5556 3.2 -5.56853
      vertex 15.5 -1.6 -5.53397
      vertex 15.5 3.2 -5.53397
    endloop
  endfacet
  facet normal 0.910915 0 -0.412594
    outer loop
      vertex 14.1031 -1.6 -5.95771
      vertex 14.0761 3.2 -6.01732
      vertex 14.1031 3.2 -5.95771
    endloop
  endfacet
  facet normal 0.910915 0 -0.412594
    outer loop
      vertex 14.0761 3.2 -6.01732
      vertex 14.1031 -1.6 -5.95771
      vertex 14.0761 -1.6 -6.01732
    endloop
  endfacet
  facet normal -0.471381 0 -0.881929
    outer loop
      vertex 15.4423 -1.6 -5.50313
      vertex 15.5 3.2 -5.53397
      vertex 15.5 -1.6 -5.53397
    endloop
  endfacet
  facet normal -0.471381 0 -0.881929
    outer loop
      vertex 15.5 3.2 -5.53397
      vertex 15.4423 -1.6 -5.50313
      vertex 15.4423 3.2 -5.50313
    endloop
  endfacet
  facet normal 0.68327 0 0.730166
    outer loop
      vertex 14.2929 3.2 -7.10711
      vertex 14.3407 -1.6 -7.15184
      vertex 14.3407 3.2 -7.15184
    endloop
  endfacet
  facet normal 0.68327 0 0.730166
    outer loop
      vertex 14.3407 -1.6 -7.15184
      vertex 14.2929 3.2 -7.10711
      vertex 14.2929 -1.6 -7.10711
    endloop
  endfacet
  facet normal -0.227181 0 -0.973852
    outer loop
      vertex 15.1951 -1.6 -5.41921
      vertex 15.2588 3.2 -5.43407
      vertex 15.2588 -1.6 -5.43407
    endloop
  endfacet
  facet normal -0.227181 0 -0.973852
    outer loop
      vertex 15.2588 3.2 -5.43407
      vertex 15.1951 -1.6 -5.41921
      vertex 15.1951 3.2 -5.41921
    endloop
  endfacet
  facet normal -0.973741 0 0.227659
    outer loop
      vertex 15.9659 -1.6 -6.65882
      vertex 15.9808 3.2 -6.59509
      vertex 15.9659 3.2 -6.65882
    endloop
  endfacet
  facet normal -0.973741 0 0.227659
    outer loop
      vertex 15.9808 3.2 -6.59509
      vertex 15.9659 -1.6 -6.65882
      vertex 15.9808 -1.6 -6.59509
    endloop
  endfacet
  facet normal 0.772397 -0 0.63514
    outer loop
      vertex 14.2066 -1.6 -7.00876
      vertex 14.2482 3.2 -7.05935
      vertex 14.2066 3.2 -7.00876
    endloop
  endfacet
  facet normal 0.772397 0 0.63514
    outer loop
      vertex 14.2482 3.2 -7.05935
      vertex 14.2066 -1.6 -7.00876
      vertex 14.2482 -1.6 -7.05935
    endloop
  endfacet
  facet normal 0.412778 0 0.910832
    outer loop
      vertex 14.5577 3.2 -7.29687
      vertex 14.6173 -1.6 -7.32388
      vertex 14.6173 3.2 -7.32388
    endloop
  endfacet
  facet normal 0.412778 0 0.910832
    outer loop
      vertex 14.6173 -1.6 -7.32388
      vertex 14.5577 3.2 -7.29687
      vertex 14.5577 -1.6 -7.29687
    endloop
  endfacet
  facet normal -0.68327 0 0.730166
    outer loop
      vertex 15.6593 3.2 -7.15184
      vertex 15.7071 -1.6 -7.10711
      vertex 15.7071 3.2 -7.10711
    endloop
  endfacet
  facet normal -0.68327 0 0.730166
    outer loop
      vertex 15.7071 -1.6 -7.10711
      vertex 15.6593 3.2 -7.15184
      vertex 15.6593 -1.6 -7.15184
    endloop
  endfacet
  facet normal 0.0981414 0 0.995172
    outer loop
      vertex 14.8695 3.2 -7.39144
      vertex 14.9346 -1.6 -7.39786
      vertex 14.9346 3.2 -7.39786
    endloop
  endfacet
  facet normal 0.0981414 0 0.995172
    outer loop
      vertex 14.9346 -1.6 -7.39786
      vertex 14.8695 3.2 -7.39144
      vertex 14.8695 -1.6 -7.39144
    endloop
  endfacet
  facet normal -0.5278 0 0.849369
    outer loop
      vertex 15.5 3.2 -7.26602
      vertex 15.5556 -1.6 -7.23147
      vertex 15.5556 3.2 -7.23147
    endloop
  endfacet
  facet normal -0.5278 0 0.849369
    outer loop
      vertex 15.5556 -1.6 -7.23147
      vertex 15.5 3.2 -7.26602
      vertex 15.5 -1.6 -7.26602
    endloop
  endfacet
  facet normal 0.68327 0 -0.730166
    outer loop
      vertex 14.2929 -1.6 -5.69289
      vertex 14.3407 3.2 -5.64816
      vertex 14.3407 -1.6 -5.64816
    endloop
  endfacet
  facet normal 0.68327 0 -0.730166
    outer loop
      vertex 14.3407 3.2 -5.64816
      vertex 14.2929 -1.6 -5.69289
      vertex 14.2929 3.2 -5.69289
    endloop
  endfacet
  facet normal -0.936153 0 0.351592
    outer loop
      vertex 15.9239 -1.6 -6.78268
      vertex 15.9469 3.2 -6.72144
      vertex 15.9239 3.2 -6.78268
    endloop
  endfacet
  facet normal -0.936153 0 0.351592
    outer loop
      vertex 15.9469 3.2 -6.72144
      vertex 15.9239 -1.6 -6.78268
      vertex 15.9469 -1.6 -6.72144
    endloop
  endfacet
  facet normal -0.910915 0 -0.412594
    outer loop
      vertex 15.9239 -1.6 -6.01732
      vertex 15.8969 3.2 -5.95771
      vertex 15.9239 3.2 -6.01732
    endloop
  endfacet
  facet normal -0.910915 -0 -0.412594
    outer loop
      vertex 15.8969 3.2 -5.95771
      vertex 15.9239 -1.6 -6.01732
      vertex 15.8969 -1.6 -5.95771
    endloop
  endfacet
  facet normal -0.35196 0 0.936015
    outer loop
      vertex 15.3214 3.2 -7.34693
      vertex 15.3827 -1.6 -7.32388
      vertex 15.3827 3.2 -7.32388
    endloop
  endfacet
  facet normal -0.35196 0 0.936015
    outer loop
      vertex 15.3827 -1.6 -7.32388
      vertex 15.3214 3.2 -7.34693
      vertex 15.3214 -1.6 -7.34693
    endloop
  endfacet
  facet normal -0.0981414 0 -0.995172
    outer loop
      vertex 15.0654 -1.6 -5.40214
      vertex 15.1305 3.2 -5.40856
      vertex 15.1305 -1.6 -5.40856
    endloop
  endfacet
  facet normal -0.0981414 0 -0.995172
    outer loop
      vertex 15.1305 3.2 -5.40856
      vertex 15.0654 -1.6 -5.40214
      vertex 15.0654 3.2 -5.40214
    endloop
  endfacet
  facet normal 0.995057 0 -0.0993071
    outer loop
      vertex 14.0086 -1.6 -6.26947
      vertex 14.0021 3.2 -6.3346
      vertex 14.0086 3.2 -6.26947
    endloop
  endfacet
  facet normal 0.995057 0 -0.0993071
    outer loop
      vertex 14.0021 3.2 -6.3346
      vertex 14.0086 -1.6 -6.26947
      vertex 14.0021 -1.6 -6.3346
    endloop
  endfacet
  facet normal -0.956922 0 -0.290347
    outer loop
      vertex 15.9659 -1.6 -6.14118
      vertex 15.9469 3.2 -6.07856
      vertex 15.9659 3.2 -6.14118
    endloop
  endfacet
  facet normal -0.956922 -0 -0.290347
    outer loop
      vertex 15.9469 3.2 -6.07856
      vertex 15.9659 -1.6 -6.14118
      vertex 15.9469 -1.6 -6.07856
    endloop
  endfacet
  facet normal 0.986788 0 -0.162019
    outer loop
      vertex 14.0192 -1.6 -6.20491
      vertex 14.0086 3.2 -6.26947
      vertex 14.0192 3.2 -6.20491
    endloop
  endfacet
  facet normal 0.986788 0 -0.162019
    outer loop
      vertex 14.0086 3.2 -6.26947
      vertex 14.0192 -1.6 -6.20491
      vertex 14.0086 -1.6 -6.26947
    endloop
  endfacet
  facet normal -0.290432 0 -0.956896
    outer loop
      vertex 15.2588 -1.6 -5.43407
      vertex 15.3214 3.2 -5.45307
      vertex 15.3214 -1.6 -5.45307
    endloop
  endfacet
  facet normal -0.290432 0 -0.956896
    outer loop
      vertex 15.3214 3.2 -5.45307
      vertex 15.2588 -1.6 -5.43407
      vertex 15.2588 3.2 -5.43407
    endloop
  endfacet
  facet normal -0.0981414 0 0.995172
    outer loop
      vertex 15.0654 3.2 -7.39786
      vertex 15.1305 -1.6 -7.39144
      vertex 15.1305 3.2 -7.39144
    endloop
  endfacet
  facet normal -0.0981414 0 0.995172
    outer loop
      vertex 15.1305 -1.6 -7.39144
      vertex 15.0654 3.2 -7.39786
      vertex 15.0654 -1.6 -7.39786
    endloop
  endfacet
  facet normal -0.162665 0 -0.986681
    outer loop
      vertex 15.1305 -1.6 -5.40856
      vertex 15.1951 3.2 -5.41921
      vertex 15.1951 -1.6 -5.41921
    endloop
  endfacet
  facet normal -0.162665 0 -0.986681
    outer loop
      vertex 15.1951 3.2 -5.41921
      vertex 15.1305 -1.6 -5.40856
      vertex 15.1305 3.2 -5.40856
    endloop
  endfacet
  facet normal 0.4715 0 0.881866
    outer loop
      vertex 14.5 3.2 -7.26602
      vertex 14.5577 -1.6 -7.29687
      vertex 14.5577 3.2 -7.29687
    endloop
  endfacet
  facet normal 0.4715 0 0.881866
    outer loop
      vertex 14.5577 -1.6 -7.29687
      vertex 14.5 3.2 -7.26602
      vertex 14.5 -1.6 -7.26602
    endloop
  endfacet
  facet normal -0.290432 0 0.956896
    outer loop
      vertex 15.2588 3.2 -7.36593
      vertex 15.3214 -1.6 -7.34693
      vertex 15.3214 3.2 -7.34693
    endloop
  endfacet
  facet normal -0.290432 0 0.956896
    outer loop
      vertex 15.3214 -1.6 -7.34693
      vertex 15.2588 3.2 -7.36593
      vertex 15.2588 -1.6 -7.36593
    endloop
  endfacet
  facet normal 0.881582 0 -0.472031
    outer loop
      vertex 14.134 -1.6 -5.9
      vertex 14.1031 3.2 -5.95771
      vertex 14.134 3.2 -5.9
    endloop
  endfacet
  facet normal 0.881582 0 -0.472031
    outer loop
      vertex 14.1031 3.2 -5.95771
      vertex 14.134 -1.6 -5.9
      vertex 14.1031 -1.6 -5.95771
    endloop
  endfacet
  facet normal 0.162665 0 -0.986681
    outer loop
      vertex 14.8049 -1.6 -5.41921
      vertex 14.8695 3.2 -5.40856
      vertex 14.8695 -1.6 -5.40856
    endloop
  endfacet
  facet normal 0.162665 0 -0.986681
    outer loop
      vertex 14.8695 3.2 -5.40856
      vertex 14.8049 -1.6 -5.41921
      vertex 14.8049 3.2 -5.41921
    endloop
  endfacet
  facet normal -0.812958 0 0.582322
    outer loop
      vertex 15.7934 -1.6 -7.00876
      vertex 15.8315 3.2 -6.95557
      vertex 15.7934 3.2 -7.00876
    endloop
  endfacet
  facet normal -0.812958 0 0.582322
    outer loop
      vertex 15.8315 3.2 -6.95557
      vertex 15.7934 -1.6 -7.00876
      vertex 15.8315 -1.6 -6.95557
    endloop
  endfacet
  facet normal -0.849583 0 0.527454
    outer loop
      vertex 15.8315 -1.6 -6.95557
      vertex 15.866 3.2 -6.9
      vertex 15.8315 3.2 -6.95557
    endloop
  endfacet
  facet normal -0.849583 0 0.527454
    outer loop
      vertex 15.866 3.2 -6.9
      vertex 15.8315 -1.6 -6.95557
      vertex 15.866 -1.6 -6.9
    endloop
  endfacet
  facet normal 0.227036 0 0.973886
    outer loop
      vertex 14.7412 3.2 -7.36593
      vertex 14.8049 -1.6 -7.38078
      vertex 14.8049 3.2 -7.38078
    endloop
  endfacet
  facet normal 0.227036 0 0.973886
    outer loop
      vertex 14.8049 -1.6 -7.38078
      vertex 14.7412 3.2 -7.36593
      vertex 14.7412 -1.6 -7.36593
    endloop
  endfacet
  facet normal -0.730109 0 -0.683331
    outer loop
      vertex 15.7518 -1.6 -5.74065
      vertex 15.7071 3.2 -5.69289
      vertex 15.7518 3.2 -5.74065
    endloop
  endfacet
  facet normal -0.730109 -0 -0.683331
    outer loop
      vertex 15.7071 3.2 -5.69289
      vertex 15.7518 -1.6 -5.74065
      vertex 15.7071 -1.6 -5.69289
    endloop
  endfacet
  facet normal 0.35196 0 0.936015
    outer loop
      vertex 14.6173 3.2 -7.32388
      vertex 14.6786 -1.6 -7.34693
      vertex 14.6786 3.2 -7.34693
    endloop
  endfacet
  facet normal 0.35196 0 0.936015
    outer loop
      vertex 14.6786 -1.6 -7.34693
      vertex 14.6173 3.2 -7.32388
      vertex 14.6173 -1.6 -7.32388
    endloop
  endfacet
  facet normal -0.881582 0 -0.472031
    outer loop
      vertex 15.8969 -1.6 -5.95771
      vertex 15.866 3.2 -5.9
      vertex 15.8969 3.2 -5.95771
    endloop
  endfacet
  facet normal -0.881582 -0 -0.472031
    outer loop
      vertex 15.866 3.2 -5.9
      vertex 15.8969 -1.6 -5.95771
      vertex 15.866 -1.6 -5.9
    endloop
  endfacet
  facet normal -0.956922 0 0.290347
    outer loop
      vertex 15.9469 -1.6 -6.72144
      vertex 15.9659 3.2 -6.65882
      vertex 15.9469 3.2 -6.72144
    endloop
  endfacet
  facet normal -0.956922 0 0.290347
    outer loop
      vertex 15.9659 3.2 -6.65882
      vertex 15.9469 -1.6 -6.72144
      vertex 15.9659 -1.6 -6.65882
    endloop
  endfacet
  facet normal -0.849583 0 -0.527454
    outer loop
      vertex 15.866 -1.6 -5.9
      vertex 15.8315 3.2 -5.84443
      vertex 15.866 3.2 -5.9
    endloop
  endfacet
  facet normal -0.849583 -0 -0.527454
    outer loop
      vertex 15.8315 3.2 -5.84443
      vertex 15.866 -1.6 -5.9
      vertex 15.8315 -1.6 -5.84443
    endloop
  endfacet
  facet normal 0.849583 0 -0.527454
    outer loop
      vertex 14.1685 -1.6 -5.84443
      vertex 14.134 3.2 -5.9
      vertex 14.1685 3.2 -5.84443
    endloop
  endfacet
  facet normal 0.849583 0 -0.527454
    outer loop
      vertex 14.134 3.2 -5.9
      vertex 14.1685 -1.6 -5.84443
      vertex 14.134 -1.6 -5.9
    endloop
  endfacet
  facet normal 0.849583 -0 0.527454
    outer loop
      vertex 14.134 -1.6 -6.9
      vertex 14.1685 3.2 -6.95557
      vertex 14.134 3.2 -6.9
    endloop
  endfacet
  facet normal 0.849583 0 0.527454
    outer loop
      vertex 14.1685 3.2 -6.95557
      vertex 14.134 -1.6 -6.9
      vertex 14.1685 -1.6 -6.95557
    endloop
  endfacet
  facet normal 0.634994 0 0.772517
    outer loop
      vertex 14.3407 3.2 -7.15184
      vertex 14.3912 -1.6 -7.19335
      vertex 14.3912 3.2 -7.19335
    endloop
  endfacet
  facet normal 0.634994 0 0.772517
    outer loop
      vertex 14.3912 -1.6 -7.19335
      vertex 14.3407 3.2 -7.15184
      vertex 14.3407 -1.6 -7.15184
    endloop
  endfacet
  facet normal 0.881582 -0 0.472031
    outer loop
      vertex 14.1031 -1.6 -6.84229
      vertex 14.134 3.2 -6.9
      vertex 14.1031 3.2 -6.84229
    endloop
  endfacet
  facet normal 0.881582 0 0.472031
    outer loop
      vertex 14.134 3.2 -6.9
      vertex 14.1031 -1.6 -6.84229
      vertex 14.134 -1.6 -6.9
    endloop
  endfacet
  facet normal 0.582452 0 0.812865
    outer loop
      vertex 14.3912 3.2 -7.19335
      vertex 14.4444 -1.6 -7.23147
      vertex 14.4444 3.2 -7.23147
    endloop
  endfacet
  facet normal 0.582452 0 0.812865
    outer loop
      vertex 14.4444 -1.6 -7.23147
      vertex 14.3912 3.2 -7.19335
      vertex 14.3912 -1.6 -7.19335
    endloop
  endfacet
  facet normal -0.881582 0 0.472031
    outer loop
      vertex 15.866 -1.6 -6.9
      vertex 15.8969 3.2 -6.84229
      vertex 15.866 3.2 -6.9
    endloop
  endfacet
  facet normal -0.881582 0 0.472031
    outer loop
      vertex 15.8969 3.2 -6.84229
      vertex 15.866 -1.6 -6.9
      vertex 15.8969 -1.6 -6.84229
    endloop
  endfacet
  facet normal 0.582452 0 -0.812865
    outer loop
      vertex 14.3912 -1.6 -5.60665
      vertex 14.4444 3.2 -5.56853
      vertex 14.4444 -1.6 -5.56853
    endloop
  endfacet
  facet normal 0.582452 0 -0.812865
    outer loop
      vertex 14.4444 3.2 -5.56853
      vertex 14.3912 -1.6 -5.60665
      vertex 14.3912 3.2 -5.60665
    endloop
  endfacet
  facet normal -0.772397 0 -0.63514
    outer loop
      vertex 15.7934 -1.6 -5.79124
      vertex 15.7518 3.2 -5.74065
      vertex 15.7934 3.2 -5.79124
    endloop
  endfacet
  facet normal -0.772397 -0 -0.63514
    outer loop
      vertex 15.7518 3.2 -5.74065
      vertex 15.7934 -1.6 -5.79124
      vertex 15.7518 -1.6 -5.74065
    endloop
  endfacet
  facet normal -0.999485 0 -0.0320936
    outer loop
      vertex 16 -1.6 -6.4
      vertex 15.9979 3.2 -6.3346
      vertex 16 3.2 -6.4
    endloop
  endfacet
  facet normal -0.999485 -0 -0.0320936
    outer loop
      vertex 15.9979 3.2 -6.3346
      vertex 16 -1.6 -6.4
      vertex 15.9979 -1.6 -6.3346
    endloop
  endfacet
  facet normal -0.995057 0 -0.0993071
    outer loop
      vertex 15.9979 -1.6 -6.3346
      vertex 15.9914 3.2 -6.26947
      vertex 15.9979 3.2 -6.3346
    endloop
  endfacet
  facet normal -0.995057 -0 -0.0993071
    outer loop
      vertex 15.9914 3.2 -6.26947
      vertex 15.9979 -1.6 -6.3346
      vertex 15.9914 -1.6 -6.26947
    endloop
  endfacet
  facet normal -0.412778 0 -0.910832
    outer loop
      vertex 15.3827 -1.6 -5.47612
      vertex 15.4423 3.2 -5.50313
      vertex 15.4423 -1.6 -5.50313
    endloop
  endfacet
  facet normal -0.412778 0 -0.910832
    outer loop
      vertex 15.4423 3.2 -5.50313
      vertex 15.3827 -1.6 -5.47612
      vertex 15.3827 3.2 -5.47612
    endloop
  endfacet
  facet normal 0.936153 0 -0.351592
    outer loop
      vertex 14.0761 -1.6 -6.01732
      vertex 14.0531 3.2 -6.07856
      vertex 14.0761 3.2 -6.01732
    endloop
  endfacet
  facet normal 0.936153 0 -0.351592
    outer loop
      vertex 14.0531 3.2 -6.07856
      vertex 14.0761 -1.6 -6.01732
      vertex 14.0531 -1.6 -6.07856
    endloop
  endfacet
  facet normal 0.772397 0 -0.63514
    outer loop
      vertex 14.2482 -1.6 -5.74065
      vertex 14.2066 3.2 -5.79124
      vertex 14.2482 3.2 -5.74065
    endloop
  endfacet
  facet normal 0.772397 0 -0.63514
    outer loop
      vertex 14.2066 3.2 -5.79124
      vertex 14.2482 -1.6 -5.74065
      vertex 14.2066 -1.6 -5.79124
    endloop
  endfacet
  facet normal 0.730109 0 -0.683331
    outer loop
      vertex 14.2929 -1.6 -5.69289
      vertex 14.2482 3.2 -5.74065
      vertex 14.2929 3.2 -5.69289
    endloop
  endfacet
  facet normal 0.730109 0 -0.683331
    outer loop
      vertex 14.2482 3.2 -5.74065
      vertex 14.2929 -1.6 -5.69289
      vertex 14.2482 -1.6 -5.74065
    endloop
  endfacet
  facet normal 0.290432 0 0.956896
    outer loop
      vertex 14.6786 3.2 -7.34693
      vertex 14.7412 -1.6 -7.36593
      vertex 14.7412 3.2 -7.36593
    endloop
  endfacet
  facet normal 0.290432 0 0.956896
    outer loop
      vertex 14.7412 -1.6 -7.36593
      vertex 14.6786 3.2 -7.34693
      vertex 14.6786 -1.6 -7.34693
    endloop
  endfacet
  facet normal 0.812958 -0 0.582322
    outer loop
      vertex 14.1685 -1.6 -6.95557
      vertex 14.2066 3.2 -7.00876
      vertex 14.1685 3.2 -6.95557
    endloop
  endfacet
  facet normal 0.812958 0 0.582322
    outer loop
      vertex 14.2066 3.2 -7.00876
      vertex 14.1685 -1.6 -6.95557
      vertex 14.2066 -1.6 -7.00876
    endloop
  endfacet
  facet normal 0.956922 0 -0.290347
    outer loop
      vertex 14.0531 -1.6 -6.07856
      vertex 14.0341 3.2 -6.14118
      vertex 14.0531 3.2 -6.07856
    endloop
  endfacet
  facet normal 0.956922 0 -0.290347
    outer loop
      vertex 14.0341 3.2 -6.14118
      vertex 14.0531 -1.6 -6.07856
      vertex 14.0341 -1.6 -6.14118
    endloop
  endfacet
  facet normal 0.973741 0 -0.227659
    outer loop
      vertex 14.0341 -1.6 -6.14118
      vertex 14.0192 3.2 -6.20491
      vertex 14.0341 3.2 -6.14118
    endloop
  endfacet
  facet normal 0.973741 0 -0.227659
    outer loop
      vertex 14.0192 3.2 -6.20491
      vertex 14.0341 -1.6 -6.14118
      vertex 14.0192 -1.6 -6.20491
    endloop
  endfacet
  facet normal 0.35196 0 -0.936015
    outer loop
      vertex 14.6173 -1.6 -5.47612
      vertex 14.6786 3.2 -5.45307
      vertex 14.6786 -1.6 -5.45307
    endloop
  endfacet
  facet normal 0.35196 0 -0.936015
    outer loop
      vertex 14.6786 3.2 -5.45307
      vertex 14.6173 -1.6 -5.47612
      vertex 14.6173 3.2 -5.47612
    endloop
  endfacet
  facet normal -0.634994 0 0.772517
    outer loop
      vertex 15.6088 3.2 -7.19335
      vertex 15.6593 -1.6 -7.15184
      vertex 15.6593 3.2 -7.15184
    endloop
  endfacet
  facet normal -0.634994 0 0.772517
    outer loop
      vertex 15.6593 -1.6 -7.15184
      vertex 15.6088 3.2 -7.19335
      vertex 15.6088 -1.6 -7.19335
    endloop
  endfacet
  facet normal -0.812958 0 -0.582322
    outer loop
      vertex 15.8315 -1.6 -5.84443
      vertex 15.7934 3.2 -5.79124
      vertex 15.8315 3.2 -5.84443
    endloop
  endfacet
  facet normal -0.812958 -0 -0.582322
    outer loop
      vertex 15.7934 3.2 -5.79124
      vertex 15.8315 -1.6 -5.84443
      vertex 15.7934 -1.6 -5.79124
    endloop
  endfacet
  facet normal -0.973741 0 -0.227659
    outer loop
      vertex 15.9808 -1.6 -6.20491
      vertex 15.9659 3.2 -6.14118
      vertex 15.9808 3.2 -6.20491
    endloop
  endfacet
  facet normal -0.973741 -0 -0.227659
    outer loop
      vertex 15.9659 3.2 -6.14118
      vertex 15.9808 -1.6 -6.20491
      vertex 15.9659 -1.6 -6.14118
    endloop
  endfacet
  facet normal -0.0327042 0 0.999465
    outer loop
      vertex 15 3.2 -7.4
      vertex 15.0654 -1.6 -7.39786
      vertex 15.0654 3.2 -7.39786
    endloop
  endfacet
  facet normal -0.0327042 0 0.999465
    outer loop
      vertex 15.0654 -1.6 -7.39786
      vertex 15 3.2 -7.4
      vertex 15 -1.6 -7.4
    endloop
  endfacet
  facet normal 0.227181 0 -0.973852
    outer loop
      vertex 14.7412 -1.6 -5.43407
      vertex 14.8049 3.2 -5.41921
      vertex 14.8049 -1.6 -5.41921
    endloop
  endfacet
  facet normal 0.227181 0 -0.973852
    outer loop
      vertex 14.8049 3.2 -5.41921
      vertex 14.7412 -1.6 -5.43407
      vertex 14.7412 3.2 -5.43407
    endloop
  endfacet
  facet normal -0.730109 0 0.683331
    outer loop
      vertex 15.7071 -1.6 -7.10711
      vertex 15.7518 3.2 -7.05935
      vertex 15.7071 3.2 -7.10711
    endloop
  endfacet
  facet normal -0.730109 0 0.683331
    outer loop
      vertex 15.7518 3.2 -7.05935
      vertex 15.7071 -1.6 -7.10711
      vertex 15.7518 -1.6 -7.05935
    endloop
  endfacet
  facet normal -0.772397 0 0.63514
    outer loop
      vertex 15.7518 -1.6 -7.05935
      vertex 15.7934 3.2 -7.00876
      vertex 15.7518 3.2 -7.05935
    endloop
  endfacet
  facet normal -0.772397 0 0.63514
    outer loop
      vertex 15.7934 3.2 -7.00876
      vertex 15.7518 -1.6 -7.05935
      vertex 15.7934 -1.6 -7.00876
    endloop
  endfacet
  facet normal -0.910915 0 0.412594
    outer loop
      vertex 15.8969 -1.6 -6.84229
      vertex 15.9239 3.2 -6.78268
      vertex 15.8969 3.2 -6.84229
    endloop
  endfacet
  facet normal -0.910915 0 0.412594
    outer loop
      vertex 15.9239 3.2 -6.78268
      vertex 15.8969 -1.6 -6.84229
      vertex 15.9239 -1.6 -6.78268
    endloop
  endfacet
  facet normal 0.730109 -0 0.683331
    outer loop
      vertex 14.2482 -1.6 -7.05935
      vertex 14.2929 3.2 -7.10711
      vertex 14.2482 3.2 -7.05935
    endloop
  endfacet
  facet normal 0.730109 0 0.683331
    outer loop
      vertex 14.2929 3.2 -7.10711
      vertex 14.2482 -1.6 -7.05935
      vertex 14.2929 -1.6 -7.10711
    endloop
  endfacet
  facet normal -0.582452 0 0.812865
    outer loop
      vertex 15.5556 3.2 -7.23147
      vertex 15.6088 -1.6 -7.19335
      vertex 15.6088 3.2 -7.19335
    endloop
  endfacet
  facet normal -0.582452 0 0.812865
    outer loop
      vertex 15.6088 -1.6 -7.19335
      vertex 15.5556 3.2 -7.23147
      vertex 15.5556 -1.6 -7.23147
    endloop
  endfacet
  facet normal 0.999485 0 -0.0320936
    outer loop
      vertex 14.0021 -1.6 -6.3346
      vertex 14 3.2 -6.4
      vertex 14.0021 3.2 -6.3346
    endloop
  endfacet
  facet normal 0.999485 0 -0.0320936
    outer loop
      vertex 14 3.2 -6.4
      vertex 14.0021 -1.6 -6.3346
      vertex 14 -1.6 -6.4
    endloop
  endfacet
  facet normal 0.812958 0 -0.582322
    outer loop
      vertex 14.2066 -1.6 -5.79124
      vertex 14.1685 3.2 -5.84443
      vertex 14.2066 3.2 -5.79124
    endloop
  endfacet
  facet normal 0.812958 0 -0.582322
    outer loop
      vertex 14.1685 3.2 -5.84443
      vertex 14.2066 -1.6 -5.79124
      vertex 14.1685 -1.6 -5.84443
    endloop
  endfacet
  facet normal -0.986788 0 0.162019
    outer loop
      vertex 15.9808 -1.6 -6.59509
      vertex 15.9914 3.2 -6.53053
      vertex 15.9808 3.2 -6.59509
    endloop
  endfacet
  facet normal -0.986788 0 0.162019
    outer loop
      vertex 15.9914 3.2 -6.53053
      vertex 15.9808 -1.6 -6.59509
      vertex 15.9914 -1.6 -6.53053
    endloop
  endfacet
  facet normal -0.35196 0 -0.936015
    outer loop
      vertex 15.3214 -1.6 -5.45307
      vertex 15.3827 3.2 -5.47612
      vertex 15.3827 -1.6 -5.47612
    endloop
  endfacet
  facet normal -0.35196 0 -0.936015
    outer loop
      vertex 15.3827 3.2 -5.47612
      vertex 15.3214 -1.6 -5.45307
      vertex 15.3214 3.2 -5.45307
    endloop
  endfacet
  facet normal 0.162814 0 0.986657
    outer loop
      vertex 14.8049 3.2 -7.38078
      vertex 14.8695 -1.6 -7.39144
      vertex 14.8695 3.2 -7.39144
    endloop
  endfacet
  facet normal 0.162814 0 0.986657
    outer loop
      vertex 14.8695 -1.6 -7.39144
      vertex 14.8049 3.2 -7.38078
      vertex 14.8049 -1.6 -7.38078
    endloop
  endfacet
  facet normal -0.412778 0 0.910832
    outer loop
      vertex 15.3827 3.2 -7.32388
      vertex 15.4423 -1.6 -7.29687
      vertex 15.4423 3.2 -7.29687
    endloop
  endfacet
  facet normal -0.412778 0 0.910832
    outer loop
      vertex 15.4423 -1.6 -7.29687
      vertex 15.3827 3.2 -7.32388
      vertex 15.3827 -1.6 -7.32388
    endloop
  endfacet
  facet normal -0.227036 0 0.973886
    outer loop
      vertex 15.1951 3.2 -7.38078
      vertex 15.2588 -1.6 -7.36593
      vertex 15.2588 3.2 -7.36593
    endloop
  endfacet
  facet normal -0.227036 0 0.973886
    outer loop
      vertex 15.2588 -1.6 -7.36593
      vertex 15.1951 3.2 -7.38078
      vertex 15.1951 -1.6 -7.38078
    endloop
  endfacet
  facet normal -0.4715 0 0.881866
    outer loop
      vertex 15.4423 3.2 -7.29687
      vertex 15.5 -1.6 -7.26602
      vertex 15.5 3.2 -7.26602
    endloop
  endfacet
  facet normal -0.4715 0 0.881866
    outer loop
      vertex 15.5 -1.6 -7.26602
      vertex 15.4423 3.2 -7.29687
      vertex 15.4423 -1.6 -7.29687
    endloop
  endfacet
  facet normal 0.290432 0 -0.956896
    outer loop
      vertex 14.6786 -1.6 -5.45307
      vertex 14.7412 3.2 -5.43407
      vertex 14.7412 -1.6 -5.43407
    endloop
  endfacet
  facet normal 0.290432 0 -0.956896
    outer loop
      vertex 14.7412 3.2 -5.43407
      vertex 14.6786 -1.6 -5.45307
      vertex 14.6786 3.2 -5.45307
    endloop
  endfacet
  facet normal 0.52791 0 -0.8493
    outer loop
      vertex 14.4444 -1.6 -5.56853
      vertex 14.5 3.2 -5.53397
      vertex 14.5 -1.6 -5.53397
    endloop
  endfacet
  facet normal 0.52791 0 -0.8493
    outer loop
      vertex 14.5 3.2 -5.53397
      vertex 14.4444 -1.6 -5.56853
      vertex 14.4444 3.2 -5.56853
    endloop
  endfacet
  facet normal 0.0981414 0 -0.995172
    outer loop
      vertex 14.8695 -1.6 -5.40856
      vertex 14.9346 3.2 -5.40214
      vertex 14.9346 -1.6 -5.40214
    endloop
  endfacet
  facet normal 0.0981414 0 -0.995172
    outer loop
      vertex 14.9346 3.2 -5.40214
      vertex 14.8695 -1.6 -5.40856
      vertex 14.8695 3.2 -5.40856
    endloop
  endfacet
  facet normal -0.634994 0 -0.772517
    outer loop
      vertex 15.6088 -1.6 -5.60665
      vertex 15.6593 3.2 -5.64816
      vertex 15.6593 -1.6 -5.64816
    endloop
  endfacet
  facet normal -0.634994 0 -0.772517
    outer loop
      vertex 15.6593 3.2 -5.64816
      vertex 15.6088 -1.6 -5.60665
      vertex 15.6088 3.2 -5.60665
    endloop
  endfacet
  facet normal 0.0327042 0 0.999465
    outer loop
      vertex 14.9346 3.2 -7.39786
      vertex 15 -1.6 -7.4
      vertex 15 3.2 -7.4
    endloop
  endfacet
  facet normal 0.0327042 0 0.999465
    outer loop
      vertex 15 -1.6 -7.4
      vertex 14.9346 3.2 -7.39786
      vertex 14.9346 -1.6 -7.39786
    endloop
  endfacet
  facet normal 0.0327042 0 -0.999465
    outer loop
      vertex 14.9346 -1.6 -5.40214
      vertex 15 3.2 -5.4
      vertex 15 -1.6 -5.4
    endloop
  endfacet
  facet normal 0.0327042 0 -0.999465
    outer loop
      vertex 15 3.2 -5.4
      vertex 14.9346 -1.6 -5.40214
      vertex 14.9346 3.2 -5.40214
    endloop
  endfacet
  facet normal -0.986788 0 -0.162019
    outer loop
      vertex 15.9914 -1.6 -6.26947
      vertex 15.9808 3.2 -6.20491
      vertex 15.9914 3.2 -6.26947
    endloop
  endfacet
  facet normal -0.986788 -0 -0.162019
    outer loop
      vertex 15.9808 3.2 -6.20491
      vertex 15.9914 -1.6 -6.26947
      vertex 15.9808 -1.6 -6.20491
    endloop
  endfacet
  facet normal -0.582452 0 -0.812865
    outer loop
      vertex 15.5556 -1.6 -5.56853
      vertex 15.6088 3.2 -5.60665
      vertex 15.6088 -1.6 -5.60665
    endloop
  endfacet
  facet normal -0.582452 0 -0.812865
    outer loop
      vertex 15.6088 3.2 -5.60665
      vertex 15.5556 -1.6 -5.56853
      vertex 15.5556 3.2 -5.56853
    endloop
  endfacet
  facet normal 0.471381 0 -0.881929
    outer loop
      vertex 14.5 -1.6 -5.53397
      vertex 14.5577 3.2 -5.50313
      vertex 14.5577 -1.6 -5.50313
    endloop
  endfacet
  facet normal 0.471381 0 -0.881929
    outer loop
      vertex 14.5577 3.2 -5.50313
      vertex 14.5 -1.6 -5.53397
      vertex 14.5 3.2 -5.53397
    endloop
  endfacet
  facet normal 0.973741 -0 0.227659
    outer loop
      vertex 14.0192 -1.6 -6.59509
      vertex 14.0341 3.2 -6.65882
      vertex 14.0192 3.2 -6.59509
    endloop
  endfacet
  facet normal 0.973741 0 0.227659
    outer loop
      vertex 14.0341 3.2 -6.65882
      vertex 14.0192 -1.6 -6.59509
      vertex 14.0341 -1.6 -6.65882
    endloop
  endfacet
  facet normal -0.936153 0 -0.351592
    outer loop
      vertex 15.9469 -1.6 -6.07856
      vertex 15.9239 3.2 -6.01732
      vertex 15.9469 3.2 -6.07856
    endloop
  endfacet
  facet normal -0.936153 -0 -0.351592
    outer loop
      vertex 15.9239 3.2 -6.01732
      vertex 15.9469 -1.6 -6.07856
      vertex 15.9239 -1.6 -6.01732
    endloop
  endfacet
  facet normal 0.936153 -0 0.351592
    outer loop
      vertex 14.0531 -1.6 -6.72144
      vertex 14.0761 3.2 -6.78268
      vertex 14.0531 3.2 -6.72144
    endloop
  endfacet
  facet normal 0.936153 0 0.351592
    outer loop
      vertex 14.0761 3.2 -6.78268
      vertex 14.0531 -1.6 -6.72144
      vertex 14.0761 -1.6 -6.78268
    endloop
  endfacet
  facet normal 0.412778 0 -0.910832
    outer loop
      vertex 14.5577 -1.6 -5.50313
      vertex 14.6173 3.2 -5.47612
      vertex 14.6173 -1.6 -5.47612
    endloop
  endfacet
  facet normal 0.412778 0 -0.910832
    outer loop
      vertex 14.6173 3.2 -5.47612
      vertex 14.5577 -1.6 -5.50313
      vertex 14.5577 3.2 -5.50313
    endloop
  endfacet
  facet normal -0.0327042 0 -0.999465
    outer loop
      vertex 15 -1.6 -5.4
      vertex 15.0654 3.2 -5.40214
      vertex 15.0654 -1.6 -5.40214
    endloop
  endfacet
  facet normal -0.0327042 0 -0.999465
    outer loop
      vertex 15.0654 3.2 -5.40214
      vertex 15 -1.6 -5.4
      vertex 15 3.2 -5.4
    endloop
  endfacet
  facet normal 0.999485 -0 0.0320936
    outer loop
      vertex 14 -1.6 -6.4
      vertex 14.0021 3.2 -6.4654
      vertex 14 3.2 -6.4
    endloop
  endfacet
  facet normal 0.999485 0 0.0320936
    outer loop
      vertex 14.0021 3.2 -6.4654
      vertex 14 -1.6 -6.4
      vertex 14.0021 -1.6 -6.4654
    endloop
  endfacet
  facet normal -0.162814 0 0.986657
    outer loop
      vertex 15.1305 3.2 -7.39144
      vertex 15.1951 -1.6 -7.38078
      vertex 15.1951 3.2 -7.38078
    endloop
  endfacet
  facet normal -0.162814 0 0.986657
    outer loop
      vertex 15.1951 -1.6 -7.38078
      vertex 15.1305 3.2 -7.39144
      vertex 15.1305 -1.6 -7.39144
    endloop
  endfacet
  facet normal 0.634994 0 -0.772517
    outer loop
      vertex 14.3407 -1.6 -5.64816
      vertex 14.3912 3.2 -5.60665
      vertex 14.3912 -1.6 -5.60665
    endloop
  endfacet
  facet normal 0.634994 0 -0.772517
    outer loop
      vertex 14.3912 3.2 -5.60665
      vertex 14.3407 -1.6 -5.64816
      vertex 14.3407 3.2 -5.64816
    endloop
  endfacet
  facet normal 0.910915 -0 0.412594
    outer loop
      vertex 14.0761 -1.6 -6.78268
      vertex 14.1031 3.2 -6.84229
      vertex 14.0761 3.2 -6.78268
    endloop
  endfacet
  facet normal 0.910915 0 0.412594
    outer loop
      vertex 14.1031 3.2 -6.84229
      vertex 14.0761 -1.6 -6.78268
      vertex 14.1031 -1.6 -6.84229
    endloop
  endfacet
  facet normal 0.5278 0 0.849369
    outer loop
      vertex 14.4444 3.2 -7.23147
      vertex 14.5 -1.6 -7.26602
      vertex 14.5 3.2 -7.26602
    endloop
  endfacet
  facet normal 0.5278 0 0.849369
    outer loop
      vertex 14.5 -1.6 -7.26602
      vertex 14.4444 3.2 -7.23147
      vertex 14.4444 -1.6 -7.23147
    endloop
  endfacet
  facet normal -0.995205 0 0.0978089
    outer loop
      vertex 18.3956 -1.6 -5.53469
      vertex 18.402 3.2 -5.46957
      vertex 18.3956 3.2 -5.53469
    endloop
  endfacet
  facet normal -0.995205 0 0.0978089
    outer loop
      vertex 18.402 3.2 -5.46957
      vertex 18.3956 -1.6 -5.53469
      vertex 18.402 -1.6 -5.46957
    endloop
  endfacet
  facet normal -0.999435 0 0.033615
    outer loop
      vertex 18.402 -1.6 -5.46957
      vertex 18.4042 3.2 -5.40416
      vertex 18.402 3.2 -5.46957
    endloop
  endfacet
  facet normal -0.999435 0 0.033615
    outer loop
      vertex 18.4042 3.2 -5.40416
      vertex 18.402 -1.6 -5.46957
      vertex 18.4042 -1.6 -5.40416
    endloop
  endfacet
  facet normal -0.986542 0 0.163507
    outer loop
      vertex 18.3849 -1.6 -5.59925
      vertex 18.3956 3.2 -5.53469
      vertex 18.3849 3.2 -5.59925
    endloop
  endfacet
  facet normal -0.986542 0 0.163507
    outer loop
      vertex 18.3956 3.2 -5.53469
      vertex 18.3849 -1.6 -5.59925
      vertex 18.3956 -1.6 -5.53469
    endloop
  endfacet
  facet normal -0.974079 0 0.22621
    outer loop
      vertex 18.3701 -1.6 -5.66298
      vertex 18.3849 3.2 -5.59925
      vertex 18.3701 3.2 -5.66298
    endloop
  endfacet
  facet normal -0.974079 0 0.22621
    outer loop
      vertex 18.3849 3.2 -5.59925
      vertex 18.3701 -1.6 -5.66298
      vertex 18.3849 -1.6 -5.59925
    endloop
  endfacet
  facet normal -0.0981414 0 -0.995172
    outer loop
      vertex 17.4696 -1.6 -4.4063
      vertex 17.5347 3.2 -4.41272
      vertex 17.5347 -1.6 -4.41272
    endloop
  endfacet
  facet normal -0.0981414 0 -0.995172
    outer loop
      vertex 17.5347 3.2 -4.41272
      vertex 17.4696 -1.6 -4.4063
      vertex 17.4696 3.2 -4.4063
    endloop
  endfacet
  facet normal -0.09799 0 0.995187
    outer loop
      vertex 17.4696 3.2 -6.40202
      vertex 17.5347 -1.6 -6.39561
      vertex 17.5347 3.2 -6.39561
    endloop
  endfacet
  facet normal -0.09799 0 0.995187
    outer loop
      vertex 17.5347 -1.6 -6.39561
      vertex 17.4696 3.2 -6.40202
      vertex 17.4696 -1.6 -6.40202
    endloop
  endfacet
  facet normal 0.5278 0 -0.849369
    outer loop
      vertex 16.8486 -1.6 -4.57269
      vertex 16.9042 3.2 -4.53814
      vertex 16.9042 -1.6 -4.53814
    endloop
  endfacet
  facet normal 0.5278 0 -0.849369
    outer loop
      vertex 16.9042 3.2 -4.53814
      vertex 16.8486 -1.6 -4.57269
      vertex 16.8486 3.2 -4.57269
    endloop
  endfacet
  facet normal -0.352464 0 -0.935825
    outer loop
      vertex 17.7256 -1.6 -4.45723
      vertex 17.7868 3.2 -4.48028
      vertex 17.7868 -1.6 -4.48028
    endloop
  endfacet
  facet normal -0.352464 0 -0.935825
    outer loop
      vertex 17.7868 3.2 -4.48028
      vertex 17.7256 -1.6 -4.45723
      vertex 17.7256 3.2 -4.45723
    endloop
  endfacet
  facet normal -0.290292 0 -0.956938
    outer loop
      vertex 17.663 -1.6 -4.43824
      vertex 17.7256 3.2 -4.45723
      vertex 17.7256 -1.6 -4.45723
    endloop
  endfacet
  facet normal -0.290292 0 -0.956938
    outer loop
      vertex 17.7256 3.2 -4.45723
      vertex 17.663 -1.6 -4.43824
      vertex 17.663 3.2 -4.43824
    endloop
  endfacet
  facet normal -0.910889 0 0.412651
    outer loop
      vertex 18.301 -1.6 -5.84645
      vertex 18.328 3.2 -5.78685
      vertex 18.301 3.2 -5.84645
    endloop
  endfacet
  facet normal -0.910889 0 0.412651
    outer loop
      vertex 18.328 3.2 -5.78685
      vertex 18.301 -1.6 -5.84645
      vertex 18.328 -1.6 -5.78685
    endloop
  endfacet
  facet normal 0.684114 0 -0.729375
    outer loop
      vertex 16.6971 -1.6 -4.69706
      vertex 16.7448 3.2 -4.65232
      vertex 16.7448 -1.6 -4.65232
    endloop
  endfacet
  facet normal 0.684114 0 -0.729375
    outer loop
      vertex 16.7448 3.2 -4.65232
      vertex 16.6971 -1.6 -4.69706
      vertex 16.6971 3.2 -4.69706
    endloop
  endfacet
  facet normal 0.729347 0 -0.684144
    outer loop
      vertex 16.6971 -1.6 -4.69706
      vertex 16.6523 3.2 -4.74482
      vertex 16.6971 3.2 -4.69706
    endloop
  endfacet
  facet normal 0.729347 0 -0.684144
    outer loop
      vertex 16.6523 3.2 -4.74482
      vertex 16.6971 -1.6 -4.69706
      vertex 16.6523 -1.6 -4.74482
    endloop
  endfacet
  facet normal -0.910915 0 -0.412594
    outer loop
      vertex 18.328 -1.6 -5.02148
      vertex 18.301 3.2 -4.96187
      vertex 18.328 3.2 -5.02148
    endloop
  endfacet
  facet normal -0.910915 -0 -0.412594
    outer loop
      vertex 18.301 3.2 -4.96187
      vertex 18.328 -1.6 -5.02148
      vertex 18.301 -1.6 -4.96187
    endloop
  endfacet
  facet normal -0.882217 0 0.470842
    outer loop
      vertex 18.2702 -1.6 -5.90416
      vertex 18.301 3.2 -5.84645
      vertex 18.2702 3.2 -5.90416
    endloop
  endfacet
  facet normal -0.882217 0 0.470842
    outer loop
      vertex 18.301 3.2 -5.84645
      vertex 18.2702 -1.6 -5.90416
      vertex 18.301 -1.6 -5.84645
    endloop
  endfacet
  facet normal 0.0978412 0 0.995202
    outer loop
      vertex 17.2736 3.2 -6.39561
      vertex 17.3388 -1.6 -6.40202
      vertex 17.3388 3.2 -6.40202
    endloop
  endfacet
  facet normal 0.0978412 0 0.995202
    outer loop
      vertex 17.3388 -1.6 -6.40202
      vertex 17.2736 3.2 -6.39561
      vertex 17.2736 -1.6 -6.39561
    endloop
  endfacet
  facet normal -0.162814 0 -0.986657
    outer loop
      vertex 17.5347 -1.6 -4.41272
      vertex 17.5993 3.2 -4.42338
      vertex 17.5993 -1.6 -4.42338
    endloop
  endfacet
  facet normal -0.162814 0 -0.986657
    outer loop
      vertex 17.5993 3.2 -4.42338
      vertex 17.5347 -1.6 -4.41272
      vertex 17.5347 3.2 -4.41272
    endloop
  endfacet
  facet normal 0.773146 -0 0.634228
    outer loop
      vertex 16.6108 -1.6 -6.01292
      vertex 16.6523 3.2 -6.06351
      vertex 16.6108 3.2 -6.01292
    endloop
  endfacet
  facet normal 0.773146 0 0.634228
    outer loop
      vertex 16.6523 3.2 -6.06351
      vertex 16.6108 -1.6 -6.01292
      vertex 16.6523 -1.6 -6.06351
    endloop
  endfacet
  facet normal 0.812958 -0 0.582322
    outer loop
      vertex 16.5727 -1.6 -5.95973
      vertex 16.6108 3.2 -6.01292
      vertex 16.5727 3.2 -5.95973
    endloop
  endfacet
  facet normal 0.812958 0 0.582322
    outer loop
      vertex 16.6108 3.2 -6.01292
      vertex 16.5727 -1.6 -5.95973
      vertex 16.6108 -1.6 -6.01292
    endloop
  endfacet
  facet normal -0.634335 0 0.773058
    outer loop
      vertex 18.0129 3.2 -6.19752
      vertex 18.0635 -1.6 -6.156
      vertex 18.0635 3.2 -6.156
    endloop
  endfacet
  facet normal -0.634335 0 0.773058
    outer loop
      vertex 18.0635 -1.6 -6.156
      vertex 18.0129 3.2 -6.19752
      vertex 18.0129 -1.6 -6.19752
    endloop
  endfacet
  facet normal -0.582351 0 0.812938
    outer loop
      vertex 17.9597 3.2 -6.23563
      vertex 18.0129 -1.6 -6.19752
      vertex 18.0129 3.2 -6.19752
    endloop
  endfacet
  facet normal -0.582351 0 0.812938
    outer loop
      vertex 18.0129 -1.6 -6.19752
      vertex 17.9597 3.2 -6.23563
      vertex 17.9597 -1.6 -6.23563
    endloop
  endfacet
  facet normal -0.68327 0 0.730166
    outer loop
      vertex 18.0635 3.2 -6.156
      vertex 18.1113 -1.6 -6.11127
      vertex 18.1113 3.2 -6.11127
    endloop
  endfacet
  facet normal -0.68327 0 0.730166
    outer loop
      vertex 18.1113 -1.6 -6.11127
      vertex 18.0635 3.2 -6.156
      vertex 18.0635 -1.6 -6.156
    endloop
  endfacet
  facet normal 0.582452 0 -0.812865
    outer loop
      vertex 16.7954 -1.6 -4.61081
      vertex 16.8486 3.2 -4.57269
      vertex 16.8486 -1.6 -4.57269
    endloop
  endfacet
  facet normal 0.582452 0 -0.812865
    outer loop
      vertex 16.8486 3.2 -4.57269
      vertex 16.7954 -1.6 -4.61081
      vertex 16.7954 3.2 -4.61081
    endloop
  endfacet
  facet normal -0.999435 0 -0.0336201
    outer loop
      vertex 18.4042 -1.6 -5.40416
      vertex 18.402 3.2 -5.33876
      vertex 18.4042 3.2 -5.40416
    endloop
  endfacet
  facet normal -0.999435 -0 -0.0336201
    outer loop
      vertex 18.402 3.2 -5.33876
      vertex 18.4042 -1.6 -5.40416
      vertex 18.402 -1.6 -5.33876
    endloop
  endfacet
  facet normal 0.882217 0 -0.470842
    outer loop
      vertex 16.5381 -1.6 -4.90416
      vertex 16.5073 3.2 -4.96187
      vertex 16.5381 3.2 -4.90416
    endloop
  endfacet
  facet normal 0.882217 0 -0.470842
    outer loop
      vertex 16.5073 3.2 -4.96187
      vertex 16.5381 -1.6 -4.90416
      vertex 16.5073 -1.6 -4.96187
    endloop
  endfacet
  facet normal 0.999485 0 -0.0320936
    outer loop
      vertex 16.4063 -1.6 -5.33876
      vertex 16.4042 3.2 -5.40416
      vertex 16.4063 3.2 -5.33876
    endloop
  endfacet
  facet normal 0.999485 0 -0.0320936
    outer loop
      vertex 16.4042 3.2 -5.40416
      vertex 16.4063 -1.6 -5.33876
      vertex 16.4042 -1.6 -5.40416
    endloop
  endfacet
  facet normal 0.290432 0 0.956896
    outer loop
      vertex 17.0827 3.2 -6.35109
      vertex 17.1453 -1.6 -6.37009
      vertex 17.1453 3.2 -6.37009
    endloop
  endfacet
  facet normal 0.290432 0 0.956896
    outer loop
      vertex 17.1453 -1.6 -6.37009
      vertex 17.0827 3.2 -6.35109
      vertex 17.0827 -1.6 -6.35109
    endloop
  endfacet
  facet normal 0.163059 0 -0.986616
    outer loop
      vertex 17.2091 -1.6 -4.42338
      vertex 17.2736 3.2 -4.41272
      vertex 17.2736 -1.6 -4.41272
    endloop
  endfacet
  facet normal 0.163059 0 -0.986616
    outer loop
      vertex 17.2736 3.2 -4.41272
      vertex 17.2091 -1.6 -4.42338
      vertex 17.2091 3.2 -4.42338
    endloop
  endfacet
  facet normal -0.773146 0 0.634228
    outer loop
      vertex 18.156 -1.6 -6.06351
      vertex 18.1975 3.2 -6.01292
      vertex 18.156 3.2 -6.06351
    endloop
  endfacet
  facet normal -0.773146 0 0.634228
    outer loop
      vertex 18.1975 3.2 -6.01292
      vertex 18.156 -1.6 -6.06351
      vertex 18.1975 -1.6 -6.01292
    endloop
  endfacet
  facet normal -0.352464 0 0.935825
    outer loop
      vertex 17.7256 3.2 -6.35109
      vertex 17.7868 -1.6 -6.32804
      vertex 17.7868 3.2 -6.32804
    endloop
  endfacet
  facet normal -0.352464 0 0.935825
    outer loop
      vertex 17.7868 -1.6 -6.32804
      vertex 17.7256 3.2 -6.35109
      vertex 17.7256 -1.6 -6.35109
    endloop
  endfacet
  facet normal 0.634335 0 0.773058
    outer loop
      vertex 16.7448 3.2 -6.156
      vertex 16.7954 -1.6 -6.19752
      vertex 16.7954 3.2 -6.19752
    endloop
  endfacet
  facet normal 0.634335 0 0.773058
    outer loop
      vertex 16.7954 -1.6 -6.19752
      vertex 16.7448 3.2 -6.156
      vertex 16.7448 -1.6 -6.156
    endloop
  endfacet
  facet normal -0.935649 0 -0.352931
    outer loop
      vertex 18.3511 -1.6 -5.08272
      vertex 18.328 3.2 -5.02148
      vertex 18.3511 3.2 -5.08272
    endloop
  endfacet
  facet normal -0.935649 -0 -0.352931
    outer loop
      vertex 18.328 3.2 -5.02148
      vertex 18.3511 -1.6 -5.08272
      vertex 18.328 -1.6 -5.02148
    endloop
  endfacet
  facet normal -0.935668 0 0.352881
    outer loop
      vertex 18.328 -1.6 -5.78685
      vertex 18.3511 3.2 -5.7256
      vertex 18.328 3.2 -5.78685
    endloop
  endfacet
  facet normal -0.935668 0 0.352881
    outer loop
      vertex 18.3511 3.2 -5.7256
      vertex 18.328 -1.6 -5.78685
      vertex 18.3511 -1.6 -5.7256
    endloop
  endfacet
  facet normal 0.471381 0 0.881929
    outer loop
      vertex 16.9042 3.2 -6.27019
      vertex 16.9619 -1.6 -6.30103
      vertex 16.9619 3.2 -6.30103
    endloop
  endfacet
  facet normal 0.471381 0 0.881929
    outer loop
      vertex 16.9619 -1.6 -6.30103
      vertex 16.9042 3.2 -6.27019
      vertex 16.9042 -1.6 -6.27019
    endloop
  endfacet
  facet normal 0.0979924 0 -0.995187
    outer loop
      vertex 17.2736 -1.6 -4.41272
      vertex 17.3388 3.2 -4.4063
      vertex 17.3388 -1.6 -4.4063
    endloop
  endfacet
  facet normal 0.0979924 0 -0.995187
    outer loop
      vertex 17.3388 3.2 -4.4063
      vertex 17.2736 -1.6 -4.41272
      vertex 17.2736 3.2 -4.41272
    endloop
  endfacet
  facet normal -0.956922 0 0.290347
    outer loop
      vertex 18.3511 -1.6 -5.7256
      vertex 18.3701 3.2 -5.66298
      vertex 18.3511 3.2 -5.7256
    endloop
  endfacet
  facet normal -0.956922 0 0.290347
    outer loop
      vertex 18.3701 3.2 -5.66298
      vertex 18.3511 -1.6 -5.7256
      vertex 18.3701 -1.6 -5.66298
    endloop
  endfacet
  facet normal -0.848898 0 0.528556
    outer loop
      vertex 18.2356 -1.6 -5.95973
      vertex 18.2702 3.2 -5.90416
      vertex 18.2356 3.2 -5.95973
    endloop
  endfacet
  facet normal -0.848898 0 0.528556
    outer loop
      vertex 18.2702 3.2 -5.90416
      vertex 18.2356 -1.6 -5.95973
      vertex 18.2702 -1.6 -5.90416
    endloop
  endfacet
  facet normal -0.683352 0 -0.730089
    outer loop
      vertex 18.0635 -1.6 -4.65232
      vertex 18.1113 3.2 -4.69706
      vertex 18.1113 -1.6 -4.69706
    endloop
  endfacet
  facet normal -0.683352 0 -0.730089
    outer loop
      vertex 18.1113 3.2 -4.69706
      vertex 18.0635 -1.6 -4.65232
      vertex 18.0635 3.2 -4.65232
    endloop
  endfacet
  facet normal -0.412204 0 -0.911092
    outer loop
      vertex 17.7868 -1.6 -4.48028
      vertex 17.8465 3.2 -4.50729
      vertex 17.8465 -1.6 -4.50729
    endloop
  endfacet
  facet normal -0.412204 0 -0.911092
    outer loop
      vertex 17.8465 3.2 -4.50729
      vertex 17.7868 -1.6 -4.48028
      vertex 17.7868 3.2 -4.48028
    endloop
  endfacet
  facet normal -0.812958 0 -0.582322
    outer loop
      vertex 18.2356 -1.6 -4.84859
      vertex 18.1975 3.2 -4.7954
      vertex 18.2356 3.2 -4.84859
    endloop
  endfacet
  facet normal -0.812958 -0 -0.582322
    outer loop
      vertex 18.1975 3.2 -4.7954
      vertex 18.2356 -1.6 -4.84859
      vertex 18.1975 -1.6 -4.7954
    endloop
  endfacet
  facet normal 0.412778 0 0.910832
    outer loop
      vertex 16.9619 3.2 -6.30103
      vertex 17.0215 -1.6 -6.32804
      vertex 17.0215 3.2 -6.32804
    endloop
  endfacet
  facet normal 0.412778 0 0.910832
    outer loop
      vertex 17.0215 -1.6 -6.32804
      vertex 16.9619 3.2 -6.30103
      vertex 16.9619 -1.6 -6.30103
    endloop
  endfacet
  facet normal -0.995205 0 -0.0978089
    outer loop
      vertex 18.402 -1.6 -5.33876
      vertex 18.3956 3.2 -5.27364
      vertex 18.402 3.2 -5.33876
    endloop
  endfacet
  facet normal -0.995205 -0 -0.0978089
    outer loop
      vertex 18.3956 3.2 -5.27364
      vertex 18.402 -1.6 -5.33876
      vertex 18.3956 -1.6 -5.27364
    endloop
  endfacet
  facet normal 0.956922 -0 0.290347
    outer loop
      vertex 16.4382 -1.6 -5.66298
      vertex 16.4572 3.2 -5.7256
      vertex 16.4382 3.2 -5.66298
    endloop
  endfacet
  facet normal 0.956922 0 0.290347
    outer loop
      vertex 16.4572 3.2 -5.7256
      vertex 16.4382 -1.6 -5.66298
      vertex 16.4572 -1.6 -5.7256
    endloop
  endfacet
  facet normal -0.956922 0 -0.290347
    outer loop
      vertex 18.3701 -1.6 -5.14534
      vertex 18.3511 3.2 -5.08272
      vertex 18.3701 3.2 -5.14534
    endloop
  endfacet
  facet normal -0.956922 -0 -0.290347
    outer loop
      vertex 18.3511 3.2 -5.08272
      vertex 18.3701 -1.6 -5.14534
      vertex 18.3511 -1.6 -5.08272
    endloop
  endfacet
  facet normal 0.935649 0 -0.352931
    outer loop
      vertex 16.4803 -1.6 -5.02148
      vertex 16.4572 3.2 -5.08272
      vertex 16.4803 3.2 -5.02148
    endloop
  endfacet
  facet normal 0.935649 0 -0.352931
    outer loop
      vertex 16.4572 3.2 -5.08272
      vertex 16.4803 -1.6 -5.02148
      vertex 16.4572 -1.6 -5.08272
    endloop
  endfacet
  facet normal 0.773085 0 -0.634303
    outer loop
      vertex 16.6523 -1.6 -4.74482
      vertex 16.6108 3.2 -4.7954
      vertex 16.6523 3.2 -4.74482
    endloop
  endfacet
  facet normal 0.773085 0 -0.634303
    outer loop
      vertex 16.6108 3.2 -4.7954
      vertex 16.6523 -1.6 -4.74482
      vertex 16.6108 -1.6 -4.7954
    endloop
  endfacet
  facet normal 0.226844 0 -0.973931
    outer loop
      vertex 17.1453 -1.6 -4.43824
      vertex 17.2091 3.2 -4.42338
      vertex 17.2091 -1.6 -4.42338
    endloop
  endfacet
  facet normal 0.226844 0 -0.973931
    outer loop
      vertex 17.2091 3.2 -4.42338
      vertex 17.1453 -1.6 -4.43824
      vertex 17.1453 3.2 -4.43824
    endloop
  endfacet
  facet normal 0.910889 -0 0.412651
    outer loop
      vertex 16.4803 -1.6 -5.78685
      vertex 16.5073 3.2 -5.84645
      vertex 16.4803 3.2 -5.78685
    endloop
  endfacet
  facet normal 0.910889 0 0.412651
    outer loop
      vertex 16.5073 3.2 -5.84645
      vertex 16.4803 -1.6 -5.78685
      vertex 16.5073 -1.6 -5.84645
    endloop
  endfacet
  facet normal 0.684033 0 0.729451
    outer loop
      vertex 16.6971 3.2 -6.11127
      vertex 16.7448 -1.6 -6.156
      vertex 16.7448 3.2 -6.156
    endloop
  endfacet
  facet normal 0.684033 0 0.729451
    outer loop
      vertex 16.7448 -1.6 -6.156
      vertex 16.6971 3.2 -6.11127
      vertex 16.6971 -1.6 -6.11127
    endloop
  endfacet
  facet normal -0.471381 0 0.881929
    outer loop
      vertex 17.8465 3.2 -6.30103
      vertex 17.9042 -1.6 -6.27019
      vertex 17.9042 3.2 -6.27019
    endloop
  endfacet
  facet normal -0.471381 0 0.881929
    outer loop
      vertex 17.9042 -1.6 -6.27019
      vertex 17.8465 3.2 -6.30103
      vertex 17.8465 -1.6 -6.30103
    endloop
  endfacet
  facet normal -0.0327042 0 -0.999465
    outer loop
      vertex 17.4042 -1.6 -4.40416
      vertex 17.4696 3.2 -4.4063
      vertex 17.4696 -1.6 -4.4063
    endloop
  endfacet
  facet normal -0.0327042 0 -0.999465
    outer loop
      vertex 17.4696 3.2 -4.4063
      vertex 17.4042 -1.6 -4.40416
      vertex 17.4042 3.2 -4.40416
    endloop
  endfacet
  facet normal 0.226844 0 0.973931
    outer loop
      vertex 17.1453 3.2 -6.37009
      vertex 17.2091 -1.6 -6.38495
      vertex 17.2091 3.2 -6.38495
    endloop
  endfacet
  facet normal 0.226844 0 0.973931
    outer loop
      vertex 17.2091 -1.6 -6.38495
      vertex 17.1453 3.2 -6.37009
      vertex 17.1453 -1.6 -6.37009
    endloop
  endfacet
  facet normal -0.290432 0 0.956896
    outer loop
      vertex 17.663 3.2 -6.37009
      vertex 17.7256 -1.6 -6.35109
      vertex 17.7256 3.2 -6.35109
    endloop
  endfacet
  facet normal -0.290432 0 0.956896
    outer loop
      vertex 17.7256 -1.6 -6.35109
      vertex 17.663 3.2 -6.37009
      vertex 17.663 -1.6 -6.37009
    endloop
  endfacet
  facet normal -0.974079 0 -0.22621
    outer loop
      vertex 18.3849 -1.6 -5.20907
      vertex 18.3701 3.2 -5.14534
      vertex 18.3849 3.2 -5.20907
    endloop
  endfacet
  facet normal -0.974079 -0 -0.22621
    outer loop
      vertex 18.3701 3.2 -5.14534
      vertex 18.3849 -1.6 -5.20907
      vertex 18.3701 -1.6 -5.14534
    endloop
  endfacet
  facet normal -0.730109 0 -0.683331
    outer loop
      vertex 18.156 -1.6 -4.74482
      vertex 18.1113 3.2 -4.69706
      vertex 18.156 3.2 -4.74482
    endloop
  endfacet
  facet normal -0.730109 -0 -0.683331
    outer loop
      vertex 18.1113 3.2 -4.69706
      vertex 18.156 -1.6 -4.74482
      vertex 18.1113 -1.6 -4.69706
    endloop
  endfacet
  facet normal -0.582452 0 -0.812865
    outer loop
      vertex 17.9597 -1.6 -4.57269
      vertex 18.0129 3.2 -4.61081
      vertex 18.0129 -1.6 -4.61081
    endloop
  endfacet
  facet normal -0.582452 0 -0.812865
    outer loop
      vertex 18.0129 3.2 -4.61081
      vertex 17.9597 -1.6 -4.57269
      vertex 17.9597 3.2 -4.57269
    endloop
  endfacet
  facet normal 0.995205 -0 0.0978089
    outer loop
      vertex 16.4063 -1.6 -5.46957
      vertex 16.4127 3.2 -5.53469
      vertex 16.4063 3.2 -5.46957
    endloop
  endfacet
  facet normal 0.995205 0 0.0978089
    outer loop
      vertex 16.4127 3.2 -5.53469
      vertex 16.4063 -1.6 -5.46957
      vertex 16.4127 -1.6 -5.53469
    endloop
  endfacet
  facet normal -0.528596 0 0.848874
    outer loop
      vertex 17.9042 3.2 -6.27019
      vertex 17.9597 -1.6 -6.23563
      vertex 17.9597 3.2 -6.23563
    endloop
  endfacet
  facet normal -0.528596 0 0.848874
    outer loop
      vertex 17.9597 -1.6 -6.23563
      vertex 17.9042 3.2 -6.27019
      vertex 17.9042 -1.6 -6.27019
    endloop
  endfacet
  facet normal 0.986546 0 -0.163482
    outer loop
      vertex 16.4234 -1.6 -5.20907
      vertex 16.4127 3.2 -5.27364
      vertex 16.4234 3.2 -5.20907
    endloop
  endfacet
  facet normal 0.986546 0 -0.163482
    outer loop
      vertex 16.4127 3.2 -5.27364
      vertex 16.4234 -1.6 -5.20907
      vertex 16.4127 -1.6 -5.27364
    endloop
  endfacet
  facet normal 0.52791 0 0.8493
    outer loop
      vertex 16.8486 3.2 -6.23563
      vertex 16.9042 -1.6 -6.27019
      vertex 16.9042 3.2 -6.27019
    endloop
  endfacet
  facet normal 0.52791 0 0.8493
    outer loop
      vertex 16.9042 -1.6 -6.27019
      vertex 16.8486 3.2 -6.23563
      vertex 16.8486 -1.6 -6.23563
    endloop
  endfacet
  facet normal -0.773085 0 -0.634303
    outer loop
      vertex 18.1975 -1.6 -4.7954
      vertex 18.156 3.2 -4.74482
      vertex 18.1975 3.2 -4.7954
    endloop
  endfacet
  facet normal -0.773085 -0 -0.634303
    outer loop
      vertex 18.156 3.2 -4.74482
      vertex 18.1975 -1.6 -4.7954
      vertex 18.156 -1.6 -4.74482
    endloop
  endfacet
  facet normal 0.290292 0 -0.956938
    outer loop
      vertex 17.0827 -1.6 -4.45723
      vertex 17.1453 3.2 -4.43824
      vertex 17.1453 -1.6 -4.43824
    endloop
  endfacet
  facet normal 0.290292 0 -0.956938
    outer loop
      vertex 17.1453 3.2 -4.43824
      vertex 17.0827 -1.6 -4.45723
      vertex 17.0827 3.2 -4.45723
    endloop
  endfacet
  facet normal 0.352464 0 -0.935825
    outer loop
      vertex 17.0215 -1.6 -4.48028
      vertex 17.0827 3.2 -4.45723
      vertex 17.0827 -1.6 -4.45723
    endloop
  endfacet
  facet normal 0.352464 0 -0.935825
    outer loop
      vertex 17.0827 3.2 -4.45723
      vertex 17.0215 -1.6 -4.48028
      vertex 17.0215 3.2 -4.48028
    endloop
  endfacet
  facet normal -0.634244 0 -0.773133
    outer loop
      vertex 18.0129 -1.6 -4.61081
      vertex 18.0635 3.2 -4.65232
      vertex 18.0635 -1.6 -4.65232
    endloop
  endfacet
  facet normal -0.634244 0 -0.773133
    outer loop
      vertex 18.0635 3.2 -4.65232
      vertex 18.0129 -1.6 -4.61081
      vertex 18.0129 3.2 -4.61081
    endloop
  endfacet
  facet normal 0.812958 0 -0.582322
    outer loop
      vertex 16.6108 -1.6 -4.7954
      vertex 16.5727 3.2 -4.84859
      vertex 16.6108 3.2 -4.7954
    endloop
  endfacet
  facet normal 0.812958 0 -0.582322
    outer loop
      vertex 16.5727 3.2 -4.84859
      vertex 16.6108 -1.6 -4.7954
      vertex 16.5727 -1.6 -4.84859
    endloop
  endfacet
  facet normal 0.163059 0 0.986616
    outer loop
      vertex 17.2091 3.2 -6.38495
      vertex 17.2736 -1.6 -6.39561
      vertex 17.2736 3.2 -6.39561
    endloop
  endfacet
  facet normal 0.163059 0 0.986616
    outer loop
      vertex 17.2736 -1.6 -6.39561
      vertex 17.2091 3.2 -6.38495
      vertex 17.2091 -1.6 -6.38495
    endloop
  endfacet
  facet normal 0.935668 -0 0.352881
    outer loop
      vertex 16.4572 -1.6 -5.7256
      vertex 16.4803 3.2 -5.78685
      vertex 16.4572 3.2 -5.7256
    endloop
  endfacet
  facet normal 0.935668 0 0.352881
    outer loop
      vertex 16.4803 3.2 -5.78685
      vertex 16.4572 -1.6 -5.7256
      vertex 16.4803 -1.6 -5.78685
    endloop
  endfacet
  facet normal -0.812958 0 0.582322
    outer loop
      vertex 18.1975 -1.6 -6.01292
      vertex 18.2356 3.2 -5.95973
      vertex 18.1975 3.2 -6.01292
    endloop
  endfacet
  facet normal -0.812958 0 0.582322
    outer loop
      vertex 18.2356 3.2 -5.95973
      vertex 18.1975 -1.6 -6.01292
      vertex 18.2356 -1.6 -5.95973
    endloop
  endfacet
  facet normal -0.848898 0 -0.528556
    outer loop
      vertex 18.2702 -1.6 -4.90416
      vertex 18.2356 3.2 -4.84859
      vertex 18.2702 3.2 -4.90416
    endloop
  endfacet
  facet normal -0.848898 -0 -0.528556
    outer loop
      vertex 18.2356 3.2 -4.84859
      vertex 18.2702 -1.6 -4.90416
      vertex 18.2356 -1.6 -4.84859
    endloop
  endfacet
  facet normal -0.730109 0 0.683331
    outer loop
      vertex 18.1113 -1.6 -6.11127
      vertex 18.156 3.2 -6.06351
      vertex 18.1113 3.2 -6.11127
    endloop
  endfacet
  facet normal -0.730109 0 0.683331
    outer loop
      vertex 18.156 3.2 -6.06351
      vertex 18.1113 -1.6 -6.11127
      vertex 18.156 -1.6 -6.06351
    endloop
  endfacet
  facet normal 0.0327042 0 0.999465
    outer loop
      vertex 17.3388 3.2 -6.40202
      vertex 17.4042 -1.6 -6.40416
      vertex 17.4042 3.2 -6.40416
    endloop
  endfacet
  facet normal 0.0327042 0 0.999465
    outer loop
      vertex 17.4042 -1.6 -6.40416
      vertex 17.3388 3.2 -6.40202
      vertex 17.3388 -1.6 -6.40202
    endloop
  endfacet
  facet normal -0.227181 0 0.973852
    outer loop
      vertex 17.5993 3.2 -6.38495
      vertex 17.663 -1.6 -6.37009
      vertex 17.663 3.2 -6.37009
    endloop
  endfacet
  facet normal -0.227181 0 0.973852
    outer loop
      vertex 17.663 -1.6 -6.37009
      vertex 17.5993 3.2 -6.38495
      vertex 17.5993 -1.6 -6.38495
    endloop
  endfacet
  facet normal -0.227181 0 -0.973852
    outer loop
      vertex 17.5993 -1.6 -4.42338
      vertex 17.663 3.2 -4.43824
      vertex 17.663 -1.6 -4.43824
    endloop
  endfacet
  facet normal -0.227181 0 -0.973852
    outer loop
      vertex 17.663 3.2 -4.43824
      vertex 17.5993 -1.6 -4.42338
      vertex 17.5993 3.2 -4.42338
    endloop
  endfacet
  facet normal -0.882217 0 -0.470842
    outer loop
      vertex 18.301 -1.6 -4.96187
      vertex 18.2702 3.2 -4.90416
      vertex 18.301 3.2 -4.96187
    endloop
  endfacet
  facet normal -0.882217 -0 -0.470842
    outer loop
      vertex 18.2702 3.2 -4.90416
      vertex 18.301 -1.6 -4.96187
      vertex 18.2702 -1.6 -4.90416
    endloop
  endfacet
  facet normal 0.848898 0 -0.528556
    outer loop
      vertex 16.5727 -1.6 -4.84859
      vertex 16.5381 3.2 -4.90416
      vertex 16.5727 3.2 -4.84859
    endloop
  endfacet
  facet normal 0.848898 0 -0.528556
    outer loop
      vertex 16.5381 3.2 -4.90416
      vertex 16.5727 -1.6 -4.84859
      vertex 16.5381 -1.6 -4.90416
    endloop
  endfacet
  facet normal 0.986542 -0 0.163507
    outer loop
      vertex 16.4127 -1.6 -5.53469
      vertex 16.4234 3.2 -5.59925
      vertex 16.4127 3.2 -5.53469
    endloop
  endfacet
  facet normal 0.986542 0 0.163507
    outer loop
      vertex 16.4234 3.2 -5.59925
      vertex 16.4127 -1.6 -5.53469
      vertex 16.4234 -1.6 -5.59925
    endloop
  endfacet
  facet normal 0.729347 -0 0.684144
    outer loop
      vertex 16.6523 -1.6 -6.06351
      vertex 16.6971 3.2 -6.11127
      vertex 16.6523 3.2 -6.06351
    endloop
  endfacet
  facet normal 0.729347 0 0.684144
    outer loop
      vertex 16.6971 3.2 -6.11127
      vertex 16.6523 -1.6 -6.06351
      vertex 16.6971 -1.6 -6.11127
    endloop
  endfacet
  facet normal -0.986546 0 -0.163482
    outer loop
      vertex 18.3956 -1.6 -5.27364
      vertex 18.3849 3.2 -5.20907
      vertex 18.3956 3.2 -5.27364
    endloop
  endfacet
  facet normal -0.986546 -0 -0.163482
    outer loop
      vertex 18.3849 3.2 -5.20907
      vertex 18.3956 -1.6 -5.27364
      vertex 18.3849 -1.6 -5.20907
    endloop
  endfacet
  facet normal 0.352464 0 0.935825
    outer loop
      vertex 17.0215 3.2 -6.32804
      vertex 17.0827 -1.6 -6.35109
      vertex 17.0827 3.2 -6.35109
    endloop
  endfacet
  facet normal 0.352464 0 0.935825
    outer loop
      vertex 17.0827 -1.6 -6.35109
      vertex 17.0215 3.2 -6.32804
      vertex 17.0215 -1.6 -6.32804
    endloop
  endfacet
  facet normal 0.999485 -0 0.0320886
    outer loop
      vertex 16.4042 -1.6 -5.40416
      vertex 16.4063 3.2 -5.46957
      vertex 16.4042 3.2 -5.40416
    endloop
  endfacet
  facet normal 0.999485 0 0.0320886
    outer loop
      vertex 16.4063 3.2 -5.46957
      vertex 16.4042 -1.6 -5.40416
      vertex 16.4063 -1.6 -5.46957
    endloop
  endfacet
  facet normal -0.4715 0 -0.881866
    outer loop
      vertex 17.8465 -1.6 -4.50729
      vertex 17.9042 3.2 -4.53814
      vertex 17.9042 -1.6 -4.53814
    endloop
  endfacet
  facet normal -0.4715 0 -0.881866
    outer loop
      vertex 17.9042 3.2 -4.53814
      vertex 17.8465 -1.6 -4.50729
      vertex 17.8465 3.2 -4.50729
    endloop
  endfacet
  facet normal 0.848898 -0 0.528556
    outer loop
      vertex 16.5381 -1.6 -5.90416
      vertex 16.5727 3.2 -5.95973
      vertex 16.5381 3.2 -5.90416
    endloop
  endfacet
  facet normal 0.848898 0 0.528556
    outer loop
      vertex 16.5727 3.2 -5.95973
      vertex 16.5381 -1.6 -5.90416
      vertex 16.5727 -1.6 -5.95973
    endloop
  endfacet
  facet normal 0.882217 -0 0.470842
    outer loop
      vertex 16.5073 -1.6 -5.84645
      vertex 16.5381 3.2 -5.90416
      vertex 16.5073 3.2 -5.84645
    endloop
  endfacet
  facet normal 0.882217 0 0.470842
    outer loop
      vertex 16.5381 3.2 -5.90416
      vertex 16.5073 -1.6 -5.84645
      vertex 16.5381 -1.6 -5.90416
    endloop
  endfacet
  facet normal 0.4715 0 -0.881866
    outer loop
      vertex 16.9042 -1.6 -4.53814
      vertex 16.9619 3.2 -4.50729
      vertex 16.9619 -1.6 -4.50729
    endloop
  endfacet
  facet normal 0.4715 0 -0.881866
    outer loop
      vertex 16.9619 3.2 -4.50729
      vertex 16.9042 -1.6 -4.53814
      vertex 16.9042 3.2 -4.53814
    endloop
  endfacet
  facet normal 0.634244 0 -0.773133
    outer loop
      vertex 16.7448 -1.6 -4.65232
      vertex 16.7954 3.2 -4.61081
      vertex 16.7954 -1.6 -4.61081
    endloop
  endfacet
  facet normal 0.634244 0 -0.773133
    outer loop
      vertex 16.7954 3.2 -4.61081
      vertex 16.7448 -1.6 -4.65232
      vertex 16.7448 3.2 -4.65232
    endloop
  endfacet
  facet normal 0.0327042 0 -0.999465
    outer loop
      vertex 17.3388 -1.6 -4.4063
      vertex 17.4042 3.2 -4.40416
      vertex 17.4042 -1.6 -4.40416
    endloop
  endfacet
  facet normal 0.0327042 0 -0.999465
    outer loop
      vertex 17.4042 3.2 -4.40416
      vertex 17.3388 -1.6 -4.4063
      vertex 17.3388 3.2 -4.4063
    endloop
  endfacet
  facet normal 0.995205 0 -0.0978089
    outer loop
      vertex 16.4127 -1.6 -5.27364
      vertex 16.4063 3.2 -5.33876
      vertex 16.4127 3.2 -5.27364
    endloop
  endfacet
  facet normal 0.995205 0 -0.0978089
    outer loop
      vertex 16.4063 3.2 -5.33876
      vertex 16.4127 -1.6 -5.27364
      vertex 16.4063 -1.6 -5.33876
    endloop
  endfacet
  facet normal 0.974079 -0 0.22621
    outer loop
      vertex 16.4234 -1.6 -5.59925
      vertex 16.4382 3.2 -5.66298
      vertex 16.4234 3.2 -5.59925
    endloop
  endfacet
  facet normal 0.974079 0 0.22621
    outer loop
      vertex 16.4382 3.2 -5.66298
      vertex 16.4234 -1.6 -5.59925
      vertex 16.4382 -1.6 -5.66298
    endloop
  endfacet
  facet normal -0.0327042 0 0.999465
    outer loop
      vertex 17.4042 3.2 -6.40416
      vertex 17.4696 -1.6 -6.40202
      vertex 17.4696 3.2 -6.40202
    endloop
  endfacet
  facet normal -0.0327042 0 0.999465
    outer loop
      vertex 17.4696 -1.6 -6.40202
      vertex 17.4042 3.2 -6.40416
      vertex 17.4042 -1.6 -6.40416
    endloop
  endfacet
  facet normal 0.910915 0 -0.412594
    outer loop
      vertex 16.5073 -1.6 -4.96187
      vertex 16.4803 3.2 -5.02148
      vertex 16.5073 3.2 -4.96187
    endloop
  endfacet
  facet normal 0.910915 0 -0.412594
    outer loop
      vertex 16.4803 3.2 -5.02148
      vertex 16.5073 -1.6 -4.96187
      vertex 16.4803 -1.6 -5.02148
    endloop
  endfacet
  facet normal 0.582351 0 0.812938
    outer loop
      vertex 16.7954 3.2 -6.19752
      vertex 16.8486 -1.6 -6.23563
      vertex 16.8486 3.2 -6.23563
    endloop
  endfacet
  facet normal 0.582351 0 0.812938
    outer loop
      vertex 16.8486 -1.6 -6.23563
      vertex 16.7954 3.2 -6.19752
      vertex 16.7954 -1.6 -6.19752
    endloop
  endfacet
  facet normal -0.412204 0 0.911092
    outer loop
      vertex 17.7868 3.2 -6.32804
      vertex 17.8465 -1.6 -6.30103
      vertex 17.8465 3.2 -6.30103
    endloop
  endfacet
  facet normal -0.412204 0 0.911092
    outer loop
      vertex 17.8465 -1.6 -6.30103
      vertex 17.7868 3.2 -6.32804
      vertex 17.7868 -1.6 -6.32804
    endloop
  endfacet
  facet normal -0.528486 0 -0.848942
    outer loop
      vertex 17.9042 -1.6 -4.53814
      vertex 17.9597 3.2 -4.57269
      vertex 17.9597 -1.6 -4.57269
    endloop
  endfacet
  facet normal -0.528486 0 -0.848942
    outer loop
      vertex 17.9597 3.2 -4.57269
      vertex 17.9042 -1.6 -4.53814
      vertex 17.9042 3.2 -4.53814
    endloop
  endfacet
  facet normal 0.412778 0 -0.910832
    outer loop
      vertex 16.9619 -1.6 -4.50729
      vertex 17.0215 3.2 -4.48028
      vertex 17.0215 -1.6 -4.48028
    endloop
  endfacet
  facet normal 0.412778 0 -0.910832
    outer loop
      vertex 17.0215 3.2 -4.48028
      vertex 16.9619 -1.6 -4.50729
      vertex 16.9619 3.2 -4.50729
    endloop
  endfacet
  facet normal 0.956922 0 -0.290347
    outer loop
      vertex 16.4572 -1.6 -5.08272
      vertex 16.4382 3.2 -5.14534
      vertex 16.4572 3.2 -5.08272
    endloop
  endfacet
  facet normal 0.956922 0 -0.290347
    outer loop
      vertex 16.4382 3.2 -5.14534
      vertex 16.4572 -1.6 -5.08272
      vertex 16.4382 -1.6 -5.14534
    endloop
  endfacet
  facet normal 0.974079 0 -0.22621
    outer loop
      vertex 16.4382 -1.6 -5.14534
      vertex 16.4234 3.2 -5.20907
      vertex 16.4382 3.2 -5.14534
    endloop
  endfacet
  facet normal 0.974079 0 -0.22621
    outer loop
      vertex 16.4234 3.2 -5.20907
      vertex 16.4382 -1.6 -5.14534
      vertex 16.4234 -1.6 -5.20907
    endloop
  endfacet
  facet normal -0.162814 0 0.986657
    outer loop
      vertex 17.5347 3.2 -6.39561
      vertex 17.5993 -1.6 -6.38495
      vertex 17.5993 3.2 -6.38495
    endloop
  endfacet
  facet normal -0.162814 0 0.986657
    outer loop
      vertex 17.5993 -1.6 -6.38495
      vertex 17.5347 3.2 -6.39561
      vertex 17.5347 -1.6 -6.39561
    endloop
  endfacet
  facet normal -0.995184 0 0.0980218
    outer loop
      vertex -15.5624 -1.6 5.81074
      vertex -15.5531 1.6 5.90516
      vertex -15.5624 1.6 5.81074
    endloop
  endfacet
  facet normal -0.995184 0 0.0980218
    outer loop
      vertex -15.5531 1.6 5.90516
      vertex -15.5624 -1.6 5.81074
      vertex -15.5531 -1.6 5.90516
    endloop
  endfacet
  facet normal -0.999466 0 0.0326692
    outer loop
      vertex -15.5531 -1.6 5.90516
      vertex -15.55 1.6 6
      vertex -15.5531 1.6 5.90516
    endloop
  endfacet
  facet normal -0.999466 0 0.0326692
    outer loop
      vertex -15.55 1.6 6
      vertex -15.5531 -1.6 5.90516
      vertex -15.55 -1.6 6
    endloop
  endfacet
  facet normal -0.98657 0 0.163339
    outer loop
      vertex -15.5779 -1.6 5.71712
      vertex -15.5624 1.6 5.81074
      vertex -15.5779 1.6 5.71712
    endloop
  endfacet
  facet normal -0.98657 0 0.163339
    outer loop
      vertex -15.5624 1.6 5.81074
      vertex -15.5779 -1.6 5.71712
      vertex -15.5624 -1.6 5.81074
    endloop
  endfacet
  facet normal -0.352324 0 -0.935878
    outer loop
      vertex -16.5339 -1.6 7.37305
      vertex -16.4451 1.6 7.33962
      vertex -16.4451 -1.6 7.33962
    endloop
  endfacet
  facet normal -0.352324 0 -0.935878
    outer loop
      vertex -16.4451 1.6 7.33962
      vertex -16.5339 -1.6 7.37305
      vertex -16.5339 1.6 7.37305
    endloop
  endfacet
  facet normal 0.582623 0 -0.812742
    outer loop
      vertex -17.8827 -1.6 7.15036
      vertex -17.8056 1.6 7.20563
      vertex -17.8056 -1.6 7.20563
    endloop
  endfacet
  facet normal 0.582623 0 -0.812742
    outer loop
      vertex -17.8056 1.6 7.20563
      vertex -17.8827 -1.6 7.15036
      vertex -17.8827 1.6 7.15036
    endloop
  endfacet
  facet normal 0.956776 -0 0.290826
    outer loop
      vertex -18.4006 -1.6 5.62471
      vertex -18.373 1.6 5.53391
      vertex -18.4006 1.6 5.62471
    endloop
  endfacet
  facet normal 0.956776 0 0.290826
    outer loop
      vertex -18.373 1.6 5.53391
      vertex -18.4006 -1.6 5.62471
      vertex -18.373 -1.6 5.53391
    endloop
  endfacet
  facet normal -0.582623 0 0.812742
    outer loop
      vertex -16.1944 1.6 4.79437
      vertex -16.1173 -1.6 4.84964
      vertex -16.1173 1.6 4.84964
    endloop
  endfacet
  facet normal -0.582623 0 0.812742
    outer loop
      vertex -16.1173 -1.6 4.84964
      vertex -16.1944 1.6 4.79437
      vertex -16.1944 -1.6 4.79437
    endloop
  endfacet
  facet normal 0.634092 0 -0.773257
    outer loop
      vertex -17.9561 -1.6 7.09017
      vertex -17.8827 1.6 7.15036
      vertex -17.8827 -1.6 7.15036
    endloop
  endfacet
  facet normal 0.634092 0 -0.773257
    outer loop
      vertex -17.8827 1.6 7.15036
      vertex -17.9561 -1.6 7.09017
      vertex -17.9561 1.6 7.09017
    endloop
  endfacet
  facet normal 0.471326 0 0.881959
    outer loop
      vertex -17.725 1.6 4.74426
      vertex -17.6413 -1.6 4.69953
      vertex -17.6413 1.6 4.69953
    endloop
  endfacet
  facet normal 0.471326 0 0.881959
    outer loop
      vertex -17.6413 -1.6 4.69953
      vertex -17.725 1.6 4.74426
      vertex -17.725 -1.6 4.74426
    endloop
  endfacet
  facet normal -0.162963 0 0.986632
    outer loop
      vertex -16.8107 1.6 4.5624
      vertex -16.7171 -1.6 4.57786
      vertex -16.7171 1.6 4.57786
    endloop
  endfacet
  facet normal -0.162963 0 0.986632
    outer loop
      vertex -16.7171 -1.6 4.57786
      vertex -16.8107 1.6 4.5624
      vertex -16.8107 -1.6 4.5624
    endloop
  endfacet
  facet normal -0.849239 0 -0.528008
    outer loop
      vertex -15.7443 -1.6 6.725
      vertex -15.7944 1.6 6.80558
      vertex -15.7443 1.6 6.725
    endloop
  endfacet
  facet normal -0.849239 -0 -0.528008
    outer loop
      vertex -15.7944 1.6 6.80558
      vertex -15.7443 -1.6 6.725
      vertex -15.7944 -1.6 6.80558
    endloop
  endfacet
  facet normal -0.683857 0 0.729616
    outer loop
      vertex -16.0439 1.6 4.90983
      vertex -15.9747 -1.6 4.97469
      vertex -15.9747 1.6 4.97469
    endloop
  endfacet
  facet normal -0.683857 0 0.729616
    outer loop
      vertex -15.9747 -1.6 4.97469
      vertex -16.0439 1.6 4.90983
      vertex -16.0439 -1.6 4.90983
    endloop
  endfacet
  facet normal -0.0327883 0 -0.999462
    outer loop
      vertex -17 -1.6 7.45
      vertex -16.9052 1.6 7.44689
      vertex -16.9052 -1.6 7.44689
    endloop
  endfacet
  facet normal -0.0327883 0 -0.999462
    outer loop
      vertex -16.9052 1.6 7.44689
      vertex -17 -1.6 7.45
      vertex -17 1.6 7.45
    endloop
  endfacet
  facet normal -0.352232 0 0.935913
    outer loop
      vertex -16.5339 1.6 4.62695
      vertex -16.4451 -1.6 4.66037
      vertex -16.4451 1.6 4.66037
    endloop
  endfacet
  facet normal -0.352232 0 0.935913
    outer loop
      vertex -16.4451 -1.6 4.66037
      vertex -16.5339 1.6 4.62695
      vertex -16.5339 -1.6 4.62695
    endloop
  endfacet
  facet normal -0.634092 0 -0.773257
    outer loop
      vertex -16.1173 -1.6 7.15036
      vertex -16.0439 1.6 7.09017
      vertex -16.0439 -1.6 7.09017
    endloop
  endfacet
  facet normal -0.634092 0 -0.773257
    outer loop
      vertex -16.0439 1.6 7.09017
      vertex -16.1173 -1.6 7.15036
      vertex -16.1173 1.6 7.15036
    endloop
  endfacet
  facet normal 0.032683 0 0.999466
    outer loop
      vertex -17.0948 1.6 4.5531
      vertex -17 -1.6 4.55
      vertex -17 1.6 4.55
    endloop
  endfacet
  facet normal 0.032683 0 0.999466
    outer loop
      vertex -17 -1.6 4.55
      vertex -17.0948 1.6 4.5531
      vertex -17.0948 -1.6 4.5531
    endloop
  endfacet
  facet normal 0.0979396 0 0.995192
    outer loop
      vertex -17.1893 1.6 4.5624
      vertex -17.0948 -1.6 4.5531
      vertex -17.0948 1.6 4.5531
    endloop
  endfacet
  facet normal 0.0979396 0 0.995192
    outer loop
      vertex -17.0948 -1.6 4.5531
      vertex -17.1893 1.6 4.5624
      vertex -17.1893 -1.6 4.5624
    endloop
  endfacet
  facet normal 0.16286 0 -0.986649
    outer loop
      vertex -17.2829 -1.6 7.42214
      vertex -17.1893 1.6 7.43759
      vertex -17.1893 -1.6 7.43759
    endloop
  endfacet
  facet normal 0.16286 0 -0.986649
    outer loop
      vertex -17.1893 1.6 7.43759
      vertex -17.2829 -1.6 7.42214
      vertex -17.2829 1.6 7.42214
    endloop
  endfacet
  facet normal 0.995184 -0 0.0980218
    outer loop
      vertex -18.4469 -1.6 5.90516
      vertex -18.4376 1.6 5.81074
      vertex -18.4469 1.6 5.90516
    endloop
  endfacet
  facet normal 0.995184 0 0.0980218
    outer loop
      vertex -18.4376 1.6 5.81074
      vertex -18.4469 -1.6 5.90516
      vertex -18.4376 -1.6 5.81074
    endloop
  endfacet
  facet normal -0.16286 0 -0.986649
    outer loop
      vertex -16.8107 -1.6 7.43759
      vertex -16.7171 1.6 7.42214
      vertex -16.7171 -1.6 7.42214
    endloop
  endfacet
  facet normal -0.16286 0 -0.986649
    outer loop
      vertex -16.7171 1.6 7.42214
      vertex -16.8107 -1.6 7.43759
      vertex -16.8107 1.6 7.43759
    endloop
  endfacet
  facet normal 0.973986 -0 0.226607
    outer loop
      vertex -18.4221 -1.6 5.71712
      vertex -18.4006 1.6 5.62471
      vertex -18.4221 1.6 5.71712
    endloop
  endfacet
  facet normal 0.973986 0 0.226607
    outer loop
      vertex -18.4006 1.6 5.62471
      vertex -18.4221 -1.6 5.71712
      vertex -18.4006 -1.6 5.62471
    endloop
  endfacet
  facet normal 0.352232 0 0.935913
    outer loop
      vertex -17.5549 1.6 4.66037
      vertex -17.4661 -1.6 4.62695
      vertex -17.4661 1.6 4.62695
    endloop
  endfacet
  facet normal 0.352232 0 0.935913
    outer loop
      vertex -17.4661 -1.6 4.62695
      vertex -17.5549 1.6 4.66037
      vertex -17.5549 -1.6 4.66037
    endloop
  endfacet
  facet normal -0.973986 0 0.226607
    outer loop
      vertex -15.5994 -1.6 5.62471
      vertex -15.5779 1.6 5.71712
      vertex -15.5994 1.6 5.62471
    endloop
  endfacet
  facet normal -0.973986 0 0.226607
    outer loop
      vertex -15.5779 1.6 5.71712
      vertex -15.5994 -1.6 5.62471
      vertex -15.5779 -1.6 5.71712
    endloop
  endfacet
  facet normal 0.98657 0 -0.163339
    outer loop
      vertex -18.4221 -1.6 6.28288
      vertex -18.4376 1.6 6.18926
      vertex -18.4221 1.6 6.28288
    endloop
  endfacet
  facet normal 0.98657 0 -0.163339
    outer loop
      vertex -18.4376 1.6 6.18926
      vertex -18.4221 -1.6 6.28288
      vertex -18.4376 -1.6 6.18926
    endloop
  endfacet
  facet normal -0.911105 0 0.412174
    outer loop
      vertex -15.6995 -1.6 5.35868
      vertex -15.6604 1.6 5.44511
      vertex -15.6995 1.6 5.35868
    endloop
  endfacet
  facet normal -0.911105 0 0.412174
    outer loop
      vertex -15.6604 1.6 5.44511
      vertex -15.6995 -1.6 5.35868
      vertex -15.6604 -1.6 5.44511
    endloop
  endfacet
  facet normal -0.52799 0 0.849251
    outer loop
      vertex -16.275 1.6 4.74426
      vertex -16.1944 -1.6 4.79437
      vertex -16.1944 1.6 4.79437
    endloop
  endfacet
  facet normal -0.52799 0 0.849251
    outer loop
      vertex -16.1944 -1.6 4.79437
      vertex -16.275 1.6 4.74426
      vertex -16.275 -1.6 4.74426
    endloop
  endfacet
  facet normal -0.22713 0 0.973865
    outer loop
      vertex -16.7171 1.6 4.57786
      vertex -16.6247 -1.6 4.59941
      vertex -16.6247 1.6 4.59941
    endloop
  endfacet
  facet normal -0.22713 0 0.973865
    outer loop
      vertex -16.6247 -1.6 4.59941
      vertex -16.7171 1.6 4.57786
      vertex -16.7171 -1.6 4.57786
    endloop
  endfacet
  facet normal 0.412818 0 0.910814
    outer loop
      vertex -17.6413 1.6 4.69953
      vertex -17.5549 -1.6 4.66037
      vertex -17.5549 1.6 4.66037
    endloop
  endfacet
  facet normal 0.412818 0 0.910814
    outer loop
      vertex -17.5549 -1.6 4.66037
      vertex -17.6413 1.6 4.69953
      vertex -17.6413 -1.6 4.69953
    endloop
  endfacet
  facet normal 0.22713 0 -0.973865
    outer loop
      vertex -17.3753 -1.6 7.40059
      vertex -17.2829 1.6 7.42214
      vertex -17.2829 -1.6 7.42214
    endloop
  endfacet
  facet normal 0.22713 0 -0.973865
    outer loop
      vertex -17.2829 1.6 7.42214
      vertex -17.3753 -1.6 7.40059
      vertex -17.3753 1.6 7.40059
    endloop
  endfacet
  facet normal 0.634092 0 0.773257
    outer loop
      vertex -17.9561 1.6 4.90983
      vertex -17.8827 -1.6 4.84964
      vertex -17.8827 1.6 4.84964
    endloop
  endfacet
  facet normal 0.634092 0 0.773257
    outer loop
      vertex -17.8827 -1.6 4.84964
      vertex -17.9561 1.6 4.90983
      vertex -17.9561 -1.6 4.90983
    endloop
  endfacet
  facet normal 0.290247 0 -0.956952
    outer loop
      vertex -17.4661 -1.6 7.37305
      vertex -17.3753 1.6 7.40059
      vertex -17.3753 -1.6 7.40059
    endloop
  endfacet
  facet normal 0.290247 0 -0.956952
    outer loop
      vertex -17.3753 1.6 7.40059
      vertex -17.4661 -1.6 7.37305
      vertex -17.4661 1.6 7.37305
    endloop
  endfacet
  facet normal 0.911105 0 -0.412174
    outer loop
      vertex -18.3005 -1.6 6.64132
      vertex -18.3396 1.6 6.55489
      vertex -18.3005 1.6 6.64132
    endloop
  endfacet
  facet normal 0.911105 0 -0.412174
    outer loop
      vertex -18.3396 1.6 6.55489
      vertex -18.3005 -1.6 6.64132
      vertex -18.3396 -1.6 6.55489
    endloop
  endfacet
  facet normal 0.52799 0 0.849251
    outer loop
      vertex -17.8056 1.6 4.79437
      vertex -17.725 -1.6 4.74426
      vertex -17.725 1.6 4.74426
    endloop
  endfacet
  facet normal 0.52799 0 0.849251
    outer loop
      vertex -17.725 -1.6 4.74426
      vertex -17.8056 1.6 4.79437
      vertex -17.8056 -1.6 4.79437
    endloop
  endfacet
  facet normal -0.471244 0 -0.882003
    outer loop
      vertex -16.3587 -1.6 7.30046
      vertex -16.275 1.6 7.25574
      vertex -16.275 -1.6 7.25574
    endloop
  endfacet
  facet normal -0.471244 0 -0.882003
    outer loop
      vertex -16.275 1.6 7.25574
      vertex -16.3587 -1.6 7.30046
      vertex -16.3587 1.6 7.30046
    endloop
  endfacet
  facet normal -0.881605 0 0.471988
    outer loop
      vertex -15.7443 -1.6 5.275
      vertex -15.6995 1.6 5.35868
      vertex -15.7443 1.6 5.275
    endloop
  endfacet
  facet normal -0.881605 0 0.471988
    outer loop
      vertex -15.6995 1.6 5.35868
      vertex -15.7443 -1.6 5.275
      vertex -15.6995 -1.6 5.35868
    endloop
  endfacet
  facet normal -0.956776 0 0.290826
    outer loop
      vertex -15.627 -1.6 5.53391
      vertex -15.5994 1.6 5.62471
      vertex -15.627 1.6 5.53391
    endloop
  endfacet
  facet normal -0.956776 0 0.290826
    outer loop
      vertex -15.5994 1.6 5.62471
      vertex -15.627 -1.6 5.53391
      vertex -15.5994 -1.6 5.62471
    endloop
  endfacet
  facet normal 0.683857 0 0.729616
    outer loop
      vertex -18.0253 1.6 4.97469
      vertex -17.9561 -1.6 4.90983
      vertex -17.9561 1.6 4.90983
    endloop
  endfacet
  facet normal 0.683857 0 0.729616
    outer loop
      vertex -17.9561 -1.6 4.90983
      vertex -18.0253 1.6 4.97469
      vertex -18.0253 -1.6 4.97469
    endloop
  endfacet
  facet normal 0.935982 0 -0.352047
    outer loop
      vertex -18.3396 -1.6 6.55489
      vertex -18.373 1.6 6.46609
      vertex -18.3396 1.6 6.55489
    endloop
  endfacet
  facet normal 0.935982 0 -0.352047
    outer loop
      vertex -18.373 1.6 6.46609
      vertex -18.3396 -1.6 6.55489
      vertex -18.373 -1.6 6.46609
    endloop
  endfacet
  facet normal 0.471244 0 -0.882003
    outer loop
      vertex -17.725 -1.6 7.25574
      vertex -17.6413 1.6 7.30046
      vertex -17.6413 -1.6 7.30046
    endloop
  endfacet
  facet normal 0.471244 0 -0.882003
    outer loop
      vertex -17.6413 1.6 7.30046
      vertex -17.725 -1.6 7.25574
      vertex -17.725 1.6 7.25574
    endloop
  endfacet
  facet normal -0.634092 0 0.773257
    outer loop
      vertex -16.1173 1.6 4.84964
      vertex -16.0439 -1.6 4.90983
      vertex -16.0439 1.6 4.90983
    endloop
  endfacet
  facet normal -0.634092 0 0.773257
    outer loop
      vertex -16.0439 -1.6 4.90983
      vertex -16.1173 1.6 4.84964
      vertex -16.1173 -1.6 4.84964
    endloop
  endfacet
  facet normal -0.973986 0 -0.226607
    outer loop
      vertex -15.5779 -1.6 6.28288
      vertex -15.5994 1.6 6.37529
      vertex -15.5779 1.6 6.28288
    endloop
  endfacet
  facet normal -0.973986 -0 -0.226607
    outer loop
      vertex -15.5994 1.6 6.37529
      vertex -15.5779 -1.6 6.28288
      vertex -15.5994 -1.6 6.37529
    endloop
  endfacet
  facet normal -0.999466 0 -0.0326726
    outer loop
      vertex -15.55 -1.6 6
      vertex -15.5531 1.6 6.09483
      vertex -15.55 1.6 6
    endloop
  endfacet
  facet normal -0.999466 -0 -0.0326726
    outer loop
      vertex -15.5531 1.6 6.09483
      vertex -15.55 -1.6 6
      vertex -15.5531 -1.6 6.09483
    endloop
  endfacet
  facet normal -0.772994 0 -0.634414
    outer loop
      vertex -15.8496 -1.6 6.8827
      vertex -15.9098 1.6 6.95605
      vertex -15.8496 1.6 6.8827
    endloop
  endfacet
  facet normal -0.772994 -0 -0.634414
    outer loop
      vertex -15.9098 1.6 6.95605
      vertex -15.8496 -1.6 6.8827
      vertex -15.9098 -1.6 6.95605
    endloop
  endfacet
  facet normal 0.22713 0 0.973865
    outer loop
      vertex -17.3753 1.6 4.59941
      vertex -17.2829 -1.6 4.57786
      vertex -17.2829 1.6 4.57786
    endloop
  endfacet
  facet normal 0.22713 0 0.973865
    outer loop
      vertex -17.2829 -1.6 4.57786
      vertex -17.3753 1.6 4.59941
      vertex -17.3753 -1.6 4.59941
    endloop
  endfacet
  facet normal 0.956776 0 -0.290826
    outer loop
      vertex -18.373 -1.6 6.46609
      vertex -18.4006 1.6 6.37529
      vertex -18.373 1.6 6.46609
    endloop
  endfacet
  facet normal 0.956776 0 -0.290826
    outer loop
      vertex -18.4006 1.6 6.37529
      vertex -18.373 -1.6 6.46609
      vertex -18.4006 -1.6 6.37529
    endloop
  endfacet
  facet normal -0.98657 0 -0.163339
    outer loop
      vertex -15.5624 -1.6 6.18926
      vertex -15.5779 1.6 6.28288
      vertex -15.5624 1.6 6.18926
    endloop
  endfacet
  facet normal -0.98657 -0 -0.163339
    outer loop
      vertex -15.5779 1.6 6.28288
      vertex -15.5624 -1.6 6.18926
      vertex -15.5779 -1.6 6.28288
    endloop
  endfacet
  facet normal 0.813163 -0 0.582036
    outer loop
      vertex -18.2056 -1.6 5.19442
      vertex -18.1504 1.6 5.1173
      vertex -18.2056 1.6 5.19442
    endloop
  endfacet
  facet normal 0.813163 0 0.582036
    outer loop
      vertex -18.1504 1.6 5.1173
      vertex -18.2056 -1.6 5.19442
      vertex -18.1504 -1.6 5.1173
    endloop
  endfacet
  facet normal -0.412818 0 -0.910814
    outer loop
      vertex -16.4451 -1.6 7.33962
      vertex -16.3587 1.6 7.30046
      vertex -16.3587 -1.6 7.30046
    endloop
  endfacet
  facet normal -0.412818 0 -0.910814
    outer loop
      vertex -16.3587 1.6 7.30046
      vertex -16.4451 -1.6 7.33962
      vertex -16.4451 1.6 7.33962
    endloop
  endfacet
  facet normal -0.813163 0 -0.582036
    outer loop
      vertex -15.7944 -1.6 6.80558
      vertex -15.8496 1.6 6.8827
      vertex -15.7944 1.6 6.80558
    endloop
  endfacet
  facet normal -0.813163 -0 -0.582036
    outer loop
      vertex -15.8496 1.6 6.8827
      vertex -15.7944 -1.6 6.80558
      vertex -15.8496 -1.6 6.8827
    endloop
  endfacet
  facet normal -0.935982 0 -0.352047
    outer loop
      vertex -15.627 -1.6 6.46609
      vertex -15.6604 1.6 6.55489
      vertex -15.627 1.6 6.46609
    endloop
  endfacet
  facet normal -0.935982 -0 -0.352047
    outer loop
      vertex -15.6604 1.6 6.55489
      vertex -15.627 -1.6 6.46609
      vertex -15.6604 -1.6 6.55489
    endloop
  endfacet
  facet normal -0.813163 0 0.582036
    outer loop
      vertex -15.8496 -1.6 5.1173
      vertex -15.7944 1.6 5.19442
      vertex -15.8496 1.6 5.1173
    endloop
  endfacet
  facet normal -0.813163 0 0.582036
    outer loop
      vertex -15.7944 1.6 5.19442
      vertex -15.8496 -1.6 5.1173
      vertex -15.7944 -1.6 5.19442
    endloop
  endfacet
  facet normal 0.582623 0 0.812742
    outer loop
      vertex -17.8827 1.6 4.84964
      vertex -17.8056 -1.6 4.79437
      vertex -17.8056 1.6 4.79437
    endloop
  endfacet
  facet normal 0.582623 0 0.812742
    outer loop
      vertex -17.8056 -1.6 4.79437
      vertex -17.8827 1.6 4.84964
      vertex -17.8827 -1.6 4.84964
    endloop
  endfacet
  facet normal 0.772994 0 -0.634414
    outer loop
      vertex -18.0902 -1.6 6.95605
      vertex -18.1504 1.6 6.8827
      vertex -18.0902 1.6 6.95605
    endloop
  endfacet
  facet normal 0.772994 0 -0.634414
    outer loop
      vertex -18.1504 1.6 6.8827
      vertex -18.0902 -1.6 6.95605
      vertex -18.1504 -1.6 6.8827
    endloop
  endfacet
  facet normal -0.772994 0 0.634414
    outer loop
      vertex -15.9098 -1.6 5.04395
      vertex -15.8496 1.6 5.1173
      vertex -15.9098 1.6 5.04395
    endloop
  endfacet
  facet normal -0.772994 0 0.634414
    outer loop
      vertex -15.8496 1.6 5.1173
      vertex -15.9098 -1.6 5.04395
      vertex -15.8496 -1.6 5.1173
    endloop
  endfacet
  facet normal -0.849239 0 0.528008
    outer loop
      vertex -15.7944 -1.6 5.19442
      vertex -15.7443 1.6 5.275
      vertex -15.7944 1.6 5.19442
    endloop
  endfacet
  facet normal -0.849239 0 0.528008
    outer loop
      vertex -15.7443 1.6 5.275
      vertex -15.7944 -1.6 5.19442
      vertex -15.7443 -1.6 5.275
    endloop
  endfacet
  facet normal 0.813163 0 -0.582036
    outer loop
      vertex -18.1504 -1.6 6.8827
      vertex -18.2056 1.6 6.80558
      vertex -18.1504 1.6 6.8827
    endloop
  endfacet
  facet normal 0.813163 0 -0.582036
    outer loop
      vertex -18.2056 1.6 6.80558
      vertex -18.1504 -1.6 6.8827
      vertex -18.2056 -1.6 6.80558
    endloop
  endfacet
  facet normal -0.729701 0 0.683766
    outer loop
      vertex -15.9747 -1.6 4.97469
      vertex -15.9098 1.6 5.04395
      vertex -15.9747 1.6 4.97469
    endloop
  endfacet
  facet normal -0.729701 0 0.683766
    outer loop
      vertex -15.9098 1.6 5.04395
      vertex -15.9747 -1.6 4.97469
      vertex -15.9098 -1.6 5.04395
    endloop
  endfacet
  facet normal -0.0979396 0 0.995192
    outer loop
      vertex -16.9052 1.6 4.5531
      vertex -16.8107 -1.6 4.5624
      vertex -16.8107 1.6 4.5624
    endloop
  endfacet
  facet normal -0.0979396 0 0.995192
    outer loop
      vertex -16.8107 -1.6 4.5624
      vertex -16.9052 1.6 4.5531
      vertex -16.9052 -1.6 4.5531
    endloop
  endfacet
  facet normal -0.911105 0 -0.412174
    outer loop
      vertex -15.6604 -1.6 6.55489
      vertex -15.6995 1.6 6.64132
      vertex -15.6604 1.6 6.55489
    endloop
  endfacet
  facet normal -0.911105 -0 -0.412174
    outer loop
      vertex -15.6995 1.6 6.64132
      vertex -15.6604 -1.6 6.55489
      vertex -15.6995 -1.6 6.64132
    endloop
  endfacet
  facet normal -0.582623 0 -0.812742
    outer loop
      vertex -16.1944 -1.6 7.20563
      vertex -16.1173 1.6 7.15036
      vertex -16.1173 -1.6 7.15036
    endloop
  endfacet
  facet normal -0.582623 0 -0.812742
    outer loop
      vertex -16.1173 1.6 7.15036
      vertex -16.1944 -1.6 7.20563
      vertex -16.1944 1.6 7.20563
    endloop
  endfacet
  facet normal 0.0979396 0 -0.995192
    outer loop
      vertex -17.1893 -1.6 7.43759
      vertex -17.0948 1.6 7.44689
      vertex -17.0948 -1.6 7.44689
    endloop
  endfacet
  facet normal 0.0979396 0 -0.995192
    outer loop
      vertex -17.0948 1.6 7.44689
      vertex -17.1893 -1.6 7.43759
      vertex -17.1893 1.6 7.43759
    endloop
  endfacet
  facet normal -0.0979396 0 -0.995192
    outer loop
      vertex -16.9052 -1.6 7.44689
      vertex -16.8107 1.6 7.43759
      vertex -16.8107 -1.6 7.43759
    endloop
  endfacet
  facet normal -0.0979396 0 -0.995192
    outer loop
      vertex -16.8107 1.6 7.43759
      vertex -16.9052 -1.6 7.44689
      vertex -16.9052 1.6 7.44689
    endloop
  endfacet
  facet normal -0.52799 0 -0.849251
    outer loop
      vertex -16.275 -1.6 7.25574
      vertex -16.1944 1.6 7.20563
      vertex -16.1944 -1.6 7.20563
    endloop
  endfacet
  facet normal -0.52799 0 -0.849251
    outer loop
      vertex -16.1944 1.6 7.20563
      vertex -16.275 -1.6 7.25574
      vertex -16.275 1.6 7.25574
    endloop
  endfacet
  facet normal 0.352324 0 -0.935878
    outer loop
      vertex -17.5549 -1.6 7.33962
      vertex -17.4661 1.6 7.37305
      vertex -17.4661 -1.6 7.37305
    endloop
  endfacet
  facet normal 0.352324 0 -0.935878
    outer loop
      vertex -17.4661 1.6 7.37305
      vertex -17.5549 -1.6 7.33962
      vertex -17.5549 1.6 7.33962
    endloop
  endfacet
  facet normal 0.162963 0 0.986632
    outer loop
      vertex -17.2829 1.6 4.57786
      vertex -17.1893 -1.6 4.5624
      vertex -17.1893 1.6 4.5624
    endloop
  endfacet
  facet normal 0.162963 0 0.986632
    outer loop
      vertex -17.1893 -1.6 4.5624
      vertex -17.2829 1.6 4.57786
      vertex -17.2829 -1.6 4.57786
    endloop
  endfacet
  facet normal -0.995185 0 -0.0980115
    outer loop
      vertex -15.5531 -1.6 6.09483
      vertex -15.5624 1.6 6.18926
      vertex -15.5531 1.6 6.09483
    endloop
  endfacet
  facet normal -0.995185 -0 -0.0980115
    outer loop
      vertex -15.5624 1.6 6.18926
      vertex -15.5531 -1.6 6.09483
      vertex -15.5624 -1.6 6.18926
    endloop
  endfacet
  facet normal -0.412818 0 0.910814
    outer loop
      vertex -16.4451 1.6 4.66037
      vertex -16.3587 -1.6 4.69953
      vertex -16.3587 1.6 4.69953
    endloop
  endfacet
  facet normal -0.412818 0 0.910814
    outer loop
      vertex -16.3587 -1.6 4.69953
      vertex -16.4451 1.6 4.66037
      vertex -16.4451 -1.6 4.66037
    endloop
  endfacet
  facet normal 0.0327883 0 -0.999462
    outer loop
      vertex -17.0948 -1.6 7.44689
      vertex -17 1.6 7.45
      vertex -17 -1.6 7.45
    endloop
  endfacet
  facet normal 0.0327883 0 -0.999462
    outer loop
      vertex -17 1.6 7.45
      vertex -17.0948 -1.6 7.44689
      vertex -17.0948 1.6 7.44689
    endloop
  endfacet
  facet normal 0.973986 0 -0.226607
    outer loop
      vertex -18.4006 -1.6 6.37529
      vertex -18.4221 1.6 6.28288
      vertex -18.4006 1.6 6.37529
    endloop
  endfacet
  facet normal 0.973986 0 -0.226607
    outer loop
      vertex -18.4221 1.6 6.28288
      vertex -18.4006 -1.6 6.37529
      vertex -18.4221 -1.6 6.28288
    endloop
  endfacet
  facet normal -0.956776 0 -0.290826
    outer loop
      vertex -15.5994 -1.6 6.37529
      vertex -15.627 1.6 6.46609
      vertex -15.5994 1.6 6.37529
    endloop
  endfacet
  facet normal -0.956776 -0 -0.290826
    outer loop
      vertex -15.627 1.6 6.46609
      vertex -15.5994 -1.6 6.37529
      vertex -15.627 -1.6 6.46609
    endloop
  endfacet
  facet normal -0.683913 0 -0.729564
    outer loop
      vertex -16.0439 -1.6 7.09017
      vertex -15.9747 1.6 7.0253
      vertex -15.9747 -1.6 7.0253
    endloop
  endfacet
  facet normal -0.683913 0 -0.729564
    outer loop
      vertex -15.9747 1.6 7.0253
      vertex -16.0439 -1.6 7.09017
      vertex -16.0439 1.6 7.09017
    endloop
  endfacet
  facet normal 0.290247 0 0.956952
    outer loop
      vertex -17.4661 1.6 4.62695
      vertex -17.3753 -1.6 4.59941
      vertex -17.3753 1.6 4.59941
    endloop
  endfacet
  facet normal 0.290247 0 0.956952
    outer loop
      vertex -17.3753 -1.6 4.59941
      vertex -17.4661 1.6 4.62695
      vertex -17.4661 -1.6 4.62695
    endloop
  endfacet
  facet normal -0.22713 0 -0.973865
    outer loop
      vertex -16.7171 -1.6 7.42214
      vertex -16.6247 1.6 7.40059
      vertex -16.6247 -1.6 7.40059
    endloop
  endfacet
  facet normal -0.22713 0 -0.973865
    outer loop
      vertex -16.6247 1.6 7.40059
      vertex -16.7171 -1.6 7.42214
      vertex -16.7171 1.6 7.42214
    endloop
  endfacet
  facet normal -0.729652 0 -0.683818
    outer loop
      vertex -15.9098 -1.6 6.95605
      vertex -15.9747 1.6 7.0253
      vertex -15.9098 1.6 6.95605
    endloop
  endfacet
  facet normal -0.729652 -0 -0.683818
    outer loop
      vertex -15.9747 1.6 7.0253
      vertex -15.9098 -1.6 6.95605
      vertex -15.9747 -1.6 7.0253
    endloop
  endfacet
  facet normal -0.471326 0 0.881959
    outer loop
      vertex -16.3587 1.6 4.69953
      vertex -16.275 -1.6 4.74426
      vertex -16.275 1.6 4.74426
    endloop
  endfacet
  facet normal -0.471326 0 0.881959
    outer loop
      vertex -16.275 -1.6 4.74426
      vertex -16.3587 1.6 4.69953
      vertex -16.3587 -1.6 4.69953
    endloop
  endfacet
  facet normal -0.935982 0 0.352047
    outer loop
      vertex -15.6604 -1.6 5.44511
      vertex -15.627 1.6 5.53391
      vertex -15.6604 1.6 5.44511
    endloop
  endfacet
  facet normal -0.935982 0 0.352047
    outer loop
      vertex -15.627 1.6 5.53391
      vertex -15.6604 -1.6 5.44511
      vertex -15.627 -1.6 5.53391
    endloop
  endfacet
  facet normal 0.935982 -0 0.352047
    outer loop
      vertex -18.373 -1.6 5.53391
      vertex -18.3396 1.6 5.44511
      vertex -18.373 1.6 5.53391
    endloop
  endfacet
  facet normal 0.935982 0 0.352047
    outer loop
      vertex -18.3396 1.6 5.44511
      vertex -18.373 -1.6 5.53391
      vertex -18.3396 -1.6 5.44511
    endloop
  endfacet
  facet normal -0.290247 0 0.956952
    outer loop
      vertex -16.6247 1.6 4.59941
      vertex -16.5339 -1.6 4.62695
      vertex -16.5339 1.6 4.62695
    endloop
  endfacet
  facet normal -0.290247 0 0.956952
    outer loop
      vertex -16.5339 -1.6 4.62695
      vertex -16.6247 1.6 4.59941
      vertex -16.6247 -1.6 4.59941
    endloop
  endfacet
  facet normal 0.729701 -0 0.683766
    outer loop
      vertex -18.0902 -1.6 5.04395
      vertex -18.0253 1.6 4.97469
      vertex -18.0902 1.6 5.04395
    endloop
  endfacet
  facet normal 0.729701 0 0.683766
    outer loop
      vertex -18.0253 1.6 4.97469
      vertex -18.0902 -1.6 5.04395
      vertex -18.0253 -1.6 4.97469
    endloop
  endfacet
  facet normal 0.995185 0 -0.0980115
    outer loop
      vertex -18.4376 -1.6 6.18926
      vertex -18.4469 1.6 6.09483
      vertex -18.4376 1.6 6.18926
    endloop
  endfacet
  facet normal 0.995185 0 -0.0980115
    outer loop
      vertex -18.4469 1.6 6.09483
      vertex -18.4376 -1.6 6.18926
      vertex -18.4469 -1.6 6.09483
    endloop
  endfacet
  facet normal 0.849239 0 -0.528008
    outer loop
      vertex -18.2056 -1.6 6.80558
      vertex -18.2557 1.6 6.725
      vertex -18.2056 1.6 6.80558
    endloop
  endfacet
  facet normal 0.849239 0 -0.528008
    outer loop
      vertex -18.2557 1.6 6.725
      vertex -18.2056 -1.6 6.80558
      vertex -18.2557 -1.6 6.725
    endloop
  endfacet
  facet normal 0.911105 -0 0.412174
    outer loop
      vertex -18.3396 -1.6 5.44511
      vertex -18.3005 1.6 5.35868
      vertex -18.3396 1.6 5.44511
    endloop
  endfacet
  facet normal 0.911105 0 0.412174
    outer loop
      vertex -18.3005 1.6 5.35868
      vertex -18.3396 -1.6 5.44511
      vertex -18.3005 -1.6 5.35868
    endloop
  endfacet
  facet normal 0.881605 -0 0.471988
    outer loop
      vertex -18.3005 -1.6 5.35868
      vertex -18.2557 1.6 5.275
      vertex -18.3005 1.6 5.35868
    endloop
  endfacet
  facet normal 0.881605 0 0.471988
    outer loop
      vertex -18.2557 1.6 5.275
      vertex -18.3005 -1.6 5.35868
      vertex -18.2557 -1.6 5.275
    endloop
  endfacet
  facet normal 0.98657 -0 0.163339
    outer loop
      vertex -18.4376 -1.6 5.81074
      vertex -18.4221 1.6 5.71712
      vertex -18.4376 1.6 5.81074
    endloop
  endfacet
  facet normal 0.98657 0 0.163339
    outer loop
      vertex -18.4221 1.6 5.71712
      vertex -18.4376 -1.6 5.81074
      vertex -18.4221 -1.6 5.71712
    endloop
  endfacet
  facet normal 0.729652 0 -0.683818
    outer loop
      vertex -18.0253 -1.6 7.0253
      vertex -18.0902 1.6 6.95605
      vertex -18.0253 1.6 7.0253
    endloop
  endfacet
  facet normal 0.729652 0 -0.683818
    outer loop
      vertex -18.0902 1.6 6.95605
      vertex -18.0253 -1.6 7.0253
      vertex -18.0902 -1.6 6.95605
    endloop
  endfacet
  facet normal -0.881605 0 -0.471988
    outer loop
      vertex -15.6995 -1.6 6.64132
      vertex -15.7443 1.6 6.725
      vertex -15.6995 1.6 6.64132
    endloop
  endfacet
  facet normal -0.881605 -0 -0.471988
    outer loop
      vertex -15.7443 1.6 6.725
      vertex -15.6995 -1.6 6.64132
      vertex -15.7443 -1.6 6.725
    endloop
  endfacet
  facet normal 0.683913 0 -0.729564
    outer loop
      vertex -18.0253 -1.6 7.0253
      vertex -17.9561 1.6 7.09017
      vertex -17.9561 -1.6 7.09017
    endloop
  endfacet
  facet normal 0.683913 0 -0.729564
    outer loop
      vertex -17.9561 1.6 7.09017
      vertex -18.0253 -1.6 7.0253
      vertex -18.0253 1.6 7.0253
    endloop
  endfacet
  facet normal 0.999466 0 -0.0326726
    outer loop
      vertex -18.4469 -1.6 6.09483
      vertex -18.45 1.6 6
      vertex -18.4469 1.6 6.09483
    endloop
  endfacet
  facet normal 0.999466 0 -0.0326726
    outer loop
      vertex -18.45 1.6 6
      vertex -18.4469 -1.6 6.09483
      vertex -18.45 -1.6 6
    endloop
  endfacet
  facet normal -0.290247 0 -0.956952
    outer loop
      vertex -16.6247 -1.6 7.40059
      vertex -16.5339 1.6 7.37305
      vertex -16.5339 -1.6 7.37305
    endloop
  endfacet
  facet normal -0.290247 0 -0.956952
    outer loop
      vertex -16.5339 1.6 7.37305
      vertex -16.6247 -1.6 7.40059
      vertex -16.6247 1.6 7.40059
    endloop
  endfacet
  facet normal 0.772994 -0 0.634414
    outer loop
      vertex -18.1504 -1.6 5.1173
      vertex -18.0902 1.6 5.04395
      vertex -18.1504 1.6 5.1173
    endloop
  endfacet
  facet normal 0.772994 0 0.634414
    outer loop
      vertex -18.0902 1.6 5.04395
      vertex -18.1504 -1.6 5.1173
      vertex -18.0902 -1.6 5.04395
    endloop
  endfacet
  facet normal -0.032683 0 0.999466
    outer loop
      vertex -17 1.6 4.55
      vertex -16.9052 -1.6 4.5531
      vertex -16.9052 1.6 4.5531
    endloop
  endfacet
  facet normal -0.032683 0 0.999466
    outer loop
      vertex -16.9052 -1.6 4.5531
      vertex -17 1.6 4.55
      vertex -17 -1.6 4.55
    endloop
  endfacet
  facet normal 0.881605 0 -0.471988
    outer loop
      vertex -18.2557 -1.6 6.725
      vertex -18.3005 1.6 6.64132
      vertex -18.2557 1.6 6.725
    endloop
  endfacet
  facet normal 0.881605 0 -0.471988
    outer loop
      vertex -18.3005 1.6 6.64132
      vertex -18.2557 -1.6 6.725
      vertex -18.3005 -1.6 6.64132
    endloop
  endfacet
  facet normal 0.999466 -0 0.0326692
    outer loop
      vertex -18.45 -1.6 6
      vertex -18.4469 1.6 5.90516
      vertex -18.45 1.6 6
    endloop
  endfacet
  facet normal 0.999466 0 0.0326692
    outer loop
      vertex -18.4469 1.6 5.90516
      vertex -18.45 -1.6 6
      vertex -18.4469 -1.6 5.90516
    endloop
  endfacet
  facet normal 0.52799 0 -0.849251
    outer loop
      vertex -17.8056 -1.6 7.20563
      vertex -17.725 1.6 7.25574
      vertex -17.725 -1.6 7.25574
    endloop
  endfacet
  facet normal 0.52799 0 -0.849251
    outer loop
      vertex -17.725 1.6 7.25574
      vertex -17.8056 -1.6 7.20563
      vertex -17.8056 1.6 7.20563
    endloop
  endfacet
  facet normal 0.849239 -0 0.528008
    outer loop
      vertex -18.2557 -1.6 5.275
      vertex -18.2056 1.6 5.19442
      vertex -18.2557 1.6 5.275
    endloop
  endfacet
  facet normal 0.849239 0 0.528008
    outer loop
      vertex -18.2056 1.6 5.19442
      vertex -18.2557 -1.6 5.275
      vertex -18.2056 -1.6 5.19442
    endloop
  endfacet
  facet normal 0.412818 0 -0.910814
    outer loop
      vertex -17.6413 -1.6 7.30046
      vertex -17.5549 1.6 7.33962
      vertex -17.5549 -1.6 7.33962
    endloop
  endfacet
  facet normal 0.412818 0 -0.910814
    outer loop
      vertex -17.5549 1.6 7.33962
      vertex -17.6413 -1.6 7.30046
      vertex -17.6413 1.6 7.30046
    endloop
  endfacet
  facet normal -0.995184 0 0.0980218
    outer loop
      vertex 18.4376 -1.6 5.81074
      vertex 18.4469 1.6 5.90516
      vertex 18.4376 1.6 5.81074
    endloop
  endfacet
  facet normal -0.995184 0 0.0980218
    outer loop
      vertex 18.4469 1.6 5.90516
      vertex 18.4376 -1.6 5.81074
      vertex 18.4469 -1.6 5.90516
    endloop
  endfacet
  facet normal -0.999466 0 0.0326692
    outer loop
      vertex 18.4469 -1.6 5.90516
      vertex 18.45 1.6 6
      vertex 18.4469 1.6 5.90516
    endloop
  endfacet
  facet normal -0.999466 0 0.0326692
    outer loop
      vertex 18.45 1.6 6
      vertex 18.4469 -1.6 5.90516
      vertex 18.45 -1.6 6
    endloop
  endfacet
  facet normal -0.98657 0 0.163339
    outer loop
      vertex 18.4221 -1.6 5.71712
      vertex 18.4376 1.6 5.81074
      vertex 18.4221 1.6 5.71712
    endloop
  endfacet
  facet normal -0.98657 0 0.163339
    outer loop
      vertex 18.4376 1.6 5.81074
      vertex 18.4221 -1.6 5.71712
      vertex 18.4376 -1.6 5.81074
    endloop
  endfacet
  facet normal -0.352324 0 -0.935878
    outer loop
      vertex 17.4661 -1.6 7.37305
      vertex 17.5549 1.6 7.33962
      vertex 17.5549 -1.6 7.33962
    endloop
  endfacet
  facet normal -0.352324 0 -0.935878
    outer loop
      vertex 17.5549 1.6 7.33962
      vertex 17.4661 -1.6 7.37305
      vertex 17.4661 1.6 7.37305
    endloop
  endfacet
  facet normal 0.582623 0 -0.812742
    outer loop
      vertex 16.1173 -1.6 7.15036
      vertex 16.1944 1.6 7.20563
      vertex 16.1944 -1.6 7.20563
    endloop
  endfacet
  facet normal 0.582623 0 -0.812742
    outer loop
      vertex 16.1944 1.6 7.20563
      vertex 16.1173 -1.6 7.15036
      vertex 16.1173 1.6 7.15036
    endloop
  endfacet
  facet normal 0.956776 -0 0.290826
    outer loop
      vertex 15.5994 -1.6 5.62471
      vertex 15.627 1.6 5.53391
      vertex 15.5994 1.6 5.62471
    endloop
  endfacet
  facet normal 0.956776 0 0.290826
    outer loop
      vertex 15.627 1.6 5.53391
      vertex 15.5994 -1.6 5.62471
      vertex 15.627 -1.6 5.53391
    endloop
  endfacet
  facet normal -0.582623 0 0.812742
    outer loop
      vertex 17.8056 1.6 4.79437
      vertex 17.8827 -1.6 4.84964
      vertex 17.8827 1.6 4.84964
    endloop
  endfacet
  facet normal -0.582623 0 0.812742
    outer loop
      vertex 17.8827 -1.6 4.84964
      vertex 17.8056 1.6 4.79437
      vertex 17.8056 -1.6 4.79437
    endloop
  endfacet
  facet normal 0.634092 0 -0.773257
    outer loop
      vertex 16.0439 -1.6 7.09017
      vertex 16.1173 1.6 7.15036
      vertex 16.1173 -1.6 7.15036
    endloop
  endfacet
  facet normal 0.634092 0 -0.773257
    outer loop
      vertex 16.1173 1.6 7.15036
      vertex 16.0439 -1.6 7.09017
      vertex 16.0439 1.6 7.09017
    endloop
  endfacet
  facet normal 0.471326 0 0.881959
    outer loop
      vertex 16.275 1.6 4.74426
      vertex 16.3587 -1.6 4.69953
      vertex 16.3587 1.6 4.69953
    endloop
  endfacet
  facet normal 0.471326 0 0.881959
    outer loop
      vertex 16.3587 -1.6 4.69953
      vertex 16.275 1.6 4.74426
      vertex 16.275 -1.6 4.74426
    endloop
  endfacet
  facet normal -0.162963 0 0.986632
    outer loop
      vertex 17.1893 1.6 4.5624
      vertex 17.2829 -1.6 4.57786
      vertex 17.2829 1.6 4.57786
    endloop
  endfacet
  facet normal -0.162963 0 0.986632
    outer loop
      vertex 17.2829 -1.6 4.57786
      vertex 17.1893 1.6 4.5624
      vertex 17.1893 -1.6 4.5624
    endloop
  endfacet
  facet normal -0.849239 0 -0.528008
    outer loop
      vertex 18.2557 -1.6 6.725
      vertex 18.2056 1.6 6.80558
      vertex 18.2557 1.6 6.725
    endloop
  endfacet
  facet normal -0.849239 -0 -0.528008
    outer loop
      vertex 18.2056 1.6 6.80558
      vertex 18.2557 -1.6 6.725
      vertex 18.2056 -1.6 6.80558
    endloop
  endfacet
  facet normal -0.683857 0 0.729616
    outer loop
      vertex 17.9561 1.6 4.90983
      vertex 18.0253 -1.6 4.97469
      vertex 18.0253 1.6 4.97469
    endloop
  endfacet
  facet normal -0.683857 0 0.729616
    outer loop
      vertex 18.0253 -1.6 4.97469
      vertex 17.9561 1.6 4.90983
      vertex 17.9561 -1.6 4.90983
    endloop
  endfacet
  facet normal -0.0327883 0 -0.999462
    outer loop
      vertex 17 -1.6 7.45
      vertex 17.0948 1.6 7.44689
      vertex 17.0948 -1.6 7.44689
    endloop
  endfacet
  facet normal -0.0327883 0 -0.999462
    outer loop
      vertex 17.0948 1.6 7.44689
      vertex 17 -1.6 7.45
      vertex 17 1.6 7.45
    endloop
  endfacet
  facet normal -0.634092 0 -0.773257
    outer loop
      vertex 17.8827 -1.6 7.15036
      vertex 17.9561 1.6 7.09017
      vertex 17.9561 -1.6 7.09017
    endloop
  endfacet
  facet normal -0.634092 0 -0.773257
    outer loop
      vertex 17.9561 1.6 7.09017
      vertex 17.8827 -1.6 7.15036
      vertex 17.8827 1.6 7.15036
    endloop
  endfacet
  facet normal 0.032683 0 0.999466
    outer loop
      vertex 16.9052 1.6 4.5531
      vertex 17 -1.6 4.55
      vertex 17 1.6 4.55
    endloop
  endfacet
  facet normal 0.032683 0 0.999466
    outer loop
      vertex 17 -1.6 4.55
      vertex 16.9052 1.6 4.5531
      vertex 16.9052 -1.6 4.5531
    endloop
  endfacet
  facet normal 0.0979396 0 0.995192
    outer loop
      vertex 16.8107 1.6 4.5624
      vertex 16.9052 -1.6 4.5531
      vertex 16.9052 1.6 4.5531
    endloop
  endfacet
  facet normal 0.0979396 0 0.995192
    outer loop
      vertex 16.9052 -1.6 4.5531
      vertex 16.8107 1.6 4.5624
      vertex 16.8107 -1.6 4.5624
    endloop
  endfacet
  facet normal 0.16286 0 -0.986649
    outer loop
      vertex 16.7171 -1.6 7.42214
      vertex 16.8107 1.6 7.43759
      vertex 16.8107 -1.6 7.43759
    endloop
  endfacet
  facet normal 0.16286 0 -0.986649
    outer loop
      vertex 16.8107 1.6 7.43759
      vertex 16.7171 -1.6 7.42214
      vertex 16.7171 1.6 7.42214
    endloop
  endfacet
  facet normal 0.995184 -0 0.0980218
    outer loop
      vertex 15.5531 -1.6 5.90516
      vertex 15.5624 1.6 5.81074
      vertex 15.5531 1.6 5.90516
    endloop
  endfacet
  facet normal 0.995184 0 0.0980218
    outer loop
      vertex 15.5624 1.6 5.81074
      vertex 15.5531 -1.6 5.90516
      vertex 15.5624 -1.6 5.81074
    endloop
  endfacet
  facet normal -0.16286 0 -0.986649
    outer loop
      vertex 17.1893 -1.6 7.43759
      vertex 17.2829 1.6 7.42214
      vertex 17.2829 -1.6 7.42214
    endloop
  endfacet
  facet normal -0.16286 0 -0.986649
    outer loop
      vertex 17.2829 1.6 7.42214
      vertex 17.1893 -1.6 7.43759
      vertex 17.1893 1.6 7.43759
    endloop
  endfacet
  facet normal 0.973986 -0 0.226607
    outer loop
      vertex 15.5779 -1.6 5.71712
      vertex 15.5994 1.6 5.62471
      vertex 15.5779 1.6 5.71712
    endloop
  endfacet
  facet normal 0.973986 0 0.226607
    outer loop
      vertex 15.5994 1.6 5.62471
      vertex 15.5779 -1.6 5.71712
      vertex 15.5994 -1.6 5.62471
    endloop
  endfacet
  facet normal 0.352232 0 0.935913
    outer loop
      vertex 16.4451 1.6 4.66037
      vertex 16.5339 -1.6 4.62695
      vertex 16.5339 1.6 4.62695
    endloop
  endfacet
  facet normal 0.352232 0 0.935913
    outer loop
      vertex 16.5339 -1.6 4.62695
      vertex 16.4451 1.6 4.66037
      vertex 16.4451 -1.6 4.66037
    endloop
  endfacet
  facet normal -0.973986 0 0.226607
    outer loop
      vertex 18.4006 -1.6 5.62471
      vertex 18.4221 1.6 5.71712
      vertex 18.4006 1.6 5.62471
    endloop
  endfacet
  facet normal -0.973986 0 0.226607
    outer loop
      vertex 18.4221 1.6 5.71712
      vertex 18.4006 -1.6 5.62471
      vertex 18.4221 -1.6 5.71712
    endloop
  endfacet
  facet normal 0.98657 0 -0.163339
    outer loop
      vertex 15.5779 -1.6 6.28288
      vertex 15.5624 1.6 6.18926
      vertex 15.5779 1.6 6.28288
    endloop
  endfacet
  facet normal 0.98657 0 -0.163339
    outer loop
      vertex 15.5624 1.6 6.18926
      vertex 15.5779 -1.6 6.28288
      vertex 15.5624 -1.6 6.18926
    endloop
  endfacet
  facet normal -0.911105 0 0.412174
    outer loop
      vertex 18.3005 -1.6 5.35868
      vertex 18.3396 1.6 5.44511
      vertex 18.3005 1.6 5.35868
    endloop
  endfacet
  facet normal -0.911105 0 0.412174
    outer loop
      vertex 18.3396 1.6 5.44511
      vertex 18.3005 -1.6 5.35868
      vertex 18.3396 -1.6 5.44511
    endloop
  endfacet
  facet normal -0.52799 0 0.849251
    outer loop
      vertex 17.725 1.6 4.74426
      vertex 17.8056 -1.6 4.79437
      vertex 17.8056 1.6 4.79437
    endloop
  endfacet
  facet normal -0.52799 0 0.849251
    outer loop
      vertex 17.8056 -1.6 4.79437
      vertex 17.725 1.6 4.74426
      vertex 17.725 -1.6 4.74426
    endloop
  endfacet
  facet normal -0.22713 0 0.973865
    outer loop
      vertex 17.2829 1.6 4.57786
      vertex 17.3753 -1.6 4.59941
      vertex 17.3753 1.6 4.59941
    endloop
  endfacet
  facet normal -0.22713 0 0.973865
    outer loop
      vertex 17.3753 -1.6 4.59941
      vertex 17.2829 1.6 4.57786
      vertex 17.2829 -1.6 4.57786
    endloop
  endfacet
  facet normal 0.412818 0 0.910814
    outer loop
      vertex 16.3587 1.6 4.69953
      vertex 16.4451 -1.6 4.66037
      vertex 16.4451 1.6 4.66037
    endloop
  endfacet
  facet normal 0.412818 0 0.910814
    outer loop
      vertex 16.4451 -1.6 4.66037
      vertex 16.3587 1.6 4.69953
      vertex 16.3587 -1.6 4.69953
    endloop
  endfacet
  facet normal 0.22713 0 -0.973865
    outer loop
      vertex 16.6247 -1.6 7.40059
      vertex 16.7171 1.6 7.42214
      vertex 16.7171 -1.6 7.42214
    endloop
  endfacet
  facet normal 0.22713 0 -0.973865
    outer loop
      vertex 16.7171 1.6 7.42214
      vertex 16.6247 -1.6 7.40059
      vertex 16.6247 1.6 7.40059
    endloop
  endfacet
  facet normal 0.634092 0 0.773257
    outer loop
      vertex 16.0439 1.6 4.90983
      vertex 16.1173 -1.6 4.84964
      vertex 16.1173 1.6 4.84964
    endloop
  endfacet
  facet normal 0.634092 0 0.773257
    outer loop
      vertex 16.1173 -1.6 4.84964
      vertex 16.0439 1.6 4.90983
      vertex 16.0439 -1.6 4.90983
    endloop
  endfacet
  facet normal 0.290247 0 -0.956952
    outer loop
      vertex 16.5339 -1.6 7.37305
      vertex 16.6247 1.6 7.40059
      vertex 16.6247 -1.6 7.40059
    endloop
  endfacet
  facet normal 0.290247 0 -0.956952
    outer loop
      vertex 16.6247 1.6 7.40059
      vertex 16.5339 -1.6 7.37305
      vertex 16.5339 1.6 7.37305
    endloop
  endfacet
  facet normal 0.911105 0 -0.412174
    outer loop
      vertex 15.6995 -1.6 6.64132
      vertex 15.6604 1.6 6.55489
      vertex 15.6995 1.6 6.64132
    endloop
  endfacet
  facet normal 0.911105 0 -0.412174
    outer loop
      vertex 15.6604 1.6 6.55489
      vertex 15.6995 -1.6 6.64132
      vertex 15.6604 -1.6 6.55489
    endloop
  endfacet
  facet normal 0.52799 0 0.849251
    outer loop
      vertex 16.1944 1.6 4.79437
      vertex 16.275 -1.6 4.74426
      vertex 16.275 1.6 4.74426
    endloop
  endfacet
  facet normal 0.52799 0 0.849251
    outer loop
      vertex 16.275 -1.6 4.74426
      vertex 16.1944 1.6 4.79437
      vertex 16.1944 -1.6 4.79437
    endloop
  endfacet
  facet normal -0.471244 0 -0.882003
    outer loop
      vertex 17.6413 -1.6 7.30046
      vertex 17.725 1.6 7.25574
      vertex 17.725 -1.6 7.25574
    endloop
  endfacet
  facet normal -0.471244 0 -0.882003
    outer loop
      vertex 17.725 1.6 7.25574
      vertex 17.6413 -1.6 7.30046
      vertex 17.6413 1.6 7.30046
    endloop
  endfacet
  facet normal -0.881605 0 0.471988
    outer loop
      vertex 18.2557 -1.6 5.275
      vertex 18.3005 1.6 5.35868
      vertex 18.2557 1.6 5.275
    endloop
  endfacet
  facet normal -0.881605 0 0.471988
    outer loop
      vertex 18.3005 1.6 5.35868
      vertex 18.2557 -1.6 5.275
      vertex 18.3005 -1.6 5.35868
    endloop
  endfacet
  facet normal -0.956776 0 0.290826
    outer loop
      vertex 18.373 -1.6 5.53391
      vertex 18.4006 1.6 5.62471
      vertex 18.373 1.6 5.53391
    endloop
  endfacet
  facet normal -0.956776 0 0.290826
    outer loop
      vertex 18.4006 1.6 5.62471
      vertex 18.373 -1.6 5.53391
      vertex 18.4006 -1.6 5.62471
    endloop
  endfacet
  facet normal 0.683857 0 0.729616
    outer loop
      vertex 15.9747 1.6 4.97469
      vertex 16.0439 -1.6 4.90983
      vertex 16.0439 1.6 4.90983
    endloop
  endfacet
  facet normal 0.683857 0 0.729616
    outer loop
      vertex 16.0439 -1.6 4.90983
      vertex 15.9747 1.6 4.97469
      vertex 15.9747 -1.6 4.97469
    endloop
  endfacet
  facet normal 0.935982 0 -0.352047
    outer loop
      vertex 15.6604 -1.6 6.55489
      vertex 15.627 1.6 6.46609
      vertex 15.6604 1.6 6.55489
    endloop
  endfacet
  facet normal 0.935982 0 -0.352047
    outer loop
      vertex 15.627 1.6 6.46609
      vertex 15.6604 -1.6 6.55489
      vertex 15.627 -1.6 6.46609
    endloop
  endfacet
  facet normal 0.471244 0 -0.882003
    outer loop
      vertex 16.275 -1.6 7.25574
      vertex 16.3587 1.6 7.30046
      vertex 16.3587 -1.6 7.30046
    endloop
  endfacet
  facet normal 0.471244 0 -0.882003
    outer loop
      vertex 16.3587 1.6 7.30046
      vertex 16.275 -1.6 7.25574
      vertex 16.275 1.6 7.25574
    endloop
  endfacet
  facet normal -0.634092 0 0.773257
    outer loop
      vertex 17.8827 1.6 4.84964
      vertex 17.9561 -1.6 4.90983
      vertex 17.9561 1.6 4.90983
    endloop
  endfacet
  facet normal -0.634092 0 0.773257
    outer loop
      vertex 17.9561 -1.6 4.90983
      vertex 17.8827 1.6 4.84964
      vertex 17.8827 -1.6 4.84964
    endloop
  endfacet
  facet normal -0.973986 0 -0.226607
    outer loop
      vertex 18.4221 -1.6 6.28288
      vertex 18.4006 1.6 6.37529
      vertex 18.4221 1.6 6.28288
    endloop
  endfacet
  facet normal -0.973986 -0 -0.226607
    outer loop
      vertex 18.4006 1.6 6.37529
      vertex 18.4221 -1.6 6.28288
      vertex 18.4006 -1.6 6.37529
    endloop
  endfacet
  facet normal -0.999466 0 -0.0326726
    outer loop
      vertex 18.45 -1.6 6
      vertex 18.4469 1.6 6.09483
      vertex 18.45 1.6 6
    endloop
  endfacet
  facet normal -0.999466 -0 -0.0326726
    outer loop
      vertex 18.4469 1.6 6.09483
      vertex 18.45 -1.6 6
      vertex 18.4469 -1.6 6.09483
    endloop
  endfacet
  facet normal -0.772994 0 -0.634414
    outer loop
      vertex 18.1504 -1.6 6.8827
      vertex 18.0902 1.6 6.95605
      vertex 18.1504 1.6 6.8827
    endloop
  endfacet
  facet normal -0.772994 -0 -0.634414
    outer loop
      vertex 18.0902 1.6 6.95605
      vertex 18.1504 -1.6 6.8827
      vertex 18.0902 -1.6 6.95605
    endloop
  endfacet
  facet normal 0.22713 0 0.973865
    outer loop
      vertex 16.6247 1.6 4.59941
      vertex 16.7171 -1.6 4.57786
      vertex 16.7171 1.6 4.57786
    endloop
  endfacet
  facet normal 0.22713 0 0.973865
    outer loop
      vertex 16.7171 -1.6 4.57786
      vertex 16.6247 1.6 4.59941
      vertex 16.6247 -1.6 4.59941
    endloop
  endfacet
  facet normal 0.956776 0 -0.290826
    outer loop
      vertex 15.627 -1.6 6.46609
      vertex 15.5994 1.6 6.37529
      vertex 15.627 1.6 6.46609
    endloop
  endfacet
  facet normal 0.956776 0 -0.290826
    outer loop
      vertex 15.5994 1.6 6.37529
      vertex 15.627 -1.6 6.46609
      vertex 15.5994 -1.6 6.37529
    endloop
  endfacet
  facet normal -0.98657 0 -0.163339
    outer loop
      vertex 18.4376 -1.6 6.18926
      vertex 18.4221 1.6 6.28288
      vertex 18.4376 1.6 6.18926
    endloop
  endfacet
  facet normal -0.98657 -0 -0.163339
    outer loop
      vertex 18.4221 1.6 6.28288
      vertex 18.4376 -1.6 6.18926
      vertex 18.4221 -1.6 6.28288
    endloop
  endfacet
  facet normal 0.813163 -0 0.582036
    outer loop
      vertex 15.7944 -1.6 5.19442
      vertex 15.8496 1.6 5.1173
      vertex 15.7944 1.6 5.19442
    endloop
  endfacet
  facet normal 0.813163 0 0.582036
    outer loop
      vertex 15.8496 1.6 5.1173
      vertex 15.7944 -1.6 5.19442
      vertex 15.8496 -1.6 5.1173
    endloop
  endfacet
  facet normal -0.412818 0 -0.910814
    outer loop
      vertex 17.5549 -1.6 7.33962
      vertex 17.6413 1.6 7.30046
      vertex 17.6413 -1.6 7.30046
    endloop
  endfacet
  facet normal -0.412818 0 -0.910814
    outer loop
      vertex 17.6413 1.6 7.30046
      vertex 17.5549 -1.6 7.33962
      vertex 17.5549 1.6 7.33962
    endloop
  endfacet
  facet normal -0.813163 0 -0.582036
    outer loop
      vertex 18.2056 -1.6 6.80558
      vertex 18.1504 1.6 6.8827
      vertex 18.2056 1.6 6.80558
    endloop
  endfacet
  facet normal -0.813163 -0 -0.582036
    outer loop
      vertex 18.1504 1.6 6.8827
      vertex 18.2056 -1.6 6.80558
      vertex 18.1504 -1.6 6.8827
    endloop
  endfacet
  facet normal -0.935982 0 -0.352047
    outer loop
      vertex 18.373 -1.6 6.46609
      vertex 18.3396 1.6 6.55489
      vertex 18.373 1.6 6.46609
    endloop
  endfacet
  facet normal -0.935982 -0 -0.352047
    outer loop
      vertex 18.3396 1.6 6.55489
      vertex 18.373 -1.6 6.46609
      vertex 18.3396 -1.6 6.55489
    endloop
  endfacet
  facet normal -0.813163 0 0.582036
    outer loop
      vertex 18.1504 -1.6 5.1173
      vertex 18.2056 1.6 5.19442
      vertex 18.1504 1.6 5.1173
    endloop
  endfacet
  facet normal -0.813163 0 0.582036
    outer loop
      vertex 18.2056 1.6 5.19442
      vertex 18.1504 -1.6 5.1173
      vertex 18.2056 -1.6 5.19442
    endloop
  endfacet
  facet normal 0.582623 0 0.812742
    outer loop
      vertex 16.1173 1.6 4.84964
      vertex 16.1944 -1.6 4.79437
      vertex 16.1944 1.6 4.79437
    endloop
  endfacet
  facet normal 0.582623 0 0.812742
    outer loop
      vertex 16.1944 -1.6 4.79437
      vertex 16.1173 1.6 4.84964
      vertex 16.1173 -1.6 4.84964
    endloop
  endfacet
  facet normal 0.772994 0 -0.634414
    outer loop
      vertex 15.9098 -1.6 6.95605
      vertex 15.8496 1.6 6.8827
      vertex 15.9098 1.6 6.95605
    endloop
  endfacet
  facet normal 0.772994 0 -0.634414
    outer loop
      vertex 15.8496 1.6 6.8827
      vertex 15.9098 -1.6 6.95605
      vertex 15.8496 -1.6 6.8827
    endloop
  endfacet
  facet normal -0.772994 0 0.634414
    outer loop
      vertex 18.0902 -1.6 5.04395
      vertex 18.1504 1.6 5.1173
      vertex 18.0902 1.6 5.04395
    endloop
  endfacet
  facet normal -0.772994 0 0.634414
    outer loop
      vertex 18.1504 1.6 5.1173
      vertex 18.0902 -1.6 5.04395
      vertex 18.1504 -1.6 5.1173
    endloop
  endfacet
  facet normal -0.849239 0 0.528008
    outer loop
      vertex 18.2056 -1.6 5.19442
      vertex 18.2557 1.6 5.275
      vertex 18.2056 1.6 5.19442
    endloop
  endfacet
  facet normal -0.849239 0 0.528008
    outer loop
      vertex 18.2557 1.6 5.275
      vertex 18.2056 -1.6 5.19442
      vertex 18.2557 -1.6 5.275
    endloop
  endfacet
  facet normal 0.813163 0 -0.582036
    outer loop
      vertex 15.8496 -1.6 6.8827
      vertex 15.7944 1.6 6.80558
      vertex 15.8496 1.6 6.8827
    endloop
  endfacet
  facet normal 0.813163 0 -0.582036
    outer loop
      vertex 15.7944 1.6 6.80558
      vertex 15.8496 -1.6 6.8827
      vertex 15.7944 -1.6 6.80558
    endloop
  endfacet
  facet normal -0.729701 0 0.683766
    outer loop
      vertex 18.0253 -1.6 4.97469
      vertex 18.0902 1.6 5.04395
      vertex 18.0253 1.6 4.97469
    endloop
  endfacet
  facet normal -0.729701 0 0.683766
    outer loop
      vertex 18.0902 1.6 5.04395
      vertex 18.0253 -1.6 4.97469
      vertex 18.0902 -1.6 5.04395
    endloop
  endfacet
  facet normal -0.0979396 0 0.995192
    outer loop
      vertex 17.0948 1.6 4.5531
      vertex 17.1893 -1.6 4.5624
      vertex 17.1893 1.6 4.5624
    endloop
  endfacet
  facet normal -0.0979396 0 0.995192
    outer loop
      vertex 17.1893 -1.6 4.5624
      vertex 17.0948 1.6 4.5531
      vertex 17.0948 -1.6 4.5531
    endloop
  endfacet
  facet normal -0.911105 0 -0.412174
    outer loop
      vertex 18.3396 -1.6 6.55489
      vertex 18.3005 1.6 6.64132
      vertex 18.3396 1.6 6.55489
    endloop
  endfacet
  facet normal -0.911105 -0 -0.412174
    outer loop
      vertex 18.3005 1.6 6.64132
      vertex 18.3396 -1.6 6.55489
      vertex 18.3005 -1.6 6.64132
    endloop
  endfacet
  facet normal -0.582623 0 -0.812742
    outer loop
      vertex 17.8056 -1.6 7.20563
      vertex 17.8827 1.6 7.15036
      vertex 17.8827 -1.6 7.15036
    endloop
  endfacet
  facet normal -0.582623 0 -0.812742
    outer loop
      vertex 17.8827 1.6 7.15036
      vertex 17.8056 -1.6 7.20563
      vertex 17.8056 1.6 7.20563
    endloop
  endfacet
  facet normal 0.0979396 0 -0.995192
    outer loop
      vertex 16.8107 -1.6 7.43759
      vertex 16.9052 1.6 7.44689
      vertex 16.9052 -1.6 7.44689
    endloop
  endfacet
  facet normal 0.0979396 0 -0.995192
    outer loop
      vertex 16.9052 1.6 7.44689
      vertex 16.8107 -1.6 7.43759
      vertex 16.8107 1.6 7.43759
    endloop
  endfacet
  facet normal -0.0979396 0 -0.995192
    outer loop
      vertex 17.0948 -1.6 7.44689
      vertex 17.1893 1.6 7.43759
      vertex 17.1893 -1.6 7.43759
    endloop
  endfacet
  facet normal -0.0979396 0 -0.995192
    outer loop
      vertex 17.1893 1.6 7.43759
      vertex 17.0948 -1.6 7.44689
      vertex 17.0948 1.6 7.44689
    endloop
  endfacet
  facet normal -0.52799 0 -0.849251
    outer loop
      vertex 17.725 -1.6 7.25574
      vertex 17.8056 1.6 7.20563
      vertex 17.8056 -1.6 7.20563
    endloop
  endfacet
  facet normal -0.52799 0 -0.849251
    outer loop
      vertex 17.8056 1.6 7.20563
      vertex 17.725 -1.6 7.25574
      vertex 17.725 1.6 7.25574
    endloop
  endfacet
  facet normal 0.352324 0 -0.935878
    outer loop
      vertex 16.4451 -1.6 7.33962
      vertex 16.5339 1.6 7.37305
      vertex 16.5339 -1.6 7.37305
    endloop
  endfacet
  facet normal 0.352324 0 -0.935878
    outer loop
      vertex 16.5339 1.6 7.37305
      vertex 16.4451 -1.6 7.33962
      vertex 16.4451 1.6 7.33962
    endloop
  endfacet
  facet normal 0.162963 0 0.986632
    outer loop
      vertex 16.7171 1.6 4.57786
      vertex 16.8107 -1.6 4.5624
      vertex 16.8107 1.6 4.5624
    endloop
  endfacet
  facet normal 0.162963 0 0.986632
    outer loop
      vertex 16.8107 -1.6 4.5624
      vertex 16.7171 1.6 4.57786
      vertex 16.7171 -1.6 4.57786
    endloop
  endfacet
  facet normal -0.995185 0 -0.0980115
    outer loop
      vertex 18.4469 -1.6 6.09483
      vertex 18.4376 1.6 6.18926
      vertex 18.4469 1.6 6.09483
    endloop
  endfacet
  facet normal -0.995185 -0 -0.0980115
    outer loop
      vertex 18.4376 1.6 6.18926
      vertex 18.4469 -1.6 6.09483
      vertex 18.4376 -1.6 6.18926
    endloop
  endfacet
  facet normal -0.412818 0 0.910814
    outer loop
      vertex 17.5549 1.6 4.66037
      vertex 17.6413 -1.6 4.69953
      vertex 17.6413 1.6 4.69953
    endloop
  endfacet
  facet normal -0.412818 0 0.910814
    outer loop
      vertex 17.6413 -1.6 4.69953
      vertex 17.5549 1.6 4.66037
      vertex 17.5549 -1.6 4.66037
    endloop
  endfacet
  facet normal 0.0327883 0 -0.999462
    outer loop
      vertex 16.9052 -1.6 7.44689
      vertex 17 1.6 7.45
      vertex 17 -1.6 7.45
    endloop
  endfacet
  facet normal 0.0327883 0 -0.999462
    outer loop
      vertex 17 1.6 7.45
      vertex 16.9052 -1.6 7.44689
      vertex 16.9052 1.6 7.44689
    endloop
  endfacet
  facet normal 0.973986 0 -0.226607
    outer loop
      vertex 15.5994 -1.6 6.37529
      vertex 15.5779 1.6 6.28288
      vertex 15.5994 1.6 6.37529
    endloop
  endfacet
  facet normal 0.973986 0 -0.226607
    outer loop
      vertex 15.5779 1.6 6.28288
      vertex 15.5994 -1.6 6.37529
      vertex 15.5779 -1.6 6.28288
    endloop
  endfacet
  facet normal -0.956776 0 -0.290826
    outer loop
      vertex 18.4006 -1.6 6.37529
      vertex 18.373 1.6 6.46609
      vertex 18.4006 1.6 6.37529
    endloop
  endfacet
  facet normal -0.956776 -0 -0.290826
    outer loop
      vertex 18.373 1.6 6.46609
      vertex 18.4006 -1.6 6.37529
      vertex 18.373 -1.6 6.46609
    endloop
  endfacet
  facet normal -0.683913 0 -0.729564
    outer loop
      vertex 17.9561 -1.6 7.09017
      vertex 18.0253 1.6 7.0253
      vertex 18.0253 -1.6 7.0253
    endloop
  endfacet
  facet normal -0.683913 0 -0.729564
    outer loop
      vertex 18.0253 1.6 7.0253
      vertex 17.9561 -1.6 7.09017
      vertex 17.9561 1.6 7.09017
    endloop
  endfacet
  facet normal 0.290247 0 0.956952
    outer loop
      vertex 16.5339 1.6 4.62695
      vertex 16.6247 -1.6 4.59941
      vertex 16.6247 1.6 4.59941
    endloop
  endfacet
  facet normal 0.290247 0 0.956952
    outer loop
      vertex 16.6247 -1.6 4.59941
      vertex 16.5339 1.6 4.62695
      vertex 16.5339 -1.6 4.62695
    endloop
  endfacet
  facet normal -0.22713 0 -0.973865
    outer loop
      vertex 17.2829 -1.6 7.42214
      vertex 17.3753 1.6 7.40059
      vertex 17.3753 -1.6 7.40059
    endloop
  endfacet
  facet normal -0.22713 0 -0.973865
    outer loop
      vertex 17.3753 1.6 7.40059
      vertex 17.2829 -1.6 7.42214
      vertex 17.2829 1.6 7.42214
    endloop
  endfacet
  facet normal -0.729652 0 -0.683818
    outer loop
      vertex 18.0902 -1.6 6.95605
      vertex 18.0253 1.6 7.0253
      vertex 18.0902 1.6 6.95605
    endloop
  endfacet
  facet normal -0.729652 -0 -0.683818
    outer loop
      vertex 18.0253 1.6 7.0253
      vertex 18.0902 -1.6 6.95605
      vertex 18.0253 -1.6 7.0253
    endloop
  endfacet
  facet normal -0.471326 0 0.881959
    outer loop
      vertex 17.6413 1.6 4.69953
      vertex 17.725 -1.6 4.74426
      vertex 17.725 1.6 4.74426
    endloop
  endfacet
  facet normal -0.471326 0 0.881959
    outer loop
      vertex 17.725 -1.6 4.74426
      vertex 17.6413 1.6 4.69953
      vertex 17.6413 -1.6 4.69953
    endloop
  endfacet
  facet normal -0.935982 0 0.352047
    outer loop
      vertex 18.3396 -1.6 5.44511
      vertex 18.373 1.6 5.53391
      vertex 18.3396 1.6 5.44511
    endloop
  endfacet
  facet normal -0.935982 0 0.352047
    outer loop
      vertex 18.373 1.6 5.53391
      vertex 18.3396 -1.6 5.44511
      vertex 18.373 -1.6 5.53391
    endloop
  endfacet
  facet normal 0.935982 -0 0.352047
    outer loop
      vertex 15.627 -1.6 5.53391
      vertex 15.6604 1.6 5.44511
      vertex 15.627 1.6 5.53391
    endloop
  endfacet
  facet normal 0.935982 0 0.352047
    outer loop
      vertex 15.6604 1.6 5.44511
      vertex 15.627 -1.6 5.53391
      vertex 15.6604 -1.6 5.44511
    endloop
  endfacet
  facet normal -0.290247 0 0.956952
    outer loop
      vertex 17.3753 1.6 4.59941
      vertex 17.4661 -1.6 4.62695
      vertex 17.4661 1.6 4.62695
    endloop
  endfacet
  facet normal -0.290247 0 0.956952
    outer loop
      vertex 17.4661 -1.6 4.62695
      vertex 17.3753 1.6 4.59941
      vertex 17.3753 -1.6 4.59941
    endloop
  endfacet
  facet normal 0.729701 -0 0.683766
    outer loop
      vertex 15.9098 -1.6 5.04395
      vertex 15.9747 1.6 4.97469
      vertex 15.9098 1.6 5.04395
    endloop
  endfacet
  facet normal 0.729701 0 0.683766
    outer loop
      vertex 15.9747 1.6 4.97469
      vertex 15.9098 -1.6 5.04395
      vertex 15.9747 -1.6 4.97469
    endloop
  endfacet
  facet normal 0.995185 0 -0.0980115
    outer loop
      vertex 15.5624 -1.6 6.18926
      vertex 15.5531 1.6 6.09483
      vertex 15.5624 1.6 6.18926
    endloop
  endfacet
  facet normal 0.995185 0 -0.0980115
    outer loop
      vertex 15.5531 1.6 6.09483
      vertex 15.5624 -1.6 6.18926
      vertex 15.5531 -1.6 6.09483
    endloop
  endfacet
  facet normal 0.849239 0 -0.528008
    outer loop
      vertex 15.7944 -1.6 6.80558
      vertex 15.7443 1.6 6.725
      vertex 15.7944 1.6 6.80558
    endloop
  endfacet
  facet normal 0.849239 0 -0.528008
    outer loop
      vertex 15.7443 1.6 6.725
      vertex 15.7944 -1.6 6.80558
      vertex 15.7443 -1.6 6.725
    endloop
  endfacet
  facet normal 0.911105 -0 0.412174
    outer loop
      vertex 15.6604 -1.6 5.44511
      vertex 15.6995 1.6 5.35868
      vertex 15.6604 1.6 5.44511
    endloop
  endfacet
  facet normal 0.911105 0 0.412174
    outer loop
      vertex 15.6995 1.6 5.35868
      vertex 15.6604 -1.6 5.44511
      vertex 15.6995 -1.6 5.35868
    endloop
  endfacet
  facet normal 0.881605 -0 0.471988
    outer loop
      vertex 15.6995 -1.6 5.35868
      vertex 15.7443 1.6 5.275
      vertex 15.6995 1.6 5.35868
    endloop
  endfacet
  facet normal 0.881605 0 0.471988
    outer loop
      vertex 15.7443 1.6 5.275
      vertex 15.6995 -1.6 5.35868
      vertex 15.7443 -1.6 5.275
    endloop
  endfacet
  facet normal 0.98657 -0 0.163339
    outer loop
      vertex 15.5624 -1.6 5.81074
      vertex 15.5779 1.6 5.71712
      vertex 15.5624 1.6 5.81074
    endloop
  endfacet
  facet normal 0.98657 0 0.163339
    outer loop
      vertex 15.5779 1.6 5.71712
      vertex 15.5624 -1.6 5.81074
      vertex 15.5779 -1.6 5.71712
    endloop
  endfacet
  facet normal 0.729652 0 -0.683818
    outer loop
      vertex 15.9747 -1.6 7.0253
      vertex 15.9098 1.6 6.95605
      vertex 15.9747 1.6 7.0253
    endloop
  endfacet
  facet normal 0.729652 0 -0.683818
    outer loop
      vertex 15.9098 1.6 6.95605
      vertex 15.9747 -1.6 7.0253
      vertex 15.9098 -1.6 6.95605
    endloop
  endfacet
  facet normal -0.881605 0 -0.471988
    outer loop
      vertex 18.3005 -1.6 6.64132
      vertex 18.2557 1.6 6.725
      vertex 18.3005 1.6 6.64132
    endloop
  endfacet
  facet normal -0.881605 -0 -0.471988
    outer loop
      vertex 18.2557 1.6 6.725
      vertex 18.3005 -1.6 6.64132
      vertex 18.2557 -1.6 6.725
    endloop
  endfacet
  facet normal 0.683913 0 -0.729564
    outer loop
      vertex 15.9747 -1.6 7.0253
      vertex 16.0439 1.6 7.09017
      vertex 16.0439 -1.6 7.09017
    endloop
  endfacet
  facet normal 0.683913 0 -0.729564
    outer loop
      vertex 16.0439 1.6 7.09017
      vertex 15.9747 -1.6 7.0253
      vertex 15.9747 1.6 7.0253
    endloop
  endfacet
  facet normal 0.999466 0 -0.0326726
    outer loop
      vertex 15.5531 -1.6 6.09483
      vertex 15.55 1.6 6
      vertex 15.5531 1.6 6.09483
    endloop
  endfacet
  facet normal 0.999466 0 -0.0326726
    outer loop
      vertex 15.55 1.6 6
      vertex 15.5531 -1.6 6.09483
      vertex 15.55 -1.6 6
    endloop
  endfacet
  facet normal -0.290247 0 -0.956952
    outer loop
      vertex 17.3753 -1.6 7.40059
      vertex 17.4661 1.6 7.37305
      vertex 17.4661 -1.6 7.37305
    endloop
  endfacet
  facet normal -0.290247 0 -0.956952
    outer loop
      vertex 17.4661 1.6 7.37305
      vertex 17.3753 -1.6 7.40059
      vertex 17.3753 1.6 7.40059
    endloop
  endfacet
  facet normal 0.772994 -0 0.634414
    outer loop
      vertex 15.8496 -1.6 5.1173
      vertex 15.9098 1.6 5.04395
      vertex 15.8496 1.6 5.1173
    endloop
  endfacet
  facet normal 0.772994 0 0.634414
    outer loop
      vertex 15.9098 1.6 5.04395
      vertex 15.8496 -1.6 5.1173
      vertex 15.9098 -1.6 5.04395
    endloop
  endfacet
  facet normal -0.352232 0 0.935913
    outer loop
      vertex 17.4661 1.6 4.62695
      vertex 17.5549 -1.6 4.66037
      vertex 17.5549 1.6 4.66037
    endloop
  endfacet
  facet normal -0.352232 0 0.935913
    outer loop
      vertex 17.5549 -1.6 4.66037
      vertex 17.4661 1.6 4.62695
      vertex 17.4661 -1.6 4.62695
    endloop
  endfacet
  facet normal -0.032683 0 0.999466
    outer loop
      vertex 17 1.6 4.55
      vertex 17.0948 -1.6 4.5531
      vertex 17.0948 1.6 4.5531
    endloop
  endfacet
  facet normal -0.032683 0 0.999466
    outer loop
      vertex 17.0948 -1.6 4.5531
      vertex 17 1.6 4.55
      vertex 17 -1.6 4.55
    endloop
  endfacet
  facet normal 0.881605 0 -0.471988
    outer loop
      vertex 15.7443 -1.6 6.725
      vertex 15.6995 1.6 6.64132
      vertex 15.7443 1.6 6.725
    endloop
  endfacet
  facet normal 0.881605 0 -0.471988
    outer loop
      vertex 15.6995 1.6 6.64132
      vertex 15.7443 -1.6 6.725
      vertex 15.6995 -1.6 6.64132
    endloop
  endfacet
  facet normal 0.999466 -0 0.0326692
    outer loop
      vertex 15.55 -1.6 6
      vertex 15.5531 1.6 5.90516
      vertex 15.55 1.6 6
    endloop
  endfacet
  facet normal 0.999466 0 0.0326692
    outer loop
      vertex 15.5531 1.6 5.90516
      vertex 15.55 -1.6 6
      vertex 15.5531 -1.6 5.90516
    endloop
  endfacet
  facet normal 0.52799 0 -0.849251
    outer loop
      vertex 16.1944 -1.6 7.20563
      vertex 16.275 1.6 7.25574
      vertex 16.275 -1.6 7.25574
    endloop
  endfacet
  facet normal 0.52799 0 -0.849251
    outer loop
      vertex 16.275 1.6 7.25574
      vertex 16.1944 -1.6 7.20563
      vertex 16.1944 1.6 7.20563
    endloop
  endfacet
  facet normal 0.849239 -0 0.528008
    outer loop
      vertex 15.7443 -1.6 5.275
      vertex 15.7944 1.6 5.19442
      vertex 15.7443 1.6 5.275
    endloop
  endfacet
  facet normal 0.849239 0 0.528008
    outer loop
      vertex 15.7944 1.6 5.19442
      vertex 15.7443 -1.6 5.275
      vertex 15.7944 -1.6 5.19442
    endloop
  endfacet
  facet normal 0.412818 0 -0.910814
    outer loop
      vertex 16.3587 -1.6 7.30046
      vertex 16.4451 1.6 7.33962
      vertex 16.4451 -1.6 7.33962
    endloop
  endfacet
  facet normal 0.412818 0 -0.910814
    outer loop
      vertex 16.4451 1.6 7.33962
      vertex 16.3587 -1.6 7.30046
      vertex 16.3587 1.6 7.30046
    endloop
  endfacet
  facet normal -0.634391 0 0.773013
    outer loop
      vertex -2.12991 3.2 -9.34683
      vertex -1.72523 -1.6 -9.01472
      vertex -1.72523 3.2 -9.01472
    endloop
  endfacet
  facet normal -0.634391 0 0.773013
    outer loop
      vertex -1.72523 -1.6 -9.01472
      vertex -2.12991 3.2 -9.34683
      vertex -2.12991 -1.6 -9.34683
    endloop
  endfacet
  facet normal 0.881905 0 -0.471428
    outer loop
      vertex -13.9282 -1.6 1
      vertex -14.175 3.2 0.538309
      vertex -13.9282 3.2 1
    endloop
  endfacet
  facet normal 0.881905 0 -0.471428
    outer loop
      vertex -14.175 3.2 0.538309
      vertex -13.9282 -1.6 1
      vertex -14.175 -1.6 0.538309
    endloop
  endfacet
  facet normal -0.995185 0 0.0980152
    outer loop
      vertex 0.931559 -1.6 -4.04421
      vertex 0.982871 3.2 -3.52322
      vertex 0.931559 3.2 -4.04421
    endloop
  endfacet
  facet normal -0.995185 0 0.0980152
    outer loop
      vertex 0.982871 3.2 -3.52322
      vertex 0.931559 -1.6 -4.04421
      vertex 0.982871 -1.6 -3.52322
    endloop
  endfacet
  facet normal -0.999465 0 0.0327201
    outer loop
      vertex 0.982871 -1.6 -3.52322
      vertex 1 3.2 -3
      vertex 0.982871 3.2 -3.52322
    endloop
  endfacet
  facet normal -0.999465 0 0.0327201
    outer loop
      vertex 1 3.2 -3
      vertex 0.982871 -1.6 -3.52322
      vertex 1 -1.6 -3
    endloop
  endfacet
  facet normal 0.973867 0 -0.227119
    outer loop
      vertex -14.7274 -1.6 -0.929447
      vertex -14.8463 3.2 -1.43928
      vertex -14.7274 3.2 -0.929447
    endloop
  endfacet
  facet normal 0.973867 0 -0.227119
    outer loop
      vertex -14.8463 3.2 -1.43928
      vertex -14.7274 -1.6 -0.929447
      vertex -14.8463 -1.6 -1.43928
    endloop
  endfacet
  facet normal 0.995187 0 -0.0979943
    outer loop
      vertex -14.9316 -1.6 -1.95579
      vertex -14.9829 3.2 -2.47677
      vertex -14.9316 3.2 -1.95579
    endloop
  endfacet
  facet normal 0.995187 0 -0.0979943
    outer loop
      vertex -14.9829 3.2 -2.47677
      vertex -14.9316 -1.6 -1.95579
      vertex -14.9829 -1.6 -2.47677
    endloop
  endfacet
  facet normal 0.881904 -0 0.471429
    outer loop
      vertex -14.175 -1.6 -6.53831
      vertex -13.9282 3.2 -7
      vertex -14.175 3.2 -6.53831
    endloop
  endfacet
  facet normal 0.881904 0 0.471429
    outer loop
      vertex -13.9282 3.2 -7
      vertex -14.175 -1.6 -6.53831
      vertex -13.9282 -1.6 -7
    endloop
  endfacet
  facet normal -0.995185 0 -0.098017
    outer loop
      vertex 0.982871 -1.6 -2.47677
      vertex 0.931559 3.2 -1.95579
      vertex 0.982871 3.2 -2.47677
    endloop
  endfacet
  facet normal -0.995185 -0 -0.098017
    outer loop
      vertex 0.931559 3.2 -1.95579
      vertex 0.982871 -1.6 -2.47677
      vertex 0.931559 -1.6 -1.95579
    endloop
  endfacet
  facet normal 0.973867 -0 0.22712
    outer loop
      vertex -14.8463 -1.6 -4.56072
      vertex -14.7274 3.2 -5.07055
      vertex -14.8463 3.2 -4.56072
    endloop
  endfacet
  facet normal 0.973867 0 0.22712
    outer loop
      vertex -14.7274 3.2 -5.07055
      vertex -14.8463 -1.6 -4.56072
      vertex -14.7274 -1.6 -5.07055
    endloop
  endfacet
  facet normal 0.986636 -0 0.16294
    outer loop
      vertex -14.9316 -1.6 -4.04421
      vertex -14.8463 3.2 -4.56072
      vertex -14.9316 3.2 -4.04421
    endloop
  endfacet
  facet normal 0.986636 0 0.16294
    outer loop
      vertex -14.8463 3.2 -4.56072
      vertex -14.9316 -1.6 -4.04421
      vertex -14.8463 -1.6 -4.56072
    endloop
  endfacet
  facet normal -0.471399 0 -0.88192
    outer loop
      vertex -3.46169 -1.6 4.17498
      vertex -3 1.6 3.9282
      vertex -3 -1.6 3.9282
    endloop
  endfacet
  facet normal -0.471399 0 -0.88192
    outer loop
      vertex -3 1.6 3.9282
      vertex -3.46169 -1.6 4.17498
      vertex -3.46169 1.6 4.17498
    endloop
  endfacet
  facet normal 0.352224 0 0.935916
    outer loop
      vertex -10.0615 3.2 -10.391
      vertex -9.57152 -1.6 -10.5754
      vertex -9.57152 3.2 -10.5754
    endloop
  endfacet
  facet normal 0.352224 0 0.935916
    outer loop
      vertex -9.57152 -1.6 -10.5754
      vertex -10.0615 3.2 -10.391
      vertex -10.0615 -1.6 -10.391
    endloop
  endfacet
  facet normal -0.773012 0 -0.634392
    outer loop
      vertex -0.653172 3.2 1.87009
      vertex -0.759786 1.6 2
      vertex -0.759786 3.2 2
    endloop
  endfacet
  facet normal -0.773012 0 -0.634392
    outer loop
      vertex -0.653172 -1.6 1.87009
      vertex -0.759786 1.6 2
      vertex -0.653172 3.2 1.87009
    endloop
  endfacet
  facet normal -0.773014 -1.6316e-07 -0.63439
    outer loop
      vertex -0.985281 -1.6 2.27477
      vertex -0.759786 1.6 2
      vertex -0.653172 -1.6 1.87009
    endloop
  endfacet
  facet normal -0.773014 0 -0.634388
    outer loop
      vertex -0.759786 1.6 2
      vertex -0.985281 -1.6 2.27477
      vertex -0.985281 1.6 2.27477
    endloop
  endfacet
  facet normal 0.935909 -0 0.352243
    outer loop
      vertex -14.5754 -1.6 -5.57152
      vertex -14.391 3.2 -6.06147
      vertex -14.5754 3.2 -5.57152
    endloop
  endfacet
  facet normal 0.935909 0 0.352243
    outer loop
      vertex -14.391 3.2 -6.06147
      vertex -14.5754 -1.6 -5.57152
      vertex -14.391 -1.6 -6.06147
    endloop
  endfacet
  facet normal 0.935909 0 -0.352242
    outer loop
      vertex -14.391 -1.6 0.0614672
      vertex -14.5754 3.2 -0.428484
      vertex -14.391 3.2 0.0614672
    endloop
  endfacet
  facet normal 0.935909 0 -0.352242
    outer loop
      vertex -14.5754 3.2 -0.428484
      vertex -14.391 -1.6 0.0614672
      vertex -14.5754 -1.6 -0.428484
    endloop
  endfacet
  facet normal 0.812784 0 -0.582565
    outer loop
      vertex -13.3468 -1.6 1.87009
      vertex -13.6518 3.2 1.44456
      vertex -13.3468 3.2 1.87009
    endloop
  endfacet
  facet normal 0.812784 0 -0.582565
    outer loop
      vertex -13.6518 3.2 1.44456
      vertex -13.3468 -1.6 1.87009
      vertex -13.6518 -1.6 1.44456
    endloop
  endfacet
  facet normal -0.812848 0 0.582476
    outer loop
      vertex -0.653172 -1.6 -7.87009
      vertex -0.348243 3.2 -7.44456
      vertex -0.653172 3.2 -7.87009
    endloop
  endfacet
  facet normal -0.812848 0 0.582476
    outer loop
      vertex -0.348243 3.2 -7.44456
      vertex -0.653172 -1.6 -7.87009
      vertex -0.348243 -1.6 -7.44456
    endloop
  endfacet
  facet normal -0.352243 0 0.935909
    outer loop
      vertex -4.42848 3.2 -10.5754
      vertex -3.93853 -1.6 -10.391
      vertex -3.93853 3.2 -10.391
    endloop
  endfacet
  facet normal -0.352243 0 0.935909
    outer loop
      vertex -3.93853 -1.6 -10.391
      vertex -4.42848 3.2 -10.5754
      vertex -4.42848 -1.6 -10.5754
    endloop
  endfacet
  facet normal -0.849201 0 -0.52807
    outer loop
      vertex -0.0717964 -1.6 1
      vertex -0.348243 3.2 1.44456
      vertex -0.0717964 3.2 1
    endloop
  endfacet
  facet normal -0.849201 -0 -0.52807
    outer loop
      vertex -0.348243 3.2 1.44456
      vertex -0.0717964 -1.6 1
      vertex -0.348243 -1.6 1.44456
    endloop
  endfacet
  facet normal 0.471421 0 0.881908
    outer loop
      vertex -11 3.2 -9.9282
      vertex -10.5383 -1.6 -10.175
      vertex -10.5383 3.2 -10.175
    endloop
  endfacet
  facet normal 0.471421 0 0.881908
    outer loop
      vertex -10.5383 -1.6 -10.175
      vertex -11 3.2 -9.9282
      vertex -11 -1.6 -9.9282
    endloop
  endfacet
  facet normal 0.582504 0 0.812828
    outer loop
      vertex -11.8701 3.2 -9.34683
      vertex -11.4446 -1.6 -9.65176
      vertex -11.4446 3.2 -9.65176
    endloop
  endfacet
  facet normal 0.582504 0 0.812828
    outer loop
      vertex -11.4446 -1.6 -9.65176
      vertex -11.8701 3.2 -9.34683
      vertex -11.8701 -1.6 -9.34683
    endloop
  endfacet
  facet normal 0.412651 0 0.910889
    outer loop
      vertex -10.5383 3.2 -10.175
      vertex -10.0615 -1.6 -10.391
      vertex -10.0615 3.2 -10.391
    endloop
  endfacet
  facet normal 0.412651 0 0.910889
    outer loop
      vertex -10.0615 -1.6 -10.391
      vertex -10.5383 3.2 -10.175
      vertex -10.5383 -1.6 -10.175
    endloop
  endfacet
  facet normal -0.956941 0 0.290284
    outer loop
      vertex 0.57544 -1.6 -5.57152
      vertex 0.727407 3.2 -5.07055
      vertex 0.57544 3.2 -5.57152
    endloop
  endfacet
  facet normal -0.956941 0 0.290284
    outer loop
      vertex 0.727407 3.2 -5.07055
      vertex 0.57544 -1.6 -5.57152
      vertex 0.727407 -1.6 -5.07055
    endloop
  endfacet
  facet normal -0.773014 0 0.63439
    outer loop
      vertex -0.985281 -1.6 -8.27477
      vertex -0.653172 3.2 -7.87009
      vertex -0.985281 3.2 -8.27477
    endloop
  endfacet
  facet normal -0.773014 0 0.63439
    outer loop
      vertex -0.653172 3.2 -7.87009
      vertex -0.985281 -1.6 -8.27477
      vertex -0.653172 -1.6 -7.87009
    endloop
  endfacet
  facet normal -0.986643 0 0.162897
    outer loop
      vertex 0.846282 -1.6 -4.56072
      vertex 0.931559 3.2 -4.04421
      vertex 0.846282 3.2 -4.56072
    endloop
  endfacet
  facet normal -0.986643 0 0.162897
    outer loop
      vertex 0.931559 3.2 -4.04421
      vertex 0.846282 -1.6 -4.56072
      vertex 0.931559 -1.6 -4.04421
    endloop
  endfacet
  facet normal 0.032722 0 -0.999464
    outer loop
      vertex -7.52322 -1.6 4.98287
      vertex -7 1.6 5
      vertex -7 -1.6 5
    endloop
  endfacet
  facet normal 0.032722 0 -0.999464
    outer loop
      vertex -7 1.6 5
      vertex -7.52322 -1.6 4.98287
      vertex -7.52322 1.6 4.98287
    endloop
  endfacet
  facet normal -0.729853 0 0.683605
    outer loop
      vertex -1.34315 -1.6 -8.65685
      vertex -0.985281 3.2 -8.27477
      vertex -1.34315 3.2 -8.65685
    endloop
  endfacet
  facet normal -0.729853 0 0.683605
    outer loop
      vertex -0.985281 3.2 -8.27477
      vertex -1.34315 -1.6 -8.65685
      vertex -0.985281 -1.6 -8.27477
    endloop
  endfacet
  facet normal -0.935906 0 -0.352249
    outer loop
      vertex 0.57544 -1.6 -0.428484
      vertex 0.391036 3.2 0.0614672
      vertex 0.57544 3.2 -0.428484
    endloop
  endfacet
  facet normal -0.935906 -0 -0.352249
    outer loop
      vertex 0.391036 3.2 0.0614672
      vertex 0.57544 -1.6 -0.428484
      vertex 0.391036 -1.6 0.0614672
    endloop
  endfacet
  facet normal 0.773008 0 -0.634397
    outer loop
      vertex -13.0147 1.6 2.27477
      vertex -13.0147 -1.6 2.27477
      vertex -13.2402 1.6 2
    endloop
  endfacet
  facet normal 0.773052 0 -0.634342
    outer loop
      vertex -13.2402 1.6 2
      vertex -13.3468 3.2 1.87009
      vertex -13.2402 3.2 2
    endloop
  endfacet
  facet normal 0.773052 0 -0.634342
    outer loop
      vertex -13.2402 1.6 2
      vertex -13.3468 -1.6 1.87009
      vertex -13.3468 3.2 1.87009
    endloop
  endfacet
  facet normal 0.773022 2.52087e-06 -0.634379
    outer loop
      vertex -13.3468 -1.6 1.87009
      vertex -13.2402 1.6 2
      vertex -13.0147 -1.6 2.27477
    endloop
  endfacet
  facet normal 0.634372 0 0.773028
    outer loop
      vertex -12.2748 3.2 -9.01472
      vertex -11.8701 -1.6 -9.34683
      vertex -11.8701 3.2 -9.34683
    endloop
  endfacet
  facet normal 0.634372 0 0.773028
    outer loop
      vertex -11.8701 -1.6 -9.34683
      vertex -12.2748 3.2 -9.01472
      vertex -12.2748 -1.6 -9.01472
    endloop
  endfacet
  facet normal -0.0327214 0 -0.999465
    outer loop
      vertex -7 -1.6 5
      vertex -6.47677 1.6 4.98287
      vertex -6.47677 -1.6 4.98287
    endloop
  endfacet
  facet normal -0.0327214 0 -0.999465
    outer loop
      vertex -6.47677 1.6 4.98287
      vertex -7 -1.6 5
      vertex -7 1.6 5
    endloop
  endfacet
  facet normal -0.528061 0 0.849207
    outer loop
      vertex -3 3.2 -9.9282
      vertex -2.55544 -1.6 -9.65176
      vertex -2.55544 3.2 -9.65176
    endloop
  endfacet
  facet normal -0.528061 0 0.849207
    outer loop
      vertex -2.55544 -1.6 -9.65176
      vertex -3 3.2 -9.9282
      vertex -3 -1.6 -9.9282
    endloop
  endfacet
  facet normal -0.582477 0 -0.812847
    outer loop
      vertex -2.55544 -1.6 3.65176
      vertex -2.12991 1.6 3.34683
      vertex -2.12991 -1.6 3.34683
    endloop
  endfacet
  facet normal -0.582477 0 -0.812847
    outer loop
      vertex -2.12991 1.6 3.34683
      vertex -2.55544 -1.6 3.65176
      vertex -2.55544 1.6 3.65176
    endloop
  endfacet
  facet normal 0.0979925 0 0.995187
    outer loop
      vertex -8.04421 3.2 -10.9316
      vertex -7.52322 -1.6 -10.9829
      vertex -7.52322 3.2 -10.9829
    endloop
  endfacet
  facet normal 0.0979925 0 0.995187
    outer loop
      vertex -7.52322 -1.6 -10.9829
      vertex -8.04421 3.2 -10.9316
      vertex -8.04421 -1.6 -10.9316
    endloop
  endfacet
  facet normal -0.910863 0 0.41271
    outer loop
      vertex 0.174981 -1.6 -6.53831
      vertex 0.391036 3.2 -6.06147
      vertex 0.174981 3.2 -6.53831
    endloop
  endfacet
  facet normal -0.910863 0 0.41271
    outer loop
      vertex 0.391036 3.2 -6.06147
      vertex 0.174981 -1.6 -6.53831
      vertex 0.391036 -1.6 -6.06147
    endloop
  endfacet
  facet normal -0.471429 0 0.881904
    outer loop
      vertex -3.46169 3.2 -10.175
      vertex -3 -1.6 -9.9282
      vertex -3 3.2 -9.9282
    endloop
  endfacet
  facet normal -0.471429 0 0.881904
    outer loop
      vertex -3 -1.6 -9.9282
      vertex -3.46169 3.2 -10.175
      vertex -3.46169 -1.6 -10.175
    endloop
  endfacet
  facet normal 0.290289 0 -0.956939
    outer loop
      vertex -9.57152 -1.6 4.57544
      vertex -9.07055 1.6 4.72741
      vertex -9.07055 -1.6 4.72741
    endloop
  endfacet
  facet normal 0.290289 0 -0.956939
    outer loop
      vertex -9.07055 1.6 4.72741
      vertex -9.57152 -1.6 4.57544
      vertex -9.57152 1.6 4.57544
    endloop
  endfacet
  facet normal -0.0980133 0 -0.995185
    outer loop
      vertex -6.47677 -1.6 4.98287
      vertex -5.95579 1.6 4.93156
      vertex -5.95579 -1.6 4.93156
    endloop
  endfacet
  facet normal -0.0980133 0 -0.995185
    outer loop
      vertex -5.95579 1.6 4.93156
      vertex -6.47677 -1.6 4.98287
      vertex -6.47677 1.6 4.98287
    endloop
  endfacet
  facet normal -0.412718 0 -0.910859
    outer loop
      vertex -3.93853 -1.6 4.39104
      vertex -3.46169 1.6 4.17498
      vertex -3.46169 -1.6 4.17498
    endloop
  endfacet
  facet normal -0.412718 0 -0.910859
    outer loop
      vertex -3.46169 1.6 4.17498
      vertex -3.93853 -1.6 4.39104
      vertex -3.93853 1.6 4.39104
    endloop
  endfacet
  facet normal -0.910863 0 -0.412708
    outer loop
      vertex 0.391036 -1.6 0.0614672
      vertex 0.174981 3.2 0.538309
      vertex 0.391036 3.2 0.0614672
    endloop
  endfacet
  facet normal -0.910863 -0 -0.412708
    outer loop
      vertex 0.174981 3.2 0.538309
      vertex 0.391036 -1.6 0.0614672
      vertex 0.174981 -1.6 0.538309
    endloop
  endfacet
  facet normal -0.999465 0 -0.0327195
    outer loop
      vertex 1 -1.6 -3
      vertex 0.982871 3.2 -2.47677
      vertex 1 3.2 -3
    endloop
  endfacet
  facet normal -0.999465 -0 -0.0327195
    outer loop
      vertex 0.982871 3.2 -2.47677
      vertex 1 -1.6 -3
      vertex 0.982871 -1.6 -2.47677
    endloop
  endfacet
  facet normal 0.16294 0 0.986636
    outer loop
      vertex -8.56072 3.2 -10.8463
      vertex -8.04421 -1.6 -10.9316
      vertex -8.04421 3.2 -10.9316
    endloop
  endfacet
  facet normal 0.16294 0 0.986636
    outer loop
      vertex -8.04421 -1.6 -10.9316
      vertex -8.56072 3.2 -10.8463
      vertex -8.56072 -1.6 -10.8463
    endloop
  endfacet
  facet normal -0.582477 0 0.812847
    outer loop
      vertex -2.55544 3.2 -9.65176
      vertex -2.12991 -1.6 -9.34683
      vertex -2.12991 3.2 -9.34683
    endloop
  endfacet
  facet normal -0.582477 0 0.812847
    outer loop
      vertex -2.12991 -1.6 -9.34683
      vertex -2.55544 3.2 -9.65176
      vertex -2.55544 -1.6 -9.65176
    endloop
  endfacet
  facet normal -0.683606 0 0.729852
    outer loop
      vertex -1.72523 3.2 -9.01472
      vertex -1.34315 -1.6 -8.65685
      vertex -1.34315 3.2 -8.65685
    endloop
  endfacet
  facet normal -0.683606 0 0.729852
    outer loop
      vertex -1.34315 -1.6 -8.65685
      vertex -1.72523 3.2 -9.01472
      vertex -1.72523 -1.6 -9.01472
    endloop
  endfacet
  facet normal 0.729918 0 -0.683534
    outer loop
      vertex -12.6569 -1.6 2.65685
      vertex -13.0147 1.6 2.27477
      vertex -12.6569 1.6 2.65685
    endloop
  endfacet
  facet normal 0.729918 0 -0.683534
    outer loop
      vertex -13.0147 1.6 2.27477
      vertex -12.6569 -1.6 2.65685
      vertex -13.0147 -1.6 2.27477
    endloop
  endfacet
  facet normal -0.0326642 0 0.999466
    outer loop
      vertex -7 3.2 -11
      vertex -6.47677 -1.6 -10.9829
      vertex -6.47677 3.2 -10.9829
    endloop
  endfacet
  facet normal -0.0326642 0 0.999466
    outer loop
      vertex -6.47677 -1.6 -10.9829
      vertex -7 3.2 -11
      vertex -7 -1.6 -11
    endloop
  endfacet
  facet normal 0.162903 0 -0.986642
    outer loop
      vertex -8.56072 -1.6 4.84628
      vertex -8.04421 1.6 4.93156
      vertex -8.04421 -1.6 4.93156
    endloop
  endfacet
  facet normal 0.162903 0 -0.986642
    outer loop
      vertex -8.04421 1.6 4.93156
      vertex -8.56072 -1.6 4.84628
      vertex -8.56072 1.6 4.84628
    endloop
  endfacet
  facet normal -0.881922 0 0.471395
    outer loop
      vertex -0.0717964 -1.6 -7
      vertex 0.174981 3.2 -6.53831
      vertex -0.0717964 3.2 -7
    endloop
  endfacet
  facet normal -0.881922 0 0.471395
    outer loop
      vertex 0.174981 3.2 -6.53831
      vertex -0.0717964 -1.6 -7
      vertex 0.174981 -1.6 -6.53831
    endloop
  endfacet
  facet normal 0.683586 0 0.72987
    outer loop
      vertex -12.6569 3.2 -8.65685
      vertex -12.2748 -1.6 -9.01472
      vertex -12.2748 3.2 -9.01472
    endloop
  endfacet
  facet normal 0.683586 0 0.72987
    outer loop
      vertex -12.2748 -1.6 -9.01472
      vertex -12.6569 3.2 -8.65685
      vertex -12.6569 -1.6 -8.65685
    endloop
  endfacet
  facet normal -0.95694 0 -0.290287
    outer loop
      vertex 0.727407 -1.6 -0.929447
      vertex 0.57544 3.2 -0.428484
      vertex 0.727407 3.2 -0.929447
    endloop
  endfacet
  facet normal -0.95694 -0 -0.290287
    outer loop
      vertex 0.57544 3.2 -0.428484
      vertex 0.727407 -1.6 -0.929447
      vertex 0.57544 -1.6 -0.428484
    endloop
  endfacet
  facet normal 0.352224 0 -0.935916
    outer loop
      vertex -10.0615 -1.6 4.39104
      vertex -9.57152 1.6 4.57544
      vertex -9.57152 -1.6 4.57544
    endloop
  endfacet
  facet normal 0.352224 0 -0.935916
    outer loop
      vertex -9.57152 1.6 4.57544
      vertex -10.0615 -1.6 4.39104
      vertex -10.0615 1.6 4.39104
    endloop
  endfacet
  facet normal -0.290341 0 0.956923
    outer loop
      vertex -4.92945 3.2 -10.7274
      vertex -4.42848 -1.6 -10.5754
      vertex -4.42848 3.2 -10.5754
    endloop
  endfacet
  facet normal -0.290341 0 0.956923
    outer loop
      vertex -4.42848 -1.6 -10.5754
      vertex -4.92945 3.2 -10.7274
      vertex -4.92945 -1.6 -10.7274
    endloop
  endfacet
  facet normal -0.881923 0 -0.471394
    outer loop
      vertex 0.174981 -1.6 0.538309
      vertex -0.0717964 3.2 1
      vertex 0.174981 3.2 0.538309
    endloop
  endfacet
  facet normal -0.881923 -0 -0.471394
    outer loop
      vertex -0.0717964 3.2 1
      vertex 0.174981 -1.6 0.538309
      vertex -0.0717964 -1.6 1
    endloop
  endfacet
  facet normal 0.910903 0 -0.412621
    outer loop
      vertex -14.175 -1.6 0.538309
      vertex -14.391 3.2 0.0614672
      vertex -14.175 3.2 0.538309
    endloop
  endfacet
  facet normal 0.910903 0 -0.412621
    outer loop
      vertex -14.391 3.2 0.0614672
      vertex -14.175 -1.6 0.538309
      vertex -14.391 -1.6 0.0614672
    endloop
  endfacet
  facet normal 0.956923 -0 0.290341
    outer loop
      vertex -14.7274 -1.6 -5.07055
      vertex -14.5754 3.2 -5.57152
      vertex -14.7274 3.2 -5.07055
    endloop
  endfacet
  facet normal 0.956923 0 0.290341
    outer loop
      vertex -14.5754 3.2 -5.57152
      vertex -14.7274 -1.6 -5.07055
      vertex -14.5754 -1.6 -5.57152
    endloop
  endfacet
  facet normal -0.528061 0 -0.849207
    outer loop
      vertex -3 -1.6 3.9282
      vertex -2.55544 1.6 3.65176
      vertex -2.55544 -1.6 3.65176
    endloop
  endfacet
  facet normal -0.528061 0 -0.849207
    outer loop
      vertex -2.55544 1.6 3.65176
      vertex -3 -1.6 3.9282
      vertex -3 1.6 3.9282
    endloop
  endfacet
  facet normal -0.634391 0 -0.773013
    outer loop
      vertex -2.12991 -1.6 3.34683
      vertex -1.72523 1.6 3.01472
      vertex -1.72523 -1.6 3.01472
    endloop
  endfacet
  facet normal -0.634391 0 -0.773013
    outer loop
      vertex -1.72523 1.6 3.01472
      vertex -2.12991 -1.6 3.34683
      vertex -2.12991 1.6 3.34683
    endloop
  endfacet
  facet normal -0.973877 0 0.227075
    outer loop
      vertex 0.727407 -1.6 -5.07055
      vertex 0.846282 3.2 -4.56072
      vertex 0.727407 3.2 -5.07055
    endloop
  endfacet
  facet normal -0.973877 0 0.227075
    outer loop
      vertex 0.846282 3.2 -4.56072
      vertex 0.727407 -1.6 -5.07055
      vertex 0.846282 -1.6 -4.56072
    endloop
  endfacet
  facet normal -0.849201 0 0.52807
    outer loop
      vertex -0.348243 -1.6 -7.44456
      vertex -0.0717964 3.2 -7
      vertex -0.348243 3.2 -7.44456
    endloop
  endfacet
  facet normal -0.849201 0 0.52807
    outer loop
      vertex -0.0717964 3.2 -7
      vertex -0.348243 -1.6 -7.44456
      vertex -0.0717964 -1.6 -7
    endloop
  endfacet
  facet normal -0.683606 0 -0.729852
    outer loop
      vertex -1.72523 -1.6 3.01472
      vertex -1.34315 1.6 2.65685
      vertex -1.34315 -1.6 2.65685
    endloop
  endfacet
  facet normal -0.683606 0 -0.729852
    outer loop
      vertex -1.34315 1.6 2.65685
      vertex -1.72523 -1.6 3.01472
      vertex -1.72523 1.6 3.01472
    endloop
  endfacet
  facet normal 0.956922 0 -0.290345
    outer loop
      vertex -14.5754 -1.6 -0.428484
      vertex -14.7274 3.2 -0.929447
      vertex -14.5754 3.2 -0.428484
    endloop
  endfacet
  facet normal 0.956922 0 -0.290345
    outer loop
      vertex -14.7274 3.2 -0.929447
      vertex -14.5754 -1.6 -0.428484
      vertex -14.7274 -1.6 -0.929447
    endloop
  endfacet
  facet normal 0.995187 -0 0.0979925
    outer loop
      vertex -14.9829 -1.6 -3.52322
      vertex -14.9316 3.2 -4.04421
      vertex -14.9829 3.2 -3.52322
    endloop
  endfacet
  facet normal 0.995187 0 0.0979925
    outer loop
      vertex -14.9316 3.2 -4.04421
      vertex -14.9829 -1.6 -3.52322
      vertex -14.9316 -1.6 -4.04421
    endloop
  endfacet
  facet normal 0.999466 0 -0.0326642
    outer loop
      vertex -14.9829 -1.6 -2.47677
      vertex -15 3.2 -3
      vertex -14.9829 3.2 -2.47677
    endloop
  endfacet
  facet normal 0.999466 0 -0.0326642
    outer loop
      vertex -15 3.2 -3
      vertex -14.9829 -1.6 -2.47677
      vertex -15 -1.6 -3
    endloop
  endfacet
  facet normal 0.290341 0 0.956923
    outer loop
      vertex -9.57152 3.2 -10.5754
      vertex -9.07055 -1.6 -10.7274
      vertex -9.07055 3.2 -10.7274
    endloop
  endfacet
  facet normal 0.290341 0 0.956923
    outer loop
      vertex -9.07055 -1.6 -10.7274
      vertex -9.57152 3.2 -10.5754
      vertex -9.57152 -1.6 -10.5754
    endloop
  endfacet
  facet normal -0.729853 0 -0.683605
    outer loop
      vertex -0.985281 -1.6 2.27477
      vertex -1.34315 1.6 2.65685
      vertex -0.985281 1.6 2.27477
    endloop
  endfacet
  facet normal -0.729853 -0 -0.683605
    outer loop
      vertex -1.34315 1.6 2.65685
      vertex -0.985281 -1.6 2.27477
      vertex -1.34315 -1.6 2.65685
    endloop
  endfacet
  facet normal 0.582504 0 -0.812828
    outer loop
      vertex -11.8701 -1.6 3.34683
      vertex -11.4446 1.6 3.65176
      vertex -11.4446 -1.6 3.65176
    endloop
  endfacet
  facet normal 0.582504 0 -0.812828
    outer loop
      vertex -11.4446 1.6 3.65176
      vertex -11.8701 -1.6 3.34683
      vertex -11.8701 1.6 3.34683
    endloop
  endfacet
  facet normal -0.227066 0 -0.973879
    outer loop
      vertex -5.43928 -1.6 4.84628
      vertex -4.92945 1.6 4.72741
      vertex -4.92945 -1.6 4.72741
    endloop
  endfacet
  facet normal -0.227066 0 -0.973879
    outer loop
      vertex -4.92945 1.6 4.72741
      vertex -5.43928 -1.6 4.84628
      vertex -5.43928 1.6 4.84628
    endloop
  endfacet
  facet normal 0.0326648 0 0.999466
    outer loop
      vertex -7.52322 3.2 -10.9829
      vertex -7 -1.6 -11
      vertex -7 3.2 -11
    endloop
  endfacet
  facet normal 0.0326648 0 0.999466
    outer loop
      vertex -7 -1.6 -11
      vertex -7.52322 3.2 -10.9829
      vertex -7.52322 -1.6 -10.9829
    endloop
  endfacet
  facet normal 0.849241 0 -0.528006
    outer loop
      vertex -13.6518 -1.6 1.44456
      vertex -13.9282 3.2 1
      vertex -13.6518 3.2 1.44456
    endloop
  endfacet
  facet normal 0.849241 0 -0.528006
    outer loop
      vertex -13.9282 3.2 1
      vertex -13.6518 -1.6 1.44456
      vertex -13.9282 -1.6 1
    endloop
  endfacet
  facet normal -0.352243 0 -0.935909
    outer loop
      vertex -4.42848 -1.6 4.57544
      vertex -3.93853 1.6 4.39104
      vertex -3.93853 -1.6 4.39104
    endloop
  endfacet
  facet normal -0.352243 0 -0.935909
    outer loop
      vertex -3.93853 1.6 4.39104
      vertex -4.42848 -1.6 4.57544
      vertex -4.42848 1.6 4.57544
    endloop
  endfacet
  facet normal 0.22712 0 0.973867
    outer loop
      vertex -9.07055 3.2 -10.7274
      vertex -8.56072 -1.6 -10.8463
      vertex -8.56072 3.2 -10.8463
    endloop
  endfacet
  facet normal 0.22712 0 0.973867
    outer loop
      vertex -8.56072 -1.6 -10.8463
      vertex -9.07055 3.2 -10.7274
      vertex -9.07055 -1.6 -10.7274
    endloop
  endfacet
  facet normal -0.162903 0 -0.986642
    outer loop
      vertex -5.95579 -1.6 4.93156
      vertex -5.43928 1.6 4.84628
      vertex -5.43928 -1.6 4.84628
    endloop
  endfacet
  facet normal -0.162903 0 -0.986642
    outer loop
      vertex -5.43928 1.6 4.84628
      vertex -5.95579 -1.6 4.93156
      vertex -5.95579 1.6 4.93156
    endloop
  endfacet
  facet normal -0.935906 0 0.35225
    outer loop
      vertex 0.391036 -1.6 -6.06147
      vertex 0.57544 3.2 -5.57152
      vertex 0.391036 3.2 -6.06147
    endloop
  endfacet
  facet normal -0.935906 0 0.35225
    outer loop
      vertex 0.57544 3.2 -5.57152
      vertex 0.391036 -1.6 -6.06147
      vertex 0.57544 -1.6 -5.57152
    endloop
  endfacet
  facet normal -0.16294 0 0.986636
    outer loop
      vertex -5.95579 3.2 -10.9316
      vertex -5.43928 -1.6 -10.8463
      vertex -5.43928 3.2 -10.8463
    endloop
  endfacet
  facet normal -0.16294 0 0.986636
    outer loop
      vertex -5.43928 -1.6 -10.8463
      vertex -5.95579 3.2 -10.9316
      vertex -5.95579 -1.6 -10.9316
    endloop
  endfacet
  facet normal -0.412622 0 0.910902
    outer loop
      vertex -3.93853 3.2 -10.391
      vertex -3.46169 -1.6 -10.175
      vertex -3.46169 3.2 -10.175
    endloop
  endfacet
  facet normal -0.412622 0 0.910902
    outer loop
      vertex -3.46169 -1.6 -10.175
      vertex -3.93853 3.2 -10.391
      vertex -3.93853 -1.6 -10.391
    endloop
  endfacet
  facet normal -0.986643 0 -0.162897
    outer loop
      vertex 0.931559 -1.6 -1.95579
      vertex 0.846282 3.2 -1.43928
      vertex 0.931559 3.2 -1.95579
    endloop
  endfacet
  facet normal -0.986643 -0 -0.162897
    outer loop
      vertex 0.846282 3.2 -1.43928
      vertex 0.931559 -1.6 -1.95579
      vertex 0.846282 -1.6 -1.43928
    endloop
  endfacet
  facet normal -0.973878 0 -0.227074
    outer loop
      vertex 0.846282 -1.6 -1.43928
      vertex 0.727407 3.2 -0.929447
      vertex 0.846282 3.2 -1.43928
    endloop
  endfacet
  facet normal -0.973878 -0 -0.227074
    outer loop
      vertex 0.727407 3.2 -0.929447
      vertex 0.846282 -1.6 -1.43928
      vertex 0.727407 -1.6 -0.929447
    endloop
  endfacet
  facet normal 0.0980114 0 -0.995185
    outer loop
      vertex -8.04421 -1.6 4.93156
      vertex -7.52322 1.6 4.98287
      vertex -7.52322 -1.6 4.98287
    endloop
  endfacet
  facet normal 0.0980114 0 -0.995185
    outer loop
      vertex -7.52322 1.6 4.98287
      vertex -8.04421 -1.6 4.93156
      vertex -8.04421 1.6 4.93156
    endloop
  endfacet
  facet normal -0.0979943 0 0.995187
    outer loop
      vertex -6.47677 3.2 -10.9829
      vertex -5.95579 -1.6 -10.9316
      vertex -5.95579 3.2 -10.9316
    endloop
  endfacet
  facet normal -0.0979943 0 0.995187
    outer loop
      vertex -5.95579 -1.6 -10.9316
      vertex -6.47677 3.2 -10.9829
      vertex -6.47677 -1.6 -10.9829
    endloop
  endfacet
  facet normal 0.412746 0 -0.910846
    outer loop
      vertex -10.5383 -1.6 4.17498
      vertex -10.0615 1.6 4.39104
      vertex -10.0615 -1.6 4.39104
    endloop
  endfacet
  facet normal 0.412746 0 -0.910846
    outer loop
      vertex -10.0615 1.6 4.39104
      vertex -10.5383 -1.6 4.17498
      vertex -10.5383 1.6 4.17498
    endloop
  endfacet
  facet normal 0.849241 -0 0.528006
    outer loop
      vertex -13.9282 -1.6 -7
      vertex -13.6518 3.2 -7.44456
      vertex -13.9282 3.2 -7
    endloop
  endfacet
  facet normal 0.849241 0 0.528006
    outer loop
      vertex -13.6518 3.2 -7.44456
      vertex -13.9282 -1.6 -7
      vertex -13.6518 -1.6 -7.44456
    endloop
  endfacet
  facet normal 0.729918 -0 0.683534
    outer loop
      vertex -13.0147 -1.6 -8.27477
      vertex -12.6569 3.2 -8.65685
      vertex -13.0147 3.2 -8.27477
    endloop
  endfacet
  facet normal 0.729918 0 0.683534
    outer loop
      vertex -12.6569 3.2 -8.65685
      vertex -13.0147 -1.6 -8.27477
      vertex -12.6569 -1.6 -8.65685
    endloop
  endfacet
  facet normal 0.910902 -0 0.412622
    outer loop
      vertex -14.391 -1.6 -6.06147
      vertex -14.175 3.2 -6.53831
      vertex -14.391 3.2 -6.06147
    endloop
  endfacet
  facet normal 0.910902 0 0.412622
    outer loop
      vertex -14.175 3.2 -6.53831
      vertex -14.391 -1.6 -6.06147
      vertex -14.175 -1.6 -6.53831
    endloop
  endfacet
  facet normal 0.471391 0 -0.881924
    outer loop
      vertex -11 -1.6 3.9282
      vertex -10.5383 1.6 4.17498
      vertex -10.5383 -1.6 4.17498
    endloop
  endfacet
  facet normal 0.471391 0 -0.881924
    outer loop
      vertex -10.5383 1.6 4.17498
      vertex -11 -1.6 3.9282
      vertex -11 1.6 3.9282
    endloop
  endfacet
  facet normal 0.634372 0 -0.773028
    outer loop
      vertex -12.2748 -1.6 3.01472
      vertex -11.8701 1.6 3.34683
      vertex -11.8701 -1.6 3.34683
    endloop
  endfacet
  facet normal 0.634372 0 -0.773028
    outer loop
      vertex -11.8701 1.6 3.34683
      vertex -12.2748 -1.6 3.01472
      vertex -12.2748 1.6 3.01472
    endloop
  endfacet
  facet normal 0.986636 0 -0.16294
    outer loop
      vertex -14.8463 -1.6 -1.43928
      vertex -14.9316 3.2 -1.95579
      vertex -14.8463 3.2 -1.43928
    endloop
  endfacet
  facet normal 0.986636 0 -0.16294
    outer loop
      vertex -14.9316 3.2 -1.95579
      vertex -14.8463 -1.6 -1.43928
      vertex -14.9316 -1.6 -1.95579
    endloop
  endfacet
  facet normal 0.683586 0 -0.72987
    outer loop
      vertex -12.6569 -1.6 2.65685
      vertex -12.2748 1.6 3.01472
      vertex -12.2748 -1.6 3.01472
    endloop
  endfacet
  facet normal 0.683586 0 -0.72987
    outer loop
      vertex -12.2748 1.6 3.01472
      vertex -12.6569 -1.6 2.65685
      vertex -12.6569 1.6 2.65685
    endloop
  endfacet
  facet normal -0.812848 0 -0.582476
    outer loop
      vertex -0.348243 -1.6 1.44456
      vertex -0.653172 3.2 1.87009
      vertex -0.348243 3.2 1.44456
    endloop
  endfacet
  facet normal -0.812848 -0 -0.582476
    outer loop
      vertex -0.653172 3.2 1.87009
      vertex -0.348243 -1.6 1.44456
      vertex -0.653172 -1.6 1.87009
    endloop
  endfacet
  facet normal 0.528026 0 -0.849228
    outer loop
      vertex -11.4446 -1.6 3.65176
      vertex -11 1.6 3.9282
      vertex -11 -1.6 3.9282
    endloop
  endfacet
  facet normal 0.528026 0 -0.849228
    outer loop
      vertex -11 1.6 3.9282
      vertex -11.4446 -1.6 3.65176
      vertex -11.4446 1.6 3.65176
    endloop
  endfacet
  facet normal 0.227066 0 -0.973879
    outer loop
      vertex -9.07055 -1.6 4.72741
      vertex -8.56072 1.6 4.84628
      vertex -8.56072 -1.6 4.84628
    endloop
  endfacet
  facet normal 0.227066 0 -0.973879
    outer loop
      vertex -8.56072 1.6 4.84628
      vertex -9.07055 -1.6 4.72741
      vertex -9.07055 1.6 4.72741
    endloop
  endfacet
  facet normal 0.773022 -0 0.634379
    outer loop
      vertex -13.3468 -1.6 -7.87009
      vertex -13.0147 3.2 -8.27477
      vertex -13.3468 3.2 -7.87009
    endloop
  endfacet
  facet normal 0.773022 0 0.634379
    outer loop
      vertex -13.0147 3.2 -8.27477
      vertex -13.3468 -1.6 -7.87009
      vertex -13.0147 -1.6 -8.27477
    endloop
  endfacet
  facet normal 0.528026 0 0.849228
    outer loop
      vertex -11.4446 3.2 -9.65176
      vertex -11 -1.6 -9.9282
      vertex -11 3.2 -9.9282
    endloop
  endfacet
  facet normal 0.528026 0 0.849228
    outer loop
      vertex -11 -1.6 -9.9282
      vertex -11.4446 3.2 -9.65176
      vertex -11.4446 -1.6 -9.65176
    endloop
  endfacet
  facet normal -0.290289 0 -0.956939
    outer loop
      vertex -4.92945 -1.6 4.72741
      vertex -4.42848 1.6 4.57544
      vertex -4.42848 -1.6 4.57544
    endloop
  endfacet
  facet normal -0.290289 0 -0.956939
    outer loop
      vertex -4.42848 1.6 4.57544
      vertex -4.92945 -1.6 4.72741
      vertex -4.92945 1.6 4.72741
    endloop
  endfacet
  facet normal 0.812784 -0 0.582565
    outer loop
      vertex -13.6518 -1.6 -7.44456
      vertex -13.3468 3.2 -7.87009
      vertex -13.6518 3.2 -7.44456
    endloop
  endfacet
  facet normal 0.812784 0 0.582565
    outer loop
      vertex -13.3468 3.2 -7.87009
      vertex -13.6518 -1.6 -7.44456
      vertex -13.3468 -1.6 -7.87009
    endloop
  endfacet
  facet normal 0.999466 -0 0.0326648
    outer loop
      vertex -15 -1.6 -3
      vertex -14.9829 3.2 -3.52322
      vertex -15 3.2 -3
    endloop
  endfacet
  facet normal 0.999466 0 0.0326648
    outer loop
      vertex -14.9829 3.2 -3.52322
      vertex -15 -1.6 -3
      vertex -14.9829 -1.6 -3.52322
    endloop
  endfacet
  facet normal -0.22712 0 0.973867
    outer loop
      vertex -5.43928 3.2 -10.8463
      vertex -4.92945 -1.6 -10.7274
      vertex -4.92945 3.2 -10.7274
    endloop
  endfacet
  facet normal -0.22712 0 0.973867
    outer loop
      vertex -4.92945 -1.6 -10.7274
      vertex -5.43928 3.2 -10.8463
      vertex -5.43928 -1.6 -10.8463
    endloop
  endfacet
  facet normal -0.0981158 0 0.995175
    outer loop
      vertex 15.0785 3.2 -4.19743
      vertex 15.1566 -1.6 -4.18973
      vertex 15.1566 3.2 -4.18973
    endloop
  endfacet
  facet normal -0.0981158 0 0.995175
    outer loop
      vertex 15.1566 -1.6 -4.18973
      vertex 15.0785 3.2 -4.19743
      vertex 15.0785 -1.6 -4.19743
    endloop
  endfacet
  facet normal -0.995181 0 0.0980537
    outer loop
      vertex 16.1897 -1.6 -3.15663
      vertex 16.1974 3.2 -3.07848
      vertex 16.1897 3.2 -3.15663
    endloop
  endfacet
  facet normal -0.995181 0 0.0980537
    outer loop
      vertex 16.1974 3.2 -3.07848
      vertex 16.1897 -1.6 -3.15663
      vertex 16.1974 -1.6 -3.07848
    endloop
  endfacet
  facet normal -0.999452 0 0.0331113
    outer loop
      vertex 16.1974 -1.6 -3.07848
      vertex 16.2 3.2 -3
      vertex 16.1974 3.2 -3.07848
    endloop
  endfacet
  facet normal -0.999452 0 0.0331113
    outer loop
      vertex 16.2 3.2 -3
      vertex 16.1974 -1.6 -3.07848
      vertex 16.2 -1.6 -3
    endloop
  endfacet
  facet normal -0.986627 0 0.162995
    outer loop
      vertex 16.1769 -1.6 -3.23411
      vertex 16.1897 3.2 -3.15663
      vertex 16.1769 3.2 -3.23411
    endloop
  endfacet
  facet normal -0.986627 0 0.162995
    outer loop
      vertex 16.1897 3.2 -3.15663
      vertex 16.1769 -1.6 -3.23411
      vertex 16.1897 -1.6 -3.15663
    endloop
  endfacet
  facet normal 0.773157 0 -0.634215
    outer loop
      vertex 14.0978 -1.6 -2.20878
      vertex 14.048 3.2 -2.26949
      vertex 14.0978 3.2 -2.20878
    endloop
  endfacet
  facet normal 0.773157 0 -0.634215
    outer loop
      vertex 14.048 3.2 -2.26949
      vertex 14.0978 -1.6 -2.20878
      vertex 14.048 -1.6 -2.26949
    endloop
  endfacet
  facet normal -0.471183 0 -0.882036
    outer loop
      vertex 15.5307 -1.6 -1.92375
      vertex 15.6 3.2 -1.96077
      vertex 15.6 -1.6 -1.96077
    endloop
  endfacet
  facet normal -0.471183 0 -0.882036
    outer loop
      vertex 15.6 3.2 -1.96077
      vertex 15.5307 -1.6 -1.92375
      vertex 15.5307 3.2 -1.92375
    endloop
  endfacet
  facet normal 0.999452 -0 0.0331113
    outer loop
      vertex 13.8 -1.6 -3
      vertex 13.8026 3.2 -3.07848
      vertex 13.8 3.2 -3
    endloop
  endfacet
  facet normal 0.999452 0 0.0331113
    outer loop
      vertex 13.8026 3.2 -3.07848
      vertex 13.8 -1.6 -3
      vertex 13.8026 -1.6 -3.07848
    endloop
  endfacet
  facet normal 0.882 0 -0.471249
    outer loop
      vertex 13.9608 -1.6 -2.4
      vertex 13.9238 3.2 -2.46925
      vertex 13.9608 3.2 -2.4
    endloop
  endfacet
  facet normal 0.882 0 -0.471249
    outer loop
      vertex 13.9238 3.2 -2.46925
      vertex 13.9608 -1.6 -2.4
      vertex 13.9238 -1.6 -2.46925
    endloop
  endfacet
  facet normal -0.582659 0 0.812717
    outer loop
      vertex 15.6667 3.2 -3.99776
      vertex 15.7305 -1.6 -3.95202
      vertex 15.7305 3.2 -3.95202
    endloop
  endfacet
  facet normal -0.582659 0 0.812717
    outer loop
      vertex 15.7305 -1.6 -3.95202
      vertex 15.6667 3.2 -3.99776
      vertex 15.6667 -1.6 -3.99776
    endloop
  endfacet
  facet normal -0.773157 0 -0.634215
    outer loop
      vertex 15.952 -1.6 -2.26949
      vertex 15.9022 3.2 -2.20878
      vertex 15.952 3.2 -2.26949
    endloop
  endfacet
  facet normal -0.773157 -0 -0.634215
    outer loop
      vertex 15.9022 3.2 -2.20878
      vertex 15.952 -1.6 -2.26949
      vertex 15.9022 -1.6 -2.20878
    endloop
  endfacet
  facet normal -0.849605 0 -0.52742
    outer loop
      vertex 16.0392 -1.6 -2.4
      vertex 15.9978 3.2 -2.33331
      vertex 16.0392 3.2 -2.4
    endloop
  endfacet
  facet normal -0.849605 -0 -0.52742
    outer loop
      vertex 15.9978 3.2 -2.33331
      vertex 16.0392 -1.6 -2.4
      vertex 15.9978 -1.6 -2.33331
    endloop
  endfacet
  facet normal 0.729716 0 -0.683751
    outer loop
      vertex 14.1515 -1.6 -2.15147
      vertex 14.0978 3.2 -2.20878
      vertex 14.1515 3.2 -2.15147
    endloop
  endfacet
  facet normal 0.729716 0 -0.683751
    outer loop
      vertex 14.0978 3.2 -2.20878
      vertex 14.1515 -1.6 -2.15147
      vertex 14.0978 -1.6 -2.20878
    endloop
  endfacet
  facet normal -0.973962 0 0.22671
    outer loop
      vertex 16.1591 -1.6 -3.31058
      vertex 16.1769 3.2 -3.23411
      vertex 16.1591 3.2 -3.31058
    endloop
  endfacet
  facet normal -0.973962 0 0.22671
    outer loop
      vertex 16.1769 3.2 -3.23411
      vertex 16.1591 -1.6 -3.31058
      vertex 16.1769 -1.6 -3.23411
    endloop
  endfacet
  facet normal -0.528006 0 0.849241
    outer loop
      vertex 15.6 3.2 -4.03923
      vertex 15.6667 -1.6 -3.99776
      vertex 15.6667 3.2 -3.99776
    endloop
  endfacet
  facet normal -0.528006 0 0.849241
    outer loop
      vertex 15.6667 -1.6 -3.99776
      vertex 15.6 3.2 -4.03923
      vertex 15.6 -1.6 -4.03923
    endloop
  endfacet
  facet normal -0.0981158 0 -0.995175
    outer loop
      vertex 15.0785 -1.6 -1.80257
      vertex 15.1566 3.2 -1.81027
      vertex 15.1566 -1.6 -1.81027
    endloop
  endfacet
  facet normal -0.0981158 0 -0.995175
    outer loop
      vertex 15.1566 3.2 -1.81027
      vertex 15.0785 -1.6 -1.80257
      vertex 15.0785 3.2 -1.80257
    endloop
  endfacet
  facet normal -0.226988 0 -0.973898
    outer loop
      vertex 15.2341 -1.6 -1.82306
      vertex 15.3106 3.2 -1.84089
      vertex 15.3106 -1.6 -1.84089
    endloop
  endfacet
  facet normal -0.226988 0 -0.973898
    outer loop
      vertex 15.3106 3.2 -1.84089
      vertex 15.2341 -1.6 -1.82306
      vertex 15.2341 3.2 -1.82306
    endloop
  endfacet
  facet normal -0.956928 0 0.290325
    outer loop
      vertex 16.1363 -1.6 -3.38573
      vertex 16.1591 3.2 -3.31058
      vertex 16.1363 3.2 -3.38573
    endloop
  endfacet
  facet normal -0.956928 0 0.290325
    outer loop
      vertex 16.1591 3.2 -3.31058
      vertex 16.1363 -1.6 -3.38573
      vertex 16.1591 -1.6 -3.31058
    endloop
  endfacet
  facet normal -0.882 0 -0.471249
    outer loop
      vertex 16.0762 -1.6 -2.46925
      vertex 16.0392 3.2 -2.4
      vertex 16.0762 3.2 -2.46925
    endloop
  endfacet
  facet normal -0.882 -0 -0.471249
    outer loop
      vertex 16.0392 3.2 -2.4
      vertex 16.0762 -1.6 -2.46925
      vertex 16.0392 -1.6 -2.4
    endloop
  endfacet
  facet normal 0.290386 0 0.95691
    outer loop
      vertex 14.6143 3.2 -4.13632
      vertex 14.6894 -1.6 -4.15911
      vertex 14.6894 3.2 -4.15911
    endloop
  endfacet
  facet normal 0.290386 0 0.95691
    outer loop
      vertex 14.6894 -1.6 -4.15911
      vertex 14.6143 3.2 -4.13632
      vertex 14.6143 -1.6 -4.13632
    endloop
  endfacet
  facet normal 0.812441 0 -0.583043
    outer loop
      vertex 14.048 -1.6 -2.26949
      vertex 14.0022 3.2 -2.33331
      vertex 14.048 3.2 -2.26949
    endloop
  endfacet
  facet normal 0.812441 0 -0.583043
    outer loop
      vertex 14.0022 3.2 -2.33331
      vertex 14.048 -1.6 -2.26949
      vertex 14.0022 -1.6 -2.33331
    endloop
  endfacet
  facet normal 0.995181 0 -0.0980537
    outer loop
      vertex 13.8103 -1.6 -2.84337
      vertex 13.8026 3.2 -2.92152
      vertex 13.8103 3.2 -2.84337
    endloop
  endfacet
  facet normal 0.995181 0 -0.0980537
    outer loop
      vertex 13.8026 3.2 -2.92152
      vertex 13.8103 -1.6 -2.84337
      vertex 13.8026 -1.6 -2.92152
    endloop
  endfacet
  facet normal 0.986627 -0 0.162995
    outer loop
      vertex 13.8103 -1.6 -3.15663
      vertex 13.8231 3.2 -3.23411
      vertex 13.8103 3.2 -3.15663
    endloop
  endfacet
  facet normal 0.986627 0 0.162995
    outer loop
      vertex 13.8231 3.2 -3.23411
      vertex 13.8103 -1.6 -3.15663
      vertex 13.8231 -1.6 -3.23411
    endloop
  endfacet
  facet normal -0.352323 0 0.935878
    outer loop
      vertex 15.3857 3.2 -4.13632
      vertex 15.4592 -1.6 -4.10865
      vertex 15.4592 3.2 -4.10865
    endloop
  endfacet
  facet normal -0.352323 0 0.935878
    outer loop
      vertex 15.4592 -1.6 -4.10865
      vertex 15.3857 3.2 -4.13632
      vertex 15.3857 -1.6 -4.13632
    endloop
  endfacet
  facet normal 0.412853 0 -0.910798
    outer loop
      vertex 14.4693 -1.6 -1.92375
      vertex 14.5408 3.2 -1.89134
      vertex 14.5408 -1.6 -1.89134
    endloop
  endfacet
  facet normal 0.412853 0 -0.910798
    outer loop
      vertex 14.5408 3.2 -1.89134
      vertex 14.4693 -1.6 -1.92375
      vertex 14.4693 3.2 -1.92375
    endloop
  endfacet
  facet normal -0.290386 0 -0.95691
    outer loop
      vertex 15.3106 -1.6 -1.84089
      vertex 15.3857 3.2 -1.86368
      vertex 15.3857 -1.6 -1.86368
    endloop
  endfacet
  facet normal -0.290386 0 -0.95691
    outer loop
      vertex 15.3857 3.2 -1.86368
      vertex 15.3106 -1.6 -1.84089
      vertex 15.3106 3.2 -1.84089
    endloop
  endfacet
  facet normal 0.910432 0 -0.413659
    outer loop
      vertex 13.9238 -1.6 -2.46925
      vertex 13.8913 3.2 -2.54078
      vertex 13.9238 3.2 -2.46925
    endloop
  endfacet
  facet normal 0.910432 0 -0.413659
    outer loop
      vertex 13.8913 3.2 -2.54078
      vertex 13.9238 -1.6 -2.46925
      vertex 13.8913 -1.6 -2.54078
    endloop
  endfacet
  facet normal 0.634354 0 -0.773043
    outer loop
      vertex 14.2088 -1.6 -2.09779
      vertex 14.2695 3.2 -2.04798
      vertex 14.2695 -1.6 -2.04798
    endloop
  endfacet
  facet normal 0.634354 0 -0.773043
    outer loop
      vertex 14.2695 3.2 -2.04798
      vertex 14.2088 -1.6 -2.09779
      vertex 14.2088 3.2 -2.09779
    endloop
  endfacet
  facet normal -0.999452 0 -0.0331113
    outer loop
      vertex 16.2 -1.6 -3
      vertex 16.1974 3.2 -2.92152
      vertex 16.2 3.2 -3
    endloop
  endfacet
  facet normal -0.999452 -0 -0.0331113
    outer loop
      vertex 16.1974 3.2 -2.92152
      vertex 16.2 -1.6 -3
      vertex 16.1974 -1.6 -2.92152
    endloop
  endfacet
  facet normal 0.0327213 0 0.999465
    outer loop
      vertex 14.9215 3.2 -4.19743
      vertex 15 -1.6 -4.2
      vertex 15 3.2 -4.2
    endloop
  endfacet
  facet normal 0.0327213 0 0.999465
    outer loop
      vertex 15 -1.6 -4.2
      vertex 14.9215 3.2 -4.19743
      vertex 14.9215 -1.6 -4.19743
    endloop
  endfacet
  facet normal -0.812441 0 -0.583043
    outer loop
      vertex 15.9978 -1.6 -2.33331
      vertex 15.952 3.2 -2.26949
      vertex 15.9978 3.2 -2.33331
    endloop
  endfacet
  facet normal -0.812441 -0 -0.583043
    outer loop
      vertex 15.952 3.2 -2.26949
      vertex 15.9978 -1.6 -2.33331
      vertex 15.952 -1.6 -2.26949
    endloop
  endfacet
  facet normal 0.352323 0 0.935878
    outer loop
      vertex 14.5408 3.2 -4.10865
      vertex 14.6143 -1.6 -4.13632
      vertex 14.6143 3.2 -4.13632
    endloop
  endfacet
  facet normal 0.352323 0 0.935878
    outer loop
      vertex 14.6143 -1.6 -4.13632
      vertex 14.5408 3.2 -4.10865
      vertex 14.5408 -1.6 -4.10865
    endloop
  endfacet
  facet normal -0.226988 0 0.973898
    outer loop
      vertex 15.2341 3.2 -4.17694
      vertex 15.3106 -1.6 -4.15911
      vertex 15.3106 3.2 -4.15911
    endloop
  endfacet
  facet normal -0.226988 0 0.973898
    outer loop
      vertex 15.3106 -1.6 -4.15911
      vertex 15.2341 3.2 -4.17694
      vertex 15.2341 -1.6 -4.17694
    endloop
  endfacet
  facet normal -0.773105 0 0.634278
    outer loop
      vertex 15.9022 -1.6 -3.79121
      vertex 15.952 3.2 -3.73051
      vertex 15.9022 3.2 -3.79121
    endloop
  endfacet
  facet normal -0.773105 0 0.634278
    outer loop
      vertex 15.952 3.2 -3.73051
      vertex 15.9022 -1.6 -3.79121
      vertex 15.952 -1.6 -3.73051
    endloop
  endfacet
  facet normal -0.352212 0 -0.93592
    outer loop
      vertex 15.3857 -1.6 -1.86368
      vertex 15.4592 3.2 -1.89134
      vertex 15.4592 -1.6 -1.89134
    endloop
  endfacet
  facet normal -0.352212 0 -0.93592
    outer loop
      vertex 15.4592 3.2 -1.89134
      vertex 15.3857 -1.6 -1.86368
      vertex 15.3857 3.2 -1.86368
    endloop
  endfacet
  facet normal 0.471183 0 0.882036
    outer loop
      vertex 14.4 3.2 -4.03923
      vertex 14.4693 -1.6 -4.07625
      vertex 14.4693 3.2 -4.07625
    endloop
  endfacet
  facet normal 0.471183 0 0.882036
    outer loop
      vertex 14.4693 -1.6 -4.07625
      vertex 14.4 3.2 -4.03923
      vertex 14.4 -1.6 -4.03923
    endloop
  endfacet
  facet normal -0.412853 0 -0.910798
    outer loop
      vertex 15.4592 -1.6 -1.89134
      vertex 15.5307 3.2 -1.92375
      vertex 15.5307 -1.6 -1.92375
    endloop
  endfacet
  facet normal -0.412853 0 -0.910798
    outer loop
      vertex 15.5307 3.2 -1.92375
      vertex 15.4592 -1.6 -1.89134
      vertex 15.4592 3.2 -1.89134
    endloop
  endfacet
  facet normal -0.634354 0 0.773043
    outer loop
      vertex 15.7305 3.2 -3.95202
      vertex 15.7912 -1.6 -3.90221
      vertex 15.7912 3.2 -3.90221
    endloop
  endfacet
  facet normal -0.634354 0 0.773043
    outer loop
      vertex 15.7912 -1.6 -3.90221
      vertex 15.7305 3.2 -3.95202
      vertex 15.7305 -1.6 -3.95202
    endloop
  endfacet
  facet normal 0.956928 -0 0.290325
    outer loop
      vertex 13.8409 -1.6 -3.31058
      vertex 13.8637 3.2 -3.38573
      vertex 13.8409 3.2 -3.31058
    endloop
  endfacet
  facet normal 0.956928 0 0.290325
    outer loop
      vertex 13.8637 3.2 -3.38573
      vertex 13.8409 -1.6 -3.31058
      vertex 13.8637 -1.6 -3.38573
    endloop
  endfacet
  facet normal 0.936156 -0 0.351584
    outer loop
      vertex 13.8637 -1.6 -3.38573
      vertex 13.8913 3.2 -3.45922
      vertex 13.8637 3.2 -3.38573
    endloop
  endfacet
  facet normal 0.936156 0 0.351584
    outer loop
      vertex 13.8913 3.2 -3.45922
      vertex 13.8637 -1.6 -3.38573
      vertex 13.8913 -1.6 -3.45922
    endloop
  endfacet
  facet normal 0.412747 0 0.910846
    outer loop
      vertex 14.4693 3.2 -4.07625
      vertex 14.5408 -1.6 -4.10865
      vertex 14.5408 3.2 -4.10865
    endloop
  endfacet
  facet normal 0.412747 0 0.910846
    outer loop
      vertex 14.5408 -1.6 -4.10865
      vertex 14.4693 3.2 -4.07625
      vertex 14.4693 -1.6 -4.07625
    endloop
  endfacet
  facet normal 0.973962 -0 0.22671
    outer loop
      vertex 13.8231 -1.6 -3.23411
      vertex 13.8409 3.2 -3.31058
      vertex 13.8231 3.2 -3.23411
    endloop
  endfacet
  facet normal 0.973962 0 0.22671
    outer loop
      vertex 13.8409 3.2 -3.31058
      vertex 13.8231 -1.6 -3.23411
      vertex 13.8409 -1.6 -3.31058
    endloop
  endfacet
  facet normal 0.812485 -0 0.582983
    outer loop
      vertex 14.0022 -1.6 -3.66668
      vertex 14.048 3.2 -3.73051
      vertex 14.0022 3.2 -3.66668
    endloop
  endfacet
  facet normal 0.812485 0 0.582983
    outer loop
      vertex 14.048 3.2 -3.73051
      vertex 14.0022 -1.6 -3.66668
      vertex 14.048 -1.6 -3.73051
    endloop
  endfacet
  facet normal 0.634354 0 0.773043
    outer loop
      vertex 14.2088 3.2 -3.90221
      vertex 14.2695 -1.6 -3.95202
      vertex 14.2695 3.2 -3.95202
    endloop
  endfacet
  facet normal 0.634354 0 0.773043
    outer loop
      vertex 14.2695 -1.6 -3.95202
      vertex 14.2088 3.2 -3.90221
      vertex 14.2088 -1.6 -3.90221
    endloop
  endfacet
  facet normal 0.352212 0 -0.93592
    outer loop
      vertex 14.5408 -1.6 -1.89134
      vertex 14.6143 3.2 -1.86368
      vertex 14.6143 -1.6 -1.86368
    endloop
  endfacet
  facet normal 0.352212 0 -0.93592
    outer loop
      vertex 14.6143 3.2 -1.86368
      vertex 14.5408 -1.6 -1.89134
      vertex 14.5408 3.2 -1.89134
    endloop
  endfacet
  facet normal 0.683678 0 0.729783
    outer loop
      vertex 14.1515 3.2 -3.84853
      vertex 14.2088 -1.6 -3.90221
      vertex 14.2088 3.2 -3.90221
    endloop
  endfacet
  facet normal 0.683678 0 0.729783
    outer loop
      vertex 14.2088 -1.6 -3.90221
      vertex 14.1515 3.2 -3.84853
      vertex 14.1515 -1.6 -3.84853
    endloop
  endfacet
  facet normal 0.0981158 0 0.995175
    outer loop
      vertex 14.8434 3.2 -4.18973
      vertex 14.9215 -1.6 -4.19743
      vertex 14.9215 3.2 -4.19743
    endloop
  endfacet
  facet normal 0.0981158 0 0.995175
    outer loop
      vertex 14.9215 -1.6 -4.19743
      vertex 14.8434 3.2 -4.18973
      vertex 14.8434 -1.6 -4.18973
    endloop
  endfacet
  facet normal -0.882 0 0.471249
    outer loop
      vertex 16.0392 -1.6 -3.6
      vertex 16.0762 3.2 -3.53075
      vertex 16.0392 3.2 -3.6
    endloop
  endfacet
  facet normal -0.882 0 0.471249
    outer loop
      vertex 16.0762 3.2 -3.53075
      vertex 16.0392 -1.6 -3.6
      vertex 16.0762 -1.6 -3.53075
    endloop
  endfacet
  facet normal -0.683678 0 -0.729783
    outer loop
      vertex 15.7912 -1.6 -2.09779
      vertex 15.8485 3.2 -2.15147
      vertex 15.8485 -1.6 -2.15147
    endloop
  endfacet
  facet normal -0.683678 0 -0.729783
    outer loop
      vertex 15.8485 3.2 -2.15147
      vertex 15.7912 -1.6 -2.09779
      vertex 15.7912 3.2 -2.09779
    endloop
  endfacet
  facet normal 0.582659 0 0.812717
    outer loop
      vertex 14.2695 3.2 -3.95202
      vertex 14.3333 -1.6 -3.99776
      vertex 14.3333 3.2 -3.99776
    endloop
  endfacet
  facet normal 0.582659 0 0.812717
    outer loop
      vertex 14.3333 -1.6 -3.99776
      vertex 14.2695 3.2 -3.95202
      vertex 14.2695 -1.6 -3.95202
    endloop
  endfacet
  facet normal -0.910432 0 0.413659
    outer loop
      vertex 16.0762 -1.6 -3.53075
      vertex 16.1087 3.2 -3.45922
      vertex 16.0762 3.2 -3.53075
    endloop
  endfacet
  facet normal -0.910432 0 0.413659
    outer loop
      vertex 16.1087 3.2 -3.45922
      vertex 16.0762 -1.6 -3.53075
      vertex 16.1087 -1.6 -3.45922
    endloop
  endfacet
  facet normal -0.812485 0 0.582983
    outer loop
      vertex 15.952 -1.6 -3.73051
      vertex 15.9978 3.2 -3.66668
      vertex 15.952 3.2 -3.73051
    endloop
  endfacet
  facet normal -0.812485 0 0.582983
    outer loop
      vertex 15.9978 3.2 -3.66668
      vertex 15.952 -1.6 -3.73051
      vertex 15.9978 -1.6 -3.66668
    endloop
  endfacet
  facet normal -0.995181 0 -0.0980537
    outer loop
      vertex 16.1974 -1.6 -2.92152
      vertex 16.1897 3.2 -2.84337
      vertex 16.1974 3.2 -2.92152
    endloop
  endfacet
  facet normal -0.995181 -0 -0.0980537
    outer loop
      vertex 16.1897 3.2 -2.84337
      vertex 16.1974 -1.6 -2.92152
      vertex 16.1897 -1.6 -2.84337
    endloop
  endfacet
  facet normal -0.683678 0 0.729783
    outer loop
      vertex 15.7912 3.2 -3.90221
      vertex 15.8485 -1.6 -3.84853
      vertex 15.8485 3.2 -3.84853
    endloop
  endfacet
  facet normal -0.683678 0 0.729783
    outer loop
      vertex 15.8485 -1.6 -3.84853
      vertex 15.7912 3.2 -3.90221
      vertex 15.7912 -1.6 -3.90221
    endloop
  endfacet
  facet normal 0.683678 0 -0.729783
    outer loop
      vertex 14.1515 -1.6 -2.15147
      vertex 14.2088 3.2 -2.09779
      vertex 14.2088 -1.6 -2.09779
    endloop
  endfacet
  facet normal 0.683678 0 -0.729783
    outer loop
      vertex 14.2088 3.2 -2.09779
      vertex 14.1515 -1.6 -2.15147
      vertex 14.1515 3.2 -2.15147
    endloop
  endfacet
  facet normal 0.226988 0 -0.973898
    outer loop
      vertex 14.6894 -1.6 -1.84089
      vertex 14.7659 3.2 -1.82306
      vertex 14.7659 -1.6 -1.82306
    endloop
  endfacet
  facet normal 0.226988 0 -0.973898
    outer loop
      vertex 14.7659 3.2 -1.82306
      vertex 14.6894 -1.6 -1.84089
      vertex 14.6894 3.2 -1.84089
    endloop
  endfacet
  facet normal -0.729716 0 -0.683751
    outer loop
      vertex 15.9022 -1.6 -2.20878
      vertex 15.8485 3.2 -2.15147
      vertex 15.9022 3.2 -2.20878
    endloop
  endfacet
  facet normal -0.729716 -0 -0.683751
    outer loop
      vertex 15.8485 3.2 -2.15147
      vertex 15.9022 -1.6 -2.20878
      vertex 15.8485 -1.6 -2.15147
    endloop
  endfacet
  facet normal 0.226988 0 0.973898
    outer loop
      vertex 14.6894 3.2 -4.15911
      vertex 14.7659 -1.6 -4.17694
      vertex 14.7659 3.2 -4.17694
    endloop
  endfacet
  facet normal 0.226988 0 0.973898
    outer loop
      vertex 14.7659 -1.6 -4.17694
      vertex 14.6894 3.2 -4.15911
      vertex 14.6894 -1.6 -4.15911
    endloop
  endfacet
  facet normal 0.290386 0 -0.95691
    outer loop
      vertex 14.6143 -1.6 -1.86368
      vertex 14.6894 3.2 -1.84089
      vertex 14.6894 -1.6 -1.84089
    endloop
  endfacet
  facet normal 0.290386 0 -0.95691
    outer loop
      vertex 14.6894 3.2 -1.84089
      vertex 14.6143 -1.6 -1.86368
      vertex 14.6143 3.2 -1.86368
    endloop
  endfacet
  facet normal -0.0327213 0 0.999465
    outer loop
      vertex 15 3.2 -4.2
      vertex 15.0785 -1.6 -4.19743
      vertex 15.0785 3.2 -4.19743
    endloop
  endfacet
  facet normal -0.0327213 0 0.999465
    outer loop
      vertex 15.0785 -1.6 -4.19743
      vertex 15 3.2 -4.2
      vertex 15 -1.6 -4.2
    endloop
  endfacet
  facet normal 0.973962 0 -0.22671
    outer loop
      vertex 13.8409 -1.6 -2.68942
      vertex 13.8231 3.2 -2.76589
      vertex 13.8409 3.2 -2.68942
    endloop
  endfacet
  facet normal 0.973962 0 -0.22671
    outer loop
      vertex 13.8231 3.2 -2.76589
      vertex 13.8409 -1.6 -2.68942
      vertex 13.8231 -1.6 -2.76589
    endloop
  endfacet
  facet normal 0.882 -0 0.471249
    outer loop
      vertex 13.9238 -1.6 -3.53075
      vertex 13.9608 3.2 -3.6
      vertex 13.9238 3.2 -3.53075
    endloop
  endfacet
  facet normal 0.882 0 0.471249
    outer loop
      vertex 13.9608 3.2 -3.6
      vertex 13.9238 -1.6 -3.53075
      vertex 13.9608 -1.6 -3.6
    endloop
  endfacet
  facet normal 0.528006 0 0.849241
    outer loop
      vertex 14.3333 3.2 -3.99776
      vertex 14.4 -1.6 -4.03923
      vertex 14.4 3.2 -4.03923
    endloop
  endfacet
  facet normal 0.528006 0 0.849241
    outer loop
      vertex 14.4 -1.6 -4.03923
      vertex 14.3333 3.2 -3.99776
      vertex 14.3333 -1.6 -3.99776
    endloop
  endfacet
  facet normal 0.0327213 0 -0.999465
    outer loop
      vertex 14.9215 -1.6 -1.80257
      vertex 15 3.2 -1.8
      vertex 15 -1.6 -1.8
    endloop
  endfacet
  facet normal 0.0327213 0 -0.999465
    outer loop
      vertex 15 3.2 -1.8
      vertex 14.9215 -1.6 -1.80257
      vertex 14.9215 3.2 -1.80257
    endloop
  endfacet
  facet normal -0.528006 0 -0.849241
    outer loop
      vertex 15.6 -1.6 -1.96077
      vertex 15.6667 3.2 -2.00224
      vertex 15.6667 -1.6 -2.00224
    endloop
  endfacet
  facet normal -0.528006 0 -0.849241
    outer loop
      vertex 15.6667 3.2 -2.00224
      vertex 15.6 -1.6 -1.96077
      vertex 15.6 3.2 -1.96077
    endloop
  endfacet
  facet normal -0.412747 0 0.910846
    outer loop
      vertex 15.4592 3.2 -4.10865
      vertex 15.5307 -1.6 -4.07625
      vertex 15.5307 3.2 -4.07625
    endloop
  endfacet
  facet normal -0.412747 0 0.910846
    outer loop
      vertex 15.5307 -1.6 -4.07625
      vertex 15.4592 3.2 -4.10865
      vertex 15.4592 -1.6 -4.10865
    endloop
  endfacet
  facet normal -0.16283 0 -0.986654
    outer loop
      vertex 15.1566 -1.6 -1.81027
      vertex 15.2341 3.2 -1.82306
      vertex 15.2341 -1.6 -1.82306
    endloop
  endfacet
  facet normal -0.16283 0 -0.986654
    outer loop
      vertex 15.2341 3.2 -1.82306
      vertex 15.1566 -1.6 -1.81027
      vertex 15.1566 3.2 -1.81027
    endloop
  endfacet
  facet normal 0.729775 -0 0.683687
    outer loop
      vertex 14.0978 -1.6 -3.79121
      vertex 14.1515 3.2 -3.84853
      vertex 14.0978 3.2 -3.79121
    endloop
  endfacet
  facet normal 0.729775 0 0.683687
    outer loop
      vertex 14.1515 3.2 -3.84853
      vertex 14.0978 -1.6 -3.79121
      vertex 14.1515 -1.6 -3.84853
    endloop
  endfacet
  facet normal -0.849569 0 0.527477
    outer loop
      vertex 15.9978 -1.6 -3.66668
      vertex 16.0392 3.2 -3.6
      vertex 15.9978 3.2 -3.66668
    endloop
  endfacet
  facet normal -0.849569 0 0.527477
    outer loop
      vertex 16.0392 3.2 -3.6
      vertex 15.9978 -1.6 -3.66668
      vertex 16.0392 -1.6 -3.6
    endloop
  endfacet
  facet normal -0.936156 0 -0.351584
    outer loop
      vertex 16.1363 -1.6 -2.61427
      vertex 16.1087 3.2 -2.54078
      vertex 16.1363 3.2 -2.61427
    endloop
  endfacet
  facet normal -0.936156 -0 -0.351584
    outer loop
      vertex 16.1087 3.2 -2.54078
      vertex 16.1363 -1.6 -2.61427
      vertex 16.1087 -1.6 -2.54078
    endloop
  endfacet
  facet normal -0.936156 0 0.351584
    outer loop
      vertex 16.1087 -1.6 -3.45922
      vertex 16.1363 3.2 -3.38573
      vertex 16.1087 3.2 -3.45922
    endloop
  endfacet
  facet normal -0.936156 0 0.351584
    outer loop
      vertex 16.1363 3.2 -3.38573
      vertex 16.1087 -1.6 -3.45922
      vertex 16.1363 -1.6 -3.38573
    endloop
  endfacet
  facet normal 0.16283 0 -0.986654
    outer loop
      vertex 14.7659 -1.6 -1.82306
      vertex 14.8434 3.2 -1.81027
      vertex 14.8434 -1.6 -1.81027
    endloop
  endfacet
  facet normal 0.16283 0 -0.986654
    outer loop
      vertex 14.8434 3.2 -1.81027
      vertex 14.7659 -1.6 -1.82306
      vertex 14.7659 3.2 -1.82306
    endloop
  endfacet
  facet normal -0.729775 0 0.683687
    outer loop
      vertex 15.8485 -1.6 -3.84853
      vertex 15.9022 3.2 -3.79121
      vertex 15.8485 3.2 -3.84853
    endloop
  endfacet
  facet normal -0.729775 0 0.683687
    outer loop
      vertex 15.9022 3.2 -3.79121
      vertex 15.8485 -1.6 -3.84853
      vertex 15.9022 -1.6 -3.79121
    endloop
  endfacet
  facet normal 0.956928 0 -0.290325
    outer loop
      vertex 13.8637 -1.6 -2.61427
      vertex 13.8409 3.2 -2.68942
      vertex 13.8637 3.2 -2.61427
    endloop
  endfacet
  facet normal 0.956928 0 -0.290325
    outer loop
      vertex 13.8409 3.2 -2.68942
      vertex 13.8637 -1.6 -2.61427
      vertex 13.8409 -1.6 -2.68942
    endloop
  endfacet
  facet normal 0.936156 0 -0.351584
    outer loop
      vertex 13.8913 -1.6 -2.54078
      vertex 13.8637 3.2 -2.61427
      vertex 13.8913 3.2 -2.54078
    endloop
  endfacet
  facet normal 0.936156 0 -0.351584
    outer loop
      vertex 13.8637 3.2 -2.61427
      vertex 13.8913 -1.6 -2.54078
      vertex 13.8637 -1.6 -2.61427
    endloop
  endfacet
  facet normal -0.956928 0 -0.290325
    outer loop
      vertex 16.1591 -1.6 -2.68942
      vertex 16.1363 3.2 -2.61427
      vertex 16.1591 3.2 -2.68942
    endloop
  endfacet
  facet normal -0.956928 -0 -0.290325
    outer loop
      vertex 16.1363 3.2 -2.61427
      vertex 16.1591 -1.6 -2.68942
      vertex 16.1363 -1.6 -2.61427
    endloop
  endfacet
  facet normal -0.290386 0 0.95691
    outer loop
      vertex 15.3106 3.2 -4.15911
      vertex 15.3857 -1.6 -4.13632
      vertex 15.3857 3.2 -4.13632
    endloop
  endfacet
  facet normal -0.290386 0 0.95691
    outer loop
      vertex 15.3857 -1.6 -4.13632
      vertex 15.3106 3.2 -4.15911
      vertex 15.3106 -1.6 -4.15911
    endloop
  endfacet
  facet normal 0.16283 0 0.986654
    outer loop
      vertex 14.7659 3.2 -4.17694
      vertex 14.8434 -1.6 -4.18973
      vertex 14.8434 3.2 -4.18973
    endloop
  endfacet
  facet normal 0.16283 0 0.986654
    outer loop
      vertex 14.8434 -1.6 -4.18973
      vertex 14.7659 3.2 -4.17694
      vertex 14.7659 -1.6 -4.17694
    endloop
  endfacet
  facet normal -0.973962 0 -0.22671
    outer loop
      vertex 16.1769 -1.6 -2.76589
      vertex 16.1591 3.2 -2.68942
      vertex 16.1769 3.2 -2.76589
    endloop
  endfacet
  facet normal -0.973962 -0 -0.22671
    outer loop
      vertex 16.1591 3.2 -2.68942
      vertex 16.1769 -1.6 -2.76589
      vertex 16.1591 -1.6 -2.68942
    endloop
  endfacet
  facet normal 0.995181 -0 0.0980537
    outer loop
      vertex 13.8026 -1.6 -3.07848
      vertex 13.8103 3.2 -3.15663
      vertex 13.8026 3.2 -3.07848
    endloop
  endfacet
  facet normal 0.995181 0 0.0980537
    outer loop
      vertex 13.8103 3.2 -3.15663
      vertex 13.8026 -1.6 -3.07848
      vertex 13.8103 -1.6 -3.15663
    endloop
  endfacet
  facet normal -0.986627 0 -0.162995
    outer loop
      vertex 16.1897 -1.6 -2.84337
      vertex 16.1769 3.2 -2.76589
      vertex 16.1897 3.2 -2.84337
    endloop
  endfacet
  facet normal -0.986627 -0 -0.162995
    outer loop
      vertex 16.1769 3.2 -2.76589
      vertex 16.1897 -1.6 -2.84337
      vertex 16.1769 -1.6 -2.76589
    endloop
  endfacet
  facet normal -0.0327213 0 -0.999465
    outer loop
      vertex 15 -1.6 -1.8
      vertex 15.0785 3.2 -1.80257
      vertex 15.0785 -1.6 -1.80257
    endloop
  endfacet
  facet normal -0.0327213 0 -0.999465
    outer loop
      vertex 15.0785 3.2 -1.80257
      vertex 15 -1.6 -1.8
      vertex 15 3.2 -1.8
    endloop
  endfacet
  facet normal 0.0981158 0 -0.995175
    outer loop
      vertex 14.8434 -1.6 -1.81027
      vertex 14.9215 3.2 -1.80257
      vertex 14.9215 -1.6 -1.80257
    endloop
  endfacet
  facet normal 0.0981158 0 -0.995175
    outer loop
      vertex 14.9215 3.2 -1.80257
      vertex 14.8434 -1.6 -1.81027
      vertex 14.8434 3.2 -1.81027
    endloop
  endfacet
  facet normal 0.528006 0 -0.849241
    outer loop
      vertex 14.3333 -1.6 -2.00224
      vertex 14.4 3.2 -1.96077
      vertex 14.4 -1.6 -1.96077
    endloop
  endfacet
  facet normal 0.528006 0 -0.849241
    outer loop
      vertex 14.4 3.2 -1.96077
      vertex 14.3333 -1.6 -2.00224
      vertex 14.3333 3.2 -2.00224
    endloop
  endfacet
  facet normal 0.986627 0 -0.162995
    outer loop
      vertex 13.8231 -1.6 -2.76589
      vertex 13.8103 3.2 -2.84337
      vertex 13.8231 3.2 -2.76589
    endloop
  endfacet
  facet normal 0.986627 0 -0.162995
    outer loop
      vertex 13.8103 3.2 -2.84337
      vertex 13.8231 -1.6 -2.76589
      vertex 13.8103 -1.6 -2.84337
    endloop
  endfacet
  facet normal -0.634354 0 -0.773043
    outer loop
      vertex 15.7305 -1.6 -2.04798
      vertex 15.7912 3.2 -2.09779
      vertex 15.7912 -1.6 -2.09779
    endloop
  endfacet
  facet normal -0.634354 0 -0.773043
    outer loop
      vertex 15.7912 3.2 -2.09779
      vertex 15.7305 -1.6 -2.04798
      vertex 15.7305 3.2 -2.04798
    endloop
  endfacet
  facet normal -0.471183 0 0.882036
    outer loop
      vertex 15.5307 3.2 -4.07625
      vertex 15.6 -1.6 -4.03923
      vertex 15.6 3.2 -4.03923
    endloop
  endfacet
  facet normal -0.471183 0 0.882036
    outer loop
      vertex 15.6 -1.6 -4.03923
      vertex 15.5307 3.2 -4.07625
      vertex 15.5307 -1.6 -4.07625
    endloop
  endfacet
  facet normal -0.16283 0 0.986654
    outer loop
      vertex 15.1566 3.2 -4.18973
      vertex 15.2341 -1.6 -4.17694
      vertex 15.2341 3.2 -4.17694
    endloop
  endfacet
  facet normal -0.16283 0 0.986654
    outer loop
      vertex 15.2341 -1.6 -4.17694
      vertex 15.1566 3.2 -4.18973
      vertex 15.1566 -1.6 -4.18973
    endloop
  endfacet
  facet normal 0.471183 0 -0.882036
    outer loop
      vertex 14.4 -1.6 -1.96077
      vertex 14.4693 3.2 -1.92375
      vertex 14.4693 -1.6 -1.92375
    endloop
  endfacet
  facet normal 0.471183 0 -0.882036
    outer loop
      vertex 14.4693 3.2 -1.92375
      vertex 14.4 -1.6 -1.96077
      vertex 14.4 3.2 -1.96077
    endloop
  endfacet
  facet normal -0.582659 0 -0.812717
    outer loop
      vertex 15.6667 -1.6 -2.00224
      vertex 15.7305 3.2 -2.04798
      vertex 15.7305 -1.6 -2.04798
    endloop
  endfacet
  facet normal -0.582659 0 -0.812717
    outer loop
      vertex 15.7305 3.2 -2.04798
      vertex 15.6667 -1.6 -2.00224
      vertex 15.6667 3.2 -2.00224
    endloop
  endfacet
  facet normal 0.773105 -0 0.634278
    outer loop
      vertex 14.048 -1.6 -3.73051
      vertex 14.0978 3.2 -3.79121
      vertex 14.048 3.2 -3.73051
    endloop
  endfacet
  facet normal 0.773105 0 0.634278
    outer loop
      vertex 14.0978 3.2 -3.79121
      vertex 14.048 -1.6 -3.73051
      vertex 14.0978 -1.6 -3.79121
    endloop
  endfacet
  facet normal -0.910432 0 -0.413659
    outer loop
      vertex 16.1087 -1.6 -2.54078
      vertex 16.0762 3.2 -2.46925
      vertex 16.1087 3.2 -2.54078
    endloop
  endfacet
  facet normal -0.910432 -0 -0.413659
    outer loop
      vertex 16.0762 3.2 -2.46925
      vertex 16.1087 -1.6 -2.54078
      vertex 16.0762 -1.6 -2.46925
    endloop
  endfacet
  facet normal 0.582659 0 -0.812717
    outer loop
      vertex 14.2695 -1.6 -2.04798
      vertex 14.3333 3.2 -2.00224
      vertex 14.3333 -1.6 -2.00224
    endloop
  endfacet
  facet normal 0.582659 0 -0.812717
    outer loop
      vertex 14.3333 3.2 -2.00224
      vertex 14.2695 -1.6 -2.04798
      vertex 14.2695 3.2 -2.04798
    endloop
  endfacet
  facet normal 0.849569 -0 0.527477
    outer loop
      vertex 13.9608 -1.6 -3.6
      vertex 14.0022 3.2 -3.66668
      vertex 13.9608 3.2 -3.6
    endloop
  endfacet
  facet normal 0.849569 0 0.527477
    outer loop
      vertex 14.0022 3.2 -3.66668
      vertex 13.9608 -1.6 -3.6
      vertex 14.0022 -1.6 -3.66668
    endloop
  endfacet
  facet normal 0.910432 -0 0.413659
    outer loop
      vertex 13.8913 -1.6 -3.45922
      vertex 13.9238 3.2 -3.53075
      vertex 13.8913 3.2 -3.45922
    endloop
  endfacet
  facet normal 0.910432 0 0.413659
    outer loop
      vertex 13.9238 3.2 -3.53075
      vertex 13.8913 -1.6 -3.45922
      vertex 13.9238 -1.6 -3.53075
    endloop
  endfacet
  facet normal 0.849605 0 -0.52742
    outer loop
      vertex 14.0022 -1.6 -2.33331
      vertex 13.9608 3.2 -2.4
      vertex 14.0022 3.2 -2.33331
    endloop
  endfacet
  facet normal 0.849605 0 -0.52742
    outer loop
      vertex 13.9608 3.2 -2.4
      vertex 14.0022 -1.6 -2.33331
      vertex 13.9608 -1.6 -2.4
    endloop
  endfacet
  facet normal 0.999452 0 -0.0331113
    outer loop
      vertex 13.8026 -1.6 -2.92152
      vertex 13.8 3.2 -3
      vertex 13.8026 3.2 -2.92152
    endloop
  endfacet
  facet normal 0.999452 0 -0.0331113
    outer loop
      vertex 13.8 3.2 -3
      vertex 13.8026 -1.6 -2.92152
      vertex 13.8 -1.6 -3
    endloop
  endfacet
endsolid OpenSCAD_Model
