solid OpenSCAD_Model
  facet normal -0.773132 -0.634246 0
    outer loop
      vertex 17.5725 17.2679 0
      vertex 17.504 17.3514 1.6
      vertex 17.504 17.3514 0
    endloop
  endfacet
  facet normal -0.773132 -0.634246 0
    outer loop
      vertex 17.504 17.3514 1.6
      vertex 17.5725 17.2679 0
      vertex 17.5725 17.2679 1.6
    endloop
  endfacet
  facet normal -0.634246 -0.773132 0
    outer loop
      vertex 17.2679 17.5725 0
      vertex 17.3514 17.504 1.6
      vertex 17.2679 17.5725 1.6
    endloop
  endfacet
  facet normal -0.634246 -0.773132 -0
    outer loop
      vertex 17.3514 17.504 1.6
      vertex 17.2679 17.5725 0
      vertex 17.3514 17.504 0
    endloop
  endfacet
  facet normal -0.683571 -0.729884 0
    outer loop
      vertex 17.3514 17.504 0
      vertex 17.4302 17.4302 1.6
      vertex 17.3514 17.504 1.6
    endloop
  endfacet
  facet normal -0.683571 -0.729884 -0
    outer loop
      vertex 17.4302 17.4302 1.6
      vertex 17.3514 17.504 0
      vertex 17.4302 17.4302 0
    endloop
  endfacet
  facet normal -0.582376 -0.812919 0
    outer loop
      vertex 17.1801 17.6354 0
      vertex 17.2679 17.5725 1.6
      vertex 17.1801 17.6354 1.6
    endloop
  endfacet
  facet normal -0.582376 -0.812919 -0
    outer loop
      vertex 17.2679 17.5725 1.6
      vertex 17.1801 17.6354 0
      vertex 17.2679 17.5725 0
    endloop
  endfacet
  facet normal 0.413175 -0.910652 0
    outer loop
      vertex 15.5337 17.7433 0
      vertex 15.632 17.7879 1.6
      vertex 15.5337 17.7433 1.6
    endloop
  endfacet
  facet normal 0.413175 -0.910652 0
    outer loop
      vertex 15.632 17.7879 1.6
      vertex 15.5337 17.7433 0
      vertex 15.632 17.7879 0
    endloop
  endfacet
  facet normal -0.773132 0.634246 0
    outer loop
      vertex 17.504 15.1755 0
      vertex 17.5725 15.259 1.6
      vertex 17.5725 15.259 0
    endloop
  endfacet
  facet normal -0.773132 0.634246 0
    outer loop
      vertex 17.5725 15.259 1.6
      vertex 17.504 15.1755 0
      vertex 17.504 15.1755 1.6
    endloop
  endfacet
  facet normal -0.161997 -0.986791 0
    outer loop
      vertex 16.4788 17.8993 0
      vertex 16.5854 17.8818 1.6
      vertex 16.4788 17.8993 1.6
    endloop
  endfacet
  facet normal -0.161997 -0.986791 -0
    outer loop
      vertex 16.5854 17.8818 1.6
      vertex 16.4788 17.8993 0
      vertex 16.5854 17.8818 0
    endloop
  endfacet
  facet normal -0.936063 -0.351834 0
    outer loop
      vertex 17.8259 16.7938 0
      vertex 17.7879 16.8949 1.6
      vertex 17.7879 16.8949 0
    endloop
  endfacet
  facet normal -0.936063 -0.351834 0
    outer loop
      vertex 17.7879 16.8949 1.6
      vertex 17.8259 16.7938 0
      vertex 17.8259 16.7938 1.6
    endloop
  endfacet
  facet normal -0.528332 0.849038 0
    outer loop
      vertex 17.1801 14.8915 0
      vertex 17.0885 14.8345 1.6
      vertex 17.1801 14.8915 1.6
    endloop
  endfacet
  facet normal -0.528332 0.849038 0
    outer loop
      vertex 17.0885 14.8345 1.6
      vertex 17.1801 14.8915 0
      vertex 17.0885 14.8345 0
    endloop
  endfacet
  facet normal 0.634246 -0.773132 0
    outer loop
      vertex 15.1755 17.504 0
      vertex 15.259 17.5725 1.6
      vertex 15.1755 17.504 1.6
    endloop
  endfacet
  facet normal 0.634246 -0.773132 0
    outer loop
      vertex 15.259 17.5725 1.6
      vertex 15.1755 17.504 0
      vertex 15.259 17.5725 0
    endloop
  endfacet
  facet normal -0.812919 0.582376 0
    outer loop
      vertex 17.5725 15.259 0
      vertex 17.6354 15.3468 1.6
      vertex 17.6354 15.3468 0
    endloop
  endfacet
  facet normal -0.812919 0.582376 0
    outer loop
      vertex 17.6354 15.3468 1.6
      vertex 17.5725 15.259 0
      vertex 17.5725 15.259 1.6
    endloop
  endfacet
  facet normal 0.957032 -0.289982 0
    outer loop
      vertex 14.6697 16.6905 1.6
      vertex 14.701 16.7938 0
      vertex 14.701 16.7938 1.6
    endloop
  endfacet
  facet normal 0.957032 -0.289982 0
    outer loop
      vertex 14.701 16.7938 0
      vertex 14.6697 16.6905 1.6
      vertex 14.6697 16.6905 0
    endloop
  endfacet
  facet normal 0.0333148 -0.999445 0
    outer loop
      vertex 16.1555 17.9099 0
      vertex 16.2635 17.9135 1.6
      vertex 16.1555 17.9099 1.6
    endloop
  endfacet
  facet normal 0.0333148 -0.999445 0
    outer loop
      vertex 16.2635 17.9135 1.6
      vertex 16.1555 17.9099 0
      vertex 16.2635 17.9135 0
    endloop
  endfacet
  facet normal 0.351834 -0.936063 0
    outer loop
      vertex 15.632 17.7879 0
      vertex 15.7331 17.8259 1.6
      vertex 15.632 17.7879 1.6
    endloop
  endfacet
  facet normal 0.351834 -0.936063 0
    outer loop
      vertex 15.7331 17.8259 1.6
      vertex 15.632 17.7879 0
      vertex 15.7331 17.8259 0
    endloop
  endfacet
  facet normal -0.729884 -0.683571 0
    outer loop
      vertex 17.504 17.3514 0
      vertex 17.4302 17.4302 1.6
      vertex 17.4302 17.4302 0
    endloop
  endfacet
  facet normal -0.729884 -0.683571 0
    outer loop
      vertex 17.4302 17.4302 1.6
      vertex 17.504 17.3514 0
      vertex 17.504 17.3514 1.6
    endloop
  endfacet
  facet normal -0.528332 -0.849038 0
    outer loop
      vertex 17.0885 17.6924 0
      vertex 17.1801 17.6354 1.6
      vertex 17.0885 17.6924 1.6
    endloop
  endfacet
  facet normal -0.528332 -0.849038 -0
    outer loop
      vertex 17.1801 17.6354 1.6
      vertex 17.0885 17.6924 0
      vertex 17.1801 17.6354 0
    endloop
  endfacet
  facet normal -0.289982 -0.957032 0
    outer loop
      vertex 16.6905 17.8572 0
      vertex 16.7938 17.8259 1.6
      vertex 16.6905 17.8572 1.6
    endloop
  endfacet
  facet normal -0.289982 -0.957032 -0
    outer loop
      vertex 16.7938 17.8259 1.6
      vertex 16.6905 17.8572 0
      vertex 16.7938 17.8259 0
    endloop
  endfacet
  facet normal -0.973732 0.227698 0
    outer loop
      vertex 17.8572 15.8364 0
      vertex 17.8818 15.9416 1.6
      vertex 17.8818 15.9416 0
    endloop
  endfacet
  facet normal -0.973732 0.227698 0
    outer loop
      vertex 17.8818 15.9416 1.6
      vertex 17.8572 15.8364 0
      vertex 17.8572 15.8364 1.6
    endloop
  endfacet
  facet normal -0.471117 -0.882071 0
    outer loop
      vertex 16.9932 17.7433 0
      vertex 17.0885 17.6924 1.6
      vertex 16.9932 17.7433 1.6
    endloop
  endfacet
  facet normal -0.471117 -0.882071 -0
    outer loop
      vertex 17.0885 17.6924 1.6
      vertex 16.9932 17.7433 0
      vertex 17.0885 17.6924 0
    endloop
  endfacet
  facet normal 0.683571 -0.729884 0
    outer loop
      vertex 15.0967 17.4302 0
      vertex 15.1755 17.504 1.6
      vertex 15.0967 17.4302 1.6
    endloop
  endfacet
  facet normal 0.683571 -0.729884 0
    outer loop
      vertex 15.1755 17.504 1.6
      vertex 15.0967 17.4302 0
      vertex 15.1755 17.504 0
    endloop
  endfacet
  facet normal 0.289982 -0.957032 0
    outer loop
      vertex 15.7331 17.8259 0
      vertex 15.8364 17.8572 1.6
      vertex 15.7331 17.8259 1.6
    endloop
  endfacet
  facet normal 0.289982 -0.957032 0
    outer loop
      vertex 15.8364 17.8572 1.6
      vertex 15.7331 17.8259 0
      vertex 15.8364 17.8572 0
    endloop
  endfacet
  facet normal -0.957032 -0.289982 0
    outer loop
      vertex 17.8572 16.6905 0
      vertex 17.8259 16.7938 1.6
      vertex 17.8259 16.7938 0
    endloop
  endfacet
  facet normal -0.957032 -0.289982 0
    outer loop
      vertex 17.8259 16.7938 1.6
      vertex 17.8572 16.6905 0
      vertex 17.8572 16.6905 1.6
    endloop
  endfacet
  facet normal 0.812919 -0.582376 0
    outer loop
      vertex 14.8915 17.1801 1.6
      vertex 14.9544 17.2679 0
      vertex 14.9544 17.2679 1.6
    endloop
  endfacet
  facet normal 0.812919 -0.582376 0
    outer loop
      vertex 14.9544 17.2679 0
      vertex 14.8915 17.1801 1.6
      vertex 14.8915 17.1801 0
    endloop
  endfacet
  facet normal 0.227698 -0.973732 0
    outer loop
      vertex 15.8364 17.8572 0
      vertex 15.9416 17.8818 1.6
      vertex 15.8364 17.8572 1.6
    endloop
  endfacet
  facet normal 0.227698 -0.973732 0
    outer loop
      vertex 15.9416 17.8818 1.6
      vertex 15.8364 17.8572 0
      vertex 15.9416 17.8818 0
    endloop
  endfacet
  facet normal 0.773132 0.634246 0
    outer loop
      vertex 15.0229 15.1755 1.6
      vertex 14.9544 15.259 0
      vertex 14.9544 15.259 1.6
    endloop
  endfacet
  facet normal 0.773132 0.634246 0
    outer loop
      vertex 14.9544 15.259 0
      vertex 15.0229 15.1755 1.6
      vertex 15.0229 15.1755 0
    endloop
  endfacet
  facet normal 0.773132 -0.634246 0
    outer loop
      vertex 14.9544 17.2679 1.6
      vertex 15.0229 17.3514 0
      vertex 15.0229 17.3514 1.6
    endloop
  endfacet
  facet normal 0.773132 -0.634246 0
    outer loop
      vertex 15.0229 17.3514 0
      vertex 14.9544 17.2679 1.6
      vertex 14.9544 17.2679 0
    endloop
  endfacet
  facet normal -0.162898 0.986643 0
    outer loop
      vertex 16.5854 14.6452 0
      vertex 16.4788 14.6276 1.6
      vertex 16.5854 14.6452 1.6
    endloop
  endfacet
  facet normal -0.162898 0.986643 0
    outer loop
      vertex 16.4788 14.6276 1.6
      vertex 16.5854 14.6452 0
      vertex 16.4788 14.6276 0
    endloop
  endfacet
  facet normal -0.634246 0.773132 0
    outer loop
      vertex 17.3514 15.0229 0
      vertex 17.2679 14.9544 1.6
      vertex 17.3514 15.0229 1.6
    endloop
  endfacet
  facet normal -0.634246 0.773132 0
    outer loop
      vertex 17.2679 14.9544 1.6
      vertex 17.3514 15.0229 0
      vertex 17.2679 14.9544 0
    endloop
  endfacet
  facet normal 0.973889 -0.227025 0
    outer loop
      vertex 14.6452 16.5854 1.6
      vertex 14.6697 16.6905 0
      vertex 14.6697 16.6905 1.6
    endloop
  endfacet
  facet normal 0.973889 -0.227025 0
    outer loop
      vertex 14.6697 16.6905 0
      vertex 14.6452 16.5854 1.6
      vertex 14.6452 16.5854 0
    endloop
  endfacet
  facet normal 0.973937 0.22682 0
    outer loop
      vertex 14.6697 15.8364 1.6
      vertex 14.6452 15.9416 0
      vertex 14.6452 15.9416 1.6
    endloop
  endfacet
  facet normal 0.973937 0.22682 0
    outer loop
      vertex 14.6452 15.9416 0
      vertex 14.6697 15.8364 1.6
      vertex 14.6697 15.8364 0
    endloop
  endfacet
  facet normal -0.936063 0.351834 0
    outer loop
      vertex 17.7879 15.632 0
      vertex 17.8259 15.7331 1.6
      vertex 17.8259 15.7331 0
    endloop
  endfacet
  facet normal -0.936063 0.351834 0
    outer loop
      vertex 17.8259 15.7331 1.6
      vertex 17.7879 15.632 0
      vertex 17.7879 15.632 1.6
    endloop
  endfacet
  facet normal 0.634246 0.773132 -0
    outer loop
      vertex 15.259 14.9544 0
      vertex 15.1755 15.0229 1.6
      vertex 15.259 14.9544 1.6
    endloop
  endfacet
  facet normal 0.634246 0.773132 0
    outer loop
      vertex 15.1755 15.0229 1.6
      vertex 15.259 14.9544 0
      vertex 15.1755 15.0229 0
    endloop
  endfacet
  facet normal 0.471501 0.881865 -0
    outer loop
      vertex 15.5337 14.7836 0
      vertex 15.4385 14.8345 1.6
      vertex 15.5337 14.7836 1.6
    endloop
  endfacet
  facet normal 0.471501 0.881865 0
    outer loop
      vertex 15.4385 14.8345 1.6
      vertex 15.5337 14.7836 0
      vertex 15.4385 14.8345 0
    endloop
  endfacet
  facet normal 0.995165 0.0982192 0
    outer loop
      vertex 14.6276 16.0481 1.6
      vertex 14.617 16.1555 0
      vertex 14.617 16.1555 1.6
    endloop
  endfacet
  facet normal 0.995165 0.0982192 0
    outer loop
      vertex 14.617 16.1555 0
      vertex 14.6276 16.0481 1.6
      vertex 14.6276 16.0481 0
    endloop
  endfacet
  facet normal -0.582376 0.812919 0
    outer loop
      vertex 17.2679 14.9544 0
      vertex 17.1801 14.8915 1.6
      vertex 17.2679 14.9544 1.6
    endloop
  endfacet
  facet normal -0.582376 0.812919 0
    outer loop
      vertex 17.1801 14.8915 1.6
      vertex 17.2679 14.9544 0
      vertex 17.1801 14.8915 0
    endloop
  endfacet
  facet normal 0.882071 -0.471117 0
    outer loop
      vertex 14.7836 16.9932 1.6
      vertex 14.8345 17.0885 0
      vertex 14.8345 17.0885 1.6
    endloop
  endfacet
  facet normal 0.882071 -0.471117 0
    outer loop
      vertex 14.8345 17.0885 0
      vertex 14.7836 16.9932 1.6
      vertex 14.7836 16.9932 0
    endloop
  endfacet
  facet normal 0.289982 0.957032 -0
    outer loop
      vertex 15.8364 14.6697 0
      vertex 15.7331 14.701 1.6
      vertex 15.8364 14.6697 1.6
    endloop
  endfacet
  facet normal 0.289982 0.957032 0
    outer loop
      vertex 15.7331 14.701 1.6
      vertex 15.8364 14.6697 0
      vertex 15.7331 14.701 0
    endloop
  endfacet
  facet normal -0.881865 0.471501 0
    outer loop
      vertex 17.6924 15.4385 0
      vertex 17.7433 15.5337 1.6
      vertex 17.7433 15.5337 0
    endloop
  endfacet
  facet normal -0.881865 0.471501 0
    outer loop
      vertex 17.7433 15.5337 1.6
      vertex 17.6924 15.4385 0
      vertex 17.6924 15.4385 1.6
    endloop
  endfacet
  facet normal 0.0982192 -0.995165 0
    outer loop
      vertex 16.0481 17.8993 0
      vertex 16.1555 17.9099 1.6
      vertex 16.0481 17.8993 1.6
    endloop
  endfacet
  facet normal 0.0982192 -0.995165 0
    outer loop
      vertex 16.1555 17.9099 1.6
      vertex 16.0481 17.8993 0
      vertex 16.1555 17.9099 0
    endloop
  endfacet
  facet normal -0.910652 -0.413175 0
    outer loop
      vertex 17.7879 16.8949 0
      vertex 17.7433 16.9932 1.6
      vertex 17.7433 16.9932 0
    endloop
  endfacet
  facet normal -0.910652 -0.413175 0
    outer loop
      vertex 17.7433 16.9932 1.6
      vertex 17.7879 16.8949 0
      vertex 17.7879 16.8949 1.6
    endloop
  endfacet
  facet normal -0.882071 -0.471117 0
    outer loop
      vertex 17.7433 16.9932 0
      vertex 17.6924 17.0885 1.6
      vertex 17.6924 17.0885 0
    endloop
  endfacet
  facet normal -0.882071 -0.471117 0
    outer loop
      vertex 17.6924 17.0885 1.6
      vertex 17.7433 16.9932 0
      vertex 17.7433 16.9932 1.6
    endloop
  endfacet
  facet normal -0.986791 -0.161997 0
    outer loop
      vertex 17.8993 16.4788 0
      vertex 17.8818 16.5854 1.6
      vertex 17.8818 16.5854 0
    endloop
  endfacet
  facet normal -0.986791 -0.161997 0
    outer loop
      vertex 17.8818 16.5854 1.6
      vertex 17.8993 16.4788 0
      vertex 17.8993 16.4788 1.6
    endloop
  endfacet
  facet normal 0.162145 -0.986767 0
    outer loop
      vertex 15.9416 17.8818 0
      vertex 16.0481 17.8993 1.6
      vertex 15.9416 17.8818 1.6
    endloop
  endfacet
  facet normal 0.162145 -0.986767 0
    outer loop
      vertex 16.0481 17.8993 1.6
      vertex 15.9416 17.8818 0
      vertex 16.0481 17.8993 0
    endloop
  endfacet
  facet normal -0.351834 -0.936063 0
    outer loop
      vertex 16.7938 17.8259 0
      vertex 16.8949 17.7879 1.6
      vertex 16.7938 17.8259 1.6
    endloop
  endfacet
  facet normal -0.351834 -0.936063 -0
    outer loop
      vertex 16.8949 17.7879 1.6
      vertex 16.7938 17.8259 0
      vertex 16.8949 17.7879 0
    endloop
  endfacet
  facet normal 0.812919 0.582376 0
    outer loop
      vertex 14.9544 15.259 1.6
      vertex 14.8915 15.3468 0
      vertex 14.8915 15.3468 1.6
    endloop
  endfacet
  facet normal 0.812919 0.582376 0
    outer loop
      vertex 14.8915 15.3468 0
      vertex 14.9544 15.259 1.6
      vertex 14.9544 15.259 0
    endloop
  endfacet
  facet normal 0.527916 -0.849297 0
    outer loop
      vertex 15.3468 17.6354 0
      vertex 15.4385 17.6924 1.6
      vertex 15.3468 17.6354 1.6
    endloop
  endfacet
  facet normal 0.527916 -0.849297 0
    outer loop
      vertex 15.4385 17.6924 1.6
      vertex 15.3468 17.6354 0
      vertex 15.4385 17.6924 0
    endloop
  endfacet
  facet normal 0.849297 0.527916 0
    outer loop
      vertex 14.8915 15.3468 1.6
      vertex 14.8345 15.4385 0
      vertex 14.8345 15.4385 1.6
    endloop
  endfacet
  facet normal 0.849297 0.527916 0
    outer loop
      vertex 14.8345 15.4385 0
      vertex 14.8915 15.3468 1.6
      vertex 14.8915 15.3468 0
    endloop
  endfacet
  facet normal 0.995165 -0.0982192 0
    outer loop
      vertex 14.617 16.3714 1.6
      vertex 14.6276 16.4788 0
      vertex 14.6276 16.4788 1.6
    endloop
  endfacet
  facet normal 0.995165 -0.0982192 0
    outer loop
      vertex 14.6276 16.4788 0
      vertex 14.617 16.3714 1.6
      vertex 14.617 16.3714 0
    endloop
  endfacet
  facet normal 0.582376 0.812919 -0
    outer loop
      vertex 15.3468 14.8915 0
      vertex 15.259 14.9544 1.6
      vertex 15.3468 14.8915 1.6
    endloop
  endfacet
  facet normal 0.582376 0.812919 0
    outer loop
      vertex 15.259 14.9544 1.6
      vertex 15.3468 14.8915 0
      vertex 15.259 14.9544 0
    endloop
  endfacet
  facet normal -0.957032 0.289982 0
    outer loop
      vertex 17.8259 15.7331 0
      vertex 17.8572 15.8364 1.6
      vertex 17.8572 15.8364 0
    endloop
  endfacet
  facet normal -0.957032 0.289982 0
    outer loop
      vertex 17.8572 15.8364 1.6
      vertex 17.8259 15.7331 0
      vertex 17.8259 15.7331 1.6
    endloop
  endfacet
  facet normal 0.729884 -0.683571 0
    outer loop
      vertex 15.0229 17.3514 1.6
      vertex 15.0967 17.4302 0
      vertex 15.0967 17.4302 1.6
    endloop
  endfacet
  facet normal 0.729884 -0.683571 0
    outer loop
      vertex 15.0967 17.4302 0
      vertex 15.0229 17.3514 1.6
      vertex 15.0229 17.3514 0
    endloop
  endfacet
  facet normal 0.163047 0.986618 -0
    outer loop
      vertex 16.0481 14.6276 0
      vertex 15.9416 14.6452 1.6
      vertex 16.0481 14.6276 1.6
    endloop
  endfacet
  facet normal 0.163047 0.986618 0
    outer loop
      vertex 15.9416 14.6452 1.6
      vertex 16.0481 14.6276 0
      vertex 15.9416 14.6452 0
    endloop
  endfacet
  facet normal 0.0982192 0.995165 -0
    outer loop
      vertex 16.1555 14.617 0
      vertex 16.0481 14.6276 1.6
      vertex 16.1555 14.617 1.6
    endloop
  endfacet
  facet normal 0.0982192 0.995165 0
    outer loop
      vertex 16.0481 14.6276 1.6
      vertex 16.1555 14.617 0
      vertex 16.0481 14.6276 0
    endloop
  endfacet
  facet normal 0.0323904 0.999475 -0
    outer loop
      vertex 16.2635 14.6135 0
      vertex 16.1555 14.617 1.6
      vertex 16.2635 14.6135 1.6
    endloop
  endfacet
  facet normal 0.0323904 0.999475 0
    outer loop
      vertex 16.1555 14.617 1.6
      vertex 16.2635 14.6135 0
      vertex 16.1555 14.617 0
    endloop
  endfacet
  facet normal 0.22682 0.973937 -0
    outer loop
      vertex 15.9416 14.6452 0
      vertex 15.8364 14.6697 1.6
      vertex 15.9416 14.6452 1.6
    endloop
  endfacet
  facet normal 0.22682 0.973937 0
    outer loop
      vertex 15.8364 14.6697 1.6
      vertex 15.9416 14.6452 0
      vertex 15.8364 14.6697 0
    endloop
  endfacet
  facet normal -0.0333457 -0.999444 0
    outer loop
      vertex 16.2635 17.9135 0
      vertex 16.3714 17.9099 1.6
      vertex 16.2635 17.9135 1.6
    endloop
  endfacet
  facet normal -0.0333457 -0.999444 -0
    outer loop
      vertex 16.3714 17.9099 1.6
      vertex 16.2635 17.9135 0
      vertex 16.3714 17.9099 0
    endloop
  endfacet
  facet normal 0.527916 0.849297 -0
    outer loop
      vertex 15.4385 14.8345 0
      vertex 15.3468 14.8915 1.6
      vertex 15.4385 14.8345 1.6
    endloop
  endfacet
  facet normal 0.527916 0.849297 0
    outer loop
      vertex 15.3468 14.8915 1.6
      vertex 15.4385 14.8345 0
      vertex 15.3468 14.8915 0
    endloop
  endfacet
  facet normal 0.683571 0.729884 -0
    outer loop
      vertex 15.1755 15.0229 0
      vertex 15.0967 15.0967 1.6
      vertex 15.1755 15.0229 1.6
    endloop
  endfacet
  facet normal 0.683571 0.729884 0
    outer loop
      vertex 15.0967 15.0967 1.6
      vertex 15.1755 15.0229 0
      vertex 15.0967 15.0967 0
    endloop
  endfacet
  facet normal 0.999474 -0.0324204 0
    outer loop
      vertex 14.6135 16.2635 1.6
      vertex 14.617 16.3714 0
      vertex 14.617 16.3714 1.6
    endloop
  endfacet
  facet normal 0.999474 -0.0324204 0
    outer loop
      vertex 14.617 16.3714 0
      vertex 14.6135 16.2635 1.6
      vertex 14.6135 16.2635 0
    endloop
  endfacet
  facet normal 0.849038 -0.528332 0
    outer loop
      vertex 14.8345 17.0885 1.6
      vertex 14.8915 17.1801 0
      vertex 14.8915 17.1801 1.6
    endloop
  endfacet
  facet normal 0.849038 -0.528332 0
    outer loop
      vertex 14.8915 17.1801 0
      vertex 14.8345 17.0885 1.6
      vertex 14.8345 17.0885 0
    endloop
  endfacet
  facet normal 0.729884 0.683571 0
    outer loop
      vertex 15.0967 15.0967 1.6
      vertex 15.0229 15.1755 0
      vertex 15.0229 15.1755 1.6
    endloop
  endfacet
  facet normal 0.729884 0.683571 0
    outer loop
      vertex 15.0229 15.1755 0
      vertex 15.0967 15.0967 1.6
      vertex 15.0967 15.0967 0
    endloop
  endfacet
  facet normal -0.812919 -0.582376 0
    outer loop
      vertex 17.6354 17.1801 0
      vertex 17.5725 17.2679 1.6
      vertex 17.5725 17.2679 0
    endloop
  endfacet
  facet normal -0.812919 -0.582376 0
    outer loop
      vertex 17.5725 17.2679 1.6
      vertex 17.6354 17.1801 0
      vertex 17.6354 17.1801 1.6
    endloop
  endfacet
  facet normal 0.881865 0.471501 0
    outer loop
      vertex 14.8345 15.4385 1.6
      vertex 14.7836 15.5337 0
      vertex 14.7836 15.5337 1.6
    endloop
  endfacet
  facet normal 0.881865 0.471501 0
    outer loop
      vertex 14.7836 15.5337 0
      vertex 14.8345 15.4385 1.6
      vertex 14.8345 15.4385 0
    endloop
  endfacet
  facet normal 0.911 -0.412406 0
    outer loop
      vertex 14.7391 16.8949 1.6
      vertex 14.7836 16.9932 0
      vertex 14.7836 16.9932 1.6
    endloop
  endfacet
  facet normal 0.911 -0.412406 0
    outer loop
      vertex 14.7836 16.9932 0
      vertex 14.7391 16.8949 1.6
      vertex 14.7391 16.8949 0
    endloop
  endfacet
  facet normal 0.412406 0.911 -0
    outer loop
      vertex 15.632 14.7391 0
      vertex 15.5337 14.7836 1.6
      vertex 15.632 14.7391 1.6
    endloop
  endfacet
  facet normal 0.412406 0.911 0
    outer loop
      vertex 15.5337 14.7836 1.6
      vertex 15.632 14.7391 0
      vertex 15.5337 14.7836 0
    endloop
  endfacet
  facet normal -0.999444 -0.0333457 0
    outer loop
      vertex 17.9135 16.2635 0
      vertex 17.9099 16.3714 1.6
      vertex 17.9099 16.3714 0
    endloop
  endfacet
  facet normal -0.999444 -0.0333457 0
    outer loop
      vertex 17.9099 16.3714 1.6
      vertex 17.9135 16.2635 0
      vertex 17.9135 16.2635 1.6
    endloop
  endfacet
  facet normal -0.729884 0.683571 0
    outer loop
      vertex 17.4302 15.0967 0
      vertex 17.504 15.1755 1.6
      vertex 17.504 15.1755 0
    endloop
  endfacet
  facet normal -0.729884 0.683571 0
    outer loop
      vertex 17.504 15.1755 1.6
      vertex 17.4302 15.0967 0
      vertex 17.4302 15.0967 1.6
    endloop
  endfacet
  facet normal -0.413175 -0.910652 0
    outer loop
      vertex 16.8949 17.7879 0
      vertex 16.9932 17.7433 1.6
      vertex 16.8949 17.7879 1.6
    endloop
  endfacet
  facet normal -0.413175 -0.910652 -0
    outer loop
      vertex 16.9932 17.7433 1.6
      vertex 16.8949 17.7879 0
      vertex 16.9932 17.7433 0
    endloop
  endfacet
  facet normal -0.995165 -0.0982192 0
    outer loop
      vertex 17.9099 16.3714 0
      vertex 17.8993 16.4788 1.6
      vertex 17.8993 16.4788 0
    endloop
  endfacet
  facet normal -0.995165 -0.0982192 0
    outer loop
      vertex 17.8993 16.4788 1.6
      vertex 17.9099 16.3714 0
      vertex 17.9099 16.3714 1.6
    endloop
  endfacet
  facet normal -0.227903 -0.973684 0
    outer loop
      vertex 16.5854 17.8818 0
      vertex 16.6905 17.8572 1.6
      vertex 16.5854 17.8818 1.6
    endloop
  endfacet
  facet normal -0.227903 -0.973684 -0
    outer loop
      vertex 16.6905 17.8572 1.6
      vertex 16.5854 17.8818 0
      vertex 16.6905 17.8572 0
    endloop
  endfacet
  facet normal -0.849038 -0.528332 0
    outer loop
      vertex 17.6924 17.0885 0
      vertex 17.6354 17.1801 1.6
      vertex 17.6354 17.1801 0
    endloop
  endfacet
  facet normal -0.849038 -0.528332 0
    outer loop
      vertex 17.6354 17.1801 1.6
      vertex 17.6924 17.0885 0
      vertex 17.6924 17.0885 1.6
    endloop
  endfacet
  facet normal -0.910652 0.413175 0
    outer loop
      vertex 17.7433 15.5337 0
      vertex 17.7879 15.632 1.6
      vertex 17.7879 15.632 0
    endloop
  endfacet
  facet normal -0.910652 0.413175 0
    outer loop
      vertex 17.7879 15.632 1.6
      vertex 17.7433 15.5337 0
      vertex 17.7433 15.5337 1.6
    endloop
  endfacet
  facet normal 0.999475 0.0323904 0
    outer loop
      vertex 14.617 16.1555 1.6
      vertex 14.6135 16.2635 0
      vertex 14.6135 16.2635 1.6
    endloop
  endfacet
  facet normal 0.999475 0.0323904 0
    outer loop
      vertex 14.6135 16.2635 0
      vertex 14.617 16.1555 1.6
      vertex 14.617 16.1555 0
    endloop
  endfacet
  facet normal -0.849297 0.527916 0
    outer loop
      vertex 17.6354 15.3468 0
      vertex 17.6924 15.4385 1.6
      vertex 17.6924 15.4385 0
    endloop
  endfacet
  facet normal -0.849297 0.527916 0
    outer loop
      vertex 17.6924 15.4385 1.6
      vertex 17.6354 15.3468 0
      vertex 17.6354 15.3468 1.6
    endloop
  endfacet
  facet normal -0.973684 -0.227903 0
    outer loop
      vertex 17.8818 16.5854 0
      vertex 17.8572 16.6905 1.6
      vertex 17.8572 16.6905 0
    endloop
  endfacet
  facet normal -0.973684 -0.227903 0
    outer loop
      vertex 17.8572 16.6905 1.6
      vertex 17.8818 16.5854 0
      vertex 17.8818 16.5854 1.6
    endloop
  endfacet
  facet normal 0.935757 -0.352644 0
    outer loop
      vertex 14.701 16.7938 1.6
      vertex 14.7391 16.8949 0
      vertex 14.7391 16.8949 1.6
    endloop
  endfacet
  facet normal 0.935757 -0.352644 0
    outer loop
      vertex 14.7391 16.8949 0
      vertex 14.701 16.7938 1.6
      vertex 14.701 16.7938 0
    endloop
  endfacet
  facet normal 0.911 0.412406 0
    outer loop
      vertex 14.7836 15.5337 1.6
      vertex 14.7391 15.632 0
      vertex 14.7391 15.632 1.6
    endloop
  endfacet
  facet normal 0.911 0.412406 0
    outer loop
      vertex 14.7391 15.632 0
      vertex 14.7836 15.5337 1.6
      vertex 14.7836 15.5337 0
    endloop
  endfacet
  facet normal 0.471501 -0.881865 0
    outer loop
      vertex 15.4385 17.6924 0
      vertex 15.5337 17.7433 1.6
      vertex 15.4385 17.6924 1.6
    endloop
  endfacet
  facet normal 0.471501 -0.881865 0
    outer loop
      vertex 15.5337 17.7433 1.6
      vertex 15.4385 17.6924 0
      vertex 15.5337 17.7433 0
    endloop
  endfacet
  facet normal 0.582376 -0.812919 0
    outer loop
      vertex 15.259 17.5725 0
      vertex 15.3468 17.6354 1.6
      vertex 15.259 17.5725 1.6
    endloop
  endfacet
  facet normal 0.582376 -0.812919 0
    outer loop
      vertex 15.3468 17.6354 1.6
      vertex 15.259 17.5725 0
      vertex 15.3468 17.6354 0
    endloop
  endfacet
  facet normal 0.986643 -0.162898 0
    outer loop
      vertex 14.6276 16.4788 1.6
      vertex 14.6452 16.5854 0
      vertex 14.6452 16.5854 1.6
    endloop
  endfacet
  facet normal 0.986643 -0.162898 0
    outer loop
      vertex 14.6452 16.5854 0
      vertex 14.6276 16.4788 1.6
      vertex 14.6276 16.4788 0
    endloop
  endfacet
  facet normal 0.935757 0.352644 0
    outer loop
      vertex 14.7391 15.632 1.6
      vertex 14.701 15.7331 0
      vertex 14.701 15.7331 1.6
    endloop
  endfacet
  facet normal 0.935757 0.352644 0
    outer loop
      vertex 14.701 15.7331 0
      vertex 14.7391 15.632 1.6
      vertex 14.7391 15.632 0
    endloop
  endfacet
  facet normal -0.999445 0.0333148 0
    outer loop
      vertex 17.9099 16.1555 0
      vertex 17.9135 16.2635 1.6
      vertex 17.9135 16.2635 0
    endloop
  endfacet
  facet normal -0.999445 0.0333148 0
    outer loop
      vertex 17.9135 16.2635 1.6
      vertex 17.9099 16.1555 0
      vertex 17.9099 16.1555 1.6
    endloop
  endfacet
  facet normal -0.412406 0.911 0
    outer loop
      vertex 16.9932 14.7836 0
      vertex 16.8949 14.7391 1.6
      vertex 16.9932 14.7836 1.6
    endloop
  endfacet
  facet normal -0.412406 0.911 0
    outer loop
      vertex 16.8949 14.7391 1.6
      vertex 16.9932 14.7836 0
      vertex 16.8949 14.7391 0
    endloop
  endfacet
  facet normal 0.352644 0.935757 -0
    outer loop
      vertex 15.7331 14.701 0
      vertex 15.632 14.7391 1.6
      vertex 15.7331 14.701 1.6
    endloop
  endfacet
  facet normal 0.352644 0.935757 0
    outer loop
      vertex 15.632 14.7391 1.6
      vertex 15.7331 14.701 0
      vertex 15.632 14.7391 0
    endloop
  endfacet
  facet normal -0.683571 0.729884 0
    outer loop
      vertex 17.4302 15.0967 0
      vertex 17.3514 15.0229 1.6
      vertex 17.4302 15.0967 1.6
    endloop
  endfacet
  facet normal -0.683571 0.729884 0
    outer loop
      vertex 17.3514 15.0229 1.6
      vertex 17.4302 15.0967 0
      vertex 17.3514 15.0229 0
    endloop
  endfacet
  facet normal -0.986767 0.162145 0
    outer loop
      vertex 17.8818 15.9416 0
      vertex 17.8993 16.0481 1.6
      vertex 17.8993 16.0481 0
    endloop
  endfacet
  facet normal -0.986767 0.162145 0
    outer loop
      vertex 17.8993 16.0481 1.6
      vertex 17.8818 15.9416 0
      vertex 17.8818 15.9416 1.6
    endloop
  endfacet
  facet normal 0.986618 0.163047 0
    outer loop
      vertex 14.6452 15.9416 1.6
      vertex 14.6276 16.0481 0
      vertex 14.6276 16.0481 1.6
    endloop
  endfacet
  facet normal 0.986618 0.163047 0
    outer loop
      vertex 14.6276 16.0481 0
      vertex 14.6452 15.9416 1.6
      vertex 14.6452 15.9416 0
    endloop
  endfacet
  facet normal -0.0982192 -0.995165 0
    outer loop
      vertex 16.3714 17.9099 0
      vertex 16.4788 17.8993 1.6
      vertex 16.3714 17.9099 1.6
    endloop
  endfacet
  facet normal -0.0982192 -0.995165 -0
    outer loop
      vertex 16.4788 17.8993 1.6
      vertex 16.3714 17.9099 0
      vertex 16.4788 17.8993 0
    endloop
  endfacet
  facet normal -0.227025 0.973889 0
    outer loop
      vertex 16.6905 14.6697 0
      vertex 16.5854 14.6452 1.6
      vertex 16.6905 14.6697 1.6
    endloop
  endfacet
  facet normal -0.227025 0.973889 0
    outer loop
      vertex 16.5854 14.6452 1.6
      vertex 16.6905 14.6697 0
      vertex 16.5854 14.6452 0
    endloop
  endfacet
  facet normal -0.471117 0.882071 0
    outer loop
      vertex 17.0885 14.8345 0
      vertex 16.9932 14.7836 1.6
      vertex 17.0885 14.8345 1.6
    endloop
  endfacet
  facet normal -0.471117 0.882071 0
    outer loop
      vertex 16.9932 14.7836 1.6
      vertex 17.0885 14.8345 0
      vertex 16.9932 14.7836 0
    endloop
  endfacet
  facet normal 0.957032 0.289982 0
    outer loop
      vertex 14.701 15.7331 1.6
      vertex 14.6697 15.8364 0
      vertex 14.6697 15.8364 1.6
    endloop
  endfacet
  facet normal 0.957032 0.289982 0
    outer loop
      vertex 14.6697 15.8364 0
      vertex 14.701 15.7331 1.6
      vertex 14.701 15.7331 0
    endloop
  endfacet
  facet normal -0.995165 0.0982192 0
    outer loop
      vertex 17.8993 16.0481 0
      vertex 17.9099 16.1555 1.6
      vertex 17.9099 16.1555 0
    endloop
  endfacet
  facet normal -0.995165 0.0982192 0
    outer loop
      vertex 17.9099 16.1555 1.6
      vertex 17.8993 16.0481 0
      vertex 17.8993 16.0481 1.6
    endloop
  endfacet
  facet normal -0.0982192 0.995165 0
    outer loop
      vertex 16.4788 14.6276 0
      vertex 16.3714 14.617 1.6
      vertex 16.4788 14.6276 1.6
    endloop
  endfacet
  facet normal -0.0982192 0.995165 0
    outer loop
      vertex 16.3714 14.617 1.6
      vertex 16.4788 14.6276 0
      vertex 16.3714 14.617 0
    endloop
  endfacet
  facet normal -0.0324204 0.999474 0
    outer loop
      vertex 16.3714 14.617 0
      vertex 16.2635 14.6135 1.6
      vertex 16.3714 14.617 1.6
    endloop
  endfacet
  facet normal -0.0324204 0.999474 0
    outer loop
      vertex 16.2635 14.6135 1.6
      vertex 16.3714 14.617 0
      vertex 16.2635 14.6135 0
    endloop
  endfacet
  facet normal -0.352644 0.935757 0
    outer loop
      vertex 16.8949 14.7391 0
      vertex 16.7938 14.701 1.6
      vertex 16.8949 14.7391 1.6
    endloop
  endfacet
  facet normal -0.352644 0.935757 0
    outer loop
      vertex 16.7938 14.701 1.6
      vertex 16.8949 14.7391 0
      vertex 16.7938 14.701 0
    endloop
  endfacet
  facet normal -0.289982 0.957032 0
    outer loop
      vertex 16.7938 14.701 0
      vertex 16.6905 14.6697 1.6
      vertex 16.7938 14.701 1.6
    endloop
  endfacet
  facet normal -0.289982 0.957032 0
    outer loop
      vertex 16.6905 14.6697 1.6
      vertex 16.7938 14.701 0
      vertex 16.6905 14.6697 0
    endloop
  endfacet
  facet normal -0.812919 -0.582376 0
    outer loop
      vertex -14.8915 17.1801 0
      vertex -14.9544 17.2679 1.6
      vertex -14.9544 17.2679 0
    endloop
  endfacet
  facet normal -0.812919 -0.582376 0
    outer loop
      vertex -14.9544 17.2679 1.6
      vertex -14.8915 17.1801 0
      vertex -14.8915 17.1801 1.6
    endloop
  endfacet
  facet normal 0.634246 -0.773132 0
    outer loop
      vertex -17.3514 17.504 0
      vertex -17.2679 17.5725 1.6
      vertex -17.3514 17.504 1.6
    endloop
  endfacet
  facet normal 0.634246 -0.773132 0
    outer loop
      vertex -17.2679 17.5725 1.6
      vertex -17.3514 17.504 0
      vertex -17.2679 17.5725 0
    endloop
  endfacet
  facet normal 0.773132 -0.634246 0
    outer loop
      vertex -17.5725 17.2679 1.6
      vertex -17.504 17.3514 0
      vertex -17.504 17.3514 1.6
    endloop
  endfacet
  facet normal 0.773132 -0.634246 0
    outer loop
      vertex -17.504 17.3514 0
      vertex -17.5725 17.2679 1.6
      vertex -17.5725 17.2679 0
    endloop
  endfacet
  facet normal 0.729884 -0.683571 0
    outer loop
      vertex -17.504 17.3514 1.6
      vertex -17.4302 17.4302 0
      vertex -17.4302 17.4302 1.6
    endloop
  endfacet
  facet normal 0.729884 -0.683571 0
    outer loop
      vertex -17.4302 17.4302 0
      vertex -17.504 17.3514 1.6
      vertex -17.504 17.3514 0
    endloop
  endfacet
  facet normal 0.812919 -0.582376 0
    outer loop
      vertex -17.6354 17.1801 1.6
      vertex -17.5725 17.2679 0
      vertex -17.5725 17.2679 1.6
    endloop
  endfacet
  facet normal 0.812919 -0.582376 0
    outer loop
      vertex -17.5725 17.2679 0
      vertex -17.6354 17.1801 1.6
      vertex -17.6354 17.1801 0
    endloop
  endfacet
  facet normal -0.634246 -0.773132 0
    outer loop
      vertex -15.259 17.5725 0
      vertex -15.1755 17.504 1.6
      vertex -15.259 17.5725 1.6
    endloop
  endfacet
  facet normal -0.634246 -0.773132 -0
    outer loop
      vertex -15.1755 17.504 1.6
      vertex -15.259 17.5725 0
      vertex -15.1755 17.504 0
    endloop
  endfacet
  facet normal 0.986791 -0.161997 0
    outer loop
      vertex -17.8993 16.4788 1.6
      vertex -17.8818 16.5854 0
      vertex -17.8818 16.5854 1.6
    endloop
  endfacet
  facet normal 0.986791 -0.161997 0
    outer loop
      vertex -17.8818 16.5854 0
      vertex -17.8993 16.4788 1.6
      vertex -17.8993 16.4788 0
    endloop
  endfacet
  facet normal 0.351834 -0.936063 0
    outer loop
      vertex -16.8949 17.7879 0
      vertex -16.7938 17.8259 1.6
      vertex -16.8949 17.7879 1.6
    endloop
  endfacet
  facet normal 0.351834 -0.936063 0
    outer loop
      vertex -16.7938 17.8259 1.6
      vertex -16.8949 17.7879 0
      vertex -16.7938 17.8259 0
    endloop
  endfacet
  facet normal -0.582376 -0.812919 0
    outer loop
      vertex -15.3468 17.6354 0
      vertex -15.259 17.5725 1.6
      vertex -15.3468 17.6354 1.6
    endloop
  endfacet
  facet normal -0.582376 -0.812919 -0
    outer loop
      vertex -15.259 17.5725 1.6
      vertex -15.3468 17.6354 0
      vertex -15.259 17.5725 0
    endloop
  endfacet
  facet normal 0.773132 0.634246 0
    outer loop
      vertex -17.504 15.1755 1.6
      vertex -17.5725 15.259 0
      vertex -17.5725 15.259 1.6
    endloop
  endfacet
  facet normal 0.773132 0.634246 0
    outer loop
      vertex -17.5725 15.259 0
      vertex -17.504 15.1755 1.6
      vertex -17.504 15.1755 0
    endloop
  endfacet
  facet normal 0.999445 0.0333148 0
    outer loop
      vertex -17.9099 16.1555 1.6
      vertex -17.9135 16.2635 0
      vertex -17.9135 16.2635 1.6
    endloop
  endfacet
  facet normal 0.999445 0.0333148 0
    outer loop
      vertex -17.9135 16.2635 0
      vertex -17.9099 16.1555 1.6
      vertex -17.9099 16.1555 0
    endloop
  endfacet
  facet normal 0.936063 0.351834 0
    outer loop
      vertex -17.7879 15.632 1.6
      vertex -17.8259 15.7331 0
      vertex -17.8259 15.7331 1.6
    endloop
  endfacet
  facet normal 0.936063 0.351834 0
    outer loop
      vertex -17.8259 15.7331 0
      vertex -17.7879 15.632 1.6
      vertex -17.7879 15.632 0
    endloop
  endfacet
  facet normal 0.683571 -0.729884 0
    outer loop
      vertex -17.4302 17.4302 0
      vertex -17.3514 17.504 1.6
      vertex -17.4302 17.4302 1.6
    endloop
  endfacet
  facet normal 0.683571 -0.729884 0
    outer loop
      vertex -17.3514 17.504 1.6
      vertex -17.4302 17.4302 0
      vertex -17.3514 17.504 0
    endloop
  endfacet
  facet normal -0.849038 -0.528332 0
    outer loop
      vertex -14.8345 17.0885 0
      vertex -14.8915 17.1801 1.6
      vertex -14.8915 17.1801 0
    endloop
  endfacet
  facet normal -0.849038 -0.528332 0
    outer loop
      vertex -14.8915 17.1801 1.6
      vertex -14.8345 17.0885 0
      vertex -14.8345 17.0885 1.6
    endloop
  endfacet
  facet normal 0.849038 -0.528332 0
    outer loop
      vertex -17.6924 17.0885 1.6
      vertex -17.6354 17.1801 0
      vertex -17.6354 17.1801 1.6
    endloop
  endfacet
  facet normal 0.849038 -0.528332 0
    outer loop
      vertex -17.6354 17.1801 0
      vertex -17.6924 17.0885 1.6
      vertex -17.6924 17.0885 0
    endloop
  endfacet
  facet normal 0.957032 -0.289982 0
    outer loop
      vertex -17.8572 16.6905 1.6
      vertex -17.8259 16.7938 0
      vertex -17.8259 16.7938 1.6
    endloop
  endfacet
  facet normal 0.957032 -0.289982 0
    outer loop
      vertex -17.8259 16.7938 0
      vertex -17.8572 16.6905 1.6
      vertex -17.8572 16.6905 0
    endloop
  endfacet
  facet normal 0.882071 -0.471117 0
    outer loop
      vertex -17.7433 16.9932 1.6
      vertex -17.6924 17.0885 0
      vertex -17.6924 17.0885 1.6
    endloop
  endfacet
  facet normal 0.882071 -0.471117 0
    outer loop
      vertex -17.6924 17.0885 0
      vertex -17.7433 16.9932 1.6
      vertex -17.7433 16.9932 0
    endloop
  endfacet
  facet normal 0.729884 0.683571 0
    outer loop
      vertex -17.4302 15.0967 1.6
      vertex -17.504 15.1755 0
      vertex -17.504 15.1755 1.6
    endloop
  endfacet
  facet normal 0.729884 0.683571 0
    outer loop
      vertex -17.504 15.1755 0
      vertex -17.4302 15.0967 1.6
      vertex -17.4302 15.0967 0
    endloop
  endfacet
  facet normal 0.957032 0.289982 0
    outer loop
      vertex -17.8259 15.7331 1.6
      vertex -17.8572 15.8364 0
      vertex -17.8572 15.8364 1.6
    endloop
  endfacet
  facet normal 0.957032 0.289982 0
    outer loop
      vertex -17.8572 15.8364 0
      vertex -17.8259 15.7331 1.6
      vertex -17.8259 15.7331 0
    endloop
  endfacet
  facet normal 0.289982 -0.957032 0
    outer loop
      vertex -16.7938 17.8259 0
      vertex -16.6905 17.8572 1.6
      vertex -16.7938 17.8259 1.6
    endloop
  endfacet
  facet normal 0.289982 -0.957032 0
    outer loop
      vertex -16.6905 17.8572 1.6
      vertex -16.7938 17.8259 0
      vertex -16.6905 17.8572 0
    endloop
  endfacet
  facet normal 0.973732 0.227698 0
    outer loop
      vertex -17.8572 15.8364 1.6
      vertex -17.8818 15.9416 0
      vertex -17.8818 15.9416 1.6
    endloop
  endfacet
  facet normal 0.973732 0.227698 0
    outer loop
      vertex -17.8818 15.9416 0
      vertex -17.8572 15.8364 1.6
      vertex -17.8572 15.8364 0
    endloop
  endfacet
  facet normal -0.413175 -0.910652 0
    outer loop
      vertex -15.632 17.7879 0
      vertex -15.5337 17.7433 1.6
      vertex -15.632 17.7879 1.6
    endloop
  endfacet
  facet normal -0.413175 -0.910652 -0
    outer loop
      vertex -15.5337 17.7433 1.6
      vertex -15.632 17.7879 0
      vertex -15.5337 17.7433 0
    endloop
  endfacet
  facet normal -0.634246 0.773132 0
    outer loop
      vertex -15.1755 15.0229 0
      vertex -15.259 14.9544 1.6
      vertex -15.1755 15.0229 1.6
    endloop
  endfacet
  facet normal -0.634246 0.773132 0
    outer loop
      vertex -15.259 14.9544 1.6
      vertex -15.1755 15.0229 0
      vertex -15.259 14.9544 0
    endloop
  endfacet
  facet normal 0.634246 0.773132 -0
    outer loop
      vertex -17.2679 14.9544 0
      vertex -17.3514 15.0229 1.6
      vertex -17.2679 14.9544 1.6
    endloop
  endfacet
  facet normal 0.634246 0.773132 0
    outer loop
      vertex -17.3514 15.0229 1.6
      vertex -17.2679 14.9544 0
      vertex -17.3514 15.0229 0
    endloop
  endfacet
  facet normal -0.957032 -0.289982 0
    outer loop
      vertex -14.6697 16.6905 0
      vertex -14.701 16.7938 1.6
      vertex -14.701 16.7938 0
    endloop
  endfacet
  facet normal -0.957032 -0.289982 0
    outer loop
      vertex -14.701 16.7938 1.6
      vertex -14.6697 16.6905 0
      vertex -14.6697 16.6905 1.6
    endloop
  endfacet
  facet normal 0.289982 0.957032 -0
    outer loop
      vertex -16.6905 14.6697 0
      vertex -16.7938 14.701 1.6
      vertex -16.6905 14.6697 1.6
    endloop
  endfacet
  facet normal 0.289982 0.957032 0
    outer loop
      vertex -16.7938 14.701 1.6
      vertex -16.6905 14.6697 0
      vertex -16.7938 14.701 0
    endloop
  endfacet
  facet normal 0.352644 0.935757 -0
    outer loop
      vertex -16.7938 14.701 0
      vertex -16.8949 14.7391 1.6
      vertex -16.7938 14.701 1.6
    endloop
  endfacet
  facet normal 0.352644 0.935757 0
    outer loop
      vertex -16.8949 14.7391 1.6
      vertex -16.7938 14.701 0
      vertex -16.8949 14.7391 0
    endloop
  endfacet
  facet normal -0.773132 -0.634246 0
    outer loop
      vertex -14.9544 17.2679 0
      vertex -15.0229 17.3514 1.6
      vertex -15.0229 17.3514 0
    endloop
  endfacet
  facet normal -0.773132 -0.634246 0
    outer loop
      vertex -15.0229 17.3514 1.6
      vertex -14.9544 17.2679 0
      vertex -14.9544 17.2679 1.6
    endloop
  endfacet
  facet normal -0.0982192 -0.995165 0
    outer loop
      vertex -16.1555 17.9099 0
      vertex -16.0481 17.8993 1.6
      vertex -16.1555 17.9099 1.6
    endloop
  endfacet
  facet normal -0.0982192 -0.995165 -0
    outer loop
      vertex -16.0481 17.8993 1.6
      vertex -16.1555 17.9099 0
      vertex -16.0481 17.8993 0
    endloop
  endfacet
  facet normal 0.227025 0.973889 -0
    outer loop
      vertex -16.5854 14.6452 0
      vertex -16.6905 14.6697 1.6
      vertex -16.5854 14.6452 1.6
    endloop
  endfacet
  facet normal 0.227025 0.973889 0
    outer loop
      vertex -16.6905 14.6697 1.6
      vertex -16.5854 14.6452 0
      vertex -16.6905 14.6697 0
    endloop
  endfacet
  facet normal 0.849297 0.527916 0
    outer loop
      vertex -17.6354 15.3468 1.6
      vertex -17.6924 15.4385 0
      vertex -17.6924 15.4385 1.6
    endloop
  endfacet
  facet normal 0.849297 0.527916 0
    outer loop
      vertex -17.6924 15.4385 0
      vertex -17.6354 15.3468 1.6
      vertex -17.6354 15.3468 0
    endloop
  endfacet
  facet normal -0.351834 -0.936063 0
    outer loop
      vertex -15.7331 17.8259 0
      vertex -15.632 17.7879 1.6
      vertex -15.7331 17.8259 1.6
    endloop
  endfacet
  facet normal -0.351834 -0.936063 -0
    outer loop
      vertex -15.632 17.7879 1.6
      vertex -15.7331 17.8259 0
      vertex -15.632 17.7879 0
    endloop
  endfacet
  facet normal -0.773132 0.634246 0
    outer loop
      vertex -15.0229 15.1755 0
      vertex -14.9544 15.259 1.6
      vertex -14.9544 15.259 0
    endloop
  endfacet
  facet normal -0.773132 0.634246 0
    outer loop
      vertex -14.9544 15.259 1.6
      vertex -15.0229 15.1755 0
      vertex -15.0229 15.1755 1.6
    endloop
  endfacet
  facet normal 0.528332 0.849038 -0
    outer loop
      vertex -17.0885 14.8345 0
      vertex -17.1801 14.8915 1.6
      vertex -17.0885 14.8345 1.6
    endloop
  endfacet
  facet normal 0.528332 0.849038 0
    outer loop
      vertex -17.1801 14.8915 1.6
      vertex -17.0885 14.8345 0
      vertex -17.1801 14.8915 0
    endloop
  endfacet
  facet normal 0.812919 0.582376 0
    outer loop
      vertex -17.5725 15.259 1.6
      vertex -17.6354 15.3468 0
      vertex -17.6354 15.3468 1.6
    endloop
  endfacet
  facet normal 0.812919 0.582376 0
    outer loop
      vertex -17.6354 15.3468 0
      vertex -17.5725 15.259 1.6
      vertex -17.5725 15.259 0
    endloop
  endfacet
  facet normal -0.881865 0.471501 0
    outer loop
      vertex -14.8345 15.4385 0
      vertex -14.7836 15.5337 1.6
      vertex -14.7836 15.5337 0
    endloop
  endfacet
  facet normal -0.881865 0.471501 0
    outer loop
      vertex -14.7836 15.5337 1.6
      vertex -14.8345 15.4385 0
      vertex -14.8345 15.4385 1.6
    endloop
  endfacet
  facet normal -0.0982192 0.995165 0
    outer loop
      vertex -16.0481 14.6276 0
      vertex -16.1555 14.617 1.6
      vertex -16.0481 14.6276 1.6
    endloop
  endfacet
  facet normal -0.0982192 0.995165 0
    outer loop
      vertex -16.1555 14.617 1.6
      vertex -16.0481 14.6276 0
      vertex -16.1555 14.617 0
    endloop
  endfacet
  facet normal 0.471117 0.882071 -0
    outer loop
      vertex -16.9932 14.7836 0
      vertex -17.0885 14.8345 1.6
      vertex -16.9932 14.7836 1.6
    endloop
  endfacet
  facet normal 0.471117 0.882071 0
    outer loop
      vertex -17.0885 14.8345 1.6
      vertex -16.9932 14.7836 0
      vertex -17.0885 14.8345 0
    endloop
  endfacet
  facet normal -0.957032 0.289982 0
    outer loop
      vertex -14.701 15.7331 0
      vertex -14.6697 15.8364 1.6
      vertex -14.6697 15.8364 0
    endloop
  endfacet
  facet normal -0.957032 0.289982 0
    outer loop
      vertex -14.6697 15.8364 1.6
      vertex -14.701 15.7331 0
      vertex -14.701 15.7331 1.6
    endloop
  endfacet
  facet normal 0.995165 0.0982192 0
    outer loop
      vertex -17.8993 16.0481 1.6
      vertex -17.9099 16.1555 0
      vertex -17.9099 16.1555 1.6
    endloop
  endfacet
  facet normal 0.995165 0.0982192 0
    outer loop
      vertex -17.9099 16.1555 0
      vertex -17.8993 16.0481 1.6
      vertex -17.8993 16.0481 0
    endloop
  endfacet
  facet normal 0.413175 -0.910652 0
    outer loop
      vertex -16.9932 17.7433 0
      vertex -16.8949 17.7879 1.6
      vertex -16.9932 17.7433 1.6
    endloop
  endfacet
  facet normal 0.413175 -0.910652 0
    outer loop
      vertex -16.8949 17.7879 1.6
      vertex -16.9932 17.7433 0
      vertex -16.8949 17.7879 0
    endloop
  endfacet
  facet normal 0.471117 -0.882071 0
    outer loop
      vertex -17.0885 17.6924 0
      vertex -16.9932 17.7433 1.6
      vertex -17.0885 17.6924 1.6
    endloop
  endfacet
  facet normal 0.471117 -0.882071 0
    outer loop
      vertex -16.9932 17.7433 1.6
      vertex -17.0885 17.6924 0
      vertex -16.9932 17.7433 0
    endloop
  endfacet
  facet normal -0.911 -0.412406 0
    outer loop
      vertex -14.7391 16.8949 0
      vertex -14.7836 16.9932 1.6
      vertex -14.7836 16.9932 0
    endloop
  endfacet
  facet normal -0.911 -0.412406 0
    outer loop
      vertex -14.7836 16.9932 1.6
      vertex -14.7391 16.8949 0
      vertex -14.7391 16.8949 1.6
    endloop
  endfacet
  facet normal 0.161997 -0.986791 0
    outer loop
      vertex -16.5854 17.8818 0
      vertex -16.4788 17.8993 1.6
      vertex -16.5854 17.8818 1.6
    endloop
  endfacet
  facet normal 0.161997 -0.986791 0
    outer loop
      vertex -16.4788 17.8993 1.6
      vertex -16.5854 17.8818 0
      vertex -16.4788 17.8993 0
    endloop
  endfacet
  facet normal 0.986767 0.162145 0
    outer loop
      vertex -17.8818 15.9416 1.6
      vertex -17.8993 16.0481 0
      vertex -17.8993 16.0481 1.6
    endloop
  endfacet
  facet normal 0.986767 0.162145 0
    outer loop
      vertex -17.8993 16.0481 0
      vertex -17.8818 15.9416 1.6
      vertex -17.8818 15.9416 0
    endloop
  endfacet
  facet normal 0.936063 -0.351834 0
    outer loop
      vertex -17.8259 16.7938 1.6
      vertex -17.7879 16.8949 0
      vertex -17.7879 16.8949 1.6
    endloop
  endfacet
  facet normal 0.936063 -0.351834 0
    outer loop
      vertex -17.7879 16.8949 0
      vertex -17.8259 16.7938 1.6
      vertex -17.8259 16.7938 0
    endloop
  endfacet
  facet normal -0.582376 0.812919 0
    outer loop
      vertex -15.259 14.9544 0
      vertex -15.3468 14.8915 1.6
      vertex -15.259 14.9544 1.6
    endloop
  endfacet
  facet normal -0.582376 0.812919 0
    outer loop
      vertex -15.3468 14.8915 1.6
      vertex -15.259 14.9544 0
      vertex -15.3468 14.8915 0
    endloop
  endfacet
  facet normal -0.995165 -0.0982192 0
    outer loop
      vertex -14.617 16.3714 0
      vertex -14.6276 16.4788 1.6
      vertex -14.6276 16.4788 0
    endloop
  endfacet
  facet normal -0.995165 -0.0982192 0
    outer loop
      vertex -14.6276 16.4788 1.6
      vertex -14.617 16.3714 0
      vertex -14.617 16.3714 1.6
    endloop
  endfacet
  facet normal -0.527916 0.849297 0
    outer loop
      vertex -15.3468 14.8915 0
      vertex -15.4385 14.8345 1.6
      vertex -15.3468 14.8915 1.6
    endloop
  endfacet
  facet normal -0.527916 0.849297 0
    outer loop
      vertex -15.4385 14.8345 1.6
      vertex -15.3468 14.8915 0
      vertex -15.4385 14.8345 0
    endloop
  endfacet
  facet normal 0.0982192 0.995165 -0
    outer loop
      vertex -16.3714 14.617 0
      vertex -16.4788 14.6276 1.6
      vertex -16.3714 14.617 1.6
    endloop
  endfacet
  facet normal 0.0982192 0.995165 0
    outer loop
      vertex -16.4788 14.6276 1.6
      vertex -16.3714 14.617 0
      vertex -16.4788 14.6276 0
    endloop
  endfacet
  facet normal -0.812919 0.582376 0
    outer loop
      vertex -14.9544 15.259 0
      vertex -14.8915 15.3468 1.6
      vertex -14.8915 15.3468 0
    endloop
  endfacet
  facet normal -0.812919 0.582376 0
    outer loop
      vertex -14.8915 15.3468 1.6
      vertex -14.9544 15.259 0
      vertex -14.9544 15.259 1.6
    endloop
  endfacet
  facet normal -0.289982 -0.957032 0
    outer loop
      vertex -15.8364 17.8572 0
      vertex -15.7331 17.8259 1.6
      vertex -15.8364 17.8572 1.6
    endloop
  endfacet
  facet normal -0.289982 -0.957032 -0
    outer loop
      vertex -15.7331 17.8259 1.6
      vertex -15.8364 17.8572 0
      vertex -15.7331 17.8259 0
    endloop
  endfacet
  facet normal 0.683571 0.729884 -0
    outer loop
      vertex -17.3514 15.0229 0
      vertex -17.4302 15.0967 1.6
      vertex -17.3514 15.0229 1.6
    endloop
  endfacet
  facet normal 0.683571 0.729884 0
    outer loop
      vertex -17.4302 15.0967 1.6
      vertex -17.3514 15.0229 0
      vertex -17.4302 15.0967 0
    endloop
  endfacet
  facet normal -0.986618 0.163047 0
    outer loop
      vertex -14.6452 15.9416 0
      vertex -14.6276 16.0481 1.6
      vertex -14.6276 16.0481 0
    endloop
  endfacet
  facet normal -0.986618 0.163047 0
    outer loop
      vertex -14.6276 16.0481 1.6
      vertex -14.6452 15.9416 0
      vertex -14.6452 15.9416 1.6
    endloop
  endfacet
  facet normal -0.986643 -0.162898 0
    outer loop
      vertex -14.6276 16.4788 0
      vertex -14.6452 16.5854 1.6
      vertex -14.6452 16.5854 0
    endloop
  endfacet
  facet normal -0.986643 -0.162898 0
    outer loop
      vertex -14.6452 16.5854 1.6
      vertex -14.6276 16.4788 0
      vertex -14.6276 16.4788 1.6
    endloop
  endfacet
  facet normal -0.995165 0.0982192 0
    outer loop
      vertex -14.6276 16.0481 0
      vertex -14.617 16.1555 1.6
      vertex -14.617 16.1555 0
    endloop
  endfacet
  facet normal -0.995165 0.0982192 0
    outer loop
      vertex -14.617 16.1555 1.6
      vertex -14.6276 16.0481 0
      vertex -14.6276 16.0481 1.6
    endloop
  endfacet
  facet normal -0.999475 0.0323904 0
    outer loop
      vertex -14.617 16.1555 0
      vertex -14.6135 16.2635 1.6
      vertex -14.6135 16.2635 0
    endloop
  endfacet
  facet normal -0.999475 0.0323904 0
    outer loop
      vertex -14.6135 16.2635 1.6
      vertex -14.617 16.1555 0
      vertex -14.617 16.1555 1.6
    endloop
  endfacet
  facet normal 0.910652 0.413175 0
    outer loop
      vertex -17.7433 15.5337 1.6
      vertex -17.7879 15.632 0
      vertex -17.7879 15.632 1.6
    endloop
  endfacet
  facet normal 0.910652 0.413175 0
    outer loop
      vertex -17.7879 15.632 0
      vertex -17.7433 15.5337 1.6
      vertex -17.7433 15.5337 0
    endloop
  endfacet
  facet normal 0.582376 0.812919 -0
    outer loop
      vertex -17.1801 14.8915 0
      vertex -17.2679 14.9544 1.6
      vertex -17.1801 14.8915 1.6
    endloop
  endfacet
  facet normal 0.582376 0.812919 0
    outer loop
      vertex -17.2679 14.9544 1.6
      vertex -17.1801 14.8915 0
      vertex -17.2679 14.9544 0
    endloop
  endfacet
  facet normal -0.973937 0.22682 0
    outer loop
      vertex -14.6697 15.8364 0
      vertex -14.6452 15.9416 1.6
      vertex -14.6452 15.9416 0
    endloop
  endfacet
  facet normal -0.973937 0.22682 0
    outer loop
      vertex -14.6452 15.9416 1.6
      vertex -14.6697 15.8364 0
      vertex -14.6697 15.8364 1.6
    endloop
  endfacet
  facet normal 0.999444 -0.0333457 0
    outer loop
      vertex -17.9135 16.2635 1.6
      vertex -17.9099 16.3714 0
      vertex -17.9099 16.3714 1.6
    endloop
  endfacet
  facet normal 0.999444 -0.0333457 0
    outer loop
      vertex -17.9099 16.3714 0
      vertex -17.9135 16.2635 1.6
      vertex -17.9135 16.2635 0
    endloop
  endfacet
  facet normal -0.849297 0.527916 0
    outer loop
      vertex -14.8915 15.3468 0
      vertex -14.8345 15.4385 1.6
      vertex -14.8345 15.4385 0
    endloop
  endfacet
  facet normal -0.849297 0.527916 0
    outer loop
      vertex -14.8345 15.4385 1.6
      vertex -14.8915 15.3468 0
      vertex -14.8915 15.3468 1.6
    endloop
  endfacet
  facet normal -0.729884 0.683571 0
    outer loop
      vertex -15.0967 15.0967 0
      vertex -15.0229 15.1755 1.6
      vertex -15.0229 15.1755 0
    endloop
  endfacet
  facet normal -0.729884 0.683571 0
    outer loop
      vertex -15.0229 15.1755 1.6
      vertex -15.0967 15.0967 0
      vertex -15.0967 15.0967 1.6
    endloop
  endfacet
  facet normal 0.0324204 0.999474 -0
    outer loop
      vertex -16.2635 14.6135 0
      vertex -16.3714 14.617 1.6
      vertex -16.2635 14.6135 1.6
    endloop
  endfacet
  facet normal 0.0324204 0.999474 0
    outer loop
      vertex -16.3714 14.617 1.6
      vertex -16.2635 14.6135 0
      vertex -16.3714 14.617 0
    endloop
  endfacet
  facet normal -0.683571 0.729884 0
    outer loop
      vertex -15.0967 15.0967 0
      vertex -15.1755 15.0229 1.6
      vertex -15.0967 15.0967 1.6
    endloop
  endfacet
  facet normal -0.683571 0.729884 0
    outer loop
      vertex -15.1755 15.0229 1.6
      vertex -15.0967 15.0967 0
      vertex -15.1755 15.0229 0
    endloop
  endfacet
  facet normal 0.582376 -0.812919 0
    outer loop
      vertex -17.2679 17.5725 0
      vertex -17.1801 17.6354 1.6
      vertex -17.2679 17.5725 1.6
    endloop
  endfacet
  facet normal 0.582376 -0.812919 0
    outer loop
      vertex -17.1801 17.6354 1.6
      vertex -17.2679 17.5725 0
      vertex -17.1801 17.6354 0
    endloop
  endfacet
  facet normal -0.471501 0.881865 0
    outer loop
      vertex -15.4385 14.8345 0
      vertex -15.5337 14.7836 1.6
      vertex -15.4385 14.8345 1.6
    endloop
  endfacet
  facet normal -0.471501 0.881865 0
    outer loop
      vertex -15.5337 14.7836 1.6
      vertex -15.4385 14.8345 0
      vertex -15.5337 14.7836 0
    endloop
  endfacet
  facet normal 0.412406 0.911 -0
    outer loop
      vertex -16.8949 14.7391 0
      vertex -16.9932 14.7836 1.6
      vertex -16.8949 14.7391 1.6
    endloop
  endfacet
  facet normal 0.412406 0.911 0
    outer loop
      vertex -16.9932 14.7836 1.6
      vertex -16.8949 14.7391 0
      vertex -16.9932 14.7836 0
    endloop
  endfacet
  facet normal -0.911 0.412406 0
    outer loop
      vertex -14.7836 15.5337 0
      vertex -14.7391 15.632 1.6
      vertex -14.7391 15.632 0
    endloop
  endfacet
  facet normal -0.911 0.412406 0
    outer loop
      vertex -14.7391 15.632 1.6
      vertex -14.7836 15.5337 0
      vertex -14.7836 15.5337 1.6
    endloop
  endfacet
  facet normal 0.0333457 -0.999444 0
    outer loop
      vertex -16.3714 17.9099 0
      vertex -16.2635 17.9135 1.6
      vertex -16.3714 17.9099 1.6
    endloop
  endfacet
  facet normal 0.0333457 -0.999444 0
    outer loop
      vertex -16.2635 17.9135 1.6
      vertex -16.3714 17.9099 0
      vertex -16.2635 17.9135 0
    endloop
  endfacet
  facet normal -0.683571 -0.729884 0
    outer loop
      vertex -15.1755 17.504 0
      vertex -15.0967 17.4302 1.6
      vertex -15.1755 17.504 1.6
    endloop
  endfacet
  facet normal -0.683571 -0.729884 -0
    outer loop
      vertex -15.0967 17.4302 1.6
      vertex -15.1755 17.504 0
      vertex -15.0967 17.4302 0
    endloop
  endfacet
  facet normal 0.910652 -0.413175 0
    outer loop
      vertex -17.7879 16.8949 1.6
      vertex -17.7433 16.9932 0
      vertex -17.7433 16.9932 1.6
    endloop
  endfacet
  facet normal 0.910652 -0.413175 0
    outer loop
      vertex -17.7433 16.9932 0
      vertex -17.7879 16.8949 1.6
      vertex -17.7879 16.8949 0
    endloop
  endfacet
  facet normal 0.0982192 -0.995165 0
    outer loop
      vertex -16.4788 17.8993 0
      vertex -16.3714 17.9099 1.6
      vertex -16.4788 17.8993 1.6
    endloop
  endfacet
  facet normal 0.0982192 -0.995165 0
    outer loop
      vertex -16.3714 17.9099 1.6
      vertex -16.4788 17.8993 0
      vertex -16.3714 17.9099 0
    endloop
  endfacet
  facet normal 0.973684 -0.227903 0
    outer loop
      vertex -17.8818 16.5854 1.6
      vertex -17.8572 16.6905 0
      vertex -17.8572 16.6905 1.6
    endloop
  endfacet
  facet normal 0.973684 -0.227903 0
    outer loop
      vertex -17.8572 16.6905 0
      vertex -17.8818 16.5854 1.6
      vertex -17.8818 16.5854 0
    endloop
  endfacet
  facet normal 0.528332 -0.849038 0
    outer loop
      vertex -17.1801 17.6354 0
      vertex -17.0885 17.6924 1.6
      vertex -17.1801 17.6354 1.6
    endloop
  endfacet
  facet normal 0.528332 -0.849038 0
    outer loop
      vertex -17.0885 17.6924 1.6
      vertex -17.1801 17.6354 0
      vertex -17.0885 17.6924 0
    endloop
  endfacet
  facet normal -0.0323904 0.999475 0
    outer loop
      vertex -16.1555 14.617 0
      vertex -16.2635 14.6135 1.6
      vertex -16.1555 14.617 1.6
    endloop
  endfacet
  facet normal -0.0323904 0.999475 0
    outer loop
      vertex -16.2635 14.6135 1.6
      vertex -16.1555 14.617 0
      vertex -16.2635 14.6135 0
    endloop
  endfacet
  facet normal -0.527916 -0.849297 0
    outer loop
      vertex -15.4385 17.6924 0
      vertex -15.3468 17.6354 1.6
      vertex -15.4385 17.6924 1.6
    endloop
  endfacet
  facet normal -0.527916 -0.849297 -0
    outer loop
      vertex -15.3468 17.6354 1.6
      vertex -15.4385 17.6924 0
      vertex -15.3468 17.6354 0
    endloop
  endfacet
  facet normal -0.22682 0.973937 0
    outer loop
      vertex -15.8364 14.6697 0
      vertex -15.9416 14.6452 1.6
      vertex -15.8364 14.6697 1.6
    endloop
  endfacet
  facet normal -0.22682 0.973937 0
    outer loop
      vertex -15.9416 14.6452 1.6
      vertex -15.8364 14.6697 0
      vertex -15.9416 14.6452 0
    endloop
  endfacet
  facet normal 0.227903 -0.973684 0
    outer loop
      vertex -16.6905 17.8572 0
      vertex -16.5854 17.8818 1.6
      vertex -16.6905 17.8572 1.6
    endloop
  endfacet
  facet normal 0.227903 -0.973684 0
    outer loop
      vertex -16.5854 17.8818 1.6
      vertex -16.6905 17.8572 0
      vertex -16.5854 17.8818 0
    endloop
  endfacet
  facet normal -0.412406 0.911 0
    outer loop
      vertex -15.5337 14.7836 0
      vertex -15.632 14.7391 1.6
      vertex -15.5337 14.7836 1.6
    endloop
  endfacet
  facet normal -0.412406 0.911 0
    outer loop
      vertex -15.632 14.7391 1.6
      vertex -15.5337 14.7836 0
      vertex -15.632 14.7391 0
    endloop
  endfacet
  facet normal 0.162898 0.986643 -0
    outer loop
      vertex -16.4788 14.6276 0
      vertex -16.5854 14.6452 1.6
      vertex -16.4788 14.6276 1.6
    endloop
  endfacet
  facet normal 0.162898 0.986643 0
    outer loop
      vertex -16.5854 14.6452 1.6
      vertex -16.4788 14.6276 0
      vertex -16.5854 14.6452 0
    endloop
  endfacet
  facet normal -0.352644 0.935757 0
    outer loop
      vertex -15.632 14.7391 0
      vertex -15.7331 14.701 1.6
      vertex -15.632 14.7391 1.6
    endloop
  endfacet
  facet normal -0.352644 0.935757 0
    outer loop
      vertex -15.7331 14.701 1.6
      vertex -15.632 14.7391 0
      vertex -15.7331 14.701 0
    endloop
  endfacet
  facet normal -0.0333148 -0.999445 0
    outer loop
      vertex -16.2635 17.9135 0
      vertex -16.1555 17.9099 1.6
      vertex -16.2635 17.9135 1.6
    endloop
  endfacet
  facet normal -0.0333148 -0.999445 -0
    outer loop
      vertex -16.1555 17.9099 1.6
      vertex -16.2635 17.9135 0
      vertex -16.1555 17.9099 0
    endloop
  endfacet
  facet normal -0.935757 0.352644 0
    outer loop
      vertex -14.7391 15.632 0
      vertex -14.701 15.7331 1.6
      vertex -14.701 15.7331 0
    endloop
  endfacet
  facet normal -0.935757 0.352644 0
    outer loop
      vertex -14.701 15.7331 1.6
      vertex -14.7391 15.632 0
      vertex -14.7391 15.632 1.6
    endloop
  endfacet
  facet normal -0.729884 -0.683571 0
    outer loop
      vertex -15.0229 17.3514 0
      vertex -15.0967 17.4302 1.6
      vertex -15.0967 17.4302 0
    endloop
  endfacet
  facet normal -0.729884 -0.683571 0
    outer loop
      vertex -15.0967 17.4302 1.6
      vertex -15.0229 17.3514 0
      vertex -15.0229 17.3514 1.6
    endloop
  endfacet
  facet normal -0.471501 -0.881865 0
    outer loop
      vertex -15.5337 17.7433 0
      vertex -15.4385 17.6924 1.6
      vertex -15.5337 17.7433 1.6
    endloop
  endfacet
  facet normal -0.471501 -0.881865 -0
    outer loop
      vertex -15.4385 17.6924 1.6
      vertex -15.5337 17.7433 0
      vertex -15.4385 17.6924 0
    endloop
  endfacet
  facet normal -0.162145 -0.986767 0
    outer loop
      vertex -16.0481 17.8993 0
      vertex -15.9416 17.8818 1.6
      vertex -16.0481 17.8993 1.6
    endloop
  endfacet
  facet normal -0.162145 -0.986767 -0
    outer loop
      vertex -15.9416 17.8818 1.6
      vertex -16.0481 17.8993 0
      vertex -15.9416 17.8818 0
    endloop
  endfacet
  facet normal -0.227698 -0.973732 0
    outer loop
      vertex -15.9416 17.8818 0
      vertex -15.8364 17.8572 1.6
      vertex -15.9416 17.8818 1.6
    endloop
  endfacet
  facet normal -0.227698 -0.973732 -0
    outer loop
      vertex -15.8364 17.8572 1.6
      vertex -15.9416 17.8818 0
      vertex -15.8364 17.8572 0
    endloop
  endfacet
  facet normal 0.881865 0.471501 0
    outer loop
      vertex -17.6924 15.4385 1.6
      vertex -17.7433 15.5337 0
      vertex -17.7433 15.5337 1.6
    endloop
  endfacet
  facet normal 0.881865 0.471501 0
    outer loop
      vertex -17.7433 15.5337 0
      vertex -17.6924 15.4385 1.6
      vertex -17.6924 15.4385 0
    endloop
  endfacet
  facet normal -0.999474 -0.0324204 0
    outer loop
      vertex -14.6135 16.2635 0
      vertex -14.617 16.3714 1.6
      vertex -14.617 16.3714 0
    endloop
  endfacet
  facet normal -0.999474 -0.0324204 0
    outer loop
      vertex -14.617 16.3714 1.6
      vertex -14.6135 16.2635 0
      vertex -14.6135 16.2635 1.6
    endloop
  endfacet
  facet normal -0.163047 0.986618 0
    outer loop
      vertex -15.9416 14.6452 0
      vertex -16.0481 14.6276 1.6
      vertex -15.9416 14.6452 1.6
    endloop
  endfacet
  facet normal -0.163047 0.986618 0
    outer loop
      vertex -16.0481 14.6276 1.6
      vertex -15.9416 14.6452 0
      vertex -16.0481 14.6276 0
    endloop
  endfacet
  facet normal 0.995165 -0.0982192 0
    outer loop
      vertex -17.9099 16.3714 1.6
      vertex -17.8993 16.4788 0
      vertex -17.8993 16.4788 1.6
    endloop
  endfacet
  facet normal 0.995165 -0.0982192 0
    outer loop
      vertex -17.8993 16.4788 0
      vertex -17.9099 16.3714 1.6
      vertex -17.9099 16.3714 0
    endloop
  endfacet
  facet normal -0.973889 -0.227025 0
    outer loop
      vertex -14.6452 16.5854 0
      vertex -14.6697 16.6905 1.6
      vertex -14.6697 16.6905 0
    endloop
  endfacet
  facet normal -0.973889 -0.227025 0
    outer loop
      vertex -14.6697 16.6905 1.6
      vertex -14.6452 16.5854 0
      vertex -14.6452 16.5854 1.6
    endloop
  endfacet
  facet normal -0.882071 -0.471117 0
    outer loop
      vertex -14.7836 16.9932 0
      vertex -14.8345 17.0885 1.6
      vertex -14.8345 17.0885 0
    endloop
  endfacet
  facet normal -0.882071 -0.471117 0
    outer loop
      vertex -14.8345 17.0885 1.6
      vertex -14.7836 16.9932 0
      vertex -14.7836 16.9932 1.6
    endloop
  endfacet
  facet normal -0.289982 0.957032 0
    outer loop
      vertex -15.7331 14.701 0
      vertex -15.8364 14.6697 1.6
      vertex -15.7331 14.701 1.6
    endloop
  endfacet
  facet normal -0.289982 0.957032 0
    outer loop
      vertex -15.8364 14.6697 1.6
      vertex -15.7331 14.701 0
      vertex -15.8364 14.6697 0
    endloop
  endfacet
  facet normal -0.935757 -0.352644 0
    outer loop
      vertex -14.701 16.7938 0
      vertex -14.7391 16.8949 1.6
      vertex -14.7391 16.8949 0
    endloop
  endfacet
  facet normal -0.935757 -0.352644 0
    outer loop
      vertex -14.7391 16.8949 1.6
      vertex -14.701 16.7938 0
      vertex -14.701 16.7938 1.6
    endloop
  endfacet
  facet normal 0.582376 -0.812919 0
    outer loop
      vertex -17.2679 -14.9544 0
      vertex -17.1801 -14.8915 1.6
      vertex -17.2679 -14.9544 1.6
    endloop
  endfacet
  facet normal 0.582376 -0.812919 0
    outer loop
      vertex -17.1801 -14.8915 1.6
      vertex -17.2679 -14.9544 0
      vertex -17.1801 -14.8915 0
    endloop
  endfacet
  facet normal 0.582376 0.812919 -0
    outer loop
      vertex -17.1801 -17.6354 0
      vertex -17.2679 -17.5725 1.6
      vertex -17.1801 -17.6354 1.6
    endloop
  endfacet
  facet normal 0.582376 0.812919 0
    outer loop
      vertex -17.2679 -17.5725 1.6
      vertex -17.1801 -17.6354 0
      vertex -17.2679 -17.5725 0
    endloop
  endfacet
  facet normal 0.773132 -0.634246 0
    outer loop
      vertex -17.5725 -15.259 1.6
      vertex -17.504 -15.1755 0
      vertex -17.504 -15.1755 1.6
    endloop
  endfacet
  facet normal 0.773132 -0.634246 0
    outer loop
      vertex -17.504 -15.1755 0
      vertex -17.5725 -15.259 1.6
      vertex -17.5725 -15.259 0
    endloop
  endfacet
  facet normal -0.986618 -0.163047 0
    outer loop
      vertex -14.6276 -16.0481 0
      vertex -14.6452 -15.9416 1.6
      vertex -14.6452 -15.9416 0
    endloop
  endfacet
  facet normal -0.986618 -0.163047 0
    outer loop
      vertex -14.6452 -15.9416 1.6
      vertex -14.6276 -16.0481 0
      vertex -14.6276 -16.0481 1.6
    endloop
  endfacet
  facet normal 0.812919 -0.582376 0
    outer loop
      vertex -17.6354 -15.3468 1.6
      vertex -17.5725 -15.259 0
      vertex -17.5725 -15.259 1.6
    endloop
  endfacet
  facet normal 0.812919 -0.582376 0
    outer loop
      vertex -17.5725 -15.259 0
      vertex -17.6354 -15.3468 1.6
      vertex -17.6354 -15.3468 0
    endloop
  endfacet
  facet normal -0.634246 0.773132 0
    outer loop
      vertex -15.1755 -17.504 0
      vertex -15.259 -17.5725 1.6
      vertex -15.1755 -17.504 1.6
    endloop
  endfacet
  facet normal -0.634246 0.773132 0
    outer loop
      vertex -15.259 -17.5725 1.6
      vertex -15.1755 -17.504 0
      vertex -15.259 -17.5725 0
    endloop
  endfacet
  facet normal -0.0333148 0.999445 0
    outer loop
      vertex -16.1555 -17.9099 0
      vertex -16.2635 -17.9135 1.6
      vertex -16.1555 -17.9099 1.6
    endloop
  endfacet
  facet normal -0.0333148 0.999445 0
    outer loop
      vertex -16.2635 -17.9135 1.6
      vertex -16.1555 -17.9099 0
      vertex -16.2635 -17.9135 0
    endloop
  endfacet
  facet normal -0.351834 0.936063 0
    outer loop
      vertex -15.632 -17.7879 0
      vertex -15.7331 -17.8259 1.6
      vertex -15.632 -17.7879 1.6
    endloop
  endfacet
  facet normal -0.351834 0.936063 0
    outer loop
      vertex -15.7331 -17.8259 1.6
      vertex -15.632 -17.7879 0
      vertex -15.7331 -17.8259 0
    endloop
  endfacet
  facet normal 0.683571 0.729884 -0
    outer loop
      vertex -17.3514 -17.504 0
      vertex -17.4302 -17.4302 1.6
      vertex -17.3514 -17.504 1.6
    endloop
  endfacet
  facet normal 0.683571 0.729884 0
    outer loop
      vertex -17.4302 -17.4302 1.6
      vertex -17.3514 -17.504 0
      vertex -17.4302 -17.4302 0
    endloop
  endfacet
  facet normal -0.881865 -0.471501 0
    outer loop
      vertex -14.7836 -15.5337 0
      vertex -14.8345 -15.4385 1.6
      vertex -14.8345 -15.4385 0
    endloop
  endfacet
  facet normal -0.881865 -0.471501 0
    outer loop
      vertex -14.8345 -15.4385 1.6
      vertex -14.7836 -15.5337 0
      vertex -14.7836 -15.5337 1.6
    endloop
  endfacet
  facet normal 0.729884 0.683571 0
    outer loop
      vertex -17.4302 -17.4302 1.6
      vertex -17.504 -17.3514 0
      vertex -17.504 -17.3514 1.6
    endloop
  endfacet
  facet normal 0.729884 0.683571 0
    outer loop
      vertex -17.504 -17.3514 0
      vertex -17.4302 -17.4302 1.6
      vertex -17.4302 -17.4302 0
    endloop
  endfacet
  facet normal 0.161997 0.986791 -0
    outer loop
      vertex -16.4788 -17.8993 0
      vertex -16.5854 -17.8818 1.6
      vertex -16.4788 -17.8993 1.6
    endloop
  endfacet
  facet normal 0.161997 0.986791 0
    outer loop
      vertex -16.5854 -17.8818 1.6
      vertex -16.4788 -17.8993 0
      vertex -16.5854 -17.8818 0
    endloop
  endfacet
  facet normal 0.528332 -0.849038 0
    outer loop
      vertex -17.1801 -14.8915 0
      vertex -17.0885 -14.8345 1.6
      vertex -17.1801 -14.8915 1.6
    endloop
  endfacet
  facet normal 0.528332 -0.849038 0
    outer loop
      vertex -17.0885 -14.8345 1.6
      vertex -17.1801 -14.8915 0
      vertex -17.0885 -14.8345 0
    endloop
  endfacet
  facet normal 0.528332 0.849038 -0
    outer loop
      vertex -17.0885 -17.6924 0
      vertex -17.1801 -17.6354 1.6
      vertex -17.0885 -17.6924 1.6
    endloop
  endfacet
  facet normal 0.528332 0.849038 0
    outer loop
      vertex -17.1801 -17.6354 1.6
      vertex -17.0885 -17.6924 0
      vertex -17.1801 -17.6354 0
    endloop
  endfacet
  facet normal 0.289982 0.957032 -0
    outer loop
      vertex -16.6905 -17.8572 0
      vertex -16.7938 -17.8259 1.6
      vertex -16.6905 -17.8572 1.6
    endloop
  endfacet
  facet normal 0.289982 0.957032 0
    outer loop
      vertex -16.7938 -17.8259 1.6
      vertex -16.6905 -17.8572 0
      vertex -16.7938 -17.8259 0
    endloop
  endfacet
  facet normal 0.471117 0.882071 -0
    outer loop
      vertex -16.9932 -17.7433 0
      vertex -17.0885 -17.6924 1.6
      vertex -16.9932 -17.7433 1.6
    endloop
  endfacet
  facet normal 0.471117 0.882071 0
    outer loop
      vertex -17.0885 -17.6924 1.6
      vertex -16.9932 -17.7433 0
      vertex -17.0885 -17.6924 0
    endloop
  endfacet
  facet normal -0.683571 0.729884 0
    outer loop
      vertex -15.0967 -17.4302 0
      vertex -15.1755 -17.504 1.6
      vertex -15.0967 -17.4302 1.6
    endloop
  endfacet
  facet normal -0.683571 0.729884 0
    outer loop
      vertex -15.1755 -17.504 1.6
      vertex -15.0967 -17.4302 0
      vertex -15.1755 -17.504 0
    endloop
  endfacet
  facet normal -0.289982 0.957032 0
    outer loop
      vertex -15.7331 -17.8259 0
      vertex -15.8364 -17.8572 1.6
      vertex -15.7331 -17.8259 1.6
    endloop
  endfacet
  facet normal -0.289982 0.957032 0
    outer loop
      vertex -15.8364 -17.8572 1.6
      vertex -15.7331 -17.8259 0
      vertex -15.8364 -17.8572 0
    endloop
  endfacet
  facet normal 0.413175 0.910652 -0
    outer loop
      vertex -16.8949 -17.7879 0
      vertex -16.9932 -17.7433 1.6
      vertex -16.8949 -17.7879 1.6
    endloop
  endfacet
  facet normal 0.413175 0.910652 0
    outer loop
      vertex -16.9932 -17.7433 1.6
      vertex -16.8949 -17.7879 0
      vertex -16.9932 -17.7433 0
    endloop
  endfacet
  facet normal -0.527916 -0.849297 0
    outer loop
      vertex -15.4385 -14.8345 0
      vertex -15.3468 -14.8915 1.6
      vertex -15.4385 -14.8345 1.6
    endloop
  endfacet
  facet normal -0.527916 -0.849297 -0
    outer loop
      vertex -15.3468 -14.8915 1.6
      vertex -15.4385 -14.8345 0
      vertex -15.3468 -14.8915 0
    endloop
  endfacet
  facet normal 0.910652 -0.413175 0
    outer loop
      vertex -17.7879 -15.632 1.6
      vertex -17.7433 -15.5337 0
      vertex -17.7433 -15.5337 1.6
    endloop
  endfacet
  facet normal 0.910652 -0.413175 0
    outer loop
      vertex -17.7433 -15.5337 0
      vertex -17.7879 -15.632 1.6
      vertex -17.7879 -15.632 0
    endloop
  endfacet
  facet normal -0.773132 0.634246 0
    outer loop
      vertex -15.0229 -17.3514 0
      vertex -14.9544 -17.2679 1.6
      vertex -14.9544 -17.2679 0
    endloop
  endfacet
  facet normal -0.773132 0.634246 0
    outer loop
      vertex -14.9544 -17.2679 1.6
      vertex -15.0229 -17.3514 0
      vertex -15.0229 -17.3514 1.6
    endloop
  endfacet
  facet normal 0.289982 -0.957032 0
    outer loop
      vertex -16.7938 -14.701 0
      vertex -16.6905 -14.6697 1.6
      vertex -16.7938 -14.701 1.6
    endloop
  endfacet
  facet normal 0.289982 -0.957032 0
    outer loop
      vertex -16.6905 -14.6697 1.6
      vertex -16.7938 -14.701 0
      vertex -16.6905 -14.6697 0
    endloop
  endfacet
  facet normal -0.957032 0.289982 0
    outer loop
      vertex -14.701 -16.7938 0
      vertex -14.6697 -16.6905 1.6
      vertex -14.6697 -16.6905 0
    endloop
  endfacet
  facet normal -0.957032 0.289982 0
    outer loop
      vertex -14.6697 -16.6905 1.6
      vertex -14.701 -16.7938 0
      vertex -14.701 -16.7938 1.6
    endloop
  endfacet
  facet normal -0.935757 0.352644 0
    outer loop
      vertex -14.7391 -16.8949 0
      vertex -14.701 -16.7938 1.6
      vertex -14.701 -16.7938 0
    endloop
  endfacet
  facet normal -0.935757 0.352644 0
    outer loop
      vertex -14.701 -16.7938 1.6
      vertex -14.7391 -16.8949 0
      vertex -14.7391 -16.8949 1.6
    endloop
  endfacet
  facet normal 0.634246 -0.773132 0
    outer loop
      vertex -17.3514 -15.0229 0
      vertex -17.2679 -14.9544 1.6
      vertex -17.3514 -15.0229 1.6
    endloop
  endfacet
  facet normal 0.634246 -0.773132 0
    outer loop
      vertex -17.2679 -14.9544 1.6
      vertex -17.3514 -15.0229 0
      vertex -17.2679 -14.9544 0
    endloop
  endfacet
  facet normal 0.995165 -0.0982192 0
    outer loop
      vertex -17.9099 -16.1555 1.6
      vertex -17.8993 -16.0481 0
      vertex -17.8993 -16.0481 1.6
    endloop
  endfacet
  facet normal 0.995165 -0.0982192 0
    outer loop
      vertex -17.8993 -16.0481 0
      vertex -17.9099 -16.1555 1.6
      vertex -17.9099 -16.1555 0
    endloop
  endfacet
  facet normal -0.973889 0.227025 0
    outer loop
      vertex -14.6697 -16.6905 0
      vertex -14.6452 -16.5854 1.6
      vertex -14.6452 -16.5854 0
    endloop
  endfacet
  facet normal -0.973889 0.227025 0
    outer loop
      vertex -14.6452 -16.5854 1.6
      vertex -14.6697 -16.6905 0
      vertex -14.6697 -16.6905 1.6
    endloop
  endfacet
  facet normal 0.999444 0.0333457 0
    outer loop
      vertex -17.9099 -16.3714 1.6
      vertex -17.9135 -16.2635 0
      vertex -17.9135 -16.2635 1.6
    endloop
  endfacet
  facet normal 0.999444 0.0333457 0
    outer loop
      vertex -17.9135 -16.2635 0
      vertex -17.9099 -16.3714 1.6
      vertex -17.9099 -16.3714 0
    endloop
  endfacet
  facet normal -0.973937 -0.22682 0
    outer loop
      vertex -14.6452 -15.9416 0
      vertex -14.6697 -15.8364 1.6
      vertex -14.6697 -15.8364 0
    endloop
  endfacet
  facet normal -0.973937 -0.22682 0
    outer loop
      vertex -14.6697 -15.8364 1.6
      vertex -14.6452 -15.9416 0
      vertex -14.6452 -15.9416 1.6
    endloop
  endfacet
  facet normal -0.527916 0.849297 0
    outer loop
      vertex -15.3468 -17.6354 0
      vertex -15.4385 -17.6924 1.6
      vertex -15.3468 -17.6354 1.6
    endloop
  endfacet
  facet normal -0.527916 0.849297 0
    outer loop
      vertex -15.4385 -17.6924 1.6
      vertex -15.3468 -17.6354 0
      vertex -15.4385 -17.6924 0
    endloop
  endfacet
  facet normal 0.936063 -0.351834 0
    outer loop
      vertex -17.8259 -15.7331 1.6
      vertex -17.7879 -15.632 0
      vertex -17.7879 -15.632 1.6
    endloop
  endfacet
  facet normal 0.936063 -0.351834 0
    outer loop
      vertex -17.7879 -15.632 0
      vertex -17.8259 -15.7331 1.6
      vertex -17.8259 -15.7331 0
    endloop
  endfacet
  facet normal -0.634246 -0.773132 0
    outer loop
      vertex -15.259 -14.9544 0
      vertex -15.1755 -15.0229 1.6
      vertex -15.259 -14.9544 1.6
    endloop
  endfacet
  facet normal -0.634246 -0.773132 -0
    outer loop
      vertex -15.1755 -15.0229 1.6
      vertex -15.259 -14.9544 0
      vertex -15.1755 -15.0229 0
    endloop
  endfacet
  facet normal -0.582376 0.812919 0
    outer loop
      vertex -15.259 -17.5725 0
      vertex -15.3468 -17.6354 1.6
      vertex -15.259 -17.5725 1.6
    endloop
  endfacet
  facet normal -0.582376 0.812919 0
    outer loop
      vertex -15.3468 -17.6354 1.6
      vertex -15.259 -17.5725 0
      vertex -15.3468 -17.6354 0
    endloop
  endfacet
  facet normal -0.471501 -0.881865 0
    outer loop
      vertex -15.5337 -14.7836 0
      vertex -15.4385 -14.8345 1.6
      vertex -15.5337 -14.7836 1.6
    endloop
  endfacet
  facet normal -0.471501 -0.881865 -0
    outer loop
      vertex -15.4385 -14.8345 1.6
      vertex -15.5337 -14.7836 0
      vertex -15.4385 -14.8345 0
    endloop
  endfacet
  facet normal -0.995165 -0.0982192 0
    outer loop
      vertex -14.617 -16.1555 0
      vertex -14.6276 -16.0481 1.6
      vertex -14.6276 -16.0481 0
    endloop
  endfacet
  facet normal -0.995165 -0.0982192 0
    outer loop
      vertex -14.6276 -16.0481 1.6
      vertex -14.617 -16.1555 0
      vertex -14.617 -16.1555 1.6
    endloop
  endfacet
  facet normal -0.882071 0.471117 0
    outer loop
      vertex -14.8345 -17.0885 0
      vertex -14.7836 -16.9932 1.6
      vertex -14.7836 -16.9932 0
    endloop
  endfacet
  facet normal -0.882071 0.471117 0
    outer loop
      vertex -14.7836 -16.9932 1.6
      vertex -14.8345 -17.0885 0
      vertex -14.8345 -17.0885 1.6
    endloop
  endfacet
  facet normal -0.0982192 0.995165 0
    outer loop
      vertex -16.0481 -17.8993 0
      vertex -16.1555 -17.9099 1.6
      vertex -16.0481 -17.8993 1.6
    endloop
  endfacet
  facet normal -0.0982192 0.995165 0
    outer loop
      vertex -16.1555 -17.9099 1.6
      vertex -16.0481 -17.8993 0
      vertex -16.1555 -17.9099 0
    endloop
  endfacet
  facet normal 0.882071 0.471117 0
    outer loop
      vertex -17.6924 -17.0885 1.6
      vertex -17.7433 -16.9932 0
      vertex -17.7433 -16.9932 1.6
    endloop
  endfacet
  facet normal 0.882071 0.471117 0
    outer loop
      vertex -17.7433 -16.9932 0
      vertex -17.6924 -17.0885 1.6
      vertex -17.6924 -17.0885 0
    endloop
  endfacet
  facet normal 0.412406 -0.911 0
    outer loop
      vertex -16.9932 -14.7836 0
      vertex -16.8949 -14.7391 1.6
      vertex -16.9932 -14.7836 1.6
    endloop
  endfacet
  facet normal 0.412406 -0.911 0
    outer loop
      vertex -16.8949 -14.7391 1.6
      vertex -16.9932 -14.7836 0
      vertex -16.8949 -14.7391 0
    endloop
  endfacet
  facet normal -0.773132 -0.634246 0
    outer loop
      vertex -14.9544 -15.259 0
      vertex -15.0229 -15.1755 1.6
      vertex -15.0229 -15.1755 0
    endloop
  endfacet
  facet normal -0.773132 -0.634246 0
    outer loop
      vertex -15.0229 -15.1755 1.6
      vertex -14.9544 -15.259 0
      vertex -14.9544 -15.259 1.6
    endloop
  endfacet
  facet normal 0.986791 0.161997 0
    outer loop
      vertex -17.8818 -16.5854 1.6
      vertex -17.8993 -16.4788 0
      vertex -17.8993 -16.4788 1.6
    endloop
  endfacet
  facet normal 0.986791 0.161997 0
    outer loop
      vertex -17.8993 -16.4788 0
      vertex -17.8818 -16.5854 1.6
      vertex -17.8818 -16.5854 0
    endloop
  endfacet
  facet normal -0.162145 0.986767 0
    outer loop
      vertex -15.9416 -17.8818 0
      vertex -16.0481 -17.8993 1.6
      vertex -15.9416 -17.8818 1.6
    endloop
  endfacet
  facet normal -0.162145 0.986767 0
    outer loop
      vertex -16.0481 -17.8993 1.6
      vertex -15.9416 -17.8818 0
      vertex -16.0481 -17.8993 0
    endloop
  endfacet
  facet normal 0.351834 0.936063 -0
    outer loop
      vertex -16.7938 -17.8259 0
      vertex -16.8949 -17.7879 1.6
      vertex -16.7938 -17.8259 1.6
    endloop
  endfacet
  facet normal 0.351834 0.936063 0
    outer loop
      vertex -16.8949 -17.7879 1.6
      vertex -16.7938 -17.8259 0
      vertex -16.8949 -17.7879 0
    endloop
  endfacet
  facet normal -0.812919 -0.582376 0
    outer loop
      vertex -14.8915 -15.3468 0
      vertex -14.9544 -15.259 1.6
      vertex -14.9544 -15.259 0
    endloop
  endfacet
  facet normal -0.812919 -0.582376 0
    outer loop
      vertex -14.9544 -15.259 1.6
      vertex -14.8915 -15.3468 0
      vertex -14.8915 -15.3468 1.6
    endloop
  endfacet
  facet normal 0.0982192 -0.995165 0
    outer loop
      vertex -16.4788 -14.6276 0
      vertex -16.3714 -14.617 1.6
      vertex -16.4788 -14.6276 1.6
    endloop
  endfacet
  facet normal 0.0982192 -0.995165 0
    outer loop
      vertex -16.3714 -14.617 1.6
      vertex -16.4788 -14.6276 0
      vertex -16.3714 -14.617 0
    endloop
  endfacet
  facet normal -0.849297 -0.527916 0
    outer loop
      vertex -14.8345 -15.4385 0
      vertex -14.8915 -15.3468 1.6
      vertex -14.8915 -15.3468 0
    endloop
  endfacet
  facet normal -0.849297 -0.527916 0
    outer loop
      vertex -14.8915 -15.3468 1.6
      vertex -14.8345 -15.4385 0
      vertex -14.8345 -15.4385 1.6
    endloop
  endfacet
  facet normal -0.995165 0.0982192 0
    outer loop
      vertex -14.6276 -16.4788 0
      vertex -14.617 -16.3714 1.6
      vertex -14.617 -16.3714 0
    endloop
  endfacet
  facet normal -0.995165 0.0982192 0
    outer loop
      vertex -14.617 -16.3714 1.6
      vertex -14.6276 -16.4788 0
      vertex -14.6276 -16.4788 1.6
    endloop
  endfacet
  facet normal 0.773132 0.634246 0
    outer loop
      vertex -17.504 -17.3514 1.6
      vertex -17.5725 -17.2679 0
      vertex -17.5725 -17.2679 1.6
    endloop
  endfacet
  facet normal 0.773132 0.634246 0
    outer loop
      vertex -17.5725 -17.2679 0
      vertex -17.504 -17.3514 1.6
      vertex -17.504 -17.3514 0
    endloop
  endfacet
  facet normal 0.957032 -0.289982 0
    outer loop
      vertex -17.8572 -15.8364 1.6
      vertex -17.8259 -15.7331 0
      vertex -17.8259 -15.7331 1.6
    endloop
  endfacet
  facet normal 0.957032 -0.289982 0
    outer loop
      vertex -17.8259 -15.7331 0
      vertex -17.8572 -15.8364 1.6
      vertex -17.8572 -15.8364 0
    endloop
  endfacet
  facet normal -0.729884 0.683571 0
    outer loop
      vertex -15.0967 -17.4302 0
      vertex -15.0229 -17.3514 1.6
      vertex -15.0229 -17.3514 0
    endloop
  endfacet
  facet normal -0.729884 0.683571 0
    outer loop
      vertex -15.0229 -17.3514 1.6
      vertex -15.0967 -17.4302 0
      vertex -15.0967 -17.4302 1.6
    endloop
  endfacet
  facet normal -0.163047 -0.986618 0
    outer loop
      vertex -16.0481 -14.6276 0
      vertex -15.9416 -14.6452 1.6
      vertex -16.0481 -14.6276 1.6
    endloop
  endfacet
  facet normal -0.163047 -0.986618 -0
    outer loop
      vertex -15.9416 -14.6452 1.6
      vertex -16.0481 -14.6276 0
      vertex -15.9416 -14.6452 0
    endloop
  endfacet
  facet normal 0.162898 -0.986643 0
    outer loop
      vertex -16.5854 -14.6452 0
      vertex -16.4788 -14.6276 1.6
      vertex -16.5854 -14.6452 1.6
    endloop
  endfacet
  facet normal 0.162898 -0.986643 0
    outer loop
      vertex -16.4788 -14.6276 1.6
      vertex -16.5854 -14.6452 0
      vertex -16.4788 -14.6276 0
    endloop
  endfacet
  facet normal 0.634246 0.773132 -0
    outer loop
      vertex -17.2679 -17.5725 0
      vertex -17.3514 -17.504 1.6
      vertex -17.2679 -17.5725 1.6
    endloop
  endfacet
  facet normal 0.634246 0.773132 0
    outer loop
      vertex -17.3514 -17.504 1.6
      vertex -17.2679 -17.5725 0
      vertex -17.3514 -17.504 0
    endloop
  endfacet
  facet normal -0.0982192 -0.995165 0
    outer loop
      vertex -16.1555 -14.617 0
      vertex -16.0481 -14.6276 1.6
      vertex -16.1555 -14.617 1.6
    endloop
  endfacet
  facet normal -0.0982192 -0.995165 -0
    outer loop
      vertex -16.0481 -14.6276 1.6
      vertex -16.1555 -14.617 0
      vertex -16.0481 -14.6276 0
    endloop
  endfacet
  facet normal -0.413175 0.910652 0
    outer loop
      vertex -15.5337 -17.7433 0
      vertex -15.632 -17.7879 1.6
      vertex -15.5337 -17.7433 1.6
    endloop
  endfacet
  facet normal -0.413175 0.910652 0
    outer loop
      vertex -15.632 -17.7879 1.6
      vertex -15.5337 -17.7433 0
      vertex -15.632 -17.7879 0
    endloop
  endfacet
  facet normal -0.812919 0.582376 0
    outer loop
      vertex -14.9544 -17.2679 0
      vertex -14.8915 -17.1801 1.6
      vertex -14.8915 -17.1801 0
    endloop
  endfacet
  facet normal -0.812919 0.582376 0
    outer loop
      vertex -14.8915 -17.1801 1.6
      vertex -14.9544 -17.2679 0
      vertex -14.9544 -17.2679 1.6
    endloop
  endfacet
  facet normal -0.22682 -0.973937 0
    outer loop
      vertex -15.9416 -14.6452 0
      vertex -15.8364 -14.6697 1.6
      vertex -15.9416 -14.6452 1.6
    endloop
  endfacet
  facet normal -0.22682 -0.973937 -0
    outer loop
      vertex -15.8364 -14.6697 1.6
      vertex -15.9416 -14.6452 0
      vertex -15.8364 -14.6697 0
    endloop
  endfacet
  facet normal -0.582376 -0.812919 0
    outer loop
      vertex -15.3468 -14.8915 0
      vertex -15.259 -14.9544 1.6
      vertex -15.3468 -14.8915 1.6
    endloop
  endfacet
  facet normal -0.582376 -0.812919 -0
    outer loop
      vertex -15.259 -14.9544 1.6
      vertex -15.3468 -14.8915 0
      vertex -15.259 -14.9544 0
    endloop
  endfacet
  facet normal -0.683571 -0.729884 0
    outer loop
      vertex -15.1755 -15.0229 0
      vertex -15.0967 -15.0967 1.6
      vertex -15.1755 -15.0229 1.6
    endloop
  endfacet
  facet normal -0.683571 -0.729884 -0
    outer loop
      vertex -15.0967 -15.0967 1.6
      vertex -15.1755 -15.0229 0
      vertex -15.0967 -15.0967 0
    endloop
  endfacet
  facet normal -0.999474 0.0324204 0
    outer loop
      vertex -14.617 -16.3714 0
      vertex -14.6135 -16.2635 1.6
      vertex -14.6135 -16.2635 0
    endloop
  endfacet
  facet normal -0.999474 0.0324204 0
    outer loop
      vertex -14.6135 -16.2635 1.6
      vertex -14.617 -16.3714 0
      vertex -14.617 -16.3714 1.6
    endloop
  endfacet
  facet normal -0.849038 0.528332 0
    outer loop
      vertex -14.8915 -17.1801 0
      vertex -14.8345 -17.0885 1.6
      vertex -14.8345 -17.0885 0
    endloop
  endfacet
  facet normal -0.849038 0.528332 0
    outer loop
      vertex -14.8345 -17.0885 1.6
      vertex -14.8915 -17.1801 0
      vertex -14.8915 -17.1801 1.6
    endloop
  endfacet
  facet normal -0.729884 -0.683571 0
    outer loop
      vertex -15.0229 -15.1755 0
      vertex -15.0967 -15.0967 1.6
      vertex -15.0967 -15.0967 0
    endloop
  endfacet
  facet normal -0.729884 -0.683571 0
    outer loop
      vertex -15.0967 -15.0967 1.6
      vertex -15.0229 -15.1755 0
      vertex -15.0229 -15.1755 1.6
    endloop
  endfacet
  facet normal 0.812919 0.582376 0
    outer loop
      vertex -17.5725 -17.2679 1.6
      vertex -17.6354 -17.1801 0
      vertex -17.6354 -17.1801 1.6
    endloop
  endfacet
  facet normal 0.812919 0.582376 0
    outer loop
      vertex -17.6354 -17.1801 0
      vertex -17.5725 -17.2679 1.6
      vertex -17.5725 -17.2679 0
    endloop
  endfacet
  facet normal -0.911 0.412406 0
    outer loop
      vertex -14.7836 -16.9932 0
      vertex -14.7391 -16.8949 1.6
      vertex -14.7391 -16.8949 0
    endloop
  endfacet
  facet normal -0.911 0.412406 0
    outer loop
      vertex -14.7391 -16.8949 1.6
      vertex -14.7836 -16.9932 0
      vertex -14.7836 -16.9932 1.6
    endloop
  endfacet
  facet normal -0.412406 -0.911 0
    outer loop
      vertex -15.632 -14.7391 0
      vertex -15.5337 -14.7836 1.6
      vertex -15.632 -14.7391 1.6
    endloop
  endfacet
  facet normal -0.412406 -0.911 -0
    outer loop
      vertex -15.5337 -14.7836 1.6
      vertex -15.632 -14.7391 0
      vertex -15.5337 -14.7836 0
    endloop
  endfacet
  facet normal -0.935757 -0.352644 0
    outer loop
      vertex -14.701 -15.7331 0
      vertex -14.7391 -15.632 1.6
      vertex -14.7391 -15.632 0
    endloop
  endfacet
  facet normal -0.935757 -0.352644 0
    outer loop
      vertex -14.7391 -15.632 1.6
      vertex -14.701 -15.7331 0
      vertex -14.701 -15.7331 1.6
    endloop
  endfacet
  facet normal 0.729884 -0.683571 0
    outer loop
      vertex -17.504 -15.1755 1.6
      vertex -17.4302 -15.0967 0
      vertex -17.4302 -15.0967 1.6
    endloop
  endfacet
  facet normal 0.729884 -0.683571 0
    outer loop
      vertex -17.4302 -15.0967 0
      vertex -17.504 -15.1755 1.6
      vertex -17.504 -15.1755 0
    endloop
  endfacet
  facet normal 0.995165 0.0982192 0
    outer loop
      vertex -17.8993 -16.4788 1.6
      vertex -17.9099 -16.3714 0
      vertex -17.9099 -16.3714 1.6
    endloop
  endfacet
  facet normal 0.995165 0.0982192 0
    outer loop
      vertex -17.9099 -16.3714 0
      vertex -17.8993 -16.4788 1.6
      vertex -17.8993 -16.4788 0
    endloop
  endfacet
  facet normal 0.227903 0.973684 -0
    outer loop
      vertex -16.5854 -17.8818 0
      vertex -16.6905 -17.8572 1.6
      vertex -16.5854 -17.8818 1.6
    endloop
  endfacet
  facet normal 0.227903 0.973684 0
    outer loop
      vertex -16.6905 -17.8572 1.6
      vertex -16.5854 -17.8818 0
      vertex -16.6905 -17.8572 0
    endloop
  endfacet
  facet normal 0.849038 0.528332 0
    outer loop
      vertex -17.6354 -17.1801 1.6
      vertex -17.6924 -17.0885 0
      vertex -17.6924 -17.0885 1.6
    endloop
  endfacet
  facet normal 0.849038 0.528332 0
    outer loop
      vertex -17.6924 -17.0885 0
      vertex -17.6354 -17.1801 1.6
      vertex -17.6354 -17.1801 0
    endloop
  endfacet
  facet normal 0.849297 -0.527916 0
    outer loop
      vertex -17.6924 -15.4385 1.6
      vertex -17.6354 -15.3468 0
      vertex -17.6354 -15.3468 1.6
    endloop
  endfacet
  facet normal 0.849297 -0.527916 0
    outer loop
      vertex -17.6354 -15.3468 0
      vertex -17.6924 -15.4385 1.6
      vertex -17.6924 -15.4385 0
    endloop
  endfacet
  facet normal 0.910652 0.413175 0
    outer loop
      vertex -17.7433 -16.9932 1.6
      vertex -17.7879 -16.8949 0
      vertex -17.7879 -16.8949 1.6
    endloop
  endfacet
  facet normal 0.910652 0.413175 0
    outer loop
      vertex -17.7879 -16.8949 0
      vertex -17.7433 -16.9932 1.6
      vertex -17.7433 -16.9932 0
    endloop
  endfacet
  facet normal -0.227698 0.973732 0
    outer loop
      vertex -15.8364 -17.8572 0
      vertex -15.9416 -17.8818 1.6
      vertex -15.8364 -17.8572 1.6
    endloop
  endfacet
  facet normal -0.227698 0.973732 0
    outer loop
      vertex -15.9416 -17.8818 1.6
      vertex -15.8364 -17.8572 0
      vertex -15.9416 -17.8818 0
    endloop
  endfacet
  facet normal 0.936063 0.351834 0
    outer loop
      vertex -17.7879 -16.8949 1.6
      vertex -17.8259 -16.7938 0
      vertex -17.8259 -16.7938 1.6
    endloop
  endfacet
  facet normal 0.936063 0.351834 0
    outer loop
      vertex -17.8259 -16.7938 0
      vertex -17.7879 -16.8949 1.6
      vertex -17.7879 -16.8949 0
    endloop
  endfacet
  facet normal 0.0333457 0.999444 -0
    outer loop
      vertex -16.2635 -17.9135 0
      vertex -16.3714 -17.9099 1.6
      vertex -16.2635 -17.9135 1.6
    endloop
  endfacet
  facet normal 0.0333457 0.999444 0
    outer loop
      vertex -16.3714 -17.9099 1.6
      vertex -16.2635 -17.9135 0
      vertex -16.3714 -17.9099 0
    endloop
  endfacet
  facet normal -0.999475 -0.0323904 0
    outer loop
      vertex -14.6135 -16.2635 0
      vertex -14.617 -16.1555 1.6
      vertex -14.617 -16.1555 0
    endloop
  endfacet
  facet normal -0.999475 -0.0323904 0
    outer loop
      vertex -14.617 -16.1555 1.6
      vertex -14.6135 -16.2635 0
      vertex -14.6135 -16.2635 1.6
    endloop
  endfacet
  facet normal 0.973684 0.227903 0
    outer loop
      vertex -17.8572 -16.6905 1.6
      vertex -17.8818 -16.5854 0
      vertex -17.8818 -16.5854 1.6
    endloop
  endfacet
  facet normal 0.973684 0.227903 0
    outer loop
      vertex -17.8818 -16.5854 0
      vertex -17.8572 -16.6905 1.6
      vertex -17.8572 -16.6905 0
    endloop
  endfacet
  facet normal 0.957032 0.289982 0
    outer loop
      vertex -17.8259 -16.7938 1.6
      vertex -17.8572 -16.6905 0
      vertex -17.8572 -16.6905 1.6
    endloop
  endfacet
  facet normal 0.957032 0.289982 0
    outer loop
      vertex -17.8572 -16.6905 0
      vertex -17.8259 -16.7938 1.6
      vertex -17.8259 -16.7938 0
    endloop
  endfacet
  facet normal -0.911 -0.412406 0
    outer loop
      vertex -14.7391 -15.632 0
      vertex -14.7836 -15.5337 1.6
      vertex -14.7836 -15.5337 0
    endloop
  endfacet
  facet normal -0.911 -0.412406 0
    outer loop
      vertex -14.7836 -15.5337 1.6
      vertex -14.7391 -15.632 0
      vertex -14.7391 -15.632 1.6
    endloop
  endfacet
  facet normal -0.986643 0.162898 0
    outer loop
      vertex -14.6452 -16.5854 0
      vertex -14.6276 -16.4788 1.6
      vertex -14.6276 -16.4788 0
    endloop
  endfacet
  facet normal -0.986643 0.162898 0
    outer loop
      vertex -14.6276 -16.4788 1.6
      vertex -14.6452 -16.5854 0
      vertex -14.6452 -16.5854 1.6
    endloop
  endfacet
  facet normal 0.999445 -0.0333148 0
    outer loop
      vertex -17.9135 -16.2635 1.6
      vertex -17.9099 -16.1555 0
      vertex -17.9099 -16.1555 1.6
    endloop
  endfacet
  facet normal 0.999445 -0.0333148 0
    outer loop
      vertex -17.9099 -16.1555 0
      vertex -17.9135 -16.2635 1.6
      vertex -17.9135 -16.2635 0
    endloop
  endfacet
  facet normal -0.352644 -0.935757 0
    outer loop
      vertex -15.7331 -14.701 0
      vertex -15.632 -14.7391 1.6
      vertex -15.7331 -14.701 1.6
    endloop
  endfacet
  facet normal -0.352644 -0.935757 -0
    outer loop
      vertex -15.632 -14.7391 1.6
      vertex -15.7331 -14.701 0
      vertex -15.632 -14.7391 0
    endloop
  endfacet
  facet normal -0.0323904 -0.999475 0
    outer loop
      vertex -16.2635 -14.6135 0
      vertex -16.1555 -14.617 1.6
      vertex -16.2635 -14.6135 1.6
    endloop
  endfacet
  facet normal -0.0323904 -0.999475 -0
    outer loop
      vertex -16.1555 -14.617 1.6
      vertex -16.2635 -14.6135 0
      vertex -16.1555 -14.617 0
    endloop
  endfacet
  facet normal 0.683571 -0.729884 0
    outer loop
      vertex -17.4302 -15.0967 0
      vertex -17.3514 -15.0229 1.6
      vertex -17.4302 -15.0967 1.6
    endloop
  endfacet
  facet normal 0.683571 -0.729884 0
    outer loop
      vertex -17.3514 -15.0229 1.6
      vertex -17.4302 -15.0967 0
      vertex -17.3514 -15.0229 0
    endloop
  endfacet
  facet normal 0.881865 -0.471501 0
    outer loop
      vertex -17.7433 -15.5337 1.6
      vertex -17.6924 -15.4385 0
      vertex -17.6924 -15.4385 1.6
    endloop
  endfacet
  facet normal 0.881865 -0.471501 0
    outer loop
      vertex -17.6924 -15.4385 0
      vertex -17.7433 -15.5337 1.6
      vertex -17.7433 -15.5337 0
    endloop
  endfacet
  facet normal 0.986767 -0.162145 0
    outer loop
      vertex -17.8993 -16.0481 1.6
      vertex -17.8818 -15.9416 0
      vertex -17.8818 -15.9416 1.6
    endloop
  endfacet
  facet normal 0.986767 -0.162145 0
    outer loop
      vertex -17.8818 -15.9416 0
      vertex -17.8993 -16.0481 1.6
      vertex -17.8993 -16.0481 0
    endloop
  endfacet
  facet normal 0.973732 -0.227698 0
    outer loop
      vertex -17.8818 -15.9416 1.6
      vertex -17.8572 -15.8364 0
      vertex -17.8572 -15.8364 1.6
    endloop
  endfacet
  facet normal 0.973732 -0.227698 0
    outer loop
      vertex -17.8572 -15.8364 0
      vertex -17.8818 -15.9416 1.6
      vertex -17.8818 -15.9416 0
    endloop
  endfacet
  facet normal -0.471501 0.881865 0
    outer loop
      vertex -15.4385 -17.6924 0
      vertex -15.5337 -17.7433 1.6
      vertex -15.4385 -17.6924 1.6
    endloop
  endfacet
  facet normal -0.471501 0.881865 0
    outer loop
      vertex -15.5337 -17.7433 1.6
      vertex -15.4385 -17.6924 0
      vertex -15.5337 -17.7433 0
    endloop
  endfacet
  facet normal 0.0982192 0.995165 -0
    outer loop
      vertex -16.3714 -17.9099 0
      vertex -16.4788 -17.8993 1.6
      vertex -16.3714 -17.9099 1.6
    endloop
  endfacet
  facet normal 0.0982192 0.995165 0
    outer loop
      vertex -16.4788 -17.8993 1.6
      vertex -16.3714 -17.9099 0
      vertex -16.4788 -17.8993 0
    endloop
  endfacet
  facet normal 0.227025 -0.973889 0
    outer loop
      vertex -16.6905 -14.6697 0
      vertex -16.5854 -14.6452 1.6
      vertex -16.6905 -14.6697 1.6
    endloop
  endfacet
  facet normal 0.227025 -0.973889 0
    outer loop
      vertex -16.5854 -14.6452 1.6
      vertex -16.6905 -14.6697 0
      vertex -16.5854 -14.6452 0
    endloop
  endfacet
  facet normal 0.471117 -0.882071 0
    outer loop
      vertex -17.0885 -14.8345 0
      vertex -16.9932 -14.7836 1.6
      vertex -17.0885 -14.8345 1.6
    endloop
  endfacet
  facet normal 0.471117 -0.882071 0
    outer loop
      vertex -16.9932 -14.7836 1.6
      vertex -17.0885 -14.8345 0
      vertex -16.9932 -14.7836 0
    endloop
  endfacet
  facet normal -0.957032 -0.289982 0
    outer loop
      vertex -14.6697 -15.8364 0
      vertex -14.701 -15.7331 1.6
      vertex -14.701 -15.7331 0
    endloop
  endfacet
  facet normal -0.957032 -0.289982 0
    outer loop
      vertex -14.701 -15.7331 1.6
      vertex -14.6697 -15.8364 0
      vertex -14.6697 -15.8364 1.6
    endloop
  endfacet
  facet normal 0.0324204 -0.999474 0
    outer loop
      vertex -16.3714 -14.617 0
      vertex -16.2635 -14.6135 1.6
      vertex -16.3714 -14.617 1.6
    endloop
  endfacet
  facet normal 0.0324204 -0.999474 0
    outer loop
      vertex -16.2635 -14.6135 1.6
      vertex -16.3714 -14.617 0
      vertex -16.2635 -14.6135 0
    endloop
  endfacet
  facet normal 0.352644 -0.935757 0
    outer loop
      vertex -16.8949 -14.7391 0
      vertex -16.7938 -14.701 1.6
      vertex -16.8949 -14.7391 1.6
    endloop
  endfacet
  facet normal 0.352644 -0.935757 0
    outer loop
      vertex -16.7938 -14.701 1.6
      vertex -16.8949 -14.7391 0
      vertex -16.7938 -14.701 0
    endloop
  endfacet
  facet normal -0.289982 -0.957032 0
    outer loop
      vertex -15.8364 -14.6697 0
      vertex -15.7331 -14.701 1.6
      vertex -15.8364 -14.6697 1.6
    endloop
  endfacet
  facet normal -0.289982 -0.957032 -0
    outer loop
      vertex -15.7331 -14.701 1.6
      vertex -15.8364 -14.6697 0
      vertex -15.7331 -14.701 0
    endloop
  endfacet
  facet normal -0.812919 0.582376 0
    outer loop
      vertex 17.5725 -17.2679 0
      vertex 17.6354 -17.1801 1.6
      vertex 17.6354 -17.1801 0
    endloop
  endfacet
  facet normal -0.812919 0.582376 0
    outer loop
      vertex 17.6354 -17.1801 1.6
      vertex 17.5725 -17.2679 0
      vertex 17.5725 -17.2679 1.6
    endloop
  endfacet
  facet normal -0.910652 -0.413175 0
    outer loop
      vertex 17.7879 -15.632 0
      vertex 17.7433 -15.5337 1.6
      vertex 17.7433 -15.5337 0
    endloop
  endfacet
  facet normal -0.910652 -0.413175 0
    outer loop
      vertex 17.7433 -15.5337 1.6
      vertex 17.7879 -15.632 0
      vertex 17.7879 -15.632 1.6
    endloop
  endfacet
  facet normal 0.634246 0.773132 -0
    outer loop
      vertex 15.259 -17.5725 0
      vertex 15.1755 -17.504 1.6
      vertex 15.259 -17.5725 1.6
    endloop
  endfacet
  facet normal 0.634246 0.773132 0
    outer loop
      vertex 15.1755 -17.504 1.6
      vertex 15.259 -17.5725 0
      vertex 15.1755 -17.504 0
    endloop
  endfacet
  facet normal 0.163047 -0.986618 0
    outer loop
      vertex 15.9416 -14.6452 0
      vertex 16.0481 -14.6276 1.6
      vertex 15.9416 -14.6452 1.6
    endloop
  endfacet
  facet normal 0.163047 -0.986618 0
    outer loop
      vertex 16.0481 -14.6276 1.6
      vertex 15.9416 -14.6452 0
      vertex 16.0481 -14.6276 0
    endloop
  endfacet
  facet normal 0.849038 0.528332 0
    outer loop
      vertex 14.8915 -17.1801 1.6
      vertex 14.8345 -17.0885 0
      vertex 14.8345 -17.0885 1.6
    endloop
  endfacet
  facet normal 0.849038 0.528332 0
    outer loop
      vertex 14.8345 -17.0885 0
      vertex 14.8915 -17.1801 1.6
      vertex 14.8915 -17.1801 0
    endloop
  endfacet
  facet normal -0.773132 -0.634246 0
    outer loop
      vertex 17.5725 -15.259 0
      vertex 17.504 -15.1755 1.6
      vertex 17.504 -15.1755 0
    endloop
  endfacet
  facet normal -0.773132 -0.634246 0
    outer loop
      vertex 17.504 -15.1755 1.6
      vertex 17.5725 -15.259 0
      vertex 17.5725 -15.259 1.6
    endloop
  endfacet
  facet normal 0.582376 0.812919 -0
    outer loop
      vertex 15.3468 -17.6354 0
      vertex 15.259 -17.5725 1.6
      vertex 15.3468 -17.6354 1.6
    endloop
  endfacet
  facet normal 0.582376 0.812919 0
    outer loop
      vertex 15.259 -17.5725 1.6
      vertex 15.3468 -17.6354 0
      vertex 15.259 -17.5725 0
    endloop
  endfacet
  facet normal -0.289982 -0.957032 0
    outer loop
      vertex 16.6905 -14.6697 0
      vertex 16.7938 -14.701 1.6
      vertex 16.6905 -14.6697 1.6
    endloop
  endfacet
  facet normal -0.289982 -0.957032 -0
    outer loop
      vertex 16.7938 -14.701 1.6
      vertex 16.6905 -14.6697 0
      vertex 16.7938 -14.701 0
    endloop
  endfacet
  facet normal -0.999445 -0.0333148 0
    outer loop
      vertex 17.9135 -16.2635 0
      vertex 17.9099 -16.1555 1.6
      vertex 17.9099 -16.1555 0
    endloop
  endfacet
  facet normal -0.999445 -0.0333148 0
    outer loop
      vertex 17.9099 -16.1555 1.6
      vertex 17.9135 -16.2635 0
      vertex 17.9135 -16.2635 1.6
    endloop
  endfacet
  facet normal -0.936063 -0.351834 0
    outer loop
      vertex 17.8259 -15.7331 0
      vertex 17.7879 -15.632 1.6
      vertex 17.7879 -15.632 0
    endloop
  endfacet
  facet normal -0.936063 -0.351834 0
    outer loop
      vertex 17.7879 -15.632 1.6
      vertex 17.8259 -15.7331 0
      vertex 17.8259 -15.7331 1.6
    endloop
  endfacet
  facet normal -0.729884 0.683571 0
    outer loop
      vertex 17.4302 -17.4302 0
      vertex 17.504 -17.3514 1.6
      vertex 17.504 -17.3514 0
    endloop
  endfacet
  facet normal -0.729884 0.683571 0
    outer loop
      vertex 17.504 -17.3514 1.6
      vertex 17.4302 -17.4302 0
      vertex 17.4302 -17.4302 1.6
    endloop
  endfacet
  facet normal 0.471501 -0.881865 0
    outer loop
      vertex 15.4385 -14.8345 0
      vertex 15.5337 -14.7836 1.6
      vertex 15.4385 -14.8345 1.6
    endloop
  endfacet
  facet normal 0.471501 -0.881865 0
    outer loop
      vertex 15.5337 -14.7836 1.6
      vertex 15.4385 -14.8345 0
      vertex 15.5337 -14.7836 0
    endloop
  endfacet
  facet normal -0.683571 0.729884 0
    outer loop
      vertex 17.4302 -17.4302 0
      vertex 17.3514 -17.504 1.6
      vertex 17.4302 -17.4302 1.6
    endloop
  endfacet
  facet normal -0.683571 0.729884 0
    outer loop
      vertex 17.3514 -17.504 1.6
      vertex 17.4302 -17.4302 0
      vertex 17.3514 -17.504 0
    endloop
  endfacet
  facet normal -0.986791 0.161997 0
    outer loop
      vertex 17.8818 -16.5854 0
      vertex 17.8993 -16.4788 1.6
      vertex 17.8993 -16.4788 0
    endloop
  endfacet
  facet normal -0.986791 0.161997 0
    outer loop
      vertex 17.8993 -16.4788 1.6
      vertex 17.8818 -16.5854 0
      vertex 17.8818 -16.5854 1.6
    endloop
  endfacet
  facet normal -0.849038 0.528332 0
    outer loop
      vertex 17.6354 -17.1801 0
      vertex 17.6924 -17.0885 1.6
      vertex 17.6924 -17.0885 0
    endloop
  endfacet
  facet normal -0.849038 0.528332 0
    outer loop
      vertex 17.6924 -17.0885 1.6
      vertex 17.6354 -17.1801 0
      vertex 17.6354 -17.1801 1.6
    endloop
  endfacet
  facet normal -0.957032 0.289982 0
    outer loop
      vertex 17.8259 -16.7938 0
      vertex 17.8572 -16.6905 1.6
      vertex 17.8572 -16.6905 0
    endloop
  endfacet
  facet normal -0.957032 0.289982 0
    outer loop
      vertex 17.8572 -16.6905 1.6
      vertex 17.8259 -16.7938 0
      vertex 17.8259 -16.7938 1.6
    endloop
  endfacet
  facet normal 0.227698 0.973732 -0
    outer loop
      vertex 15.9416 -17.8818 0
      vertex 15.8364 -17.8572 1.6
      vertex 15.9416 -17.8818 1.6
    endloop
  endfacet
  facet normal 0.227698 0.973732 0
    outer loop
      vertex 15.8364 -17.8572 1.6
      vertex 15.9416 -17.8818 0
      vertex 15.8364 -17.8572 0
    endloop
  endfacet
  facet normal -0.882071 0.471117 0
    outer loop
      vertex 17.6924 -17.0885 0
      vertex 17.7433 -16.9932 1.6
      vertex 17.7433 -16.9932 0
    endloop
  endfacet
  facet normal -0.882071 0.471117 0
    outer loop
      vertex 17.7433 -16.9932 1.6
      vertex 17.6924 -17.0885 0
      vertex 17.6924 -17.0885 1.6
    endloop
  endfacet
  facet normal -0.729884 -0.683571 0
    outer loop
      vertex 17.504 -15.1755 0
      vertex 17.4302 -15.0967 1.6
      vertex 17.4302 -15.0967 0
    endloop
  endfacet
  facet normal -0.729884 -0.683571 0
    outer loop
      vertex 17.4302 -15.0967 1.6
      vertex 17.504 -15.1755 0
      vertex 17.504 -15.1755 1.6
    endloop
  endfacet
  facet normal 0.973889 0.227025 0
    outer loop
      vertex 14.6697 -16.6905 1.6
      vertex 14.6452 -16.5854 0
      vertex 14.6452 -16.5854 1.6
    endloop
  endfacet
  facet normal 0.973889 0.227025 0
    outer loop
      vertex 14.6452 -16.5854 0
      vertex 14.6697 -16.6905 1.6
      vertex 14.6697 -16.6905 0
    endloop
  endfacet
  facet normal -0.957032 -0.289982 0
    outer loop
      vertex 17.8572 -15.8364 0
      vertex 17.8259 -15.7331 1.6
      vertex 17.8259 -15.7331 0
    endloop
  endfacet
  facet normal -0.957032 -0.289982 0
    outer loop
      vertex 17.8259 -15.7331 1.6
      vertex 17.8572 -15.8364 0
      vertex 17.8572 -15.8364 1.6
    endloop
  endfacet
  facet normal -0.582376 -0.812919 0
    outer loop
      vertex 17.1801 -14.8915 0
      vertex 17.2679 -14.9544 1.6
      vertex 17.1801 -14.8915 1.6
    endloop
  endfacet
  facet normal -0.582376 -0.812919 -0
    outer loop
      vertex 17.2679 -14.9544 1.6
      vertex 17.1801 -14.8915 0
      vertex 17.2679 -14.9544 0
    endloop
  endfacet
  facet normal 0.849297 -0.527916 0
    outer loop
      vertex 14.8345 -15.4385 1.6
      vertex 14.8915 -15.3468 0
      vertex 14.8915 -15.3468 1.6
    endloop
  endfacet
  facet normal 0.849297 -0.527916 0
    outer loop
      vertex 14.8915 -15.3468 0
      vertex 14.8345 -15.4385 1.6
      vertex 14.8345 -15.4385 0
    endloop
  endfacet
  facet normal -0.973732 -0.227698 0
    outer loop
      vertex 17.8818 -15.9416 0
      vertex 17.8572 -15.8364 1.6
      vertex 17.8572 -15.8364 0
    endloop
  endfacet
  facet normal -0.973732 -0.227698 0
    outer loop
      vertex 17.8572 -15.8364 1.6
      vertex 17.8818 -15.9416 0
      vertex 17.8818 -15.9416 1.6
    endloop
  endfacet
  facet normal -0.634246 -0.773132 0
    outer loop
      vertex 17.2679 -14.9544 0
      vertex 17.3514 -15.0229 1.6
      vertex 17.2679 -14.9544 1.6
    endloop
  endfacet
  facet normal -0.634246 -0.773132 -0
    outer loop
      vertex 17.3514 -15.0229 1.6
      vertex 17.2679 -14.9544 0
      vertex 17.3514 -15.0229 0
    endloop
  endfacet
  facet normal 0.986643 0.162898 0
    outer loop
      vertex 14.6452 -16.5854 1.6
      vertex 14.6276 -16.4788 0
      vertex 14.6276 -16.4788 1.6
    endloop
  endfacet
  facet normal 0.986643 0.162898 0
    outer loop
      vertex 14.6276 -16.4788 0
      vertex 14.6452 -16.5854 1.6
      vertex 14.6452 -16.5854 0
    endloop
  endfacet
  facet normal 0.773132 0.634246 0
    outer loop
      vertex 15.0229 -17.3514 1.6
      vertex 14.9544 -17.2679 0
      vertex 14.9544 -17.2679 1.6
    endloop
  endfacet
  facet normal 0.773132 0.634246 0
    outer loop
      vertex 14.9544 -17.2679 0
      vertex 15.0229 -17.3514 1.6
      vertex 15.0229 -17.3514 0
    endloop
  endfacet
  facet normal -0.227025 -0.973889 0
    outer loop
      vertex 16.5854 -14.6452 0
      vertex 16.6905 -14.6697 1.6
      vertex 16.5854 -14.6452 1.6
    endloop
  endfacet
  facet normal -0.227025 -0.973889 -0
    outer loop
      vertex 16.6905 -14.6697 1.6
      vertex 16.5854 -14.6452 0
      vertex 16.6905 -14.6697 0
    endloop
  endfacet
  facet normal -0.0333457 0.999444 0
    outer loop
      vertex 16.3714 -17.9099 0
      vertex 16.2635 -17.9135 1.6
      vertex 16.3714 -17.9099 1.6
    endloop
  endfacet
  facet normal -0.0333457 0.999444 0
    outer loop
      vertex 16.2635 -17.9135 1.6
      vertex 16.3714 -17.9099 0
      vertex 16.2635 -17.9135 0
    endloop
  endfacet
  facet normal 0.22682 -0.973937 0
    outer loop
      vertex 15.8364 -14.6697 0
      vertex 15.9416 -14.6452 1.6
      vertex 15.8364 -14.6697 1.6
    endloop
  endfacet
  facet normal 0.22682 -0.973937 0
    outer loop
      vertex 15.9416 -14.6452 1.6
      vertex 15.8364 -14.6697 0
      vertex 15.9416 -14.6452 0
    endloop
  endfacet
  facet normal 0.351834 0.936063 -0
    outer loop
      vertex 15.7331 -17.8259 0
      vertex 15.632 -17.7879 1.6
      vertex 15.7331 -17.8259 1.6
    endloop
  endfacet
  facet normal 0.351834 0.936063 0
    outer loop
      vertex 15.632 -17.7879 1.6
      vertex 15.7331 -17.8259 0
      vertex 15.632 -17.7879 0
    endloop
  endfacet
  facet normal 0.773132 -0.634246 0
    outer loop
      vertex 14.9544 -15.259 1.6
      vertex 15.0229 -15.1755 0
      vertex 15.0229 -15.1755 1.6
    endloop
  endfacet
  facet normal 0.773132 -0.634246 0
    outer loop
      vertex 15.0229 -15.1755 0
      vertex 14.9544 -15.259 1.6
      vertex 14.9544 -15.259 0
    endloop
  endfacet
  facet normal 0.881865 -0.471501 0
    outer loop
      vertex 14.7836 -15.5337 1.6
      vertex 14.8345 -15.4385 0
      vertex 14.8345 -15.4385 1.6
    endloop
  endfacet
  facet normal 0.881865 -0.471501 0
    outer loop
      vertex 14.8345 -15.4385 0
      vertex 14.7836 -15.5337 1.6
      vertex 14.7836 -15.5337 0
    endloop
  endfacet
  facet normal 0.0982192 -0.995165 0
    outer loop
      vertex 16.0481 -14.6276 0
      vertex 16.1555 -14.617 1.6
      vertex 16.0481 -14.6276 1.6
    endloop
  endfacet
  facet normal 0.0982192 -0.995165 0
    outer loop
      vertex 16.1555 -14.617 1.6
      vertex 16.0481 -14.6276 0
      vertex 16.1555 -14.617 0
    endloop
  endfacet
  facet normal 0.812919 0.582376 0
    outer loop
      vertex 14.9544 -17.2679 1.6
      vertex 14.8915 -17.1801 0
      vertex 14.8915 -17.1801 1.6
    endloop
  endfacet
  facet normal 0.812919 0.582376 0
    outer loop
      vertex 14.8915 -17.1801 0
      vertex 14.9544 -17.2679 1.6
      vertex 14.9544 -17.2679 0
    endloop
  endfacet
  facet normal -0.471117 -0.882071 0
    outer loop
      vertex 16.9932 -14.7836 0
      vertex 17.0885 -14.8345 1.6
      vertex 16.9932 -14.7836 1.6
    endloop
  endfacet
  facet normal -0.471117 -0.882071 -0
    outer loop
      vertex 17.0885 -14.8345 1.6
      vertex 16.9932 -14.7836 0
      vertex 17.0885 -14.8345 0
    endloop
  endfacet
  facet normal 0.471501 0.881865 -0
    outer loop
      vertex 15.5337 -17.7433 0
      vertex 15.4385 -17.6924 1.6
      vertex 15.5337 -17.7433 1.6
    endloop
  endfacet
  facet normal 0.471501 0.881865 0
    outer loop
      vertex 15.4385 -17.6924 1.6
      vertex 15.5337 -17.7433 0
      vertex 15.4385 -17.6924 0
    endloop
  endfacet
  facet normal -0.995165 -0.0982192 0
    outer loop
      vertex 17.9099 -16.1555 0
      vertex 17.8993 -16.0481 1.6
      vertex 17.8993 -16.0481 0
    endloop
  endfacet
  facet normal -0.995165 -0.0982192 0
    outer loop
      vertex 17.8993 -16.0481 1.6
      vertex 17.9099 -16.1555 0
      vertex 17.9099 -16.1555 1.6
    endloop
  endfacet
  facet normal -0.471117 0.882071 0
    outer loop
      vertex 17.0885 -17.6924 0
      vertex 16.9932 -17.7433 1.6
      vertex 17.0885 -17.6924 1.6
    endloop
  endfacet
  facet normal -0.471117 0.882071 0
    outer loop
      vertex 16.9932 -17.7433 1.6
      vertex 17.0885 -17.6924 0
      vertex 16.9932 -17.7433 0
    endloop
  endfacet
  facet normal 0.634246 -0.773132 0
    outer loop
      vertex 15.1755 -15.0229 0
      vertex 15.259 -14.9544 1.6
      vertex 15.1755 -15.0229 1.6
    endloop
  endfacet
  facet normal 0.634246 -0.773132 0
    outer loop
      vertex 15.259 -14.9544 1.6
      vertex 15.1755 -15.0229 0
      vertex 15.259 -14.9544 0
    endloop
  endfacet
  facet normal -0.161997 0.986791 0
    outer loop
      vertex 16.5854 -17.8818 0
      vertex 16.4788 -17.8993 1.6
      vertex 16.5854 -17.8818 1.6
    endloop
  endfacet
  facet normal -0.161997 0.986791 0
    outer loop
      vertex 16.4788 -17.8993 1.6
      vertex 16.5854 -17.8818 0
      vertex 16.4788 -17.8993 0
    endloop
  endfacet
  facet normal -0.986767 -0.162145 0
    outer loop
      vertex 17.8993 -16.0481 0
      vertex 17.8818 -15.9416 1.6
      vertex 17.8818 -15.9416 0
    endloop
  endfacet
  facet normal -0.986767 -0.162145 0
    outer loop
      vertex 17.8818 -15.9416 1.6
      vertex 17.8993 -16.0481 0
      vertex 17.8993 -16.0481 1.6
    endloop
  endfacet
  facet normal -0.936063 0.351834 0
    outer loop
      vertex 17.7879 -16.8949 0
      vertex 17.8259 -16.7938 1.6
      vertex 17.8259 -16.7938 0
    endloop
  endfacet
  facet normal -0.936063 0.351834 0
    outer loop
      vertex 17.8259 -16.7938 1.6
      vertex 17.7879 -16.8949 0
      vertex 17.7879 -16.8949 1.6
    endloop
  endfacet
  facet normal 0.582376 -0.812919 0
    outer loop
      vertex 15.259 -14.9544 0
      vertex 15.3468 -14.8915 1.6
      vertex 15.259 -14.9544 1.6
    endloop
  endfacet
  facet normal 0.582376 -0.812919 0
    outer loop
      vertex 15.3468 -14.8915 1.6
      vertex 15.259 -14.9544 0
      vertex 15.3468 -14.8915 0
    endloop
  endfacet
  facet normal -0.849297 -0.527916 0
    outer loop
      vertex 17.6924 -15.4385 0
      vertex 17.6354 -15.3468 1.6
      vertex 17.6354 -15.3468 0
    endloop
  endfacet
  facet normal -0.849297 -0.527916 0
    outer loop
      vertex 17.6354 -15.3468 1.6
      vertex 17.6924 -15.4385 0
      vertex 17.6924 -15.4385 1.6
    endloop
  endfacet
  facet normal 0.527916 -0.849297 0
    outer loop
      vertex 15.3468 -14.8915 0
      vertex 15.4385 -14.8345 1.6
      vertex 15.3468 -14.8915 1.6
    endloop
  endfacet
  facet normal 0.527916 -0.849297 0
    outer loop
      vertex 15.4385 -14.8345 1.6
      vertex 15.3468 -14.8915 0
      vertex 15.4385 -14.8345 0
    endloop
  endfacet
  facet normal -0.0982192 -0.995165 0
    outer loop
      vertex 16.3714 -14.617 0
      vertex 16.4788 -14.6276 1.6
      vertex 16.3714 -14.617 1.6
    endloop
  endfacet
  facet normal -0.0982192 -0.995165 -0
    outer loop
      vertex 16.4788 -14.6276 1.6
      vertex 16.3714 -14.617 0
      vertex 16.4788 -14.6276 0
    endloop
  endfacet
  facet normal -0.634246 0.773132 0
    outer loop
      vertex 17.3514 -17.504 0
      vertex 17.2679 -17.5725 1.6
      vertex 17.3514 -17.504 1.6
    endloop
  endfacet
  facet normal -0.634246 0.773132 0
    outer loop
      vertex 17.2679 -17.5725 1.6
      vertex 17.3514 -17.504 0
      vertex 17.2679 -17.5725 0
    endloop
  endfacet
  facet normal 0.289982 0.957032 -0
    outer loop
      vertex 15.8364 -17.8572 0
      vertex 15.7331 -17.8259 1.6
      vertex 15.8364 -17.8572 1.6
    endloop
  endfacet
  facet normal 0.289982 0.957032 0
    outer loop
      vertex 15.7331 -17.8259 1.6
      vertex 15.8364 -17.8572 0
      vertex 15.7331 -17.8259 0
    endloop
  endfacet
  facet normal -0.683571 -0.729884 0
    outer loop
      vertex 17.3514 -15.0229 0
      vertex 17.4302 -15.0967 1.6
      vertex 17.3514 -15.0229 1.6
    endloop
  endfacet
  facet normal -0.683571 -0.729884 -0
    outer loop
      vertex 17.4302 -15.0967 1.6
      vertex 17.3514 -15.0229 0
      vertex 17.4302 -15.0967 0
    endloop
  endfacet
  facet normal 0.986618 -0.163047 0
    outer loop
      vertex 14.6276 -16.0481 1.6
      vertex 14.6452 -15.9416 0
      vertex 14.6452 -15.9416 1.6
    endloop
  endfacet
  facet normal 0.986618 -0.163047 0
    outer loop
      vertex 14.6452 -15.9416 0
      vertex 14.6276 -16.0481 1.6
      vertex 14.6276 -16.0481 0
    endloop
  endfacet
  facet normal -0.773132 0.634246 0
    outer loop
      vertex 17.504 -17.3514 0
      vertex 17.5725 -17.2679 1.6
      vertex 17.5725 -17.2679 0
    endloop
  endfacet
  facet normal -0.773132 0.634246 0
    outer loop
      vertex 17.5725 -17.2679 1.6
      vertex 17.504 -17.3514 0
      vertex 17.504 -17.3514 1.6
    endloop
  endfacet
  facet normal 0.995165 -0.0982192 0
    outer loop
      vertex 14.617 -16.1555 1.6
      vertex 14.6276 -16.0481 0
      vertex 14.6276 -16.0481 1.6
    endloop
  endfacet
  facet normal 0.995165 -0.0982192 0
    outer loop
      vertex 14.6276 -16.0481 0
      vertex 14.617 -16.1555 1.6
      vertex 14.617 -16.1555 0
    endloop
  endfacet
  facet normal 0.973937 -0.22682 0
    outer loop
      vertex 14.6452 -15.9416 1.6
      vertex 14.6697 -15.8364 0
      vertex 14.6697 -15.8364 1.6
    endloop
  endfacet
  facet normal 0.973937 -0.22682 0
    outer loop
      vertex 14.6697 -15.8364 0
      vertex 14.6452 -15.9416 1.6
      vertex 14.6452 -15.9416 0
    endloop
  endfacet
  facet normal 0.812919 -0.582376 0
    outer loop
      vertex 14.8915 -15.3468 1.6
      vertex 14.9544 -15.259 0
      vertex 14.9544 -15.259 1.6
    endloop
  endfacet
  facet normal 0.812919 -0.582376 0
    outer loop
      vertex 14.9544 -15.259 0
      vertex 14.8915 -15.3468 1.6
      vertex 14.8915 -15.3468 0
    endloop
  endfacet
  facet normal 0.729884 -0.683571 0
    outer loop
      vertex 15.0229 -15.1755 1.6
      vertex 15.0967 -15.0967 0
      vertex 15.0967 -15.0967 1.6
    endloop
  endfacet
  facet normal 0.729884 -0.683571 0
    outer loop
      vertex 15.0967 -15.0967 0
      vertex 15.0229 -15.1755 1.6
      vertex 15.0229 -15.1755 0
    endloop
  endfacet
  facet normal -0.0324204 -0.999474 0
    outer loop
      vertex 16.2635 -14.6135 0
      vertex 16.3714 -14.617 1.6
      vertex 16.2635 -14.6135 1.6
    endloop
  endfacet
  facet normal -0.0324204 -0.999474 -0
    outer loop
      vertex 16.3714 -14.617 1.6
      vertex 16.2635 -14.6135 0
      vertex 16.3714 -14.617 0
    endloop
  endfacet
  facet normal -0.528332 -0.849038 0
    outer loop
      vertex 17.0885 -14.8345 0
      vertex 17.1801 -14.8915 1.6
      vertex 17.0885 -14.8345 1.6
    endloop
  endfacet
  facet normal -0.528332 -0.849038 -0
    outer loop
      vertex 17.1801 -14.8915 1.6
      vertex 17.0885 -14.8345 0
      vertex 17.1801 -14.8915 0
    endloop
  endfacet
  facet normal 0.683571 -0.729884 0
    outer loop
      vertex 15.0967 -15.0967 0
      vertex 15.1755 -15.0229 1.6
      vertex 15.0967 -15.0967 1.6
    endloop
  endfacet
  facet normal 0.683571 -0.729884 0
    outer loop
      vertex 15.1755 -15.0229 1.6
      vertex 15.0967 -15.0967 0
      vertex 15.1755 -15.0229 0
    endloop
  endfacet
  facet normal -0.412406 -0.911 0
    outer loop
      vertex 16.8949 -14.7391 0
      vertex 16.9932 -14.7836 1.6
      vertex 16.8949 -14.7391 1.6
    endloop
  endfacet
  facet normal -0.412406 -0.911 -0
    outer loop
      vertex 16.9932 -14.7836 1.6
      vertex 16.8949 -14.7391 0
      vertex 16.9932 -14.7836 0
    endloop
  endfacet
  facet normal 0.911 -0.412406 0
    outer loop
      vertex 14.7391 -15.632 1.6
      vertex 14.7836 -15.5337 0
      vertex 14.7836 -15.5337 1.6
    endloop
  endfacet
  facet normal 0.911 -0.412406 0
    outer loop
      vertex 14.7836 -15.5337 0
      vertex 14.7391 -15.632 1.6
      vertex 14.7391 -15.632 0
    endloop
  endfacet
  facet normal 0.352644 -0.935757 0
    outer loop
      vertex 15.632 -14.7391 0
      vertex 15.7331 -14.701 1.6
      vertex 15.632 -14.7391 1.6
    endloop
  endfacet
  facet normal 0.352644 -0.935757 0
    outer loop
      vertex 15.7331 -14.701 1.6
      vertex 15.632 -14.7391 0
      vertex 15.7331 -14.701 0
    endloop
  endfacet
  facet normal 0.683571 0.729884 -0
    outer loop
      vertex 15.1755 -17.504 0
      vertex 15.0967 -17.4302 1.6
      vertex 15.1755 -17.504 1.6
    endloop
  endfacet
  facet normal 0.683571 0.729884 0
    outer loop
      vertex 15.0967 -17.4302 1.6
      vertex 15.1755 -17.504 0
      vertex 15.0967 -17.4302 0
    endloop
  endfacet
  facet normal -0.910652 0.413175 0
    outer loop
      vertex 17.7433 -16.9932 0
      vertex 17.7879 -16.8949 1.6
      vertex 17.7879 -16.8949 0
    endloop
  endfacet
  facet normal -0.910652 0.413175 0
    outer loop
      vertex 17.7879 -16.8949 1.6
      vertex 17.7433 -16.9932 0
      vertex 17.7433 -16.9932 1.6
    endloop
  endfacet
  facet normal -0.0982192 0.995165 0
    outer loop
      vertex 16.4788 -17.8993 0
      vertex 16.3714 -17.9099 1.6
      vertex 16.4788 -17.8993 1.6
    endloop
  endfacet
  facet normal -0.0982192 0.995165 0
    outer loop
      vertex 16.3714 -17.9099 1.6
      vertex 16.4788 -17.8993 0
      vertex 16.3714 -17.9099 0
    endloop
  endfacet
  facet normal -0.973684 0.227903 0
    outer loop
      vertex 17.8572 -16.6905 0
      vertex 17.8818 -16.5854 1.6
      vertex 17.8818 -16.5854 0
    endloop
  endfacet
  facet normal -0.973684 0.227903 0
    outer loop
      vertex 17.8818 -16.5854 1.6
      vertex 17.8572 -16.6905 0
      vertex 17.8572 -16.6905 1.6
    endloop
  endfacet
  facet normal -0.528332 0.849038 0
    outer loop
      vertex 17.1801 -17.6354 0
      vertex 17.0885 -17.6924 1.6
      vertex 17.1801 -17.6354 1.6
    endloop
  endfacet
  facet normal -0.528332 0.849038 0
    outer loop
      vertex 17.0885 -17.6924 1.6
      vertex 17.1801 -17.6354 0
      vertex 17.0885 -17.6924 0
    endloop
  endfacet
  facet normal 0.413175 0.910652 -0
    outer loop
      vertex 15.632 -17.7879 0
      vertex 15.5337 -17.7433 1.6
      vertex 15.632 -17.7879 1.6
    endloop
  endfacet
  facet normal 0.413175 0.910652 0
    outer loop
      vertex 15.5337 -17.7433 1.6
      vertex 15.632 -17.7879 0
      vertex 15.5337 -17.7433 0
    endloop
  endfacet
  facet normal 0.527916 0.849297 -0
    outer loop
      vertex 15.4385 -17.6924 0
      vertex 15.3468 -17.6354 1.6
      vertex 15.4385 -17.6924 1.6
    endloop
  endfacet
  facet normal 0.527916 0.849297 0
    outer loop
      vertex 15.3468 -17.6354 1.6
      vertex 15.4385 -17.6924 0
      vertex 15.3468 -17.6354 0
    endloop
  endfacet
  facet normal -0.413175 0.910652 0
    outer loop
      vertex 16.9932 -17.7433 0
      vertex 16.8949 -17.7879 1.6
      vertex 16.9932 -17.7433 1.6
    endloop
  endfacet
  facet normal -0.413175 0.910652 0
    outer loop
      vertex 16.8949 -17.7879 1.6
      vertex 16.9932 -17.7433 0
      vertex 16.8949 -17.7879 0
    endloop
  endfacet
  facet normal -0.351834 0.936063 0
    outer loop
      vertex 16.8949 -17.7879 0
      vertex 16.7938 -17.8259 1.6
      vertex 16.8949 -17.7879 1.6
    endloop
  endfacet
  facet normal -0.351834 0.936063 0
    outer loop
      vertex 16.7938 -17.8259 1.6
      vertex 16.8949 -17.7879 0
      vertex 16.7938 -17.8259 0
    endloop
  endfacet
  facet normal -0.999444 0.0333457 0
    outer loop
      vertex 17.9099 -16.3714 0
      vertex 17.9135 -16.2635 1.6
      vertex 17.9135 -16.2635 0
    endloop
  endfacet
  facet normal -0.999444 0.0333457 0
    outer loop
      vertex 17.9135 -16.2635 1.6
      vertex 17.9099 -16.3714 0
      vertex 17.9099 -16.3714 1.6
    endloop
  endfacet
  facet normal 0.0323904 -0.999475 0
    outer loop
      vertex 16.1555 -14.617 0
      vertex 16.2635 -14.6135 1.6
      vertex 16.1555 -14.617 1.6
    endloop
  endfacet
  facet normal 0.0323904 -0.999475 0
    outer loop
      vertex 16.2635 -14.6135 1.6
      vertex 16.1555 -14.617 0
      vertex 16.2635 -14.6135 0
    endloop
  endfacet
  facet normal -0.227903 0.973684 0
    outer loop
      vertex 16.6905 -17.8572 0
      vertex 16.5854 -17.8818 1.6
      vertex 16.6905 -17.8572 1.6
    endloop
  endfacet
  facet normal -0.227903 0.973684 0
    outer loop
      vertex 16.5854 -17.8818 1.6
      vertex 16.6905 -17.8572 0
      vertex 16.5854 -17.8818 0
    endloop
  endfacet
  facet normal -0.289982 0.957032 0
    outer loop
      vertex 16.7938 -17.8259 0
      vertex 16.6905 -17.8572 1.6
      vertex 16.7938 -17.8259 1.6
    endloop
  endfacet
  facet normal -0.289982 0.957032 0
    outer loop
      vertex 16.6905 -17.8572 1.6
      vertex 16.7938 -17.8259 0
      vertex 16.6905 -17.8572 0
    endloop
  endfacet
  facet normal -0.352644 -0.935757 0
    outer loop
      vertex 16.7938 -14.701 0
      vertex 16.8949 -14.7391 1.6
      vertex 16.7938 -14.701 1.6
    endloop
  endfacet
  facet normal -0.352644 -0.935757 -0
    outer loop
      vertex 16.8949 -14.7391 1.6
      vertex 16.7938 -14.701 0
      vertex 16.8949 -14.7391 0
    endloop
  endfacet
  facet normal 0.412406 -0.911 0
    outer loop
      vertex 15.5337 -14.7836 0
      vertex 15.632 -14.7391 1.6
      vertex 15.5337 -14.7836 1.6
    endloop
  endfacet
  facet normal 0.412406 -0.911 0
    outer loop
      vertex 15.632 -14.7391 1.6
      vertex 15.5337 -14.7836 0
      vertex 15.632 -14.7391 0
    endloop
  endfacet
  facet normal -0.812919 -0.582376 0
    outer loop
      vertex 17.6354 -15.3468 0
      vertex 17.5725 -15.259 1.6
      vertex 17.5725 -15.259 0
    endloop
  endfacet
  facet normal -0.812919 -0.582376 0
    outer loop
      vertex 17.5725 -15.259 1.6
      vertex 17.6354 -15.3468 0
      vertex 17.6354 -15.3468 1.6
    endloop
  endfacet
  facet normal -0.162898 -0.986643 0
    outer loop
      vertex 16.4788 -14.6276 0
      vertex 16.5854 -14.6452 1.6
      vertex 16.4788 -14.6276 1.6
    endloop
  endfacet
  facet normal -0.162898 -0.986643 -0
    outer loop
      vertex 16.5854 -14.6452 1.6
      vertex 16.4788 -14.6276 0
      vertex 16.5854 -14.6452 0
    endloop
  endfacet
  facet normal 0.0333148 0.999445 -0
    outer loop
      vertex 16.2635 -17.9135 0
      vertex 16.1555 -17.9099 1.6
      vertex 16.2635 -17.9135 1.6
    endloop
  endfacet
  facet normal 0.0333148 0.999445 0
    outer loop
      vertex 16.1555 -17.9099 1.6
      vertex 16.2635 -17.9135 0
      vertex 16.1555 -17.9099 0
    endloop
  endfacet
  facet normal 0.911 0.412406 0
    outer loop
      vertex 14.7836 -16.9932 1.6
      vertex 14.7391 -16.8949 0
      vertex 14.7391 -16.8949 1.6
    endloop
  endfacet
  facet normal 0.911 0.412406 0
    outer loop
      vertex 14.7391 -16.8949 0
      vertex 14.7836 -16.9932 1.6
      vertex 14.7836 -16.9932 0
    endloop
  endfacet
  facet normal 0.935757 -0.352644 0
    outer loop
      vertex 14.701 -15.7331 1.6
      vertex 14.7391 -15.632 0
      vertex 14.7391 -15.632 1.6
    endloop
  endfacet
  facet normal 0.935757 -0.352644 0
    outer loop
      vertex 14.7391 -15.632 0
      vertex 14.701 -15.7331 1.6
      vertex 14.701 -15.7331 0
    endloop
  endfacet
  facet normal 0.999475 -0.0323904 0
    outer loop
      vertex 14.6135 -16.2635 1.6
      vertex 14.617 -16.1555 0
      vertex 14.617 -16.1555 1.6
    endloop
  endfacet
  facet normal 0.999475 -0.0323904 0
    outer loop
      vertex 14.617 -16.1555 0
      vertex 14.6135 -16.2635 1.6
      vertex 14.6135 -16.2635 0
    endloop
  endfacet
  facet normal 0.729884 0.683571 0
    outer loop
      vertex 15.0967 -17.4302 1.6
      vertex 15.0229 -17.3514 0
      vertex 15.0229 -17.3514 1.6
    endloop
  endfacet
  facet normal 0.729884 0.683571 0
    outer loop
      vertex 15.0229 -17.3514 0
      vertex 15.0967 -17.4302 1.6
      vertex 15.0967 -17.4302 0
    endloop
  endfacet
  facet normal 0.162145 0.986767 -0
    outer loop
      vertex 16.0481 -17.8993 0
      vertex 15.9416 -17.8818 1.6
      vertex 16.0481 -17.8993 1.6
    endloop
  endfacet
  facet normal 0.162145 0.986767 0
    outer loop
      vertex 15.9416 -17.8818 1.6
      vertex 16.0481 -17.8993 0
      vertex 15.9416 -17.8818 0
    endloop
  endfacet
  facet normal -0.582376 0.812919 0
    outer loop
      vertex 17.2679 -17.5725 0
      vertex 17.1801 -17.6354 1.6
      vertex 17.2679 -17.5725 1.6
    endloop
  endfacet
  facet normal -0.582376 0.812919 0
    outer loop
      vertex 17.1801 -17.6354 1.6
      vertex 17.2679 -17.5725 0
      vertex 17.1801 -17.6354 0
    endloop
  endfacet
  facet normal -0.881865 -0.471501 0
    outer loop
      vertex 17.7433 -15.5337 0
      vertex 17.6924 -15.4385 1.6
      vertex 17.6924 -15.4385 0
    endloop
  endfacet
  facet normal -0.881865 -0.471501 0
    outer loop
      vertex 17.6924 -15.4385 1.6
      vertex 17.7433 -15.5337 0
      vertex 17.7433 -15.5337 1.6
    endloop
  endfacet
  facet normal -0.995165 0.0982192 0
    outer loop
      vertex 17.8993 -16.4788 0
      vertex 17.9099 -16.3714 1.6
      vertex 17.9099 -16.3714 0
    endloop
  endfacet
  facet normal -0.995165 0.0982192 0
    outer loop
      vertex 17.9099 -16.3714 1.6
      vertex 17.8993 -16.4788 0
      vertex 17.8993 -16.4788 1.6
    endloop
  endfacet
  facet normal 0.882071 0.471117 0
    outer loop
      vertex 14.8345 -17.0885 1.6
      vertex 14.7836 -16.9932 0
      vertex 14.7836 -16.9932 1.6
    endloop
  endfacet
  facet normal 0.882071 0.471117 0
    outer loop
      vertex 14.7836 -16.9932 0
      vertex 14.8345 -17.0885 1.6
      vertex 14.8345 -17.0885 0
    endloop
  endfacet
  facet normal 0.289982 -0.957032 0
    outer loop
      vertex 15.7331 -14.701 0
      vertex 15.8364 -14.6697 1.6
      vertex 15.7331 -14.701 1.6
    endloop
  endfacet
  facet normal 0.289982 -0.957032 0
    outer loop
      vertex 15.8364 -14.6697 1.6
      vertex 15.7331 -14.701 0
      vertex 15.8364 -14.6697 0
    endloop
  endfacet
  facet normal 0.0982192 0.995165 -0
    outer loop
      vertex 16.1555 -17.9099 0
      vertex 16.0481 -17.8993 1.6
      vertex 16.1555 -17.9099 1.6
    endloop
  endfacet
  facet normal 0.0982192 0.995165 0
    outer loop
      vertex 16.0481 -17.8993 1.6
      vertex 16.1555 -17.9099 0
      vertex 16.0481 -17.8993 0
    endloop
  endfacet
  facet normal 0.995165 0.0982192 0
    outer loop
      vertex 14.6276 -16.4788 1.6
      vertex 14.617 -16.3714 0
      vertex 14.617 -16.3714 1.6
    endloop
  endfacet
  facet normal 0.995165 0.0982192 0
    outer loop
      vertex 14.617 -16.3714 0
      vertex 14.6276 -16.4788 1.6
      vertex 14.6276 -16.4788 0
    endloop
  endfacet
  facet normal 0.999474 0.0324204 0
    outer loop
      vertex 14.617 -16.3714 1.6
      vertex 14.6135 -16.2635 0
      vertex 14.6135 -16.2635 1.6
    endloop
  endfacet
  facet normal 0.999474 0.0324204 0
    outer loop
      vertex 14.6135 -16.2635 0
      vertex 14.617 -16.3714 1.6
      vertex 14.617 -16.3714 0
    endloop
  endfacet
  facet normal 0.935757 0.352644 0
    outer loop
      vertex 14.7391 -16.8949 1.6
      vertex 14.701 -16.7938 0
      vertex 14.701 -16.7938 1.6
    endloop
  endfacet
  facet normal 0.935757 0.352644 0
    outer loop
      vertex 14.701 -16.7938 0
      vertex 14.7391 -16.8949 1.6
      vertex 14.7391 -16.8949 0
    endloop
  endfacet
  facet normal 0.957032 0.289982 0
    outer loop
      vertex 14.701 -16.7938 1.6
      vertex 14.6697 -16.6905 0
      vertex 14.6697 -16.6905 1.6
    endloop
  endfacet
  facet normal 0.957032 0.289982 0
    outer loop
      vertex 14.6697 -16.6905 0
      vertex 14.701 -16.7938 1.6
      vertex 14.701 -16.7938 0
    endloop
  endfacet
  facet normal 0.957032 -0.289982 0
    outer loop
      vertex 14.6697 -15.8364 1.6
      vertex 14.701 -15.7331 0
      vertex 14.701 -15.7331 1.6
    endloop
  endfacet
  facet normal 0.957032 -0.289982 0
    outer loop
      vertex 14.701 -15.7331 0
      vertex 14.6697 -15.8364 1.6
      vertex 14.6697 -15.8364 0
    endloop
  endfacet
  facet normal 0.032714 -0.999465 0
    outer loop
      vertex 0 -27 0
      vertex 1.76588 -26.9422 1.6
      vertex 0 -27 1.6
    endloop
  endfacet
  facet normal 0.032714 -0.999465 0
    outer loop
      vertex 1.76588 -26.9422 1.6
      vertex 0 -27 0
      vertex 1.76588 -26.9422 0
    endloop
  endfacet
  facet normal 0.995184 0.0980281 0
    outer loop
      vertex 26.9422 1.76588 1.6
      vertex 26.769 3.52421 0
      vertex 26.769 3.52421 1.6
    endloop
  endfacet
  facet normal 0.995184 0.0980281 0
    outer loop
      vertex 26.769 3.52421 0
      vertex 26.9422 1.76588 1.6
      vertex 26.9422 1.76588 0
    endloop
  endfacet
  facet normal 0.999465 0.032714 0
    outer loop
      vertex 27 0 1.6
      vertex 26.9422 1.76588 0
      vertex 26.9422 1.76588 1.6
    endloop
  endfacet
  facet normal 0.999465 0.032714 0
    outer loop
      vertex 26.9422 1.76588 0
      vertex 27 0 1.6
      vertex 27 0 0
    endloop
  endfacet
  facet normal 0.986644 0.162891 0
    outer loop
      vertex 26.769 3.52421 1.6
      vertex 26.4812 5.26744 0
      vertex 26.4812 5.26744 1.6
    endloop
  endfacet
  facet normal 0.986644 0.162891 0
    outer loop
      vertex 26.4812 5.26744 0
      vertex 26.769 3.52421 1.6
      vertex 26.769 3.52421 0
    endloop
  endfacet
  facet normal 0.973877 0.227074 0
    outer loop
      vertex 26.4812 5.26744 1.6
      vertex 26.08 6.98811 0
      vertex 26.08 6.98811 1.6
    endloop
  endfacet
  facet normal 0.973877 0.227074 0
    outer loop
      vertex 26.08 6.98811 0
      vertex 26.4812 5.26744 1.6
      vertex 26.4812 5.26744 0
    endloop
  endfacet
  facet normal -0.973877 0.227074 0
    outer loop
      vertex -26.4812 5.26744 0
      vertex -26.08 6.98811 1.6
      vertex -26.08 6.98811 0
    endloop
  endfacet
  facet normal -0.973877 0.227074 0
    outer loop
      vertex -26.08 6.98811 1.6
      vertex -26.4812 5.26744 0
      vertex -26.4812 5.26744 1.6
    endloop
  endfacet
  facet normal -0.956938 -0.290292 0
    outer loop
      vertex -25.5671 -8.67887 0
      vertex -26.08 -6.98811 1.6
      vertex -26.08 -6.98811 0
    endloop
  endfacet
  facet normal -0.956938 -0.290292 0
    outer loop
      vertex -26.08 -6.98811 1.6
      vertex -25.5671 -8.67887 0
      vertex -25.5671 -8.67887 1.6
    endloop
  endfacet
  facet normal -0.956938 0.290292 0
    outer loop
      vertex -26.08 6.98811 0
      vertex -25.5671 8.67887 1.6
      vertex -25.5671 8.67887 0
    endloop
  endfacet
  facet normal -0.956938 0.290292 0
    outer loop
      vertex -25.5671 8.67887 1.6
      vertex -26.08 6.98811 0
      vertex -26.08 6.98811 1.6
    endloop
  endfacet
  facet normal 0.412677 -0.910878 0
    outer loop
      vertex 10.3325 -24.9447 0
      vertex 11.9418 -24.2156 1.6
      vertex 10.3325 -24.9447 1.6
    endloop
  endfacet
  facet normal 0.412677 -0.910878 0
    outer loop
      vertex 11.9418 -24.2156 1.6
      vertex 10.3325 -24.9447 0
      vertex 11.9418 -24.2156 0
    endloop
  endfacet
  facet normal -0.471408 0.881915 0
    outer loop
      vertex -11.9418 24.2156 0
      vertex -13.5 23.3827 1.6
      vertex -11.9418 24.2156 1.6
    endloop
  endfacet
  facet normal -0.471408 0.881915 0
    outer loop
      vertex -13.5 23.3827 1.6
      vertex -11.9418 24.2156 0
      vertex -13.5 23.3827 0
    endloop
  endfacet
  facet normal -0.58249 0.812838 0
    outer loop
      vertex -15.0004 22.4497 0
      vertex -16.4366 21.4205 1.6
      vertex -15.0004 22.4497 1.6
    endloop
  endfacet
  facet normal -0.58249 0.812838 0
    outer loop
      vertex -16.4366 21.4205 1.6
      vertex -15.0004 22.4497 0
      vertex -16.4366 21.4205 0
    endloop
  endfacet
  facet normal -0.68358 0.729876 0
    outer loop
      vertex -17.8023 20.2997 0
      vertex -19.0919 19.0919 1.6
      vertex -17.8023 20.2997 1.6
    endloop
  endfacet
  facet normal -0.68358 0.729876 0
    outer loop
      vertex -19.0919 19.0919 1.6
      vertex -17.8023 20.2997 0
      vertex -19.0919 19.0919 0
    endloop
  endfacet
  facet normal 0.162891 -0.986644 0
    outer loop
      vertex 3.52421 -26.769 0
      vertex 5.26744 -26.4812 1.6
      vertex 3.52421 -26.769 1.6
    endloop
  endfacet
  facet normal 0.162891 -0.986644 0
    outer loop
      vertex 5.26744 -26.4812 1.6
      vertex 3.52421 -26.769 0
      vertex 5.26744 -26.4812 0
    endloop
  endfacet
  facet normal 0.227074 0.973877 -0
    outer loop
      vertex 6.98811 26.08 0
      vertex 5.26744 26.4812 1.6
      vertex 6.98811 26.08 1.6
    endloop
  endfacet
  facet normal 0.227074 0.973877 0
    outer loop
      vertex 5.26744 26.4812 1.6
      vertex 6.98811 26.08 0
      vertex 5.26744 26.4812 0
    endloop
  endfacet
  facet normal 0.935903 0.352259 0
    outer loop
      vertex 25.5671 8.67887 1.6
      vertex 24.9447 10.3325 0
      vertex 24.9447 10.3325 1.6
    endloop
  endfacet
  facet normal 0.935903 0.352259 0
    outer loop
      vertex 24.9447 10.3325 0
      vertex 25.5671 8.67887 1.6
      vertex 25.5671 8.67887 0
    endloop
  endfacet
  facet normal 0.528064 0.849204 -0
    outer loop
      vertex 15.0004 22.4497 0
      vertex 13.5 23.3827 1.6
      vertex 15.0004 22.4497 1.6
    endloop
  endfacet
  facet normal 0.528064 0.849204 0
    outer loop
      vertex 13.5 23.3827 1.6
      vertex 15.0004 22.4497 0
      vertex 13.5 23.3827 0
    endloop
  endfacet
  facet normal -0.412677 -0.910878 0
    outer loop
      vertex -11.9418 -24.2156 0
      vertex -10.3325 -24.9447 1.6
      vertex -11.9418 -24.2156 1.6
    endloop
  endfacet
  facet normal -0.412677 -0.910878 -0
    outer loop
      vertex -10.3325 -24.9447 1.6
      vertex -11.9418 -24.2156 0
      vertex -10.3325 -24.9447 0
    endloop
  endfacet
  facet normal 0.290292 -0.956938 0
    outer loop
      vertex 6.98811 -26.08 0
      vertex 8.67887 -25.5671 1.6
      vertex 6.98811 -26.08 1.6
    endloop
  endfacet
  facet normal 0.290292 -0.956938 0
    outer loop
      vertex 8.67887 -25.5671 1.6
      vertex 6.98811 -26.08 0
      vertex 8.67887 -25.5671 0
    endloop
  endfacet
  facet normal -0.528064 0.849204 0
    outer loop
      vertex -13.5 23.3827 0
      vertex -15.0004 22.4497 1.6
      vertex -13.5 23.3827 1.6
    endloop
  endfacet
  facet normal -0.528064 0.849204 0
    outer loop
      vertex -15.0004 22.4497 1.6
      vertex -13.5 23.3827 0
      vertex -15.0004 22.4497 0
    endloop
  endfacet
  facet normal 0.162891 0.986644 -0
    outer loop
      vertex 5.26744 26.4812 0
      vertex 3.52421 26.769 1.6
      vertex 5.26744 26.4812 1.6
    endloop
  endfacet
  facet normal 0.162891 0.986644 0
    outer loop
      vertex 3.52421 26.769 1.6
      vertex 5.26744 26.4812 0
      vertex 3.52421 26.769 0
    endloop
  endfacet
  facet normal -0.412677 0.910878 0
    outer loop
      vertex -10.3325 24.9447 0
      vertex -11.9418 24.2156 1.6
      vertex -10.3325 24.9447 1.6
    endloop
  endfacet
  facet normal -0.412677 0.910878 0
    outer loop
      vertex -11.9418 24.2156 1.6
      vertex -10.3325 24.9447 0
      vertex -11.9418 24.2156 0
    endloop
  endfacet
  facet normal 0.412677 0.910878 -0
    outer loop
      vertex 11.9418 24.2156 0
      vertex 10.3325 24.9447 1.6
      vertex 11.9418 24.2156 1.6
    endloop
  endfacet
  facet normal 0.412677 0.910878 0
    outer loop
      vertex 10.3325 24.9447 1.6
      vertex 11.9418 24.2156 0
      vertex 10.3325 24.9447 0
    endloop
  endfacet
  facet normal 0.0980281 -0.995184 0
    outer loop
      vertex 1.76588 -26.9422 0
      vertex 3.52421 -26.769 1.6
      vertex 1.76588 -26.9422 1.6
    endloop
  endfacet
  facet normal 0.0980281 -0.995184 0
    outer loop
      vertex 3.52421 -26.769 1.6
      vertex 1.76588 -26.9422 0
      vertex 3.52421 -26.769 0
    endloop
  endfacet
  facet normal 0.956938 0.290292 0
    outer loop
      vertex 26.08 6.98811 1.6
      vertex 25.5671 8.67887 0
      vertex 25.5671 8.67887 1.6
    endloop
  endfacet
  facet normal 0.956938 0.290292 0
    outer loop
      vertex 25.5671 8.67887 0
      vertex 26.08 6.98811 1.6
      vertex 26.08 6.98811 0
    endloop
  endfacet
  facet normal -0.995184 -0.0980281 0
    outer loop
      vertex -26.769 -3.52421 0
      vertex -26.9422 -1.76588 1.6
      vertex -26.9422 -1.76588 0
    endloop
  endfacet
  facet normal -0.995184 -0.0980281 0
    outer loop
      vertex -26.9422 -1.76588 1.6
      vertex -26.769 -3.52421 0
      vertex -26.769 -3.52421 1.6
    endloop
  endfacet
  facet normal -0.995184 0.0980281 0
    outer loop
      vertex -26.9422 1.76588 0
      vertex -26.769 3.52421 1.6
      vertex -26.769 3.52421 0
    endloop
  endfacet
  facet normal -0.995184 0.0980281 0
    outer loop
      vertex -26.769 3.52421 1.6
      vertex -26.9422 1.76588 0
      vertex -26.9422 1.76588 1.6
    endloop
  endfacet
  facet normal 0.0980281 0.995184 -0
    outer loop
      vertex 3.52421 26.769 0
      vertex 1.76588 26.9422 1.6
      vertex 3.52421 26.769 1.6
    endloop
  endfacet
  facet normal 0.0980281 0.995184 0
    outer loop
      vertex 1.76588 26.9422 1.6
      vertex 3.52421 26.769 0
      vertex 1.76588 26.9422 0
    endloop
  endfacet
  facet normal -0.910878 -0.412677 0
    outer loop
      vertex -24.2156 -11.9418 0
      vertex -24.9447 -10.3325 1.6
      vertex -24.9447 -10.3325 0
    endloop
  endfacet
  facet normal -0.910878 -0.412677 0
    outer loop
      vertex -24.9447 -10.3325 1.6
      vertex -24.2156 -11.9418 0
      vertex -24.2156 -11.9418 1.6
    endloop
  endfacet
  facet normal 0.910878 0.412677 0
    outer loop
      vertex 24.9447 10.3325 1.6
      vertex 24.2156 11.9418 0
      vertex 24.2156 11.9418 1.6
    endloop
  endfacet
  facet normal 0.910878 0.412677 0
    outer loop
      vertex 24.2156 11.9418 0
      vertex 24.9447 10.3325 1.6
      vertex 24.9447 10.3325 0
    endloop
  endfacet
  facet normal -0.935903 0.352259 0
    outer loop
      vertex -25.5671 8.67887 0
      vertex -24.9447 10.3325 1.6
      vertex -24.9447 10.3325 0
    endloop
  endfacet
  facet normal -0.935903 0.352259 0
    outer loop
      vertex -24.9447 10.3325 1.6
      vertex -25.5671 8.67887 0
      vertex -25.5671 8.67887 1.6
    endloop
  endfacet
  facet normal 0.956938 -0.290292 0
    outer loop
      vertex 25.5671 -8.67887 1.6
      vertex 26.08 -6.98811 0
      vertex 26.08 -6.98811 1.6
    endloop
  endfacet
  facet normal 0.956938 -0.290292 0
    outer loop
      vertex 26.08 -6.98811 0
      vertex 25.5671 -8.67887 1.6
      vertex 25.5671 -8.67887 0
    endloop
  endfacet
  facet normal -0.849204 -0.528064 0
    outer loop
      vertex -22.4497 -15.0004 0
      vertex -23.3827 -13.5 1.6
      vertex -23.3827 -13.5 0
    endloop
  endfacet
  facet normal -0.849204 -0.528064 0
    outer loop
      vertex -23.3827 -13.5 1.6
      vertex -22.4497 -15.0004 0
      vertex -22.4497 -15.0004 1.6
    endloop
  endfacet
  facet normal 0.849204 0.528064 0
    outer loop
      vertex 23.3827 13.5 1.6
      vertex 22.4497 15.0004 0
      vertex 22.4497 15.0004 1.6
    endloop
  endfacet
  facet normal 0.849204 0.528064 0
    outer loop
      vertex 22.4497 15.0004 0
      vertex 23.3827 13.5 1.6
      vertex 23.3827 13.5 0
    endloop
  endfacet
  facet normal 0.634393 -0.773011 0
    outer loop
      vertex 16.4366 -21.4205 0
      vertex 17.8023 -20.2997 1.6
      vertex 16.4366 -21.4205 1.6
    endloop
  endfacet
  facet normal 0.634393 -0.773011 0
    outer loop
      vertex 17.8023 -20.2997 1.6
      vertex 16.4366 -21.4205 0
      vertex 17.8023 -20.2997 0
    endloop
  endfacet
  facet normal 0.471408 -0.881915 0
    outer loop
      vertex 11.9418 -24.2156 0
      vertex 13.5 -23.3827 1.6
      vertex 11.9418 -24.2156 1.6
    endloop
  endfacet
  facet normal 0.471408 -0.881915 0
    outer loop
      vertex 13.5 -23.3827 1.6
      vertex 11.9418 -24.2156 0
      vertex 13.5 -23.3827 0
    endloop
  endfacet
  facet normal -0.773011 0.634393 0
    outer loop
      vertex -21.4205 16.4366 0
      vertex -20.2997 17.8023 1.6
      vertex -20.2997 17.8023 0
    endloop
  endfacet
  facet normal -0.773011 0.634393 0
    outer loop
      vertex -20.2997 17.8023 1.6
      vertex -21.4205 16.4366 0
      vertex -21.4205 16.4366 1.6
    endloop
  endfacet
  facet normal 0.986644 -0.162891 0
    outer loop
      vertex 26.4812 -5.26744 1.6
      vertex 26.769 -3.52421 0
      vertex 26.769 -3.52421 1.6
    endloop
  endfacet
  facet normal 0.986644 -0.162891 0
    outer loop
      vertex 26.769 -3.52421 0
      vertex 26.4812 -5.26744 1.6
      vertex 26.4812 -5.26744 0
    endloop
  endfacet
  facet normal -0.352259 0.935903 0
    outer loop
      vertex -8.67887 25.5671 0
      vertex -10.3325 24.9447 1.6
      vertex -8.67887 25.5671 1.6
    endloop
  endfacet
  facet normal -0.352259 0.935903 0
    outer loop
      vertex -10.3325 24.9447 1.6
      vertex -8.67887 25.5671 0
      vertex -10.3325 24.9447 0
    endloop
  endfacet
  facet normal -0.227074 0.973877 0
    outer loop
      vertex -5.26744 26.4812 0
      vertex -6.98811 26.08 1.6
      vertex -5.26744 26.4812 1.6
    endloop
  endfacet
  facet normal -0.227074 0.973877 0
    outer loop
      vertex -6.98811 26.08 1.6
      vertex -5.26744 26.4812 0
      vertex -6.98811 26.08 0
    endloop
  endfacet
  facet normal -0.986644 0.162891 0
    outer loop
      vertex -26.769 3.52421 0
      vertex -26.4812 5.26744 1.6
      vertex -26.4812 5.26744 0
    endloop
  endfacet
  facet normal -0.986644 0.162891 0
    outer loop
      vertex -26.4812 5.26744 1.6
      vertex -26.769 3.52421 0
      vertex -26.769 3.52421 1.6
    endloop
  endfacet
  facet normal -0.773011 -0.634393 0
    outer loop
      vertex -20.2997 -17.8023 0
      vertex -21.4205 -16.4366 1.6
      vertex -21.4205 -16.4366 0
    endloop
  endfacet
  facet normal -0.773011 -0.634393 0
    outer loop
      vertex -21.4205 -16.4366 1.6
      vertex -20.2997 -17.8023 0
      vertex -20.2997 -17.8023 1.6
    endloop
  endfacet
  facet normal -0.910878 0.412677 0
    outer loop
      vertex -24.9447 10.3325 0
      vertex -24.2156 11.9418 1.6
      vertex -24.2156 11.9418 0
    endloop
  endfacet
  facet normal -0.910878 0.412677 0
    outer loop
      vertex -24.2156 11.9418 1.6
      vertex -24.9447 10.3325 0
      vertex -24.9447 10.3325 1.6
    endloop
  endfacet
  facet normal 0.812838 0.58249 0
    outer loop
      vertex 22.4497 15.0004 1.6
      vertex 21.4205 16.4366 0
      vertex 21.4205 16.4366 1.6
    endloop
  endfacet
  facet normal 0.812838 0.58249 0
    outer loop
      vertex 21.4205 16.4366 0
      vertex 22.4497 15.0004 1.6
      vertex 22.4497 15.0004 0
    endloop
  endfacet
  facet normal 0.881915 0.471408 0
    outer loop
      vertex 24.2156 11.9418 1.6
      vertex 23.3827 13.5 0
      vertex 23.3827 13.5 1.6
    endloop
  endfacet
  facet normal 0.881915 0.471408 0
    outer loop
      vertex 23.3827 13.5 0
      vertex 24.2156 11.9418 1.6
      vertex 24.2156 11.9418 0
    endloop
  endfacet
  facet normal 0.227074 -0.973877 0
    outer loop
      vertex 5.26744 -26.4812 0
      vertex 6.98811 -26.08 1.6
      vertex 5.26744 -26.4812 1.6
    endloop
  endfacet
  facet normal 0.227074 -0.973877 0
    outer loop
      vertex 6.98811 -26.08 1.6
      vertex 5.26744 -26.4812 0
      vertex 6.98811 -26.08 0
    endloop
  endfacet
  facet normal 0.58249 0.812838 -0
    outer loop
      vertex 16.4366 21.4205 0
      vertex 15.0004 22.4497 1.6
      vertex 16.4366 21.4205 1.6
    endloop
  endfacet
  facet normal 0.58249 0.812838 0
    outer loop
      vertex 15.0004 22.4497 1.6
      vertex 16.4366 21.4205 0
      vertex 15.0004 22.4497 0
    endloop
  endfacet
  facet normal 0.528064 -0.849204 0
    outer loop
      vertex 13.5 -23.3827 0
      vertex 15.0004 -22.4497 1.6
      vertex 13.5 -23.3827 1.6
    endloop
  endfacet
  facet normal 0.528064 -0.849204 0
    outer loop
      vertex 15.0004 -22.4497 1.6
      vertex 13.5 -23.3827 0
      vertex 15.0004 -22.4497 0
    endloop
  endfacet
  facet normal -0.881915 0.471408 0
    outer loop
      vertex -24.2156 11.9418 0
      vertex -23.3827 13.5 1.6
      vertex -23.3827 13.5 0
    endloop
  endfacet
  facet normal -0.881915 0.471408 0
    outer loop
      vertex -23.3827 13.5 1.6
      vertex -24.2156 11.9418 0
      vertex -24.2156 11.9418 1.6
    endloop
  endfacet
  facet normal 0 0 1
    outer loop
      vertex -10.9577 -14.2804 1.6
      vertex -14.617 -16.1555 1.6
      vertex -14.6135 -16.2635 1.6
    endloop
  endfacet
  facet normal 0 0 1
    outer loop
      vertex -13.5331 -11.8682 1.6
      vertex -14.6276 -16.0481 1.6
      vertex -14.617 -16.1555 1.6
    endloop
  endfacet
  facet normal 0 0 1
    outer loop
      vertex -13.5331 -11.8682 1.6
      vertex -14.6452 -15.9416 1.6
      vertex -14.6276 -16.0481 1.6
    endloop
  endfacet
  facet normal 0 0 1
    outer loop
      vertex -13.5331 -11.8682 1.6
      vertex -14.6697 -15.8364 1.6
      vertex -14.6452 -15.9416 1.6
    endloop
  endfacet
  facet normal 0 0 1
    outer loop
      vertex -13.5331 -11.8682 1.6
      vertex -14.701 -15.7331 1.6
      vertex -14.6697 -15.8364 1.6
    endloop
  endfacet
  facet normal 0 0 1
    outer loop
      vertex -13.5331 -11.8682 1.6
      vertex -14.7391 -15.632 1.6
      vertex -14.701 -15.7331 1.6
    endloop
  endfacet
  facet normal 0 0 1
    outer loop
      vertex -13.5331 -11.8682 1.6
      vertex -14.7836 -15.5337 1.6
      vertex -14.7391 -15.632 1.6
    endloop
  endfacet
  facet normal 0 0 1
    outer loop
      vertex -13.5331 -11.8682 1.6
      vertex -14.8345 -15.4385 1.6
      vertex -14.7836 -15.5337 1.6
    endloop
  endfacet
  facet normal 0 0 1
    outer loop
      vertex -13.5331 -11.8682 1.6
      vertex -14.8915 -15.3468 1.6
      vertex -14.8345 -15.4385 1.6
    endloop
  endfacet
  facet normal 0 0 1
    outer loop
      vertex -13.5331 -11.8682 1.6
      vertex -14.9544 -15.259 1.6
      vertex -14.8915 -15.3468 1.6
    endloop
  endfacet
  facet normal 0 0 1
    outer loop
      vertex -16.4788 -14.6276 1.6
      vertex -14.2804 -10.9577 1.6
      vertex -14.9665 -10.0003 1.6
    endloop
  endfacet
  facet normal 0 0 1
    outer loop
      vertex -13.5331 -11.8682 1.6
      vertex -15.0229 -15.1755 1.6
      vertex -14.9544 -15.259 1.6
    endloop
  endfacet
  facet normal 0 0 1
    outer loop
      vertex -13.5331 -11.8682 1.6
      vertex -15.0967 -15.0967 1.6
      vertex -15.0229 -15.1755 1.6
    endloop
  endfacet
  facet normal 0 0 1
    outer loop
      vertex -13.5331 -11.8682 1.6
      vertex -15.1755 -15.0229 1.6
      vertex -15.0967 -15.0967 1.6
    endloop
  endfacet
  facet normal 0 0 1
    outer loop
      vertex -13.5331 -11.8682 1.6
      vertex -15.259 -14.9544 1.6
      vertex -15.1755 -15.0229 1.6
    endloop
  endfacet
  facet normal 0 0 1
    outer loop
      vertex -13.5331 -11.8682 1.6
      vertex -15.3468 -14.8915 1.6
      vertex -15.259 -14.9544 1.6
    endloop
  endfacet
  facet normal 0 0 1
    outer loop
      vertex -13.5331 -11.8682 1.6
      vertex -15.4385 -14.8345 1.6
      vertex -15.3468 -14.8915 1.6
    endloop
  endfacet
  facet normal 0 0 1
    outer loop
      vertex -13.5331 -11.8682 1.6
      vertex -15.5337 -14.7836 1.6
      vertex -15.4385 -14.8345 1.6
    endloop
  endfacet
  facet normal 0 0 1
    outer loop
      vertex -16.8949 -14.7391 1.6
      vertex -14.9665 -10.0003 1.6
      vertex -15.5885 -9 1.6
    endloop
  endfacet
  facet normal 0 0 1
    outer loop
      vertex -13.5331 -11.8682 1.6
      vertex -15.632 -14.7391 1.6
      vertex -15.5337 -14.7836 1.6
    endloop
  endfacet
  facet normal 0 0 1
    outer loop
      vertex -13.5331 -11.8682 1.6
      vertex -15.7331 -14.701 1.6
      vertex -15.632 -14.7391 1.6
    endloop
  endfacet
  facet normal 0 0 1
    outer loop
      vertex -13.5331 -11.8682 1.6
      vertex -15.8364 -14.6697 1.6
      vertex -15.7331 -14.701 1.6
    endloop
  endfacet
  facet normal 0 0 1
    outer loop
      vertex -14.2804 -10.9577 1.6
      vertex -15.9416 -14.6452 1.6
      vertex -15.8364 -14.6697 1.6
    endloop
  endfacet
  facet normal 0 0 1
    outer loop
      vertex -14.2804 -10.9577 1.6
      vertex -16.0481 -14.6276 1.6
      vertex -15.9416 -14.6452 1.6
    endloop
  endfacet
  facet normal 0 0 1
    outer loop
      vertex -23.3827 -13.5 1.6
      vertex -15.5885 -9 1.6
      vertex -16.1437 -7.9612 1.6
    endloop
  endfacet
  facet normal 0 0 1
    outer loop
      vertex -14.2804 -10.9577 1.6
      vertex -16.1555 -14.617 1.6
      vertex -16.0481 -14.6276 1.6
    endloop
  endfacet
  facet normal 0 0 1
    outer loop
      vertex -14.2804 -10.9577 1.6
      vertex -16.2635 -14.6135 1.6
      vertex -16.1555 -14.617 1.6
    endloop
  endfacet
  facet normal 0 0 1
    outer loop
      vertex -14.2804 -10.9577 1.6
      vertex -16.3714 -14.617 1.6
      vertex -16.2635 -14.6135 1.6
    endloop
  endfacet
  facet normal 0 0 1
    outer loop
      vertex -14.2804 -10.9577 1.6
      vertex -16.4788 -14.6276 1.6
      vertex -16.3714 -14.617 1.6
    endloop
  endfacet
  facet normal 0 0 1
    outer loop
      vertex -14.9665 -10.0003 1.6
      vertex -16.5854 -14.6452 1.6
      vertex -16.4788 -14.6276 1.6
    endloop
  endfacet
  facet normal 0 0 1
    outer loop
      vertex -24.2156 -11.9418 1.6
      vertex -16.1437 -7.9612 1.6
      vertex -16.6298 -6.8883 1.6
    endloop
  endfacet
  facet normal 0 0 1
    outer loop
      vertex -14.9665 -10.0003 1.6
      vertex -16.6905 -14.6697 1.6
      vertex -16.5854 -14.6452 1.6
    endloop
  endfacet
  facet normal 0 0 1
    outer loop
      vertex -14.9665 -10.0003 1.6
      vertex -16.7938 -14.701 1.6
      vertex -16.6905 -14.6697 1.6
    endloop
  endfacet
  facet normal 0 0 1
    outer loop
      vertex -14.9665 -10.0003 1.6
      vertex -16.8949 -14.7391 1.6
      vertex -16.7938 -14.701 1.6
    endloop
  endfacet
  facet normal 0 0 1
    outer loop
      vertex -15.5885 -9 1.6
      vertex -16.9932 -14.7836 1.6
      vertex -16.8949 -14.7391 1.6
    endloop
  endfacet
  facet normal 0 0 1
    outer loop
      vertex -24.9447 -10.3325 1.6
      vertex -16.6298 -6.8883 1.6
      vertex -17.0447 -5.78591 1.6
    endloop
  endfacet
  facet normal 0 0 1
    outer loop
      vertex -15.5885 -9 1.6
      vertex -17.0885 -14.8345 1.6
      vertex -16.9932 -14.7836 1.6
    endloop
  endfacet
  facet normal 0 0 1
    outer loop
      vertex -16.1437 -7.9612 1.6
      vertex -24.2156 -11.9418 1.6
      vertex -23.3827 -13.5 1.6
    endloop
  endfacet
  facet normal 0 -0 1
    outer loop
      vertex -17.1801 -14.8915 1.6
      vertex -15.5885 -9 1.6
      vertex -23.3827 -13.5 1.6
    endloop
  endfacet
  facet normal 0 0 1
    outer loop
      vertex -15.5885 -9 1.6
      vertex -17.1801 -14.8915 1.6
      vertex -17.0885 -14.8345 1.6
    endloop
  endfacet
  facet normal 0 0 1
    outer loop
      vertex -25.5671 -8.67887 1.6
      vertex -17.0447 -5.78591 1.6
      vertex -17.3867 -4.65874 1.6
    endloop
  endfacet
  facet normal 0 0 1
    outer loop
      vertex -17.1801 -14.8915 1.6
      vertex -23.3827 -13.5 1.6
      vertex -17.2679 -14.9544 1.6
    endloop
  endfacet
  facet normal 0 0 1
    outer loop
      vertex -17.2679 -14.9544 1.6
      vertex -23.3827 -13.5 1.6
      vertex -17.3514 -15.0229 1.6
    endloop
  endfacet
  facet normal 0 0 1
    outer loop
      vertex -17.3514 -15.0229 1.6
      vertex -23.3827 -13.5 1.6
      vertex -17.4302 -15.0967 1.6
    endloop
  endfacet
  facet normal -0 -0 1
    outer loop
      vertex -22.4497 -15.0004 1.6
      vertex -17.4302 -15.0967 1.6
      vertex -23.3827 -13.5 1.6
    endloop
  endfacet
  facet normal 0 0 1
    outer loop
      vertex -26.08 -6.98811 1.6
      vertex -17.3867 -4.65874 1.6
      vertex -17.6541 -3.51163 1.6
    endloop
  endfacet
  facet normal 0 0 1
    outer loop
      vertex -17.4302 -15.0967 1.6
      vertex -22.4497 -15.0004 1.6
      vertex -17.504 -15.1755 1.6
    endloop
  endfacet
  facet normal 0 0 1
    outer loop
      vertex -17.504 -15.1755 1.6
      vertex -22.4497 -15.0004 1.6
      vertex -17.5725 -15.259 1.6
    endloop
  endfacet
  facet normal 0 0 1
    outer loop
      vertex -17.5725 -15.259 1.6
      vertex -22.4497 -15.0004 1.6
      vertex -17.6354 -15.3468 1.6
    endloop
  endfacet
  facet normal 0 0 1
    outer loop
      vertex -17.6354 -15.3468 1.6
      vertex -22.4497 -15.0004 1.6
      vertex -17.6924 -15.4385 1.6
    endloop
  endfacet
  facet normal 0 0 1
    outer loop
      vertex -26.4812 -5.26744 1.6
      vertex -17.6541 -3.51163 1.6
      vertex -17.846 -2.34947 1.6
    endloop
  endfacet
  facet normal 0 0 1
    outer loop
      vertex -17.6924 -15.4385 1.6
      vertex -22.4497 -15.0004 1.6
      vertex -17.7433 -15.5337 1.6
    endloop
  endfacet
  facet normal 0 -0 1
    outer loop
      vertex -21.4205 -16.4366 1.6
      vertex -17.7433 -15.5337 1.6
      vertex -22.4497 -15.0004 1.6
    endloop
  endfacet
  facet normal 0 0 1
    outer loop
      vertex -17.7433 -15.5337 1.6
      vertex -21.4205 -16.4366 1.6
      vertex -17.7879 -15.632 1.6
    endloop
  endfacet
  facet normal 0 0 1
    outer loop
      vertex -17.7879 -15.632 1.6
      vertex -21.4205 -16.4366 1.6
      vertex -17.8259 -15.7331 1.6
    endloop
  endfacet
  facet normal 0 0 1
    outer loop
      vertex -17.8259 -15.7331 1.6
      vertex -21.4205 -16.4366 1.6
      vertex -17.8572 -15.8364 1.6
    endloop
  endfacet
  facet normal 0 0 1
    outer loop
      vertex -26.769 -3.52421 1.6
      vertex -17.846 -2.34947 1.6
      vertex -17.9615 -1.17726 1.6
    endloop
  endfacet
  facet normal -0 0 1
    outer loop
      vertex -14.6697 15.8364 1.6
      vertex -11.8682 13.5331 1.6
      vertex -14.6452 15.9416 1.6
    endloop
  endfacet
  facet normal -0 0 1
    outer loop
      vertex -14.701 15.7331 1.6
      vertex -11.8682 13.5331 1.6
      vertex -14.6697 15.8364 1.6
    endloop
  endfacet
  facet normal -0 0 1
    outer loop
      vertex -14.7391 15.632 1.6
      vertex -11.8682 13.5331 1.6
      vertex -14.701 15.7331 1.6
    endloop
  endfacet
  facet normal -0 0 1
    outer loop
      vertex -14.7836 15.5337 1.6
      vertex -11.8682 13.5331 1.6
      vertex -14.7391 15.632 1.6
    endloop
  endfacet
  facet normal -0 0 1
    outer loop
      vertex -14.8345 15.4385 1.6
      vertex -11.8682 13.5331 1.6
      vertex -14.7836 15.5337 1.6
    endloop
  endfacet
  facet normal -0 0 1
    outer loop
      vertex -14.8915 15.3468 1.6
      vertex -11.8682 13.5331 1.6
      vertex -14.8345 15.4385 1.6
    endloop
  endfacet
  facet normal 0 0 1
    outer loop
      vertex -11.8682 13.5331 1.6
      vertex -14.8915 15.3468 1.6
      vertex -12.7279 12.7279 1.6
    endloop
  endfacet
  facet normal -0 0 1
    outer loop
      vertex -14.9544 15.259 1.6
      vertex -12.7279 12.7279 1.6
      vertex -14.8915 15.3468 1.6
    endloop
  endfacet
  facet normal -0 0 1
    outer loop
      vertex -15.0229 15.1755 1.6
      vertex -12.7279 12.7279 1.6
      vertex -14.9544 15.259 1.6
    endloop
  endfacet
  facet normal -0 0 1
    outer loop
      vertex -15.0967 15.0967 1.6
      vertex -12.7279 12.7279 1.6
      vertex -15.0229 15.1755 1.6
    endloop
  endfacet
  facet normal -0 0 1
    outer loop
      vertex -15.1755 15.0229 1.6
      vertex -12.7279 12.7279 1.6
      vertex -15.0967 15.0967 1.6
    endloop
  endfacet
  facet normal -0 0 1
    outer loop
      vertex -15.259 14.9544 1.6
      vertex -12.7279 12.7279 1.6
      vertex -15.1755 15.0229 1.6
    endloop
  endfacet
  facet normal -0 0 1
    outer loop
      vertex -15.3468 14.8915 1.6
      vertex -12.7279 12.7279 1.6
      vertex -15.259 14.9544 1.6
    endloop
  endfacet
  facet normal 0 0 1
    outer loop
      vertex -12.7279 12.7279 1.6
      vertex -15.3468 14.8915 1.6
      vertex -13.5331 11.8682 1.6
    endloop
  endfacet
  facet normal -0 0 1
    outer loop
      vertex -15.4385 14.8345 1.6
      vertex -13.5331 11.8682 1.6
      vertex -15.3468 14.8915 1.6
    endloop
  endfacet
  facet normal -0 0 1
    outer loop
      vertex -15.5337 14.7836 1.6
      vertex -13.5331 11.8682 1.6
      vertex -15.4385 14.8345 1.6
    endloop
  endfacet
  facet normal -0 0 1
    outer loop
      vertex -15.632 14.7391 1.6
      vertex -13.5331 11.8682 1.6
      vertex -15.5337 14.7836 1.6
    endloop
  endfacet
  facet normal -0 0 1
    outer loop
      vertex -15.7331 14.701 1.6
      vertex -13.5331 11.8682 1.6
      vertex -15.632 14.7391 1.6
    endloop
  endfacet
  facet normal -0 0 1
    outer loop
      vertex -15.8364 14.6697 1.6
      vertex -13.5331 11.8682 1.6
      vertex -15.7331 14.701 1.6
    endloop
  endfacet
  facet normal 0 0 1
    outer loop
      vertex -13.5331 11.8682 1.6
      vertex -15.8364 14.6697 1.6
      vertex -14.2804 10.9577 1.6
    endloop
  endfacet
  facet normal -0 0 1
    outer loop
      vertex -15.9416 14.6452 1.6
      vertex -14.2804 10.9577 1.6
      vertex -15.8364 14.6697 1.6
    endloop
  endfacet
  facet normal -0 0 1
    outer loop
      vertex -16.0481 14.6276 1.6
      vertex -14.2804 10.9577 1.6
      vertex -15.9416 14.6452 1.6
    endloop
  endfacet
  facet normal -0 0 1
    outer loop
      vertex -16.1555 14.617 1.6
      vertex -14.2804 10.9577 1.6
      vertex -16.0481 14.6276 1.6
    endloop
  endfacet
  facet normal -0 0 1
    outer loop
      vertex -16.2635 14.6135 1.6
      vertex -14.2804 10.9577 1.6
      vertex -16.1555 14.617 1.6
    endloop
  endfacet
  facet normal 0 0 1
    outer loop
      vertex -16.3714 14.617 1.6
      vertex -14.2804 10.9577 1.6
      vertex -16.2635 14.6135 1.6
    endloop
  endfacet
  facet normal 0 0 1
    outer loop
      vertex -16.4788 14.6276 1.6
      vertex -14.2804 10.9577 1.6
      vertex -16.3714 14.617 1.6
    endloop
  endfacet
  facet normal 0 0 1
    outer loop
      vertex -14.2804 10.9577 1.6
      vertex -16.4788 14.6276 1.6
      vertex -14.9665 10.0003 1.6
    endloop
  endfacet
  facet normal 0 0 1
    outer loop
      vertex -16.5854 14.6452 1.6
      vertex -14.9665 10.0003 1.6
      vertex -16.4788 14.6276 1.6
    endloop
  endfacet
  facet normal 0 0 1
    outer loop
      vertex -16.6905 14.6697 1.6
      vertex -14.9665 10.0003 1.6
      vertex -16.5854 14.6452 1.6
    endloop
  endfacet
  facet normal 0 0 1
    outer loop
      vertex -16.7938 14.701 1.6
      vertex -14.9665 10.0003 1.6
      vertex -16.6905 14.6697 1.6
    endloop
  endfacet
  facet normal 0 0 1
    outer loop
      vertex -16.8949 14.7391 1.6
      vertex -14.9665 10.0003 1.6
      vertex -16.7938 14.701 1.6
    endloop
  endfacet
  facet normal 0 0 1
    outer loop
      vertex -14.9665 10.0003 1.6
      vertex -16.8949 14.7391 1.6
      vertex -15.5885 9 1.6
    endloop
  endfacet
  facet normal 0 0 1
    outer loop
      vertex -16.9932 14.7836 1.6
      vertex -15.5885 9 1.6
      vertex -16.8949 14.7391 1.6
    endloop
  endfacet
  facet normal 0 0 1
    outer loop
      vertex -17.0885 14.8345 1.6
      vertex -15.5885 9 1.6
      vertex -16.9932 14.7836 1.6
    endloop
  endfacet
  facet normal 0 0 1
    outer loop
      vertex -17.1801 14.8915 1.6
      vertex -15.5885 9 1.6
      vertex -17.0885 14.8345 1.6
    endloop
  endfacet
  facet normal 0 0 1
    outer loop
      vertex -15.5885 9 1.6
      vertex -23.3827 13.5 1.6
      vertex -16.1437 7.9612 1.6
    endloop
  endfacet
  facet normal -0 0 1
    outer loop
      vertex -24.2156 11.9418 1.6
      vertex -16.1437 7.9612 1.6
      vertex -23.3827 13.5 1.6
    endloop
  endfacet
  facet normal 0 0 1
    outer loop
      vertex -15.5885 9 1.6
      vertex -17.1801 14.8915 1.6
      vertex -23.3827 13.5 1.6
    endloop
  endfacet
  facet normal 0 0 1
    outer loop
      vertex -23.3827 13.5 1.6
      vertex -17.1801 14.8915 1.6
      vertex -17.2679 14.9544 1.6
    endloop
  endfacet
  facet normal 0 0 1
    outer loop
      vertex -23.3827 13.5 1.6
      vertex -17.2679 14.9544 1.6
      vertex -17.3514 15.0229 1.6
    endloop
  endfacet
  facet normal -0 0 1
    outer loop
      vertex -24.9447 10.3325 1.6
      vertex -16.6298 6.8883 1.6
      vertex -24.2156 11.9418 1.6
    endloop
  endfacet
  facet normal 0 0 1
    outer loop
      vertex -23.3827 13.5 1.6
      vertex -17.3514 15.0229 1.6
      vertex -17.4302 15.0967 1.6
    endloop
  endfacet
  facet normal 0 0 1
    outer loop
      vertex -22.4497 15.0004 1.6
      vertex -17.4302 15.0967 1.6
      vertex -17.504 15.1755 1.6
    endloop
  endfacet
  facet normal 0 0 1
    outer loop
      vertex -22.4497 15.0004 1.6
      vertex -17.504 15.1755 1.6
      vertex -17.5725 15.259 1.6
    endloop
  endfacet
  facet normal 0 0 1
    outer loop
      vertex -22.4497 15.0004 1.6
      vertex -17.5725 15.259 1.6
      vertex -17.6354 15.3468 1.6
    endloop
  endfacet
  facet normal 0 0 1
    outer loop
      vertex -16.6298 6.8883 1.6
      vertex -24.9447 10.3325 1.6
      vertex -17.0447 5.78591 1.6
    endloop
  endfacet
  facet normal 0 0 1
    outer loop
      vertex -22.4497 15.0004 1.6
      vertex -17.6354 15.3468 1.6
      vertex -17.6924 15.4385 1.6
    endloop
  endfacet
  facet normal 0 0 1
    outer loop
      vertex -22.4497 15.0004 1.6
      vertex -17.6924 15.4385 1.6
      vertex -17.7433 15.5337 1.6
    endloop
  endfacet
  facet normal 0 0 1
    outer loop
      vertex -21.4205 16.4366 1.6
      vertex -17.7433 15.5337 1.6
      vertex -17.7879 15.632 1.6
    endloop
  endfacet
  facet normal 0 0 1
    outer loop
      vertex -21.4205 16.4366 1.6
      vertex -17.7879 15.632 1.6
      vertex -17.8259 15.7331 1.6
    endloop
  endfacet
  facet normal -0 0 1
    outer loop
      vertex -25.5671 8.67887 1.6
      vertex -17.0447 5.78591 1.6
      vertex -24.9447 10.3325 1.6
    endloop
  endfacet
  facet normal 0 0 1
    outer loop
      vertex -21.4205 16.4366 1.6
      vertex -17.8259 15.7331 1.6
      vertex -17.8572 15.8364 1.6
    endloop
  endfacet
  facet normal 0 0 1
    outer loop
      vertex -21.4205 16.4366 1.6
      vertex -17.8572 15.8364 1.6
      vertex -17.8818 15.9416 1.6
    endloop
  endfacet
  facet normal 0 0 1
    outer loop
      vertex -21.4205 16.4366 1.6
      vertex -17.8818 15.9416 1.6
      vertex -17.8993 16.0481 1.6
    endloop
  endfacet
  facet normal 0 0 1
    outer loop
      vertex -21.4205 16.4366 1.6
      vertex -17.8993 16.0481 1.6
      vertex -17.9099 16.1555 1.6
    endloop
  endfacet
  facet normal 0 0 1
    outer loop
      vertex -21.4205 16.4366 1.6
      vertex -17.9099 16.1555 1.6
      vertex -17.9135 16.2635 1.6
    endloop
  endfacet
  facet normal 0 0 1
    outer loop
      vertex -17.0447 5.78591 1.6
      vertex -25.5671 8.67887 1.6
      vertex -17.3867 4.65874 1.6
    endloop
  endfacet
  facet normal 0 0 1
    outer loop
      vertex 21.4205 -16.4366 1.6
      vertex 17.9099 -16.1555 1.6
      vertex 17.9135 -16.2635 1.6
    endloop
  endfacet
  facet normal 0 0 1
    outer loop
      vertex 24.2156 -11.9418 1.6
      vertex 17.8993 -16.0481 1.6
      vertex 17.9099 -16.1555 1.6
    endloop
  endfacet
  facet normal -0 0 1
    outer loop
      vertex 17.0447 -5.78591 1.6
      vertex 25.5671 -8.67887 1.6
      vertex 17.3867 -4.65874 1.6
    endloop
  endfacet
  facet normal 0 0 1
    outer loop
      vertex 24.2156 -11.9418 1.6
      vertex 17.8818 -15.9416 1.6
      vertex 17.8993 -16.0481 1.6
    endloop
  endfacet
  facet normal 0 0 1
    outer loop
      vertex 25.5671 -8.67887 1.6
      vertex 17.0447 -5.78591 1.6
      vertex 24.9447 -10.3325 1.6
    endloop
  endfacet
  facet normal 0 0 1
    outer loop
      vertex 24.2156 -11.9418 1.6
      vertex 17.8572 -15.8364 1.6
      vertex 17.8818 -15.9416 1.6
    endloop
  endfacet
  facet normal 0 0 1
    outer loop
      vertex 24.2156 -11.9418 1.6
      vertex 17.8259 -15.7331 1.6
      vertex 17.8572 -15.8364 1.6
    endloop
  endfacet
  facet normal -0 0 1
    outer loop
      vertex 16.6298 -6.8883 1.6
      vertex 24.9447 -10.3325 1.6
      vertex 17.0447 -5.78591 1.6
    endloop
  endfacet
  facet normal 0 0 1
    outer loop
      vertex 24.2156 -11.9418 1.6
      vertex 17.7879 -15.632 1.6
      vertex 17.8259 -15.7331 1.6
    endloop
  endfacet
  facet normal 0 0 1
    outer loop
      vertex 24.9447 -10.3325 1.6
      vertex 16.6298 -6.8883 1.6
      vertex 24.2156 -11.9418 1.6
    endloop
  endfacet
  facet normal 0 0 1
    outer loop
      vertex 24.2156 -11.9418 1.6
      vertex 17.7433 -15.5337 1.6
      vertex 17.7879 -15.632 1.6
    endloop
  endfacet
  facet normal 0 0 1
    outer loop
      vertex 24.2156 -11.9418 1.6
      vertex 17.6924 -15.4385 1.6
      vertex 17.7433 -15.5337 1.6
    endloop
  endfacet
  facet normal -0 0 1
    outer loop
      vertex 16.1437 -7.9612 1.6
      vertex 24.2156 -11.9418 1.6
      vertex 16.6298 -6.8883 1.6
    endloop
  endfacet
  facet normal 0 0 1
    outer loop
      vertex 24.2156 -11.9418 1.6
      vertex 17.6354 -15.3468 1.6
      vertex 17.6924 -15.4385 1.6
    endloop
  endfacet
  facet normal 0 0 1
    outer loop
      vertex 24.2156 -11.9418 1.6
      vertex 17.5725 -15.259 1.6
      vertex 17.6354 -15.3468 1.6
    endloop
  endfacet
  facet normal 0 0 1
    outer loop
      vertex 24.2156 -11.9418 1.6
      vertex 17.504 -15.1755 1.6
      vertex 17.5725 -15.259 1.6
    endloop
  endfacet
  facet normal -0 0 1
    outer loop
      vertex 15.5885 -9 1.6
      vertex 24.2156 -11.9418 1.6
      vertex 16.1437 -7.9612 1.6
    endloop
  endfacet
  facet normal 0 0 1
    outer loop
      vertex 24.2156 -11.9418 1.6
      vertex 17.4302 -15.0967 1.6
      vertex 17.504 -15.1755 1.6
    endloop
  endfacet
  facet normal 0 0 1
    outer loop
      vertex 24.2156 -11.9418 1.6
      vertex 17.3514 -15.0229 1.6
      vertex 17.4302 -15.0967 1.6
    endloop
  endfacet
  facet normal 0 0 1
    outer loop
      vertex 24.2156 -11.9418 1.6
      vertex 17.2679 -14.9544 1.6
      vertex 17.3514 -15.0229 1.6
    endloop
  endfacet
  facet normal 0 -0 1
    outer loop
      vertex 17.1801 -14.8915 1.6
      vertex 24.2156 -11.9418 1.6
      vertex 15.5885 -9 1.6
    endloop
  endfacet
  facet normal 0 0 1
    outer loop
      vertex 24.2156 -11.9418 1.6
      vertex 17.1801 -14.8915 1.6
      vertex 17.2679 -14.9544 1.6
    endloop
  endfacet
  facet normal 0 0 1
    outer loop
      vertex 17.1801 -14.8915 1.6
      vertex 15.5885 -9 1.6
      vertex 17.0885 -14.8345 1.6
    endloop
  endfacet
  facet normal 0 0 1
    outer loop
      vertex 17.0885 -14.8345 1.6
      vertex 15.5885 -9 1.6
      vertex 16.9932 -14.7836 1.6
    endloop
  endfacet
  facet normal 0 0 1
    outer loop
      vertex 16.9932 -14.7836 1.6
      vertex 15.5885 -9 1.6
      vertex 16.8949 -14.7391 1.6
    endloop
  endfacet
  facet normal -0 0 1
    outer loop
      vertex 14.9665 -10.0003 1.6
      vertex 16.8949 -14.7391 1.6
      vertex 15.5885 -9 1.6
    endloop
  endfacet
  facet normal 0 0 1
    outer loop
      vertex 16.8949 -14.7391 1.6
      vertex 14.9665 -10.0003 1.6
      vertex 16.7938 -14.701 1.6
    endloop
  endfacet
  facet normal 0 0 1
    outer loop
      vertex 16.7938 -14.701 1.6
      vertex 14.9665 -10.0003 1.6
      vertex 16.6905 -14.6697 1.6
    endloop
  endfacet
  facet normal 0 0 1
    outer loop
      vertex 16.6905 -14.6697 1.6
      vertex 14.9665 -10.0003 1.6
      vertex 16.5854 -14.6452 1.6
    endloop
  endfacet
  facet normal 0 0 1
    outer loop
      vertex 16.5854 -14.6452 1.6
      vertex 14.9665 -10.0003 1.6
      vertex 16.4788 -14.6276 1.6
    endloop
  endfacet
  facet normal -0 0 1
    outer loop
      vertex 14.2804 -10.9577 1.6
      vertex 16.4788 -14.6276 1.6
      vertex 14.9665 -10.0003 1.6
    endloop
  endfacet
  facet normal 0 0 1
    outer loop
      vertex 16.4788 -14.6276 1.6
      vertex 14.2804 -10.9577 1.6
      vertex 16.3714 -14.617 1.6
    endloop
  endfacet
  facet normal 0 0 1
    outer loop
      vertex 16.3714 -14.617 1.6
      vertex 14.2804 -10.9577 1.6
      vertex 16.2635 -14.6135 1.6
    endloop
  endfacet
  facet normal 0 0 1
    outer loop
      vertex 16.2635 -14.6135 1.6
      vertex 14.2804 -10.9577 1.6
      vertex 16.1555 -14.617 1.6
    endloop
  endfacet
  facet normal 0 0 1
    outer loop
      vertex 16.1555 -14.617 1.6
      vertex 14.2804 -10.9577 1.6
      vertex 16.0481 -14.6276 1.6
    endloop
  endfacet
  facet normal 0 0 1
    outer loop
      vertex 16.0481 -14.6276 1.6
      vertex 14.2804 -10.9577 1.6
      vertex 15.9416 -14.6452 1.6
    endloop
  endfacet
  facet normal 0 0 1
    outer loop
      vertex 15.9416 -14.6452 1.6
      vertex 14.2804 -10.9577 1.6
      vertex 15.8364 -14.6697 1.6
    endloop
  endfacet
  facet normal -0 0 1
    outer loop
      vertex 13.5331 -11.8682 1.6
      vertex 15.8364 -14.6697 1.6
      vertex 14.2804 -10.9577 1.6
    endloop
  endfacet
  facet normal 0 0 1
    outer loop
      vertex 15.8364 -14.6697 1.6
      vertex 13.5331 -11.8682 1.6
      vertex 15.7331 -14.701 1.6
    endloop
  endfacet
  facet normal 0 0 1
    outer loop
      vertex 15.7331 -14.701 1.6
      vertex 13.5331 -11.8682 1.6
      vertex 15.632 -14.7391 1.6
    endloop
  endfacet
  facet normal 0 0 1
    outer loop
      vertex 15.632 -14.7391 1.6
      vertex 13.5331 -11.8682 1.6
      vertex 15.5337 -14.7836 1.6
    endloop
  endfacet
  facet normal 0 0 1
    outer loop
      vertex 15.5337 -14.7836 1.6
      vertex 13.5331 -11.8682 1.6
      vertex 15.4385 -14.8345 1.6
    endloop
  endfacet
  facet normal 0 0 1
    outer loop
      vertex 15.4385 -14.8345 1.6
      vertex 13.5331 -11.8682 1.6
      vertex 15.3468 -14.8915 1.6
    endloop
  endfacet
  facet normal -0 0 1
    outer loop
      vertex 12.7279 -12.7279 1.6
      vertex 15.3468 -14.8915 1.6
      vertex 13.5331 -11.8682 1.6
    endloop
  endfacet
  facet normal 0 0 1
    outer loop
      vertex 15.3468 -14.8915 1.6
      vertex 12.7279 -12.7279 1.6
      vertex 15.259 -14.9544 1.6
    endloop
  endfacet
  facet normal 0 0 1
    outer loop
      vertex 15.259 -14.9544 1.6
      vertex 12.7279 -12.7279 1.6
      vertex 15.1755 -15.0229 1.6
    endloop
  endfacet
  facet normal 0 0 1
    outer loop
      vertex 15.1755 -15.0229 1.6
      vertex 12.7279 -12.7279 1.6
      vertex 15.0967 -15.0967 1.6
    endloop
  endfacet
  facet normal 0 0 1
    outer loop
      vertex 15.0967 -15.0967 1.6
      vertex 12.7279 -12.7279 1.6
      vertex 15.0229 -15.1755 1.6
    endloop
  endfacet
  facet normal 0 0 1
    outer loop
      vertex 15.0229 -15.1755 1.6
      vertex 12.7279 -12.7279 1.6
      vertex 14.9544 -15.259 1.6
    endloop
  endfacet
  facet normal 0 0 1
    outer loop
      vertex 14.9544 -15.259 1.6
      vertex 12.7279 -12.7279 1.6
      vertex 14.8915 -15.3468 1.6
    endloop
  endfacet
  facet normal -0 0 1
    outer loop
      vertex 11.8682 -13.5331 1.6
      vertex 14.8915 -15.3468 1.6
      vertex 12.7279 -12.7279 1.6
    endloop
  endfacet
  facet normal 0 0 1
    outer loop
      vertex 14.8915 -15.3468 1.6
      vertex 11.8682 -13.5331 1.6
      vertex 14.8345 -15.4385 1.6
    endloop
  endfacet
  facet normal 0 0 1
    outer loop
      vertex 14.8345 -15.4385 1.6
      vertex 11.8682 -13.5331 1.6
      vertex 14.7836 -15.5337 1.6
    endloop
  endfacet
  facet normal 0 0 1
    outer loop
      vertex 14.7836 -15.5337 1.6
      vertex 11.8682 -13.5331 1.6
      vertex 14.7391 -15.632 1.6
    endloop
  endfacet
  facet normal 0 0 1
    outer loop
      vertex 14.7391 -15.632 1.6
      vertex 11.8682 -13.5331 1.6
      vertex 14.701 -15.7331 1.6
    endloop
  endfacet
  facet normal 0 0 1
    outer loop
      vertex 14.6697 -15.8364 1.6
      vertex 11.8682 -13.5331 1.6
      vertex 14.6452 -15.9416 1.6
    endloop
  endfacet
  facet normal 0 0 1
    outer loop
      vertex 14.701 -15.7331 1.6
      vertex 11.8682 -13.5331 1.6
      vertex 14.6697 -15.8364 1.6
    endloop
  endfacet
  facet normal 0 0 1
    outer loop
      vertex 18 0 1.6
      vertex 27 0 1.6
      vertex 26.9422 1.76588 1.6
    endloop
  endfacet
  facet normal 0 0 1
    outer loop
      vertex 17.9615 1.17726 1.6
      vertex 26.9422 1.76588 1.6
      vertex 26.769 3.52421 1.6
    endloop
  endfacet
  facet normal 0 0 1
    outer loop
      vertex 27 0 1.6
      vertex 18 0 1.6
      vertex 26.9422 -1.76588 1.6
    endloop
  endfacet
  facet normal 0 0 1
    outer loop
      vertex 17.846 2.34947 1.6
      vertex 26.769 3.52421 1.6
      vertex 26.4812 5.26744 1.6
    endloop
  endfacet
  facet normal -0 0 1
    outer loop
      vertex 17.9615 -1.17726 1.6
      vertex 26.9422 -1.76588 1.6
      vertex 18 0 1.6
    endloop
  endfacet
  facet normal 0 0 1
    outer loop
      vertex 17.6541 3.51163 1.6
      vertex 26.4812 5.26744 1.6
      vertex 26.08 6.98811 1.6
    endloop
  endfacet
  facet normal 0 0 1
    outer loop
      vertex 26.9422 -1.76588 1.6
      vertex 17.9615 -1.17726 1.6
      vertex 26.769 -3.52421 1.6
    endloop
  endfacet
  facet normal 0 0 1
    outer loop
      vertex 17.3867 4.65874 1.6
      vertex 26.08 6.98811 1.6
      vertex 25.5671 8.67887 1.6
    endloop
  endfacet
  facet normal -0 0 1
    outer loop
      vertex 17.846 -2.34947 1.6
      vertex 26.769 -3.52421 1.6
      vertex 17.9615 -1.17726 1.6
    endloop
  endfacet
  facet normal 0 0 1
    outer loop
      vertex 17.0447 5.78591 1.6
      vertex 25.5671 8.67887 1.6
      vertex 24.9447 10.3325 1.6
    endloop
  endfacet
  facet normal 0 0 1
    outer loop
      vertex 26.769 -3.52421 1.6
      vertex 17.846 -2.34947 1.6
      vertex 26.4812 -5.26744 1.6
    endloop
  endfacet
  facet normal 0 0 1
    outer loop
      vertex 16.6298 6.8883 1.6
      vertex 24.9447 10.3325 1.6
      vertex 24.2156 11.9418 1.6
    endloop
  endfacet
  facet normal -0 0 1
    outer loop
      vertex 17.6541 -3.51163 1.6
      vertex 26.4812 -5.26744 1.6
      vertex 17.846 -2.34947 1.6
    endloop
  endfacet
  facet normal 0 0 1
    outer loop
      vertex 16.1437 7.9612 1.6
      vertex 24.2156 11.9418 1.6
      vertex 23.3827 13.5 1.6
    endloop
  endfacet
  facet normal 0 0 1
    outer loop
      vertex 26.4812 -5.26744 1.6
      vertex 17.6541 -3.51163 1.6
      vertex 26.08 -6.98811 1.6
    endloop
  endfacet
  facet normal 0 0 1
    outer loop
      vertex 17.3514 15.0229 1.6
      vertex 23.3827 13.5 1.6
      vertex 22.4497 15.0004 1.6
    endloop
  endfacet
  facet normal -0 0 1
    outer loop
      vertex 17.3867 -4.65874 1.6
      vertex 26.08 -6.98811 1.6
      vertex 17.6541 -3.51163 1.6
    endloop
  endfacet
  facet normal -0 0 1
    outer loop
      vertex 17.7433 15.5337 1.6
      vertex 22.4497 15.0004 1.6
      vertex 21.4205 16.4366 1.6
    endloop
  endfacet
  facet normal 0 0 1
    outer loop
      vertex 26.08 -6.98811 1.6
      vertex 17.3867 -4.65874 1.6
      vertex 25.5671 -8.67887 1.6
    endloop
  endfacet
  facet normal 0 0 1
    outer loop
      vertex 17.9099 16.1555 1.6
      vertex 21.4205 16.4366 1.6
      vertex 20.2997 17.8023 1.6
    endloop
  endfacet
  facet normal 0 0 1
    outer loop
      vertex 17.9099 -16.1555 1.6
      vertex 23.3827 -13.5 1.6
      vertex 24.2156 -11.9418 1.6
    endloop
  endfacet
  facet normal 0 0 1
    outer loop
      vertex 17.6924 17.0885 1.6
      vertex 20.2997 17.8023 1.6
      vertex 19.0919 19.0919 1.6
    endloop
  endfacet
  facet normal 0 0 1
    outer loop
      vertex 17.9099 -16.1555 1.6
      vertex 22.4497 -15.0004 1.6
      vertex 23.3827 -13.5 1.6
    endloop
  endfacet
  facet normal -0 0 1
    outer loop
      vertex 17.9099 -16.1555 1.6
      vertex 21.4205 -16.4366 1.6
      vertex 22.4497 -15.0004 1.6
    endloop
  endfacet
  facet normal 0 0 1
    outer loop
      vertex 26.9422 1.76588 1.6
      vertex 17.9615 1.17726 1.6
      vertex 18 0 1.6
    endloop
  endfacet
  facet normal 0 0 1
    outer loop
      vertex 20.2997 17.8023 1.6
      vertex 17.9135 16.2635 1.6
      vertex 17.9099 16.1555 1.6
    endloop
  endfacet
  facet normal 0 0 1
    outer loop
      vertex 20.2997 17.8023 1.6
      vertex 17.9099 16.3714 1.6
      vertex 17.9135 16.2635 1.6
    endloop
  endfacet
  facet normal 0 0 1
    outer loop
      vertex 20.2997 17.8023 1.6
      vertex 17.8993 16.4788 1.6
      vertex 17.9099 16.3714 1.6
    endloop
  endfacet
  facet normal 0 0 1
    outer loop
      vertex 20.2997 17.8023 1.6
      vertex 17.8818 16.5854 1.6
      vertex 17.8993 16.4788 1.6
    endloop
  endfacet
  facet normal 0 0 1
    outer loop
      vertex 20.2997 17.8023 1.6
      vertex 17.8572 16.6905 1.6
      vertex 17.8818 16.5854 1.6
    endloop
  endfacet
  facet normal 0 0 1
    outer loop
      vertex 20.2997 17.8023 1.6
      vertex 17.8259 16.7938 1.6
      vertex 17.8572 16.6905 1.6
    endloop
  endfacet
  facet normal 0 0 1
    outer loop
      vertex 17.0885 17.6924 1.6
      vertex 19.0919 19.0919 1.6
      vertex 17.8023 20.2997 1.6
    endloop
  endfacet
  facet normal 0 0 1
    outer loop
      vertex 20.2997 17.8023 1.6
      vertex 17.7879 16.8949 1.6
      vertex 17.8259 16.7938 1.6
    endloop
  endfacet
  facet normal 0 0 1
    outer loop
      vertex 20.2997 17.8023 1.6
      vertex 17.7433 16.9932 1.6
      vertex 17.7879 16.8949 1.6
    endloop
  endfacet
  facet normal 0 0 1
    outer loop
      vertex 20.2997 17.8023 1.6
      vertex 17.6924 17.0885 1.6
      vertex 17.7433 16.9932 1.6
    endloop
  endfacet
  facet normal 0 0 1
    outer loop
      vertex 19.0919 19.0919 1.6
      vertex 17.6354 17.1801 1.6
      vertex 17.6924 17.0885 1.6
    endloop
  endfacet
  facet normal 0 0 1
    outer loop
      vertex 19.0919 19.0919 1.6
      vertex 17.5725 17.2679 1.6
      vertex 17.6354 17.1801 1.6
    endloop
  endfacet
  facet normal 0 0 1
    outer loop
      vertex 19.0919 19.0919 1.6
      vertex 17.504 17.3514 1.6
      vertex 17.5725 17.2679 1.6
    endloop
  endfacet
  facet normal 0 0 1
    outer loop
      vertex 19.0919 19.0919 1.6
      vertex 17.4302 17.4302 1.6
      vertex 17.504 17.3514 1.6
    endloop
  endfacet
  facet normal 0 0 1
    outer loop
      vertex 19.0919 19.0919 1.6
      vertex 17.3514 17.504 1.6
      vertex 17.4302 17.4302 1.6
    endloop
  endfacet
  facet normal 0 0 1
    outer loop
      vertex 19.0919 19.0919 1.6
      vertex 17.2679 17.5725 1.6
      vertex 17.3514 17.504 1.6
    endloop
  endfacet
  facet normal 0 0 1
    outer loop
      vertex 19.0919 19.0919 1.6
      vertex 17.1801 17.6354 1.6
      vertex 17.2679 17.5725 1.6
    endloop
  endfacet
  facet normal 0 0 1
    outer loop
      vertex 19.0919 19.0919 1.6
      vertex 17.0885 17.6924 1.6
      vertex 17.1801 17.6354 1.6
    endloop
  endfacet
  facet normal 0 0 1
    outer loop
      vertex 17.8023 20.2997 1.6
      vertex 16.9932 17.7433 1.6
      vertex 17.0885 17.6924 1.6
    endloop
  endfacet
  facet normal 0 0 1
    outer loop
      vertex 17.8023 20.2997 1.6
      vertex 16.8949 17.7879 1.6
      vertex 16.9932 17.7433 1.6
    endloop
  endfacet
  facet normal 0 0 1
    outer loop
      vertex 17.8023 20.2997 1.6
      vertex 16.7938 17.8259 1.6
      vertex 16.8949 17.7879 1.6
    endloop
  endfacet
  facet normal 0 0 1
    outer loop
      vertex 17.8023 20.2997 1.6
      vertex 16.6905 17.8572 1.6
      vertex 16.7938 17.8259 1.6
    endloop
  endfacet
  facet normal 0 0 1
    outer loop
      vertex 17.8023 20.2997 1.6
      vertex 16.5854 17.8818 1.6
      vertex 16.6905 17.8572 1.6
    endloop
  endfacet
  facet normal 0 0 1
    outer loop
      vertex 17.8023 20.2997 1.6
      vertex 16.4788 17.8993 1.6
      vertex 16.5854 17.8818 1.6
    endloop
  endfacet
  facet normal 0 0 1
    outer loop
      vertex 16.2635 17.9135 1.6
      vertex 17.8023 20.2997 1.6
      vertex 16.4366 21.4205 1.6
    endloop
  endfacet
  facet normal 0 0 1
    outer loop
      vertex 17.8023 20.2997 1.6
      vertex 16.3714 17.9099 1.6
      vertex 16.4788 17.8993 1.6
    endloop
  endfacet
  facet normal 0 0 1
    outer loop
      vertex 17.8023 20.2997 1.6
      vertex 16.2635 17.9135 1.6
      vertex 16.3714 17.9099 1.6
    endloop
  endfacet
  facet normal 0 0 1
    outer loop
      vertex 16.4366 21.4205 1.6
      vertex 16.1555 17.9099 1.6
      vertex 16.2635 17.9135 1.6
    endloop
  endfacet
  facet normal 0 0 1
    outer loop
      vertex 16.4366 21.4205 1.6
      vertex 16.0481 17.8993 1.6
      vertex 16.1555 17.9099 1.6
    endloop
  endfacet
  facet normal 0 0 1
    outer loop
      vertex 16.4366 21.4205 1.6
      vertex 15.9416 17.8818 1.6
      vertex 16.0481 17.8993 1.6
    endloop
  endfacet
  facet normal 0 0 1
    outer loop
      vertex 16.4366 21.4205 1.6
      vertex 15.8364 17.8572 1.6
      vertex 15.9416 17.8818 1.6
    endloop
  endfacet
  facet normal 0 0 1
    outer loop
      vertex 16.4366 21.4205 1.6
      vertex 15.7331 17.8259 1.6
      vertex 15.8364 17.8572 1.6
    endloop
  endfacet
  facet normal 0 0 1
    outer loop
      vertex 16.4366 21.4205 1.6
      vertex 15.632 17.7879 1.6
      vertex 15.7331 17.8259 1.6
    endloop
  endfacet
  facet normal 0 0 1
    outer loop
      vertex 16.4366 21.4205 1.6
      vertex 15.5337 17.7433 1.6
      vertex 15.632 17.7879 1.6
    endloop
  endfacet
  facet normal 0 0 1
    outer loop
      vertex 15.0004 22.4497 1.6
      vertex 15.5337 17.7433 1.6
      vertex 16.4366 21.4205 1.6
    endloop
  endfacet
  facet normal 0 0 1
    outer loop
      vertex 15.5337 17.7433 1.6
      vertex 15.0004 22.4497 1.6
      vertex 15.4385 17.6924 1.6
    endloop
  endfacet
  facet normal 0 0 1
    outer loop
      vertex 15.4385 17.6924 1.6
      vertex 15.0004 22.4497 1.6
      vertex 15.3468 17.6354 1.6
    endloop
  endfacet
  facet normal 0 0 1
    outer loop
      vertex 15.3468 17.6354 1.6
      vertex 15.0004 22.4497 1.6
      vertex 15.259 17.5725 1.6
    endloop
  endfacet
  facet normal 0 0 1
    outer loop
      vertex 15.259 17.5725 1.6
      vertex 15.0004 22.4497 1.6
      vertex 15.1755 17.504 1.6
    endloop
  endfacet
  facet normal 0 0 1
    outer loop
      vertex 15.1755 17.504 1.6
      vertex 15.0004 22.4497 1.6
      vertex 15.0967 17.4302 1.6
    endloop
  endfacet
  facet normal 0 0 1
    outer loop
      vertex 15.0967 17.4302 1.6
      vertex 15.0004 22.4497 1.6
      vertex 15.0229 17.3514 1.6
    endloop
  endfacet
  facet normal 0 0 1
    outer loop
      vertex 13.5 23.3827 1.6
      vertex 15.0229 17.3514 1.6
      vertex 15.0004 22.4497 1.6
    endloop
  endfacet
  facet normal 0 0 1
    outer loop
      vertex 15.0229 17.3514 1.6
      vertex 13.5 23.3827 1.6
      vertex 14.9544 17.2679 1.6
    endloop
  endfacet
  facet normal 0 0 1
    outer loop
      vertex 14.9544 17.2679 1.6
      vertex 13.5 23.3827 1.6
      vertex 14.8915 17.1801 1.6
    endloop
  endfacet
  facet normal 0 0 1
    outer loop
      vertex 9 15.5885 1.6
      vertex 14.8915 17.1801 1.6
      vertex 13.5 23.3827 1.6
    endloop
  endfacet
  facet normal 0 0 1
    outer loop
      vertex 14.8915 17.1801 1.6
      vertex 9 15.5885 1.6
      vertex 14.8345 17.0885 1.6
    endloop
  endfacet
  facet normal 0 0 1
    outer loop
      vertex 14.8345 17.0885 1.6
      vertex 9 15.5885 1.6
      vertex 14.7836 16.9932 1.6
    endloop
  endfacet
  facet normal 0 0 1
    outer loop
      vertex 14.7836 16.9932 1.6
      vertex 9 15.5885 1.6
      vertex 14.7391 16.8949 1.6
    endloop
  endfacet
  facet normal 0 -0 1
    outer loop
      vertex 10.0003 14.9665 1.6
      vertex 14.7391 16.8949 1.6
      vertex 9 15.5885 1.6
    endloop
  endfacet
  facet normal 0 0 1
    outer loop
      vertex 14.7391 16.8949 1.6
      vertex 10.0003 14.9665 1.6
      vertex 14.701 16.7938 1.6
    endloop
  endfacet
  facet normal 0 0 1
    outer loop
      vertex 14.701 16.7938 1.6
      vertex 10.0003 14.9665 1.6
      vertex 14.6697 16.6905 1.6
    endloop
  endfacet
  facet normal 0 0 1
    outer loop
      vertex 10.9577 14.2804 1.6
      vertex 14.6135 16.2635 1.6
      vertex 14.617 16.3714 1.6
    endloop
  endfacet
  facet normal 0 0 1
    outer loop
      vertex 14.6135 16.2635 1.6
      vertex 13.5331 11.8682 1.6
      vertex 14.2804 10.9577 1.6
    endloop
  endfacet
  facet normal 0 0 1
    outer loop
      vertex 14.6697 16.6905 1.6
      vertex 10.0003 14.9665 1.6
      vertex 14.6452 16.5854 1.6
    endloop
  endfacet
  facet normal 0 0 1
    outer loop
      vertex 14.6452 16.5854 1.6
      vertex 10.0003 14.9665 1.6
      vertex 14.6276 16.4788 1.6
    endloop
  endfacet
  facet normal 0 0 1
    outer loop
      vertex 14.6135 16.2635 1.6
      vertex 12.7279 12.7279 1.6
      vertex 13.5331 11.8682 1.6
    endloop
  endfacet
  facet normal 0 0 1
    outer loop
      vertex 9 15.5885 1.6
      vertex 13.5 23.3827 1.6
      vertex 11.9418 24.2156 1.6
    endloop
  endfacet
  facet normal 0 0 1
    outer loop
      vertex 14.6135 16.2635 1.6
      vertex 11.8682 13.5331 1.6
      vertex 12.7279 12.7279 1.6
    endloop
  endfacet
  facet normal 0 0 1
    outer loop
      vertex 14.6135 16.2635 1.6
      vertex 10.9577 14.2804 1.6
      vertex 11.8682 13.5331 1.6
    endloop
  endfacet
  facet normal 0 0 1
    outer loop
      vertex 7.9612 16.1437 1.6
      vertex 11.9418 24.2156 1.6
      vertex 10.3325 24.9447 1.6
    endloop
  endfacet
  facet normal 0 0 1
    outer loop
      vertex 14.6276 16.4788 1.6
      vertex 10.9577 14.2804 1.6
      vertex 14.617 16.3714 1.6
    endloop
  endfacet
  facet normal 0 -0 1
    outer loop
      vertex 10.9577 14.2804 1.6
      vertex 14.6276 16.4788 1.6
      vertex 10.0003 14.9665 1.6
    endloop
  endfacet
  facet normal 0 0 1
    outer loop
      vertex 6.8883 16.6298 1.6
      vertex 10.3325 24.9447 1.6
      vertex 8.67887 25.5671 1.6
    endloop
  endfacet
  facet normal 0 0 1
    outer loop
      vertex 11.9418 24.2156 1.6
      vertex 7.9612 16.1437 1.6
      vertex 9 15.5885 1.6
    endloop
  endfacet
  facet normal 0 0 1
    outer loop
      vertex 5.78591 17.0447 1.6
      vertex 8.67887 25.5671 1.6
      vertex 6.98811 26.08 1.6
    endloop
  endfacet
  facet normal 0 0 1
    outer loop
      vertex 10.3325 24.9447 1.6
      vertex 6.8883 16.6298 1.6
      vertex 7.9612 16.1437 1.6
    endloop
  endfacet
  facet normal 0 0 1
    outer loop
      vertex 8.67887 25.5671 1.6
      vertex 5.78591 17.0447 1.6
      vertex 6.8883 16.6298 1.6
    endloop
  endfacet
  facet normal 0 0 1
    outer loop
      vertex 4.65874 17.3867 1.6
      vertex 6.98811 26.08 1.6
      vertex 5.26744 26.4812 1.6
    endloop
  endfacet
  facet normal 0 0 1
    outer loop
      vertex 6.98811 26.08 1.6
      vertex 4.65874 17.3867 1.6
      vertex 5.78591 17.0447 1.6
    endloop
  endfacet
  facet normal 0 0 1
    outer loop
      vertex 3.51163 17.6541 1.6
      vertex 5.26744 26.4812 1.6
      vertex 3.52421 26.769 1.6
    endloop
  endfacet
  facet normal 0 0 1
    outer loop
      vertex 5.26744 26.4812 1.6
      vertex 3.51163 17.6541 1.6
      vertex 4.65874 17.3867 1.6
    endloop
  endfacet
  facet normal 0 0 1
    outer loop
      vertex 3.52421 26.769 1.6
      vertex 2.34947 17.846 1.6
      vertex 3.51163 17.6541 1.6
    endloop
  endfacet
  facet normal 0 0 1
    outer loop
      vertex 1.76588 26.9422 1.6
      vertex 2.34947 17.846 1.6
      vertex 3.52421 26.769 1.6
    endloop
  endfacet
  facet normal 0 0 1
    outer loop
      vertex 1.76588 26.9422 1.6
      vertex 1.17726 17.9615 1.6
      vertex 2.34947 17.846 1.6
    endloop
  endfacet
  facet normal 0 0 1
    outer loop
      vertex 0 27 1.6
      vertex 1.17726 17.9615 1.6
      vertex 1.76588 26.9422 1.6
    endloop
  endfacet
  facet normal 0 0 1
    outer loop
      vertex 0 27 1.6
      vertex 0 18 1.6
      vertex 1.17726 17.9615 1.6
    endloop
  endfacet
  facet normal 0 0 1
    outer loop
      vertex 0 27 1.6
      vertex -1.17726 17.9615 1.6
      vertex 0 18 1.6
    endloop
  endfacet
  facet normal -0 0 1
    outer loop
      vertex -1.76588 26.9422 1.6
      vertex -1.17726 17.9615 1.6
      vertex 0 27 1.6
    endloop
  endfacet
  facet normal 0 0 1
    outer loop
      vertex -1.76588 26.9422 1.6
      vertex -2.34947 17.846 1.6
      vertex -1.17726 17.9615 1.6
    endloop
  endfacet
  facet normal -0 0 1
    outer loop
      vertex -3.52421 26.769 1.6
      vertex -2.34947 17.846 1.6
      vertex -1.76588 26.9422 1.6
    endloop
  endfacet
  facet normal 0 0 1
    outer loop
      vertex -2.34947 17.846 1.6
      vertex -3.52421 26.769 1.6
      vertex -3.51163 17.6541 1.6
    endloop
  endfacet
  facet normal -0 0 1
    outer loop
      vertex -5.26744 26.4812 1.6
      vertex -3.51163 17.6541 1.6
      vertex -3.52421 26.769 1.6
    endloop
  endfacet
  facet normal 0 0 1
    outer loop
      vertex -3.51163 17.6541 1.6
      vertex -5.26744 26.4812 1.6
      vertex -4.65874 17.3867 1.6
    endloop
  endfacet
  facet normal -0 0 1
    outer loop
      vertex -6.98811 26.08 1.6
      vertex -4.65874 17.3867 1.6
      vertex -5.26744 26.4812 1.6
    endloop
  endfacet
  facet normal 0 0 1
    outer loop
      vertex -4.65874 17.3867 1.6
      vertex -6.98811 26.08 1.6
      vertex -5.78591 17.0447 1.6
    endloop
  endfacet
  facet normal -0 0 1
    outer loop
      vertex -8.67887 25.5671 1.6
      vertex -5.78591 17.0447 1.6
      vertex -6.98811 26.08 1.6
    endloop
  endfacet
  facet normal 0 0 1
    outer loop
      vertex -5.78591 17.0447 1.6
      vertex -8.67887 25.5671 1.6
      vertex -6.8883 16.6298 1.6
    endloop
  endfacet
  facet normal -0 0 1
    outer loop
      vertex -10.3325 24.9447 1.6
      vertex -6.8883 16.6298 1.6
      vertex -8.67887 25.5671 1.6
    endloop
  endfacet
  facet normal 0 0 1
    outer loop
      vertex -6.8883 16.6298 1.6
      vertex -10.3325 24.9447 1.6
      vertex -7.9612 16.1437 1.6
    endloop
  endfacet
  facet normal -0 0 1
    outer loop
      vertex -11.9418 24.2156 1.6
      vertex -7.9612 16.1437 1.6
      vertex -10.3325 24.9447 1.6
    endloop
  endfacet
  facet normal 0 0 1
    outer loop
      vertex -7.9612 16.1437 1.6
      vertex -11.9418 24.2156 1.6
      vertex -9 15.5885 1.6
    endloop
  endfacet
  facet normal -0 0 1
    outer loop
      vertex -13.5 23.3827 1.6
      vertex -9 15.5885 1.6
      vertex -11.9418 24.2156 1.6
    endloop
  endfacet
  facet normal -0 0 1
    outer loop
      vertex -14.8915 17.1801 1.6
      vertex -9 15.5885 1.6
      vertex -13.5 23.3827 1.6
    endloop
  endfacet
  facet normal 0 0 1
    outer loop
      vertex -9 15.5885 1.6
      vertex -14.7391 16.8949 1.6
      vertex -10.0003 14.9665 1.6
    endloop
  endfacet
  facet normal -0 -0 1
    outer loop
      vertex -14.6452 16.5854 1.6
      vertex -10.0003 14.9665 1.6
      vertex -14.6697 16.6905 1.6
    endloop
  endfacet
  facet normal -0 -0 1
    outer loop
      vertex -14.7836 16.9932 1.6
      vertex -9 15.5885 1.6
      vertex -14.8345 17.0885 1.6
    endloop
  endfacet
  facet normal -0 -0 1
    outer loop
      vertex -14.617 16.3714 1.6
      vertex -10.9577 14.2804 1.6
      vertex -14.6276 16.4788 1.6
    endloop
  endfacet
  facet normal -0 0 1
    outer loop
      vertex -14.6276 16.0481 1.6
      vertex -10.9577 14.2804 1.6
      vertex -14.617 16.1555 1.6
    endloop
  endfacet
  facet normal 0 0 1
    outer loop
      vertex -10.9577 14.2804 1.6
      vertex -14.6452 15.9416 1.6
      vertex -11.8682 13.5331 1.6
    endloop
  endfacet
  facet normal -0 0 1
    outer loop
      vertex -14.6452 15.9416 1.6
      vertex -10.9577 14.2804 1.6
      vertex -14.6276 16.0481 1.6
    endloop
  endfacet
  facet normal -0 0 1
    outer loop
      vertex -14.617 16.1555 1.6
      vertex -10.9577 14.2804 1.6
      vertex -14.6135 16.2635 1.6
    endloop
  endfacet
  facet normal -0 -0 1
    outer loop
      vertex -14.6135 16.2635 1.6
      vertex -10.9577 14.2804 1.6
      vertex -14.617 16.3714 1.6
    endloop
  endfacet
  facet normal 0 0 1
    outer loop
      vertex -10.0003 14.9665 1.6
      vertex -14.6276 16.4788 1.6
      vertex -10.9577 14.2804 1.6
    endloop
  endfacet
  facet normal -0 -0 1
    outer loop
      vertex -14.6276 16.4788 1.6
      vertex -10.0003 14.9665 1.6
      vertex -14.6452 16.5854 1.6
    endloop
  endfacet
  facet normal -0 -0 1
    outer loop
      vertex -14.6697 16.6905 1.6
      vertex -10.0003 14.9665 1.6
      vertex -14.701 16.7938 1.6
    endloop
  endfacet
  facet normal -0 -0 1
    outer loop
      vertex -14.701 16.7938 1.6
      vertex -10.0003 14.9665 1.6
      vertex -14.7391 16.8949 1.6
    endloop
  endfacet
  facet normal -0 -0 1
    outer loop
      vertex -14.7391 16.8949 1.6
      vertex -9 15.5885 1.6
      vertex -14.7836 16.9932 1.6
    endloop
  endfacet
  facet normal 0 0 1
    outer loop
      vertex -9 15.5885 1.6
      vertex -14.8915 17.1801 1.6
      vertex -14.8345 17.0885 1.6
    endloop
  endfacet
  facet normal 0 0 1
    outer loop
      vertex -13.5 23.3827 1.6
      vertex -14.9544 17.2679 1.6
      vertex -14.8915 17.1801 1.6
    endloop
  endfacet
  facet normal 0 0 1
    outer loop
      vertex -15.0229 17.3514 1.6
      vertex -13.5 23.3827 1.6
      vertex -15.0004 22.4497 1.6
    endloop
  endfacet
  facet normal 0 0 1
    outer loop
      vertex -13.5 23.3827 1.6
      vertex -15.0229 17.3514 1.6
      vertex -14.9544 17.2679 1.6
    endloop
  endfacet
  facet normal 0 0 1
    outer loop
      vertex -15.0004 22.4497 1.6
      vertex -15.0967 17.4302 1.6
      vertex -15.0229 17.3514 1.6
    endloop
  endfacet
  facet normal 0 0 1
    outer loop
      vertex -15.0004 22.4497 1.6
      vertex -15.1755 17.504 1.6
      vertex -15.0967 17.4302 1.6
    endloop
  endfacet
  facet normal 0 0 1
    outer loop
      vertex -15.0004 22.4497 1.6
      vertex -15.259 17.5725 1.6
      vertex -15.1755 17.504 1.6
    endloop
  endfacet
  facet normal 0 0 1
    outer loop
      vertex -15.0004 22.4497 1.6
      vertex -15.3468 17.6354 1.6
      vertex -15.259 17.5725 1.6
    endloop
  endfacet
  facet normal 0 0 1
    outer loop
      vertex -15.0004 22.4497 1.6
      vertex -15.4385 17.6924 1.6
      vertex -15.3468 17.6354 1.6
    endloop
  endfacet
  facet normal 0 0 1
    outer loop
      vertex -15.0004 22.4497 1.6
      vertex -15.5337 17.7433 1.6
      vertex -15.4385 17.6924 1.6
    endloop
  endfacet
  facet normal -0 0 1
    outer loop
      vertex -16.4366 21.4205 1.6
      vertex -15.5337 17.7433 1.6
      vertex -15.0004 22.4497 1.6
    endloop
  endfacet
  facet normal 0 0 1
    outer loop
      vertex -15.5337 17.7433 1.6
      vertex -16.4366 21.4205 1.6
      vertex -15.632 17.7879 1.6
    endloop
  endfacet
  facet normal 0 0 1
    outer loop
      vertex -15.632 17.7879 1.6
      vertex -16.4366 21.4205 1.6
      vertex -15.7331 17.8259 1.6
    endloop
  endfacet
  facet normal 0 0 1
    outer loop
      vertex -15.7331 17.8259 1.6
      vertex -16.4366 21.4205 1.6
      vertex -15.8364 17.8572 1.6
    endloop
  endfacet
  facet normal 0 0 1
    outer loop
      vertex -15.8364 17.8572 1.6
      vertex -16.4366 21.4205 1.6
      vertex -15.9416 17.8818 1.6
    endloop
  endfacet
  facet normal 0 0 1
    outer loop
      vertex -15.9416 17.8818 1.6
      vertex -16.4366 21.4205 1.6
      vertex -16.0481 17.8993 1.6
    endloop
  endfacet
  facet normal 0 0 1
    outer loop
      vertex -16.0481 17.8993 1.6
      vertex -16.4366 21.4205 1.6
      vertex -16.1555 17.9099 1.6
    endloop
  endfacet
  facet normal 0 0 1
    outer loop
      vertex -16.1555 17.9099 1.6
      vertex -16.4366 21.4205 1.6
      vertex -16.2635 17.9135 1.6
    endloop
  endfacet
  facet normal -0 0 1
    outer loop
      vertex -17.8023 20.2997 1.6
      vertex -16.2635 17.9135 1.6
      vertex -16.4366 21.4205 1.6
    endloop
  endfacet
  facet normal 0 0 1
    outer loop
      vertex -16.2635 17.9135 1.6
      vertex -17.8023 20.2997 1.6
      vertex -16.3714 17.9099 1.6
    endloop
  endfacet
  facet normal 0 0 1
    outer loop
      vertex -16.3714 17.9099 1.6
      vertex -17.8023 20.2997 1.6
      vertex -16.4788 17.8993 1.6
    endloop
  endfacet
  facet normal 0 0 1
    outer loop
      vertex -16.4788 17.8993 1.6
      vertex -17.8023 20.2997 1.6
      vertex -16.5854 17.8818 1.6
    endloop
  endfacet
  facet normal 0 0 1
    outer loop
      vertex -16.5854 17.8818 1.6
      vertex -17.8023 20.2997 1.6
      vertex -16.6905 17.8572 1.6
    endloop
  endfacet
  facet normal 0 0 1
    outer loop
      vertex -16.6905 17.8572 1.6
      vertex -17.8023 20.2997 1.6
      vertex -16.7938 17.8259 1.6
    endloop
  endfacet
  facet normal 0 0 1
    outer loop
      vertex -16.7938 17.8259 1.6
      vertex -17.8023 20.2997 1.6
      vertex -16.8949 17.7879 1.6
    endloop
  endfacet
  facet normal 0 0 1
    outer loop
      vertex -16.8949 17.7879 1.6
      vertex -17.8023 20.2997 1.6
      vertex -16.9932 17.7433 1.6
    endloop
  endfacet
  facet normal 0 0 1
    outer loop
      vertex -16.9932 17.7433 1.6
      vertex -17.8023 20.2997 1.6
      vertex -17.0885 17.6924 1.6
    endloop
  endfacet
  facet normal -0 0 1
    outer loop
      vertex -19.0919 19.0919 1.6
      vertex -17.0885 17.6924 1.6
      vertex -17.8023 20.2997 1.6
    endloop
  endfacet
  facet normal 0 0 1
    outer loop
      vertex -17.0885 17.6924 1.6
      vertex -19.0919 19.0919 1.6
      vertex -17.1801 17.6354 1.6
    endloop
  endfacet
  facet normal 0 0 1
    outer loop
      vertex -17.1801 17.6354 1.6
      vertex -19.0919 19.0919 1.6
      vertex -17.2679 17.5725 1.6
    endloop
  endfacet
  facet normal 0 0 1
    outer loop
      vertex -17.2679 17.5725 1.6
      vertex -19.0919 19.0919 1.6
      vertex -17.3514 17.504 1.6
    endloop
  endfacet
  facet normal 0 0 1
    outer loop
      vertex -17.3514 17.504 1.6
      vertex -19.0919 19.0919 1.6
      vertex -17.4302 17.4302 1.6
    endloop
  endfacet
  facet normal 0 0 1
    outer loop
      vertex -17.4302 17.4302 1.6
      vertex -19.0919 19.0919 1.6
      vertex -17.504 17.3514 1.6
    endloop
  endfacet
  facet normal 0 0 1
    outer loop
      vertex -17.504 17.3514 1.6
      vertex -19.0919 19.0919 1.6
      vertex -17.5725 17.2679 1.6
    endloop
  endfacet
  facet normal 0 0 1
    outer loop
      vertex -17.5725 17.2679 1.6
      vertex -19.0919 19.0919 1.6
      vertex -17.6354 17.1801 1.6
    endloop
  endfacet
  facet normal 0 0 1
    outer loop
      vertex -17.6354 17.1801 1.6
      vertex -19.0919 19.0919 1.6
      vertex -17.6924 17.0885 1.6
    endloop
  endfacet
  facet normal -0 0 1
    outer loop
      vertex -20.2997 17.8023 1.6
      vertex -17.6924 17.0885 1.6
      vertex -19.0919 19.0919 1.6
    endloop
  endfacet
  facet normal 0 0 1
    outer loop
      vertex -17.6924 17.0885 1.6
      vertex -20.2997 17.8023 1.6
      vertex -17.7433 16.9932 1.6
    endloop
  endfacet
  facet normal 0 0 1
    outer loop
      vertex -17.7433 16.9932 1.6
      vertex -20.2997 17.8023 1.6
      vertex -17.7879 16.8949 1.6
    endloop
  endfacet
  facet normal 0 0 1
    outer loop
      vertex -17.7879 16.8949 1.6
      vertex -20.2997 17.8023 1.6
      vertex -17.8259 16.7938 1.6
    endloop
  endfacet
  facet normal 0 0 1
    outer loop
      vertex -17.8259 16.7938 1.6
      vertex -20.2997 17.8023 1.6
      vertex -17.8572 16.6905 1.6
    endloop
  endfacet
  facet normal 0 0 1
    outer loop
      vertex -17.8572 16.6905 1.6
      vertex -20.2997 17.8023 1.6
      vertex -17.8818 16.5854 1.6
    endloop
  endfacet
  facet normal 0 0 1
    outer loop
      vertex -17.8818 16.5854 1.6
      vertex -20.2997 17.8023 1.6
      vertex -17.8993 16.4788 1.6
    endloop
  endfacet
  facet normal -0 0 1
    outer loop
      vertex -26.08 6.98811 1.6
      vertex -17.3867 4.65874 1.6
      vertex -25.5671 8.67887 1.6
    endloop
  endfacet
  facet normal 0 0 1
    outer loop
      vertex -17.9099 16.3714 1.6
      vertex -20.2997 17.8023 1.6
      vertex -17.9135 16.2635 1.6
    endloop
  endfacet
  facet normal 0 0 1
    outer loop
      vertex -17.8993 16.4788 1.6
      vertex -20.2997 17.8023 1.6
      vertex -17.9099 16.3714 1.6
    endloop
  endfacet
  facet normal 0 0 1
    outer loop
      vertex 21.4205 -16.4366 1.6
      vertex 17.9135 -16.2635 1.6
      vertex 20.2997 -17.8023 1.6
    endloop
  endfacet
  facet normal -0 0 1
    outer loop
      vertex 17.9099 -16.3714 1.6
      vertex 20.2997 -17.8023 1.6
      vertex 17.9135 -16.2635 1.6
    endloop
  endfacet
  facet normal -0 0 1
    outer loop
      vertex 17.8993 -16.4788 1.6
      vertex 20.2997 -17.8023 1.6
      vertex 17.9099 -16.3714 1.6
    endloop
  endfacet
  facet normal -0 0 1
    outer loop
      vertex 17.8818 -16.5854 1.6
      vertex 20.2997 -17.8023 1.6
      vertex 17.8993 -16.4788 1.6
    endloop
  endfacet
  facet normal -0 0 1
    outer loop
      vertex 17.8572 -16.6905 1.6
      vertex 20.2997 -17.8023 1.6
      vertex 17.8818 -16.5854 1.6
    endloop
  endfacet
  facet normal -0 0 1
    outer loop
      vertex 17.8259 -16.7938 1.6
      vertex 20.2997 -17.8023 1.6
      vertex 17.8572 -16.6905 1.6
    endloop
  endfacet
  facet normal -0 0 1
    outer loop
      vertex 17.7879 -16.8949 1.6
      vertex 20.2997 -17.8023 1.6
      vertex 17.8259 -16.7938 1.6
    endloop
  endfacet
  facet normal -0 0 1
    outer loop
      vertex 17.7433 -16.9932 1.6
      vertex 20.2997 -17.8023 1.6
      vertex 17.7879 -16.8949 1.6
    endloop
  endfacet
  facet normal -0 0 1
    outer loop
      vertex 17.6924 -17.0885 1.6
      vertex 20.2997 -17.8023 1.6
      vertex 17.7433 -16.9932 1.6
    endloop
  endfacet
  facet normal 0 0 1
    outer loop
      vertex 20.2997 -17.8023 1.6
      vertex 17.6924 -17.0885 1.6
      vertex 19.0919 -19.0919 1.6
    endloop
  endfacet
  facet normal -0 0 1
    outer loop
      vertex 17.6354 -17.1801 1.6
      vertex 19.0919 -19.0919 1.6
      vertex 17.6924 -17.0885 1.6
    endloop
  endfacet
  facet normal -0 0 1
    outer loop
      vertex 17.5725 -17.2679 1.6
      vertex 19.0919 -19.0919 1.6
      vertex 17.6354 -17.1801 1.6
    endloop
  endfacet
  facet normal -0 0 1
    outer loop
      vertex 17.504 -17.3514 1.6
      vertex 19.0919 -19.0919 1.6
      vertex 17.5725 -17.2679 1.6
    endloop
  endfacet
  facet normal -0 0 1
    outer loop
      vertex 17.4302 -17.4302 1.6
      vertex 19.0919 -19.0919 1.6
      vertex 17.504 -17.3514 1.6
    endloop
  endfacet
  facet normal -0 0 1
    outer loop
      vertex 17.3514 -17.504 1.6
      vertex 19.0919 -19.0919 1.6
      vertex 17.4302 -17.4302 1.6
    endloop
  endfacet
  facet normal -0 0 1
    outer loop
      vertex 17.2679 -17.5725 1.6
      vertex 19.0919 -19.0919 1.6
      vertex 17.3514 -17.504 1.6
    endloop
  endfacet
  facet normal -0 0 1
    outer loop
      vertex 17.1801 -17.6354 1.6
      vertex 19.0919 -19.0919 1.6
      vertex 17.2679 -17.5725 1.6
    endloop
  endfacet
  facet normal -0 0 1
    outer loop
      vertex 17.0885 -17.6924 1.6
      vertex 19.0919 -19.0919 1.6
      vertex 17.1801 -17.6354 1.6
    endloop
  endfacet
  facet normal 0 0 1
    outer loop
      vertex 19.0919 -19.0919 1.6
      vertex 17.0885 -17.6924 1.6
      vertex 17.8023 -20.2997 1.6
    endloop
  endfacet
  facet normal -0 0 1
    outer loop
      vertex 16.9932 -17.7433 1.6
      vertex 17.8023 -20.2997 1.6
      vertex 17.0885 -17.6924 1.6
    endloop
  endfacet
  facet normal -0 0 1
    outer loop
      vertex 16.8949 -17.7879 1.6
      vertex 17.8023 -20.2997 1.6
      vertex 16.9932 -17.7433 1.6
    endloop
  endfacet
  facet normal -0 0 1
    outer loop
      vertex 16.7938 -17.8259 1.6
      vertex 17.8023 -20.2997 1.6
      vertex 16.8949 -17.7879 1.6
    endloop
  endfacet
  facet normal -0 0 1
    outer loop
      vertex 16.6905 -17.8572 1.6
      vertex 17.8023 -20.2997 1.6
      vertex 16.7938 -17.8259 1.6
    endloop
  endfacet
  facet normal -0 0 1
    outer loop
      vertex 16.5854 -17.8818 1.6
      vertex 17.8023 -20.2997 1.6
      vertex 16.6905 -17.8572 1.6
    endloop
  endfacet
  facet normal -0 0 1
    outer loop
      vertex 16.4788 -17.8993 1.6
      vertex 17.8023 -20.2997 1.6
      vertex 16.5854 -17.8818 1.6
    endloop
  endfacet
  facet normal -0 0 1
    outer loop
      vertex 16.3714 -17.9099 1.6
      vertex 17.8023 -20.2997 1.6
      vertex 16.4788 -17.8993 1.6
    endloop
  endfacet
  facet normal -0 0 1
    outer loop
      vertex 16.2635 -17.9135 1.6
      vertex 17.8023 -20.2997 1.6
      vertex 16.3714 -17.9099 1.6
    endloop
  endfacet
  facet normal 0 0 1
    outer loop
      vertex 17.8023 -20.2997 1.6
      vertex 16.2635 -17.9135 1.6
      vertex 16.4366 -21.4205 1.6
    endloop
  endfacet
  facet normal 0 0 1
    outer loop
      vertex 16.1555 -17.9099 1.6
      vertex 16.4366 -21.4205 1.6
      vertex 16.2635 -17.9135 1.6
    endloop
  endfacet
  facet normal 0 0 1
    outer loop
      vertex 16.0481 -17.8993 1.6
      vertex 16.4366 -21.4205 1.6
      vertex 16.1555 -17.9099 1.6
    endloop
  endfacet
  facet normal 0 0 1
    outer loop
      vertex 15.9416 -17.8818 1.6
      vertex 16.4366 -21.4205 1.6
      vertex 16.0481 -17.8993 1.6
    endloop
  endfacet
  facet normal 0 0 1
    outer loop
      vertex 15.8364 -17.8572 1.6
      vertex 16.4366 -21.4205 1.6
      vertex 15.9416 -17.8818 1.6
    endloop
  endfacet
  facet normal 0 0 1
    outer loop
      vertex 15.7331 -17.8259 1.6
      vertex 16.4366 -21.4205 1.6
      vertex 15.8364 -17.8572 1.6
    endloop
  endfacet
  facet normal 0 0 1
    outer loop
      vertex 15.632 -17.7879 1.6
      vertex 16.4366 -21.4205 1.6
      vertex 15.7331 -17.8259 1.6
    endloop
  endfacet
  facet normal 0 0 1
    outer loop
      vertex 15.5337 -17.7433 1.6
      vertex 16.4366 -21.4205 1.6
      vertex 15.632 -17.7879 1.6
    endloop
  endfacet
  facet normal 0 0 1
    outer loop
      vertex 15.0004 -22.4497 1.6
      vertex 15.5337 -17.7433 1.6
      vertex 15.4385 -17.6924 1.6
    endloop
  endfacet
  facet normal 0 0 1
    outer loop
      vertex 15.0004 -22.4497 1.6
      vertex 15.4385 -17.6924 1.6
      vertex 15.3468 -17.6354 1.6
    endloop
  endfacet
  facet normal 0 0 1
    outer loop
      vertex 15.0004 -22.4497 1.6
      vertex 15.3468 -17.6354 1.6
      vertex 15.259 -17.5725 1.6
    endloop
  endfacet
  facet normal 0 0 1
    outer loop
      vertex 15.0004 -22.4497 1.6
      vertex 15.259 -17.5725 1.6
      vertex 15.1755 -17.504 1.6
    endloop
  endfacet
  facet normal 0 0 1
    outer loop
      vertex 15.0004 -22.4497 1.6
      vertex 15.1755 -17.504 1.6
      vertex 15.0967 -17.4302 1.6
    endloop
  endfacet
  facet normal 0 0 1
    outer loop
      vertex 15.0004 -22.4497 1.6
      vertex 15.0967 -17.4302 1.6
      vertex 15.0229 -17.3514 1.6
    endloop
  endfacet
  facet normal 0 0 1
    outer loop
      vertex 15.5337 -17.7433 1.6
      vertex 15.0004 -22.4497 1.6
      vertex 16.4366 -21.4205 1.6
    endloop
  endfacet
  facet normal 0 0 1
    outer loop
      vertex 13.5 -23.3827 1.6
      vertex 15.0229 -17.3514 1.6
      vertex 14.9544 -17.2679 1.6
    endloop
  endfacet
  facet normal 0 0 1
    outer loop
      vertex 13.5 -23.3827 1.6
      vertex 14.9544 -17.2679 1.6
      vertex 14.8915 -17.1801 1.6
    endloop
  endfacet
  facet normal 0 0 1
    outer loop
      vertex 9 -15.5885 1.6
      vertex 14.8915 -17.1801 1.6
      vertex 14.8345 -17.0885 1.6
    endloop
  endfacet
  facet normal 0 0 1
    outer loop
      vertex 9 -15.5885 1.6
      vertex 14.8345 -17.0885 1.6
      vertex 14.7836 -16.9932 1.6
    endloop
  endfacet
  facet normal 0 0 1
    outer loop
      vertex 9 -15.5885 1.6
      vertex 14.7836 -16.9932 1.6
      vertex 14.7391 -16.8949 1.6
    endloop
  endfacet
  facet normal 0 0 1
    outer loop
      vertex 10.0003 -14.9665 1.6
      vertex 14.7391 -16.8949 1.6
      vertex 14.701 -16.7938 1.6
    endloop
  endfacet
  facet normal 0 0 1
    outer loop
      vertex 10.0003 -14.9665 1.6
      vertex 14.701 -16.7938 1.6
      vertex 14.6697 -16.6905 1.6
    endloop
  endfacet
  facet normal 0 0 1
    outer loop
      vertex 10.0003 -14.9665 1.6
      vertex 14.6697 -16.6905 1.6
      vertex 14.6452 -16.5854 1.6
    endloop
  endfacet
  facet normal 0 0 1
    outer loop
      vertex 10.0003 -14.9665 1.6
      vertex 14.6452 -16.5854 1.6
      vertex 14.6276 -16.4788 1.6
    endloop
  endfacet
  facet normal 0 0 1
    outer loop
      vertex 10.9577 -14.2804 1.6
      vertex 14.6276 -16.4788 1.6
      vertex 14.617 -16.3714 1.6
    endloop
  endfacet
  facet normal -0 0 1
    outer loop
      vertex 10.9577 -14.2804 1.6
      vertex 14.6452 -15.9416 1.6
      vertex 11.8682 -13.5331 1.6
    endloop
  endfacet
  facet normal 0 0 1
    outer loop
      vertex 14.6452 -15.9416 1.6
      vertex 10.9577 -14.2804 1.6
      vertex 14.6276 -16.0481 1.6
    endloop
  endfacet
  facet normal 0 0 1
    outer loop
      vertex 14.6276 -16.0481 1.6
      vertex 10.9577 -14.2804 1.6
      vertex 14.617 -16.1555 1.6
    endloop
  endfacet
  facet normal 0 0 1
    outer loop
      vertex 14.617 -16.1555 1.6
      vertex 10.9577 -14.2804 1.6
      vertex 14.6135 -16.2635 1.6
    endloop
  endfacet
  facet normal 0 0 1
    outer loop
      vertex 14.6135 -16.2635 1.6
      vertex 10.9577 -14.2804 1.6
      vertex 14.617 -16.3714 1.6
    endloop
  endfacet
  facet normal 0 0 1
    outer loop
      vertex 14.6276 -16.4788 1.6
      vertex 10.9577 -14.2804 1.6
      vertex 10.0003 -14.9665 1.6
    endloop
  endfacet
  facet normal 0 0 1
    outer loop
      vertex 14.7391 -16.8949 1.6
      vertex 10.0003 -14.9665 1.6
      vertex 9 -15.5885 1.6
    endloop
  endfacet
  facet normal 0 0 1
    outer loop
      vertex 15.0229 -17.3514 1.6
      vertex 13.5 -23.3827 1.6
      vertex 15.0004 -22.4497 1.6
    endloop
  endfacet
  facet normal 0 0 1
    outer loop
      vertex 14.8915 -17.1801 1.6
      vertex 9 -15.5885 1.6
      vertex 13.5 -23.3827 1.6
    endloop
  endfacet
  facet normal 0 0 1
    outer loop
      vertex 13.5 -23.3827 1.6
      vertex 9 -15.5885 1.6
      vertex 11.9418 -24.2156 1.6
    endloop
  endfacet
  facet normal -0 0 1
    outer loop
      vertex 7.9612 -16.1437 1.6
      vertex 11.9418 -24.2156 1.6
      vertex 9 -15.5885 1.6
    endloop
  endfacet
  facet normal 0 0 1
    outer loop
      vertex 11.9418 -24.2156 1.6
      vertex 7.9612 -16.1437 1.6
      vertex 10.3325 -24.9447 1.6
    endloop
  endfacet
  facet normal -0 0 1
    outer loop
      vertex 6.8883 -16.6298 1.6
      vertex 10.3325 -24.9447 1.6
      vertex 7.9612 -16.1437 1.6
    endloop
  endfacet
  facet normal 0 0 1
    outer loop
      vertex 10.3325 -24.9447 1.6
      vertex 6.8883 -16.6298 1.6
      vertex 8.67887 -25.5671 1.6
    endloop
  endfacet
  facet normal -0 0 1
    outer loop
      vertex 5.78591 -17.0447 1.6
      vertex 8.67887 -25.5671 1.6
      vertex 6.8883 -16.6298 1.6
    endloop
  endfacet
  facet normal 0 0 1
    outer loop
      vertex 8.67887 -25.5671 1.6
      vertex 5.78591 -17.0447 1.6
      vertex 6.98811 -26.08 1.6
    endloop
  endfacet
  facet normal -0 0 1
    outer loop
      vertex 4.65874 -17.3867 1.6
      vertex 6.98811 -26.08 1.6
      vertex 5.78591 -17.0447 1.6
    endloop
  endfacet
  facet normal 0 0 1
    outer loop
      vertex 6.98811 -26.08 1.6
      vertex 4.65874 -17.3867 1.6
      vertex 5.26744 -26.4812 1.6
    endloop
  endfacet
  facet normal -0 0 1
    outer loop
      vertex 3.51163 -17.6541 1.6
      vertex 5.26744 -26.4812 1.6
      vertex 4.65874 -17.3867 1.6
    endloop
  endfacet
  facet normal 0 0 1
    outer loop
      vertex 5.26744 -26.4812 1.6
      vertex 3.51163 -17.6541 1.6
      vertex 3.52421 -26.769 1.6
    endloop
  endfacet
  facet normal -0 0 1
    outer loop
      vertex 2.34947 -17.846 1.6
      vertex 3.52421 -26.769 1.6
      vertex 3.51163 -17.6541 1.6
    endloop
  endfacet
  facet normal 0 0 1
    outer loop
      vertex 2.34947 -17.846 1.6
      vertex 1.76588 -26.9422 1.6
      vertex 3.52421 -26.769 1.6
    endloop
  endfacet
  facet normal -0 0 1
    outer loop
      vertex 1.17726 -17.9615 1.6
      vertex 1.76588 -26.9422 1.6
      vertex 2.34947 -17.846 1.6
    endloop
  endfacet
  facet normal -0 0 1
    outer loop
      vertex 0 -18 1.6
      vertex 1.76588 -26.9422 1.6
      vertex 1.17726 -17.9615 1.6
    endloop
  endfacet
  facet normal 0 0 1
    outer loop
      vertex 0 -18 1.6
      vertex 0 -27 1.6
      vertex 1.76588 -26.9422 1.6
    endloop
  endfacet
  facet normal 0 0 1
    outer loop
      vertex -1.17726 -17.9615 1.6
      vertex 0 -27 1.6
      vertex 0 -18 1.6
    endloop
  endfacet
  facet normal 0 0 1
    outer loop
      vertex -1.17726 -17.9615 1.6
      vertex -1.76588 -26.9422 1.6
      vertex 0 -27 1.6
    endloop
  endfacet
  facet normal 0 0 1
    outer loop
      vertex -2.34947 -17.846 1.6
      vertex -1.76588 -26.9422 1.6
      vertex -1.17726 -17.9615 1.6
    endloop
  endfacet
  facet normal 0 0 1
    outer loop
      vertex -3.52421 -26.769 1.6
      vertex -2.34947 -17.846 1.6
      vertex -3.51163 -17.6541 1.6
    endloop
  endfacet
  facet normal 0 0 1
    outer loop
      vertex -2.34947 -17.846 1.6
      vertex -3.52421 -26.769 1.6
      vertex -1.76588 -26.9422 1.6
    endloop
  endfacet
  facet normal 0 0 1
    outer loop
      vertex -5.26744 -26.4812 1.6
      vertex -3.51163 -17.6541 1.6
      vertex -4.65874 -17.3867 1.6
    endloop
  endfacet
  facet normal 0 0 1
    outer loop
      vertex -3.51163 -17.6541 1.6
      vertex -5.26744 -26.4812 1.6
      vertex -3.52421 -26.769 1.6
    endloop
  endfacet
  facet normal 0 0 1
    outer loop
      vertex -6.98811 -26.08 1.6
      vertex -4.65874 -17.3867 1.6
      vertex -5.78591 -17.0447 1.6
    endloop
  endfacet
  facet normal 0 0 1
    outer loop
      vertex -8.67887 -25.5671 1.6
      vertex -5.78591 -17.0447 1.6
      vertex -6.8883 -16.6298 1.6
    endloop
  endfacet
  facet normal 0 0 1
    outer loop
      vertex -4.65874 -17.3867 1.6
      vertex -6.98811 -26.08 1.6
      vertex -5.26744 -26.4812 1.6
    endloop
  endfacet
  facet normal 0 0 1
    outer loop
      vertex -10.3325 -24.9447 1.6
      vertex -6.8883 -16.6298 1.6
      vertex -7.9612 -16.1437 1.6
    endloop
  endfacet
  facet normal 0 0 1
    outer loop
      vertex -5.78591 -17.0447 1.6
      vertex -8.67887 -25.5671 1.6
      vertex -6.98811 -26.08 1.6
    endloop
  endfacet
  facet normal 0 0 1
    outer loop
      vertex -11.9418 -24.2156 1.6
      vertex -7.9612 -16.1437 1.6
      vertex -9 -15.5885 1.6
    endloop
  endfacet
  facet normal 0 0 1
    outer loop
      vertex -14.7391 -16.8949 1.6
      vertex -9 -15.5885 1.6
      vertex -10.0003 -14.9665 1.6
    endloop
  endfacet
  facet normal 0 0 1
    outer loop
      vertex -6.8883 -16.6298 1.6
      vertex -10.3325 -24.9447 1.6
      vertex -8.67887 -25.5671 1.6
    endloop
  endfacet
  facet normal 0 0 1
    outer loop
      vertex -14.6276 -16.4788 1.6
      vertex -10.0003 -14.9665 1.6
      vertex -10.9577 -14.2804 1.6
    endloop
  endfacet
  facet normal 0 0 1
    outer loop
      vertex -14.617 -16.1555 1.6
      vertex -10.9577 -14.2804 1.6
      vertex -11.8682 -13.5331 1.6
    endloop
  endfacet
  facet normal 0 0 1
    outer loop
      vertex -7.9612 -16.1437 1.6
      vertex -11.9418 -24.2156 1.6
      vertex -10.3325 -24.9447 1.6
    endloop
  endfacet
  facet normal 0 0 1
    outer loop
      vertex -14.617 -16.1555 1.6
      vertex -11.8682 -13.5331 1.6
      vertex -12.7279 -12.7279 1.6
    endloop
  endfacet
  facet normal 0 0 1
    outer loop
      vertex -10.0003 -14.9665 1.6
      vertex -14.6452 -16.5854 1.6
      vertex -14.6697 -16.6905 1.6
    endloop
  endfacet
  facet normal 0 0 1
    outer loop
      vertex -14.617 -16.1555 1.6
      vertex -12.7279 -12.7279 1.6
      vertex -13.5331 -11.8682 1.6
    endloop
  endfacet
  facet normal 0 0 1
    outer loop
      vertex -15.8364 -14.6697 1.6
      vertex -13.5331 -11.8682 1.6
      vertex -14.2804 -10.9577 1.6
    endloop
  endfacet
  facet normal 0 0 1
    outer loop
      vertex -10.9577 -14.2804 1.6
      vertex -14.6135 -16.2635 1.6
      vertex -14.617 -16.3714 1.6
    endloop
  endfacet
  facet normal 0 0 1
    outer loop
      vertex -10.9577 -14.2804 1.6
      vertex -14.617 -16.3714 1.6
      vertex -14.6276 -16.4788 1.6
    endloop
  endfacet
  facet normal 0 0 1
    outer loop
      vertex -10.0003 -14.9665 1.6
      vertex -14.6276 -16.4788 1.6
      vertex -14.6452 -16.5854 1.6
    endloop
  endfacet
  facet normal 0 0 1
    outer loop
      vertex -10.0003 -14.9665 1.6
      vertex -14.6697 -16.6905 1.6
      vertex -14.701 -16.7938 1.6
    endloop
  endfacet
  facet normal 0 0 1
    outer loop
      vertex -10.0003 -14.9665 1.6
      vertex -14.701 -16.7938 1.6
      vertex -14.7391 -16.8949 1.6
    endloop
  endfacet
  facet normal 0 0 1
    outer loop
      vertex -9 -15.5885 1.6
      vertex -14.7391 -16.8949 1.6
      vertex -14.7836 -16.9932 1.6
    endloop
  endfacet
  facet normal 0 0 1
    outer loop
      vertex -9 -15.5885 1.6
      vertex -14.7836 -16.9932 1.6
      vertex -14.8345 -17.0885 1.6
    endloop
  endfacet
  facet normal 0 0 1
    outer loop
      vertex -9 -15.5885 1.6
      vertex -13.5 -23.3827 1.6
      vertex -11.9418 -24.2156 1.6
    endloop
  endfacet
  facet normal 0 0 1
    outer loop
      vertex -14.8915 -17.1801 1.6
      vertex -9 -15.5885 1.6
      vertex -14.8345 -17.0885 1.6
    endloop
  endfacet
  facet normal 0 0 1
    outer loop
      vertex -9 -15.5885 1.6
      vertex -14.8915 -17.1801 1.6
      vertex -13.5 -23.3827 1.6
    endloop
  endfacet
  facet normal -0 0 1
    outer loop
      vertex -14.9544 -17.2679 1.6
      vertex -13.5 -23.3827 1.6
      vertex -14.8915 -17.1801 1.6
    endloop
  endfacet
  facet normal -0 0 1
    outer loop
      vertex -15.0229 -17.3514 1.6
      vertex -13.5 -23.3827 1.6
      vertex -14.9544 -17.2679 1.6
    endloop
  endfacet
  facet normal 0 0 1
    outer loop
      vertex -13.5 -23.3827 1.6
      vertex -15.0229 -17.3514 1.6
      vertex -15.0004 -22.4497 1.6
    endloop
  endfacet
  facet normal -0 0 1
    outer loop
      vertex -15.0967 -17.4302 1.6
      vertex -15.0004 -22.4497 1.6
      vertex -15.0229 -17.3514 1.6
    endloop
  endfacet
  facet normal -0 0 1
    outer loop
      vertex -15.1755 -17.504 1.6
      vertex -15.0004 -22.4497 1.6
      vertex -15.0967 -17.4302 1.6
    endloop
  endfacet
  facet normal -0 0 1
    outer loop
      vertex -15.259 -17.5725 1.6
      vertex -15.0004 -22.4497 1.6
      vertex -15.1755 -17.504 1.6
    endloop
  endfacet
  facet normal -0 0 1
    outer loop
      vertex -15.3468 -17.6354 1.6
      vertex -15.0004 -22.4497 1.6
      vertex -15.259 -17.5725 1.6
    endloop
  endfacet
  facet normal -0 0 1
    outer loop
      vertex -15.4385 -17.6924 1.6
      vertex -15.0004 -22.4497 1.6
      vertex -15.3468 -17.6354 1.6
    endloop
  endfacet
  facet normal -0 0 1
    outer loop
      vertex -15.5337 -17.7433 1.6
      vertex -15.0004 -22.4497 1.6
      vertex -15.4385 -17.6924 1.6
    endloop
  endfacet
  facet normal 0 0 1
    outer loop
      vertex -16.4366 -21.4205 1.6
      vertex -15.5337 -17.7433 1.6
      vertex -15.632 -17.7879 1.6
    endloop
  endfacet
  facet normal 0 0 1
    outer loop
      vertex -16.4366 -21.4205 1.6
      vertex -15.632 -17.7879 1.6
      vertex -15.7331 -17.8259 1.6
    endloop
  endfacet
  facet normal 0 0 1
    outer loop
      vertex -16.4366 -21.4205 1.6
      vertex -15.7331 -17.8259 1.6
      vertex -15.8364 -17.8572 1.6
    endloop
  endfacet
  facet normal 0 0 1
    outer loop
      vertex -16.4366 -21.4205 1.6
      vertex -15.8364 -17.8572 1.6
      vertex -15.9416 -17.8818 1.6
    endloop
  endfacet
  facet normal 0 0 1
    outer loop
      vertex -16.4366 -21.4205 1.6
      vertex -15.9416 -17.8818 1.6
      vertex -16.0481 -17.8993 1.6
    endloop
  endfacet
  facet normal 0 0 1
    outer loop
      vertex -16.4366 -21.4205 1.6
      vertex -16.0481 -17.8993 1.6
      vertex -16.1555 -17.9099 1.6
    endloop
  endfacet
  facet normal 0 0 1
    outer loop
      vertex -16.4366 -21.4205 1.6
      vertex -16.1555 -17.9099 1.6
      vertex -16.2635 -17.9135 1.6
    endloop
  endfacet
  facet normal 0 0 1
    outer loop
      vertex -17.8023 -20.2997 1.6
      vertex -16.2635 -17.9135 1.6
      vertex -16.3714 -17.9099 1.6
    endloop
  endfacet
  facet normal 0 0 1
    outer loop
      vertex -15.5337 -17.7433 1.6
      vertex -16.4366 -21.4205 1.6
      vertex -15.0004 -22.4497 1.6
    endloop
  endfacet
  facet normal 0 0 1
    outer loop
      vertex -17.8023 -20.2997 1.6
      vertex -16.3714 -17.9099 1.6
      vertex -16.4788 -17.8993 1.6
    endloop
  endfacet
  facet normal 0 0 1
    outer loop
      vertex -17.8023 -20.2997 1.6
      vertex -16.4788 -17.8993 1.6
      vertex -16.5854 -17.8818 1.6
    endloop
  endfacet
  facet normal 0 0 1
    outer loop
      vertex -17.8023 -20.2997 1.6
      vertex -16.5854 -17.8818 1.6
      vertex -16.6905 -17.8572 1.6
    endloop
  endfacet
  facet normal 0 0 1
    outer loop
      vertex -17.8023 -20.2997 1.6
      vertex -16.6905 -17.8572 1.6
      vertex -16.7938 -17.8259 1.6
    endloop
  endfacet
  facet normal 0 0 1
    outer loop
      vertex -17.8023 -20.2997 1.6
      vertex -16.7938 -17.8259 1.6
      vertex -16.8949 -17.7879 1.6
    endloop
  endfacet
  facet normal 0 0 1
    outer loop
      vertex -17.8023 -20.2997 1.6
      vertex -16.8949 -17.7879 1.6
      vertex -16.9932 -17.7433 1.6
    endloop
  endfacet
  facet normal 0 0 1
    outer loop
      vertex -17.8023 -20.2997 1.6
      vertex -16.9932 -17.7433 1.6
      vertex -17.0885 -17.6924 1.6
    endloop
  endfacet
  facet normal 0 0 1
    outer loop
      vertex -19.0919 -19.0919 1.6
      vertex -17.0885 -17.6924 1.6
      vertex -17.1801 -17.6354 1.6
    endloop
  endfacet
  facet normal 0 0 1
    outer loop
      vertex -19.0919 -19.0919 1.6
      vertex -17.1801 -17.6354 1.6
      vertex -17.2679 -17.5725 1.6
    endloop
  endfacet
  facet normal 0 0 1
    outer loop
      vertex -19.0919 -19.0919 1.6
      vertex -17.2679 -17.5725 1.6
      vertex -17.3514 -17.504 1.6
    endloop
  endfacet
  facet normal 0 0 1
    outer loop
      vertex -19.0919 -19.0919 1.6
      vertex -17.3514 -17.504 1.6
      vertex -17.4302 -17.4302 1.6
    endloop
  endfacet
  facet normal 0 0 1
    outer loop
      vertex -19.0919 -19.0919 1.6
      vertex -17.4302 -17.4302 1.6
      vertex -17.504 -17.3514 1.6
    endloop
  endfacet
  facet normal 0 0 1
    outer loop
      vertex -19.0919 -19.0919 1.6
      vertex -17.504 -17.3514 1.6
      vertex -17.5725 -17.2679 1.6
    endloop
  endfacet
  facet normal 0 0 1
    outer loop
      vertex -19.0919 -19.0919 1.6
      vertex -17.5725 -17.2679 1.6
      vertex -17.6354 -17.1801 1.6
    endloop
  endfacet
  facet normal 0 0 1
    outer loop
      vertex -19.0919 -19.0919 1.6
      vertex -17.6354 -17.1801 1.6
      vertex -17.6924 -17.0885 1.6
    endloop
  endfacet
  facet normal 0 0 1
    outer loop
      vertex -20.2997 -17.8023 1.6
      vertex -17.6924 -17.0885 1.6
      vertex -17.7433 -16.9932 1.6
    endloop
  endfacet
  facet normal 0 0 1
    outer loop
      vertex -20.2997 -17.8023 1.6
      vertex -17.7433 -16.9932 1.6
      vertex -17.7879 -16.8949 1.6
    endloop
  endfacet
  facet normal 0 0 1
    outer loop
      vertex -16.2635 -17.9135 1.6
      vertex -17.8023 -20.2997 1.6
      vertex -16.4366 -21.4205 1.6
    endloop
  endfacet
  facet normal 0 0 1
    outer loop
      vertex -20.2997 -17.8023 1.6
      vertex -17.7879 -16.8949 1.6
      vertex -17.8259 -16.7938 1.6
    endloop
  endfacet
  facet normal 0 0 1
    outer loop
      vertex -20.2997 -17.8023 1.6
      vertex -17.8259 -16.7938 1.6
      vertex -17.8572 -16.6905 1.6
    endloop
  endfacet
  facet normal 0 0 1
    outer loop
      vertex -20.2997 -17.8023 1.6
      vertex -17.8572 -16.6905 1.6
      vertex -17.8818 -16.5854 1.6
    endloop
  endfacet
  facet normal 0 0 1
    outer loop
      vertex -20.2997 -17.8023 1.6
      vertex -17.8818 -16.5854 1.6
      vertex -17.8993 -16.4788 1.6
    endloop
  endfacet
  facet normal 0 0 1
    outer loop
      vertex -20.2997 -17.8023 1.6
      vertex -17.8993 -16.4788 1.6
      vertex -17.9099 -16.3714 1.6
    endloop
  endfacet
  facet normal 0 0 1
    outer loop
      vertex -20.2997 -17.8023 1.6
      vertex -17.9099 -16.3714 1.6
      vertex -17.9135 -16.2635 1.6
    endloop
  endfacet
  facet normal 0 0 1
    outer loop
      vertex -26.9422 -1.76588 1.6
      vertex -17.9615 -1.17726 1.6
      vertex -18 0 1.6
    endloop
  endfacet
  facet normal -0 0 1
    outer loop
      vertex -21.4205 16.4366 1.6
      vertex -17.9135 16.2635 1.6
      vertex -20.2997 17.8023 1.6
    endloop
  endfacet
  facet normal 0 0 1
    outer loop
      vertex -17.7433 15.5337 1.6
      vertex -21.4205 16.4366 1.6
      vertex -22.4497 15.0004 1.6
    endloop
  endfacet
  facet normal 0 0 1
    outer loop
      vertex -17.0885 -17.6924 1.6
      vertex -19.0919 -19.0919 1.6
      vertex -17.8023 -20.2997 1.6
    endloop
  endfacet
  facet normal 0 0 1
    outer loop
      vertex -17.4302 15.0967 1.6
      vertex -22.4497 15.0004 1.6
      vertex -23.3827 13.5 1.6
    endloop
  endfacet
  facet normal 0 0 1
    outer loop
      vertex -17.6924 -17.0885 1.6
      vertex -20.2997 -17.8023 1.6
      vertex -19.0919 -19.0919 1.6
    endloop
  endfacet
  facet normal 0 0 1
    outer loop
      vertex -16.1437 7.9612 1.6
      vertex -24.2156 11.9418 1.6
      vertex -16.6298 6.8883 1.6
    endloop
  endfacet
  facet normal 0 0 1
    outer loop
      vertex -17.9135 -16.2635 1.6
      vertex -21.4205 -16.4366 1.6
      vertex -20.2997 -17.8023 1.6
    endloop
  endfacet
  facet normal 0 0 1
    outer loop
      vertex -17.3867 4.65874 1.6
      vertex -26.08 6.98811 1.6
      vertex -17.6541 3.51163 1.6
    endloop
  endfacet
  facet normal 0 0 1
    outer loop
      vertex -17.9099 -16.1555 1.6
      vertex -21.4205 -16.4366 1.6
      vertex -17.9135 -16.2635 1.6
    endloop
  endfacet
  facet normal -0 0 1
    outer loop
      vertex -26.4812 5.26744 1.6
      vertex -17.6541 3.51163 1.6
      vertex -26.08 6.98811 1.6
    endloop
  endfacet
  facet normal 0 0 1
    outer loop
      vertex -17.8993 -16.0481 1.6
      vertex -21.4205 -16.4366 1.6
      vertex -17.9099 -16.1555 1.6
    endloop
  endfacet
  facet normal 0 0 1
    outer loop
      vertex -17.6541 3.51163 1.6
      vertex -26.4812 5.26744 1.6
      vertex -17.846 2.34947 1.6
    endloop
  endfacet
  facet normal 0 0 1
    outer loop
      vertex -17.8818 -15.9416 1.6
      vertex -21.4205 -16.4366 1.6
      vertex -17.8993 -16.0481 1.6
    endloop
  endfacet
  facet normal -0 0 1
    outer loop
      vertex -26.769 3.52421 1.6
      vertex -17.846 2.34947 1.6
      vertex -26.4812 5.26744 1.6
    endloop
  endfacet
  facet normal 0 0 1
    outer loop
      vertex -17.8572 -15.8364 1.6
      vertex -21.4205 -16.4366 1.6
      vertex -17.8818 -15.9416 1.6
    endloop
  endfacet
  facet normal 0 0 1
    outer loop
      vertex -17.846 2.34947 1.6
      vertex -26.769 3.52421 1.6
      vertex -17.9615 1.17726 1.6
    endloop
  endfacet
  facet normal 0 0 1
    outer loop
      vertex -16.6298 -6.8883 1.6
      vertex -24.9447 -10.3325 1.6
      vertex -24.2156 -11.9418 1.6
    endloop
  endfacet
  facet normal -0 0 1
    outer loop
      vertex -26.9422 1.76588 1.6
      vertex -17.9615 1.17726 1.6
      vertex -26.769 3.52421 1.6
    endloop
  endfacet
  facet normal 0 0 1
    outer loop
      vertex -17.0447 -5.78591 1.6
      vertex -25.5671 -8.67887 1.6
      vertex -24.9447 -10.3325 1.6
    endloop
  endfacet
  facet normal 0 0 1
    outer loop
      vertex -17.9615 1.17726 1.6
      vertex -26.9422 1.76588 1.6
      vertex -18 0 1.6
    endloop
  endfacet
  facet normal 0 0 1
    outer loop
      vertex -17.3867 -4.65874 1.6
      vertex -26.08 -6.98811 1.6
      vertex -25.5671 -8.67887 1.6
    endloop
  endfacet
  facet normal 0 0 1
    outer loop
      vertex -27 0 1.6
      vertex -18 0 1.6
      vertex -26.9422 1.76588 1.6
    endloop
  endfacet
  facet normal 0 0 1
    outer loop
      vertex -17.6541 -3.51163 1.6
      vertex -26.4812 -5.26744 1.6
      vertex -26.08 -6.98811 1.6
    endloop
  endfacet
  facet normal 0 -0 1
    outer loop
      vertex -26.9422 -1.76588 1.6
      vertex -18 0 1.6
      vertex -27 0 1.6
    endloop
  endfacet
  facet normal 0 0 1
    outer loop
      vertex -17.846 -2.34947 1.6
      vertex -26.769 -3.52421 1.6
      vertex -26.4812 -5.26744 1.6
    endloop
  endfacet
  facet normal 0 0 1
    outer loop
      vertex -17.9615 -1.17726 1.6
      vertex -26.9422 -1.76588 1.6
      vertex -26.769 -3.52421 1.6
    endloop
  endfacet
  facet normal 0 0 1
    outer loop
      vertex 21.4205 16.4366 1.6
      vertex 17.9099 16.1555 1.6
      vertex 17.8993 16.0481 1.6
    endloop
  endfacet
  facet normal 0 0 1
    outer loop
      vertex 21.4205 16.4366 1.6
      vertex 17.8993 16.0481 1.6
      vertex 17.8818 15.9416 1.6
    endloop
  endfacet
  facet normal 0 0 1
    outer loop
      vertex 21.4205 16.4366 1.6
      vertex 17.8818 15.9416 1.6
      vertex 17.8572 15.8364 1.6
    endloop
  endfacet
  facet normal 0 0 1
    outer loop
      vertex 21.4205 16.4366 1.6
      vertex 17.8572 15.8364 1.6
      vertex 17.8259 15.7331 1.6
    endloop
  endfacet
  facet normal 0 0 1
    outer loop
      vertex 26.769 3.52421 1.6
      vertex 17.846 2.34947 1.6
      vertex 17.9615 1.17726 1.6
    endloop
  endfacet
  facet normal 0 0 1
    outer loop
      vertex 21.4205 16.4366 1.6
      vertex 17.8259 15.7331 1.6
      vertex 17.7879 15.632 1.6
    endloop
  endfacet
  facet normal 0 0 1
    outer loop
      vertex 21.4205 16.4366 1.6
      vertex 17.7879 15.632 1.6
      vertex 17.7433 15.5337 1.6
    endloop
  endfacet
  facet normal 0 0 1
    outer loop
      vertex 22.4497 15.0004 1.6
      vertex 17.7433 15.5337 1.6
      vertex 17.6924 15.4385 1.6
    endloop
  endfacet
  facet normal 0 0 1
    outer loop
      vertex 22.4497 15.0004 1.6
      vertex 17.6924 15.4385 1.6
      vertex 17.6354 15.3468 1.6
    endloop
  endfacet
  facet normal 0 0 1
    outer loop
      vertex 26.4812 5.26744 1.6
      vertex 17.6541 3.51163 1.6
      vertex 17.846 2.34947 1.6
    endloop
  endfacet
  facet normal 0 0 1
    outer loop
      vertex 22.4497 15.0004 1.6
      vertex 17.6354 15.3468 1.6
      vertex 17.5725 15.259 1.6
    endloop
  endfacet
  facet normal 0 0 1
    outer loop
      vertex 22.4497 15.0004 1.6
      vertex 17.5725 15.259 1.6
      vertex 17.504 15.1755 1.6
    endloop
  endfacet
  facet normal 0 0 1
    outer loop
      vertex 22.4497 15.0004 1.6
      vertex 17.504 15.1755 1.6
      vertex 17.4302 15.0967 1.6
    endloop
  endfacet
  facet normal 0 0 1
    outer loop
      vertex 22.4497 15.0004 1.6
      vertex 17.4302 15.0967 1.6
      vertex 17.3514 15.0229 1.6
    endloop
  endfacet
  facet normal 0 0 1
    outer loop
      vertex 26.08 6.98811 1.6
      vertex 17.3867 4.65874 1.6
      vertex 17.6541 3.51163 1.6
    endloop
  endfacet
  facet normal 0 0 1
    outer loop
      vertex 23.3827 13.5 1.6
      vertex 17.3514 15.0229 1.6
      vertex 17.2679 14.9544 1.6
    endloop
  endfacet
  facet normal 0 0 1
    outer loop
      vertex 23.3827 13.5 1.6
      vertex 17.2679 14.9544 1.6
      vertex 17.1801 14.8915 1.6
    endloop
  endfacet
  facet normal 0 0 1
    outer loop
      vertex 23.3827 13.5 1.6
      vertex 17.1801 14.8915 1.6
      vertex 15.5885 9 1.6
    endloop
  endfacet
  facet normal 0 0 1
    outer loop
      vertex 15.5885 9 1.6
      vertex 17.1801 14.8915 1.6
      vertex 17.0885 14.8345 1.6
    endloop
  endfacet
  facet normal 0 0 1
    outer loop
      vertex 25.5671 8.67887 1.6
      vertex 17.0447 5.78591 1.6
      vertex 17.3867 4.65874 1.6
    endloop
  endfacet
  facet normal 0 0 1
    outer loop
      vertex 15.5885 9 1.6
      vertex 17.0885 14.8345 1.6
      vertex 16.9932 14.7836 1.6
    endloop
  endfacet
  facet normal 0 0 1
    outer loop
      vertex 15.5885 9 1.6
      vertex 16.9932 14.7836 1.6
      vertex 16.8949 14.7391 1.6
    endloop
  endfacet
  facet normal 0 0 1
    outer loop
      vertex 14.9665 10.0003 1.6
      vertex 16.8949 14.7391 1.6
      vertex 16.7938 14.701 1.6
    endloop
  endfacet
  facet normal 0 0 1
    outer loop
      vertex 14.9665 10.0003 1.6
      vertex 16.7938 14.701 1.6
      vertex 16.6905 14.6697 1.6
    endloop
  endfacet
  facet normal 0 0 1
    outer loop
      vertex 24.9447 10.3325 1.6
      vertex 16.6298 6.8883 1.6
      vertex 17.0447 5.78591 1.6
    endloop
  endfacet
  facet normal 0 0 1
    outer loop
      vertex 14.9665 10.0003 1.6
      vertex 16.6905 14.6697 1.6
      vertex 16.5854 14.6452 1.6
    endloop
  endfacet
  facet normal 0 0 1
    outer loop
      vertex 14.9665 10.0003 1.6
      vertex 16.5854 14.6452 1.6
      vertex 16.4788 14.6276 1.6
    endloop
  endfacet
  facet normal 0 0 1
    outer loop
      vertex 14.2804 10.9577 1.6
      vertex 16.4788 14.6276 1.6
      vertex 16.3714 14.617 1.6
    endloop
  endfacet
  facet normal 0 0 1
    outer loop
      vertex 14.2804 10.9577 1.6
      vertex 16.3714 14.617 1.6
      vertex 16.2635 14.6135 1.6
    endloop
  endfacet
  facet normal 0 0 1
    outer loop
      vertex 14.2804 10.9577 1.6
      vertex 16.2635 14.6135 1.6
      vertex 16.1555 14.617 1.6
    endloop
  endfacet
  facet normal 0 0 1
    outer loop
      vertex 24.2156 11.9418 1.6
      vertex 16.1437 7.9612 1.6
      vertex 16.6298 6.8883 1.6
    endloop
  endfacet
  facet normal 0 0 1
    outer loop
      vertex 14.2804 10.9577 1.6
      vertex 16.1555 14.617 1.6
      vertex 16.0481 14.6276 1.6
    endloop
  endfacet
  facet normal 0 0 1
    outer loop
      vertex 14.2804 10.9577 1.6
      vertex 16.0481 14.6276 1.6
      vertex 15.9416 14.6452 1.6
    endloop
  endfacet
  facet normal 0 0 1
    outer loop
      vertex 14.2804 10.9577 1.6
      vertex 15.9416 14.6452 1.6
      vertex 15.8364 14.6697 1.6
    endloop
  endfacet
  facet normal 0 0 1
    outer loop
      vertex 14.2804 10.9577 1.6
      vertex 15.8364 14.6697 1.6
      vertex 15.7331 14.701 1.6
    endloop
  endfacet
  facet normal 0 0 1
    outer loop
      vertex 14.2804 10.9577 1.6
      vertex 15.7331 14.701 1.6
      vertex 15.632 14.7391 1.6
    endloop
  endfacet
  facet normal 0 0 1
    outer loop
      vertex 23.3827 13.5 1.6
      vertex 15.5885 9 1.6
      vertex 16.1437 7.9612 1.6
    endloop
  endfacet
  facet normal 0 0 1
    outer loop
      vertex 14.2804 10.9577 1.6
      vertex 15.632 14.7391 1.6
      vertex 15.5337 14.7836 1.6
    endloop
  endfacet
  facet normal 0 0 1
    outer loop
      vertex 14.2804 10.9577 1.6
      vertex 15.5337 14.7836 1.6
      vertex 15.4385 14.8345 1.6
    endloop
  endfacet
  facet normal 0 0 1
    outer loop
      vertex 14.2804 10.9577 1.6
      vertex 15.4385 14.8345 1.6
      vertex 15.3468 14.8915 1.6
    endloop
  endfacet
  facet normal 0 0 1
    outer loop
      vertex 14.2804 10.9577 1.6
      vertex 15.3468 14.8915 1.6
      vertex 15.259 14.9544 1.6
    endloop
  endfacet
  facet normal 0 0 1
    outer loop
      vertex 14.2804 10.9577 1.6
      vertex 15.259 14.9544 1.6
      vertex 15.1755 15.0229 1.6
    endloop
  endfacet
  facet normal 0 0 1
    outer loop
      vertex 14.2804 10.9577 1.6
      vertex 15.1755 15.0229 1.6
      vertex 15.0967 15.0967 1.6
    endloop
  endfacet
  facet normal 0 0 1
    outer loop
      vertex 14.2804 10.9577 1.6
      vertex 15.0967 15.0967 1.6
      vertex 15.0229 15.1755 1.6
    endloop
  endfacet
  facet normal 0 0 1
    outer loop
      vertex 16.8949 14.7391 1.6
      vertex 14.9665 10.0003 1.6
      vertex 15.5885 9 1.6
    endloop
  endfacet
  facet normal 0 0 1
    outer loop
      vertex 14.2804 10.9577 1.6
      vertex 15.0229 15.1755 1.6
      vertex 14.9544 15.259 1.6
    endloop
  endfacet
  facet normal 0 0 1
    outer loop
      vertex 14.2804 10.9577 1.6
      vertex 14.9544 15.259 1.6
      vertex 14.8915 15.3468 1.6
    endloop
  endfacet
  facet normal 0 0 1
    outer loop
      vertex 14.2804 10.9577 1.6
      vertex 14.8915 15.3468 1.6
      vertex 14.8345 15.4385 1.6
    endloop
  endfacet
  facet normal 0 0 1
    outer loop
      vertex 14.2804 10.9577 1.6
      vertex 14.8345 15.4385 1.6
      vertex 14.7836 15.5337 1.6
    endloop
  endfacet
  facet normal 0 0 1
    outer loop
      vertex 14.2804 10.9577 1.6
      vertex 14.7836 15.5337 1.6
      vertex 14.7391 15.632 1.6
    endloop
  endfacet
  facet normal 0 0 1
    outer loop
      vertex 14.2804 10.9577 1.6
      vertex 14.7391 15.632 1.6
      vertex 14.701 15.7331 1.6
    endloop
  endfacet
  facet normal 0 0 1
    outer loop
      vertex 14.2804 10.9577 1.6
      vertex 14.701 15.7331 1.6
      vertex 14.6697 15.8364 1.6
    endloop
  endfacet
  facet normal 0 0 1
    outer loop
      vertex 14.2804 10.9577 1.6
      vertex 14.6697 15.8364 1.6
      vertex 14.6452 15.9416 1.6
    endloop
  endfacet
  facet normal 0 0 1
    outer loop
      vertex 14.2804 10.9577 1.6
      vertex 14.6452 15.9416 1.6
      vertex 14.6276 16.0481 1.6
    endloop
  endfacet
  facet normal 0 0 1
    outer loop
      vertex 14.2804 10.9577 1.6
      vertex 14.6276 16.0481 1.6
      vertex 14.617 16.1555 1.6
    endloop
  endfacet
  facet normal 0 0 1
    outer loop
      vertex 16.4788 14.6276 1.6
      vertex 14.2804 10.9577 1.6
      vertex 14.9665 10.0003 1.6
    endloop
  endfacet
  facet normal 0 0 1
    outer loop
      vertex 14.2804 10.9577 1.6
      vertex 14.617 16.1555 1.6
      vertex 14.6135 16.2635 1.6
    endloop
  endfacet
  facet normal 0.773011 -0.634393 0
    outer loop
      vertex 20.2997 -17.8023 1.6
      vertex 21.4205 -16.4366 0
      vertex 21.4205 -16.4366 1.6
    endloop
  endfacet
  facet normal 0.773011 -0.634393 0
    outer loop
      vertex 21.4205 -16.4366 0
      vertex 20.2997 -17.8023 1.6
      vertex 20.2997 -17.8023 0
    endloop
  endfacet
  facet normal 0.68358 0.729876 -0
    outer loop
      vertex 19.0919 19.0919 0
      vertex 17.8023 20.2997 1.6
      vertex 19.0919 19.0919 1.6
    endloop
  endfacet
  facet normal 0.68358 0.729876 0
    outer loop
      vertex 17.8023 20.2997 1.6
      vertex 19.0919 19.0919 0
      vertex 17.8023 20.2997 0
    endloop
  endfacet
  facet normal -0.162891 -0.986644 0
    outer loop
      vertex -5.26744 -26.4812 0
      vertex -3.52421 -26.769 1.6
      vertex -5.26744 -26.4812 1.6
    endloop
  endfacet
  facet normal -0.162891 -0.986644 -0
    outer loop
      vertex -3.52421 -26.769 1.6
      vertex -5.26744 -26.4812 0
      vertex -3.52421 -26.769 0
    endloop
  endfacet
  facet normal 0.995184 -0.0980281 0
    outer loop
      vertex 26.769 -3.52421 1.6
      vertex 26.9422 -1.76588 0
      vertex 26.9422 -1.76588 1.6
    endloop
  endfacet
  facet normal 0.995184 -0.0980281 0
    outer loop
      vertex 26.9422 -1.76588 0
      vertex 26.769 -3.52421 1.6
      vertex 26.769 -3.52421 0
    endloop
  endfacet
  facet normal -0.881915 -0.471408 0
    outer loop
      vertex -23.3827 -13.5 0
      vertex -24.2156 -11.9418 1.6
      vertex -24.2156 -11.9418 0
    endloop
  endfacet
  facet normal -0.881915 -0.471408 0
    outer loop
      vertex -24.2156 -11.9418 1.6
      vertex -23.3827 -13.5 0
      vertex -23.3827 -13.5 1.6
    endloop
  endfacet
  facet normal -0.812838 -0.58249 0
    outer loop
      vertex -21.4205 -16.4366 0
      vertex -22.4497 -15.0004 1.6
      vertex -22.4497 -15.0004 0
    endloop
  endfacet
  facet normal -0.812838 -0.58249 0
    outer loop
      vertex -22.4497 -15.0004 1.6
      vertex -21.4205 -16.4366 0
      vertex -21.4205 -16.4366 1.6
    endloop
  endfacet
  facet normal -0.471408 -0.881915 0
    outer loop
      vertex -13.5 -23.3827 0
      vertex -11.9418 -24.2156 1.6
      vertex -13.5 -23.3827 1.6
    endloop
  endfacet
  facet normal -0.471408 -0.881915 -0
    outer loop
      vertex -11.9418 -24.2156 1.6
      vertex -13.5 -23.3827 0
      vertex -11.9418 -24.2156 0
    endloop
  endfacet
  facet normal -0.227074 -0.973877 0
    outer loop
      vertex -6.98811 -26.08 0
      vertex -5.26744 -26.4812 1.6
      vertex -6.98811 -26.08 1.6
    endloop
  endfacet
  facet normal -0.227074 -0.973877 -0
    outer loop
      vertex -5.26744 -26.4812 1.6
      vertex -6.98811 -26.08 0
      vertex -5.26744 -26.4812 0
    endloop
  endfacet
  facet normal -0.634393 -0.773011 0
    outer loop
      vertex -17.8023 -20.2997 0
      vertex -16.4366 -21.4205 1.6
      vertex -17.8023 -20.2997 1.6
    endloop
  endfacet
  facet normal -0.634393 -0.773011 -0
    outer loop
      vertex -16.4366 -21.4205 1.6
      vertex -17.8023 -20.2997 0
      vertex -16.4366 -21.4205 0
    endloop
  endfacet
  facet normal 0.634393 0.773011 -0
    outer loop
      vertex 17.8023 20.2997 0
      vertex 16.4366 21.4205 1.6
      vertex 17.8023 20.2997 1.6
    endloop
  endfacet
  facet normal 0.634393 0.773011 0
    outer loop
      vertex 16.4366 21.4205 1.6
      vertex 17.8023 20.2997 0
      vertex 16.4366 21.4205 0
    endloop
  endfacet
  facet normal -0.729876 -0.68358 0
    outer loop
      vertex -19.0919 -19.0919 0
      vertex -20.2997 -17.8023 1.6
      vertex -20.2997 -17.8023 0
    endloop
  endfacet
  facet normal -0.729876 -0.68358 0
    outer loop
      vertex -20.2997 -17.8023 1.6
      vertex -19.0919 -19.0919 0
      vertex -19.0919 -19.0919 1.6
    endloop
  endfacet
  facet normal -0.162891 0.986644 0
    outer loop
      vertex -3.52421 26.769 0
      vertex -5.26744 26.4812 1.6
      vertex -3.52421 26.769 1.6
    endloop
  endfacet
  facet normal -0.162891 0.986644 0
    outer loop
      vertex -5.26744 26.4812 1.6
      vertex -3.52421 26.769 0
      vertex -5.26744 26.4812 0
    endloop
  endfacet
  facet normal 0.812838 -0.58249 0
    outer loop
      vertex 21.4205 -16.4366 1.6
      vertex 22.4497 -15.0004 0
      vertex 22.4497 -15.0004 1.6
    endloop
  endfacet
  facet normal 0.812838 -0.58249 0
    outer loop
      vertex 22.4497 -15.0004 0
      vertex 21.4205 -16.4366 1.6
      vertex 21.4205 -16.4366 0
    endloop
  endfacet
  facet normal -0.986644 -0.162891 0
    outer loop
      vertex -26.4812 -5.26744 0
      vertex -26.769 -3.52421 1.6
      vertex -26.769 -3.52421 0
    endloop
  endfacet
  facet normal -0.986644 -0.162891 0
    outer loop
      vertex -26.769 -3.52421 1.6
      vertex -26.4812 -5.26744 0
      vertex -26.4812 -5.26744 1.6
    endloop
  endfacet
  facet normal 0.999465 -0.032714 0
    outer loop
      vertex 26.9422 -1.76588 1.6
      vertex 27 0 0
      vertex 27 0 1.6
    endloop
  endfacet
  facet normal 0.999465 -0.032714 0
    outer loop
      vertex 27 0 0
      vertex 26.9422 -1.76588 1.6
      vertex 26.9422 -1.76588 0
    endloop
  endfacet
  facet normal -0.290292 0.956938 0
    outer loop
      vertex -6.98811 26.08 0
      vertex -8.67887 25.5671 1.6
      vertex -6.98811 26.08 1.6
    endloop
  endfacet
  facet normal -0.290292 0.956938 0
    outer loop
      vertex -8.67887 25.5671 1.6
      vertex -6.98811 26.08 0
      vertex -8.67887 25.5671 0
    endloop
  endfacet
  facet normal -0.973877 -0.227074 0
    outer loop
      vertex -26.08 -6.98811 0
      vertex -26.4812 -5.26744 1.6
      vertex -26.4812 -5.26744 0
    endloop
  endfacet
  facet normal -0.973877 -0.227074 0
    outer loop
      vertex -26.4812 -5.26744 1.6
      vertex -26.08 -6.98811 0
      vertex -26.08 -6.98811 1.6
    endloop
  endfacet
  facet normal -0.812838 0.58249 0
    outer loop
      vertex -22.4497 15.0004 0
      vertex -21.4205 16.4366 1.6
      vertex -21.4205 16.4366 0
    endloop
  endfacet
  facet normal -0.812838 0.58249 0
    outer loop
      vertex -21.4205 16.4366 1.6
      vertex -22.4497 15.0004 0
      vertex -22.4497 15.0004 1.6
    endloop
  endfacet
  facet normal -0.849204 0.528064 0
    outer loop
      vertex -23.3827 13.5 0
      vertex -22.4497 15.0004 1.6
      vertex -22.4497 15.0004 0
    endloop
  endfacet
  facet normal -0.849204 0.528064 0
    outer loop
      vertex -22.4497 15.0004 1.6
      vertex -23.3827 13.5 0
      vertex -23.3827 13.5 1.6
    endloop
  endfacet
  facet normal 0.352259 -0.935903 0
    outer loop
      vertex 8.67887 -25.5671 0
      vertex 10.3325 -24.9447 1.6
      vertex 8.67887 -25.5671 1.6
    endloop
  endfacet
  facet normal 0.352259 -0.935903 0
    outer loop
      vertex 10.3325 -24.9447 1.6
      vertex 8.67887 -25.5671 0
      vertex 10.3325 -24.9447 0
    endloop
  endfacet
  facet normal -0.0980281 0.995184 0
    outer loop
      vertex -1.76588 26.9422 0
      vertex -3.52421 26.769 1.6
      vertex -1.76588 26.9422 1.6
    endloop
  endfacet
  facet normal -0.0980281 0.995184 0
    outer loop
      vertex -3.52421 26.769 1.6
      vertex -1.76588 26.9422 0
      vertex -3.52421 26.769 0
    endloop
  endfacet
  facet normal -0.0980281 -0.995184 0
    outer loop
      vertex -3.52421 -26.769 0
      vertex -1.76588 -26.9422 1.6
      vertex -3.52421 -26.769 1.6
    endloop
  endfacet
  facet normal -0.0980281 -0.995184 -0
    outer loop
      vertex -1.76588 -26.9422 1.6
      vertex -3.52421 -26.769 0
      vertex -1.76588 -26.9422 0
    endloop
  endfacet
  facet normal -0.729876 0.68358 0
    outer loop
      vertex -20.2997 17.8023 0
      vertex -19.0919 19.0919 1.6
      vertex -19.0919 19.0919 0
    endloop
  endfacet
  facet normal -0.729876 0.68358 0
    outer loop
      vertex -19.0919 19.0919 1.6
      vertex -20.2997 17.8023 0
      vertex -20.2997 17.8023 1.6
    endloop
  endfacet
  facet normal -0.58249 -0.812838 0
    outer loop
      vertex -16.4366 -21.4205 0
      vertex -15.0004 -22.4497 1.6
      vertex -16.4366 -21.4205 1.6
    endloop
  endfacet
  facet normal -0.58249 -0.812838 -0
    outer loop
      vertex -15.0004 -22.4497 1.6
      vertex -16.4366 -21.4205 0
      vertex -15.0004 -22.4497 0
    endloop
  endfacet
  facet normal 0.729876 -0.68358 0
    outer loop
      vertex 19.0919 -19.0919 1.6
      vertex 20.2997 -17.8023 0
      vertex 20.2997 -17.8023 1.6
    endloop
  endfacet
  facet normal 0.729876 -0.68358 0
    outer loop
      vertex 20.2997 -17.8023 0
      vertex 19.0919 -19.0919 1.6
      vertex 19.0919 -19.0919 0
    endloop
  endfacet
  facet normal 0.973877 -0.227074 0
    outer loop
      vertex 26.08 -6.98811 1.6
      vertex 26.4812 -5.26744 0
      vertex 26.4812 -5.26744 1.6
    endloop
  endfacet
  facet normal 0.973877 -0.227074 0
    outer loop
      vertex 26.4812 -5.26744 0
      vertex 26.08 -6.98811 1.6
      vertex 26.08 -6.98811 0
    endloop
  endfacet
  facet normal 0.881915 -0.471408 0
    outer loop
      vertex 23.3827 -13.5 1.6
      vertex 24.2156 -11.9418 0
      vertex 24.2156 -11.9418 1.6
    endloop
  endfacet
  facet normal 0.881915 -0.471408 0
    outer loop
      vertex 24.2156 -11.9418 0
      vertex 23.3827 -13.5 1.6
      vertex 23.3827 -13.5 0
    endloop
  endfacet
  facet normal -0.032714 -0.999465 0
    outer loop
      vertex -1.76588 -26.9422 0
      vertex 0 -27 1.6
      vertex -1.76588 -26.9422 1.6
    endloop
  endfacet
  facet normal -0.032714 -0.999465 -0
    outer loop
      vertex 0 -27 1.6
      vertex -1.76588 -26.9422 0
      vertex 0 -27 0
    endloop
  endfacet
  facet normal -0.999465 -0.032714 0
    outer loop
      vertex -26.9422 -1.76588 0
      vertex -27 0 1.6
      vertex -27 0 0
    endloop
  endfacet
  facet normal -0.999465 -0.032714 0
    outer loop
      vertex -27 0 1.6
      vertex -26.9422 -1.76588 0
      vertex -26.9422 -1.76588 1.6
    endloop
  endfacet
  facet normal 0.773011 0.634393 0
    outer loop
      vertex 21.4205 16.4366 1.6
      vertex 20.2997 17.8023 0
      vertex 20.2997 17.8023 1.6
    endloop
  endfacet
  facet normal 0.773011 0.634393 0
    outer loop
      vertex 20.2997 17.8023 0
      vertex 21.4205 16.4366 1.6
      vertex 21.4205 16.4366 0
    endloop
  endfacet
  facet normal 0.729876 0.68358 0
    outer loop
      vertex 20.2997 17.8023 1.6
      vertex 19.0919 19.0919 0
      vertex 19.0919 19.0919 1.6
    endloop
  endfacet
  facet normal 0.729876 0.68358 0
    outer loop
      vertex 19.0919 19.0919 0
      vertex 20.2997 17.8023 1.6
      vertex 20.2997 17.8023 0
    endloop
  endfacet
  facet normal 0.032714 0.999465 -0
    outer loop
      vertex 1.76588 26.9422 0
      vertex 0 27 1.6
      vertex 1.76588 26.9422 1.6
    endloop
  endfacet
  facet normal 0.032714 0.999465 0
    outer loop
      vertex 0 27 1.6
      vertex 1.76588 26.9422 0
      vertex 0 27 0
    endloop
  endfacet
  facet normal -0.634393 0.773011 0
    outer loop
      vertex -16.4366 21.4205 0
      vertex -17.8023 20.2997 1.6
      vertex -16.4366 21.4205 1.6
    endloop
  endfacet
  facet normal -0.634393 0.773011 0
    outer loop
      vertex -17.8023 20.2997 1.6
      vertex -16.4366 21.4205 0
      vertex -17.8023 20.2997 0
    endloop
  endfacet
  facet normal 0.935903 -0.352259 0
    outer loop
      vertex 24.9447 -10.3325 1.6
      vertex 25.5671 -8.67887 0
      vertex 25.5671 -8.67887 1.6
    endloop
  endfacet
  facet normal 0.935903 -0.352259 0
    outer loop
      vertex 25.5671 -8.67887 0
      vertex 24.9447 -10.3325 1.6
      vertex 24.9447 -10.3325 0
    endloop
  endfacet
  facet normal -0.935903 -0.352259 0
    outer loop
      vertex -24.9447 -10.3325 0
      vertex -25.5671 -8.67887 1.6
      vertex -25.5671 -8.67887 0
    endloop
  endfacet
  facet normal -0.935903 -0.352259 0
    outer loop
      vertex -25.5671 -8.67887 1.6
      vertex -24.9447 -10.3325 0
      vertex -24.9447 -10.3325 1.6
    endloop
  endfacet
  facet normal 0.58249 -0.812838 0
    outer loop
      vertex 15.0004 -22.4497 0
      vertex 16.4366 -21.4205 1.6
      vertex 15.0004 -22.4497 1.6
    endloop
  endfacet
  facet normal 0.58249 -0.812838 0
    outer loop
      vertex 16.4366 -21.4205 1.6
      vertex 15.0004 -22.4497 0
      vertex 16.4366 -21.4205 0
    endloop
  endfacet
  facet normal -0.032714 0.999465 0
    outer loop
      vertex 0 27 0
      vertex -1.76588 26.9422 1.6
      vertex 0 27 1.6
    endloop
  endfacet
  facet normal -0.032714 0.999465 0
    outer loop
      vertex -1.76588 26.9422 1.6
      vertex 0 27 0
      vertex -1.76588 26.9422 0
    endloop
  endfacet
  facet normal 0.68358 -0.729876 0
    outer loop
      vertex 17.8023 -20.2997 0
      vertex 19.0919 -19.0919 1.6
      vertex 17.8023 -20.2997 1.6
    endloop
  endfacet
  facet normal 0.68358 -0.729876 0
    outer loop
      vertex 19.0919 -19.0919 1.6
      vertex 17.8023 -20.2997 0
      vertex 19.0919 -19.0919 0
    endloop
  endfacet
  facet normal 0.290292 0.956938 -0
    outer loop
      vertex 8.67887 25.5671 0
      vertex 6.98811 26.08 1.6
      vertex 8.67887 25.5671 1.6
    endloop
  endfacet
  facet normal 0.290292 0.956938 0
    outer loop
      vertex 6.98811 26.08 1.6
      vertex 8.67887 25.5671 0
      vertex 6.98811 26.08 0
    endloop
  endfacet
  facet normal 0.352259 0.935903 -0
    outer loop
      vertex 10.3325 24.9447 0
      vertex 8.67887 25.5671 1.6
      vertex 10.3325 24.9447 1.6
    endloop
  endfacet
  facet normal 0.352259 0.935903 0
    outer loop
      vertex 8.67887 25.5671 1.6
      vertex 10.3325 24.9447 0
      vertex 8.67887 25.5671 0
    endloop
  endfacet
  facet normal 0.471408 0.881915 -0
    outer loop
      vertex 13.5 23.3827 0
      vertex 11.9418 24.2156 1.6
      vertex 13.5 23.3827 1.6
    endloop
  endfacet
  facet normal 0.471408 0.881915 0
    outer loop
      vertex 11.9418 24.2156 1.6
      vertex 13.5 23.3827 0
      vertex 11.9418 24.2156 0
    endloop
  endfacet
  facet normal 0.849204 -0.528064 0
    outer loop
      vertex 22.4497 -15.0004 1.6
      vertex 23.3827 -13.5 0
      vertex 23.3827 -13.5 1.6
    endloop
  endfacet
  facet normal 0.849204 -0.528064 0
    outer loop
      vertex 23.3827 -13.5 0
      vertex 22.4497 -15.0004 1.6
      vertex 22.4497 -15.0004 0
    endloop
  endfacet
  facet normal -0.528064 -0.849204 0
    outer loop
      vertex -15.0004 -22.4497 0
      vertex -13.5 -23.3827 1.6
      vertex -15.0004 -22.4497 1.6
    endloop
  endfacet
  facet normal -0.528064 -0.849204 -0
    outer loop
      vertex -13.5 -23.3827 1.6
      vertex -15.0004 -22.4497 0
      vertex -13.5 -23.3827 0
    endloop
  endfacet
  facet normal -0.68358 -0.729876 0
    outer loop
      vertex -19.0919 -19.0919 0
      vertex -17.8023 -20.2997 1.6
      vertex -19.0919 -19.0919 1.6
    endloop
  endfacet
  facet normal -0.68358 -0.729876 -0
    outer loop
      vertex -17.8023 -20.2997 1.6
      vertex -19.0919 -19.0919 0
      vertex -17.8023 -20.2997 0
    endloop
  endfacet
  facet normal -0.352259 -0.935903 0
    outer loop
      vertex -10.3325 -24.9447 0
      vertex -8.67887 -25.5671 1.6
      vertex -10.3325 -24.9447 1.6
    endloop
  endfacet
  facet normal -0.352259 -0.935903 -0
    outer loop
      vertex -8.67887 -25.5671 1.6
      vertex -10.3325 -24.9447 0
      vertex -8.67887 -25.5671 0
    endloop
  endfacet
  facet normal -0.290292 -0.956938 0
    outer loop
      vertex -8.67887 -25.5671 0
      vertex -6.98811 -26.08 1.6
      vertex -8.67887 -25.5671 1.6
    endloop
  endfacet
  facet normal -0.290292 -0.956938 -0
    outer loop
      vertex -6.98811 -26.08 1.6
      vertex -8.67887 -25.5671 0
      vertex -6.98811 -26.08 0
    endloop
  endfacet
  facet normal -0.999465 0.032714 0
    outer loop
      vertex -27 0 0
      vertex -26.9422 1.76588 1.6
      vertex -26.9422 1.76588 0
    endloop
  endfacet
  facet normal -0.999465 0.032714 0
    outer loop
      vertex -26.9422 1.76588 1.6
      vertex -27 0 0
      vertex -27 0 1.6
    endloop
  endfacet
  facet normal 0.910878 -0.412677 0
    outer loop
      vertex 24.2156 -11.9418 1.6
      vertex 24.9447 -10.3325 0
      vertex 24.9447 -10.3325 1.6
    endloop
  endfacet
  facet normal 0.910878 -0.412677 0
    outer loop
      vertex 24.9447 -10.3325 0
      vertex 24.2156 -11.9418 1.6
      vertex 24.2156 -11.9418 0
    endloop
  endfacet
  facet normal 0 0 -1
    outer loop
      vertex -10.9577 14.2804 0
      vertex -14.617 16.1555 0
      vertex -14.6135 16.2635 0
    endloop
  endfacet
  facet normal 0 0 -1
    outer loop
      vertex -13.5331 11.8682 0
      vertex -14.6276 16.0481 0
      vertex -14.617 16.1555 0
    endloop
  endfacet
  facet normal 0 0 -1
    outer loop
      vertex -13.5331 11.8682 0
      vertex -14.6452 15.9416 0
      vertex -14.6276 16.0481 0
    endloop
  endfacet
  facet normal 0 0 -1
    outer loop
      vertex -13.5331 11.8682 0
      vertex -14.6697 15.8364 0
      vertex -14.6452 15.9416 0
    endloop
  endfacet
  facet normal 0 0 -1
    outer loop
      vertex -13.5331 11.8682 0
      vertex -14.701 15.7331 0
      vertex -14.6697 15.8364 0
    endloop
  endfacet
  facet normal 0 0 -1
    outer loop
      vertex -13.5331 11.8682 0
      vertex -14.7391 15.632 0
      vertex -14.701 15.7331 0
    endloop
  endfacet
  facet normal 0 0 -1
    outer loop
      vertex -13.5331 11.8682 0
      vertex -14.7836 15.5337 0
      vertex -14.7391 15.632 0
    endloop
  endfacet
  facet normal 0 0 -1
    outer loop
      vertex -13.5331 11.8682 0
      vertex -14.8345 15.4385 0
      vertex -14.7836 15.5337 0
    endloop
  endfacet
  facet normal 0 0 -1
    outer loop
      vertex -13.5331 11.8682 0
      vertex -14.8915 15.3468 0
      vertex -14.8345 15.4385 0
    endloop
  endfacet
  facet normal 0 0 -1
    outer loop
      vertex -13.5331 11.8682 0
      vertex -14.9544 15.259 0
      vertex -14.8915 15.3468 0
    endloop
  endfacet
  facet normal 0 0 -1
    outer loop
      vertex -16.4788 14.6276 0
      vertex -14.2804 10.9577 0
      vertex -14.9665 10.0003 0
    endloop
  endfacet
  facet normal 0 0 -1
    outer loop
      vertex -13.5331 11.8682 0
      vertex -15.0229 15.1755 0
      vertex -14.9544 15.259 0
    endloop
  endfacet
  facet normal 0 0 -1
    outer loop
      vertex -13.5331 11.8682 0
      vertex -15.0967 15.0967 0
      vertex -15.0229 15.1755 0
    endloop
  endfacet
  facet normal 0 0 -1
    outer loop
      vertex -13.5331 11.8682 0
      vertex -15.1755 15.0229 0
      vertex -15.0967 15.0967 0
    endloop
  endfacet
  facet normal 0 0 -1
    outer loop
      vertex -13.5331 11.8682 0
      vertex -15.259 14.9544 0
      vertex -15.1755 15.0229 0
    endloop
  endfacet
  facet normal 0 0 -1
    outer loop
      vertex -13.5331 11.8682 0
      vertex -15.3468 14.8915 0
      vertex -15.259 14.9544 0
    endloop
  endfacet
  facet normal 0 0 -1
    outer loop
      vertex -13.5331 11.8682 0
      vertex -15.4385 14.8345 0
      vertex -15.3468 14.8915 0
    endloop
  endfacet
  facet normal 0 0 -1
    outer loop
      vertex -13.5331 11.8682 0
      vertex -15.5337 14.7836 0
      vertex -15.4385 14.8345 0
    endloop
  endfacet
  facet normal 0 0 -1
    outer loop
      vertex -16.8949 14.7391 0
      vertex -14.9665 10.0003 0
      vertex -15.5885 9 0
    endloop
  endfacet
  facet normal 0 0 -1
    outer loop
      vertex -13.5331 11.8682 0
      vertex -15.632 14.7391 0
      vertex -15.5337 14.7836 0
    endloop
  endfacet
  facet normal 0 0 -1
    outer loop
      vertex -13.5331 11.8682 0
      vertex -15.7331 14.701 0
      vertex -15.632 14.7391 0
    endloop
  endfacet
  facet normal 0 0 -1
    outer loop
      vertex -13.5331 11.8682 0
      vertex -15.8364 14.6697 0
      vertex -15.7331 14.701 0
    endloop
  endfacet
  facet normal 0 0 -1
    outer loop
      vertex -14.2804 10.9577 0
      vertex -15.9416 14.6452 0
      vertex -15.8364 14.6697 0
    endloop
  endfacet
  facet normal 0 0 -1
    outer loop
      vertex -14.2804 10.9577 0
      vertex -16.0481 14.6276 0
      vertex -15.9416 14.6452 0
    endloop
  endfacet
  facet normal 0 0 -1
    outer loop
      vertex -23.3827 13.5 0
      vertex -15.5885 9 0
      vertex -16.1437 7.9612 0
    endloop
  endfacet
  facet normal 0 0 -1
    outer loop
      vertex -14.2804 10.9577 0
      vertex -16.1555 14.617 0
      vertex -16.0481 14.6276 0
    endloop
  endfacet
  facet normal 0 0 -1
    outer loop
      vertex -14.2804 10.9577 0
      vertex -16.2635 14.6135 0
      vertex -16.1555 14.617 0
    endloop
  endfacet
  facet normal 0 0 -1
    outer loop
      vertex -14.2804 10.9577 0
      vertex -16.3714 14.617 0
      vertex -16.2635 14.6135 0
    endloop
  endfacet
  facet normal 0 0 -1
    outer loop
      vertex -14.2804 10.9577 0
      vertex -16.4788 14.6276 0
      vertex -16.3714 14.617 0
    endloop
  endfacet
  facet normal 0 0 -1
    outer loop
      vertex -14.9665 10.0003 0
      vertex -16.5854 14.6452 0
      vertex -16.4788 14.6276 0
    endloop
  endfacet
  facet normal 0 0 -1
    outer loop
      vertex -24.2156 11.9418 0
      vertex -16.1437 7.9612 0
      vertex -16.6298 6.8883 0
    endloop
  endfacet
  facet normal 0 0 -1
    outer loop
      vertex -14.9665 10.0003 0
      vertex -16.6905 14.6697 0
      vertex -16.5854 14.6452 0
    endloop
  endfacet
  facet normal 0 0 -1
    outer loop
      vertex -14.9665 10.0003 0
      vertex -16.7938 14.701 0
      vertex -16.6905 14.6697 0
    endloop
  endfacet
  facet normal 0 0 -1
    outer loop
      vertex -14.9665 10.0003 0
      vertex -16.8949 14.7391 0
      vertex -16.7938 14.701 0
    endloop
  endfacet
  facet normal 0 0 -1
    outer loop
      vertex -15.5885 9 0
      vertex -16.9932 14.7836 0
      vertex -16.8949 14.7391 0
    endloop
  endfacet
  facet normal 0 0 -1
    outer loop
      vertex -24.9447 10.3325 0
      vertex -16.6298 6.8883 0
      vertex -17.0447 5.78591 0
    endloop
  endfacet
  facet normal 0 0 -1
    outer loop
      vertex -15.5885 9 0
      vertex -17.0885 14.8345 0
      vertex -16.9932 14.7836 0
    endloop
  endfacet
  facet normal 0 0 -1
    outer loop
      vertex -16.1437 7.9612 0
      vertex -24.2156 11.9418 0
      vertex -23.3827 13.5 0
    endloop
  endfacet
  facet normal 0 -0 -1
    outer loop
      vertex -17.1801 14.8915 0
      vertex -15.5885 9 0
      vertex -23.3827 13.5 0
    endloop
  endfacet
  facet normal 0 0 -1
    outer loop
      vertex -15.5885 9 0
      vertex -17.1801 14.8915 0
      vertex -17.0885 14.8345 0
    endloop
  endfacet
  facet normal 0 0 -1
    outer loop
      vertex -25.5671 8.67887 0
      vertex -17.0447 5.78591 0
      vertex -17.3867 4.65874 0
    endloop
  endfacet
  facet normal -0 0 -1
    outer loop
      vertex -17.1801 14.8915 0
      vertex -23.3827 13.5 0
      vertex -17.2679 14.9544 0
    endloop
  endfacet
  facet normal -0 0 -1
    outer loop
      vertex -17.2679 14.9544 0
      vertex -23.3827 13.5 0
      vertex -17.3514 15.0229 0
    endloop
  endfacet
  facet normal -0 0 -1
    outer loop
      vertex -17.3514 15.0229 0
      vertex -23.3827 13.5 0
      vertex -17.4302 15.0967 0
    endloop
  endfacet
  facet normal 0 -0 -1
    outer loop
      vertex -22.4497 15.0004 0
      vertex -17.4302 15.0967 0
      vertex -23.3827 13.5 0
    endloop
  endfacet
  facet normal 0 0 -1
    outer loop
      vertex -26.08 6.98811 0
      vertex -17.3867 4.65874 0
      vertex -17.6541 3.51163 0
    endloop
  endfacet
  facet normal -0 0 -1
    outer loop
      vertex -17.4302 15.0967 0
      vertex -22.4497 15.0004 0
      vertex -17.504 15.1755 0
    endloop
  endfacet
  facet normal -0 0 -1
    outer loop
      vertex -17.504 15.1755 0
      vertex -22.4497 15.0004 0
      vertex -17.5725 15.259 0
    endloop
  endfacet
  facet normal -0 0 -1
    outer loop
      vertex -17.5725 15.259 0
      vertex -22.4497 15.0004 0
      vertex -17.6354 15.3468 0
    endloop
  endfacet
  facet normal -0 0 -1
    outer loop
      vertex -17.6354 15.3468 0
      vertex -22.4497 15.0004 0
      vertex -17.6924 15.4385 0
    endloop
  endfacet
  facet normal 0 0 -1
    outer loop
      vertex -26.4812 5.26744 0
      vertex -17.6541 3.51163 0
      vertex -17.846 2.34947 0
    endloop
  endfacet
  facet normal -0 0 -1
    outer loop
      vertex -17.6924 15.4385 0
      vertex -22.4497 15.0004 0
      vertex -17.7433 15.5337 0
    endloop
  endfacet
  facet normal 0 -0 -1
    outer loop
      vertex -21.4205 16.4366 0
      vertex -17.7433 15.5337 0
      vertex -22.4497 15.0004 0
    endloop
  endfacet
  facet normal 0 0 -1
    outer loop
      vertex -17.7433 15.5337 0
      vertex -21.4205 16.4366 0
      vertex -17.7879 15.632 0
    endloop
  endfacet
  facet normal 0 0 -1
    outer loop
      vertex -17.7879 15.632 0
      vertex -21.4205 16.4366 0
      vertex -17.8259 15.7331 0
    endloop
  endfacet
  facet normal 0 0 -1
    outer loop
      vertex -17.8259 15.7331 0
      vertex -21.4205 16.4366 0
      vertex -17.8572 15.8364 0
    endloop
  endfacet
  facet normal 0 0 -1
    outer loop
      vertex -26.769 3.52421 0
      vertex -17.846 2.34947 0
      vertex -17.9615 1.17726 0
    endloop
  endfacet
  facet normal 0 0 -1
    outer loop
      vertex -14.6697 -15.8364 0
      vertex -11.8682 -13.5331 0
      vertex -14.6452 -15.9416 0
    endloop
  endfacet
  facet normal 0 0 -1
    outer loop
      vertex -14.701 -15.7331 0
      vertex -11.8682 -13.5331 0
      vertex -14.6697 -15.8364 0
    endloop
  endfacet
  facet normal 0 0 -1
    outer loop
      vertex -14.7391 -15.632 0
      vertex -11.8682 -13.5331 0
      vertex -14.701 -15.7331 0
    endloop
  endfacet
  facet normal 0 0 -1
    outer loop
      vertex -14.7836 -15.5337 0
      vertex -11.8682 -13.5331 0
      vertex -14.7391 -15.632 0
    endloop
  endfacet
  facet normal 0 0 -1
    outer loop
      vertex -14.8345 -15.4385 0
      vertex -11.8682 -13.5331 0
      vertex -14.7836 -15.5337 0
    endloop
  endfacet
  facet normal 0 0 -1
    outer loop
      vertex -14.8915 -15.3468 0
      vertex -11.8682 -13.5331 0
      vertex -14.8345 -15.4385 0
    endloop
  endfacet
  facet normal -0 0 -1
    outer loop
      vertex -11.8682 -13.5331 0
      vertex -14.8915 -15.3468 0
      vertex -12.7279 -12.7279 0
    endloop
  endfacet
  facet normal 0 0 -1
    outer loop
      vertex -14.9544 -15.259 0
      vertex -12.7279 -12.7279 0
      vertex -14.8915 -15.3468 0
    endloop
  endfacet
  facet normal 0 0 -1
    outer loop
      vertex -15.0229 -15.1755 0
      vertex -12.7279 -12.7279 0
      vertex -14.9544 -15.259 0
    endloop
  endfacet
  facet normal 0 0 -1
    outer loop
      vertex -15.0967 -15.0967 0
      vertex -12.7279 -12.7279 0
      vertex -15.0229 -15.1755 0
    endloop
  endfacet
  facet normal 0 0 -1
    outer loop
      vertex -15.1755 -15.0229 0
      vertex -12.7279 -12.7279 0
      vertex -15.0967 -15.0967 0
    endloop
  endfacet
  facet normal 0 0 -1
    outer loop
      vertex -15.259 -14.9544 0
      vertex -12.7279 -12.7279 0
      vertex -15.1755 -15.0229 0
    endloop
  endfacet
  facet normal 0 0 -1
    outer loop
      vertex -15.3468 -14.8915 0
      vertex -12.7279 -12.7279 0
      vertex -15.259 -14.9544 0
    endloop
  endfacet
  facet normal -0 0 -1
    outer loop
      vertex -12.7279 -12.7279 0
      vertex -15.3468 -14.8915 0
      vertex -13.5331 -11.8682 0
    endloop
  endfacet
  facet normal 0 0 -1
    outer loop
      vertex -15.4385 -14.8345 0
      vertex -13.5331 -11.8682 0
      vertex -15.3468 -14.8915 0
    endloop
  endfacet
  facet normal 0 0 -1
    outer loop
      vertex -15.5337 -14.7836 0
      vertex -13.5331 -11.8682 0
      vertex -15.4385 -14.8345 0
    endloop
  endfacet
  facet normal 0 0 -1
    outer loop
      vertex -15.632 -14.7391 0
      vertex -13.5331 -11.8682 0
      vertex -15.5337 -14.7836 0
    endloop
  endfacet
  facet normal 0 0 -1
    outer loop
      vertex -15.7331 -14.701 0
      vertex -13.5331 -11.8682 0
      vertex -15.632 -14.7391 0
    endloop
  endfacet
  facet normal 0 0 -1
    outer loop
      vertex -15.8364 -14.6697 0
      vertex -13.5331 -11.8682 0
      vertex -15.7331 -14.701 0
    endloop
  endfacet
  facet normal -0 0 -1
    outer loop
      vertex -13.5331 -11.8682 0
      vertex -15.8364 -14.6697 0
      vertex -14.2804 -10.9577 0
    endloop
  endfacet
  facet normal 0 0 -1
    outer loop
      vertex -15.9416 -14.6452 0
      vertex -14.2804 -10.9577 0
      vertex -15.8364 -14.6697 0
    endloop
  endfacet
  facet normal 0 0 -1
    outer loop
      vertex -16.0481 -14.6276 0
      vertex -14.2804 -10.9577 0
      vertex -15.9416 -14.6452 0
    endloop
  endfacet
  facet normal 0 0 -1
    outer loop
      vertex -16.1555 -14.617 0
      vertex -14.2804 -10.9577 0
      vertex -16.0481 -14.6276 0
    endloop
  endfacet
  facet normal 0 0 -1
    outer loop
      vertex -16.2635 -14.6135 0
      vertex -14.2804 -10.9577 0
      vertex -16.1555 -14.617 0
    endloop
  endfacet
  facet normal 0 0 -1
    outer loop
      vertex -16.3714 -14.617 0
      vertex -14.2804 -10.9577 0
      vertex -16.2635 -14.6135 0
    endloop
  endfacet
  facet normal 0 0 -1
    outer loop
      vertex -16.4788 -14.6276 0
      vertex -14.2804 -10.9577 0
      vertex -16.3714 -14.617 0
    endloop
  endfacet
  facet normal -0 0 -1
    outer loop
      vertex -14.2804 -10.9577 0
      vertex -16.4788 -14.6276 0
      vertex -14.9665 -10.0003 0
    endloop
  endfacet
  facet normal 0 0 -1
    outer loop
      vertex -16.5854 -14.6452 0
      vertex -14.9665 -10.0003 0
      vertex -16.4788 -14.6276 0
    endloop
  endfacet
  facet normal 0 0 -1
    outer loop
      vertex -16.6905 -14.6697 0
      vertex -14.9665 -10.0003 0
      vertex -16.5854 -14.6452 0
    endloop
  endfacet
  facet normal 0 0 -1
    outer loop
      vertex -16.7938 -14.701 0
      vertex -14.9665 -10.0003 0
      vertex -16.6905 -14.6697 0
    endloop
  endfacet
  facet normal 0 0 -1
    outer loop
      vertex -16.8949 -14.7391 0
      vertex -14.9665 -10.0003 0
      vertex -16.7938 -14.701 0
    endloop
  endfacet
  facet normal -0 0 -1
    outer loop
      vertex -14.9665 -10.0003 0
      vertex -16.8949 -14.7391 0
      vertex -15.5885 -9 0
    endloop
  endfacet
  facet normal 0 0 -1
    outer loop
      vertex -16.9932 -14.7836 0
      vertex -15.5885 -9 0
      vertex -16.8949 -14.7391 0
    endloop
  endfacet
  facet normal 0 0 -1
    outer loop
      vertex -17.0885 -14.8345 0
      vertex -15.5885 -9 0
      vertex -16.9932 -14.7836 0
    endloop
  endfacet
  facet normal 0 0 -1
    outer loop
      vertex -17.1801 -14.8915 0
      vertex -15.5885 -9 0
      vertex -17.0885 -14.8345 0
    endloop
  endfacet
  facet normal -0 0 -1
    outer loop
      vertex -15.5885 -9 0
      vertex -23.3827 -13.5 0
      vertex -16.1437 -7.9612 0
    endloop
  endfacet
  facet normal 0 0 -1
    outer loop
      vertex -24.2156 -11.9418 0
      vertex -16.1437 -7.9612 0
      vertex -23.3827 -13.5 0
    endloop
  endfacet
  facet normal 0 0 -1
    outer loop
      vertex -15.5885 -9 0
      vertex -17.1801 -14.8915 0
      vertex -23.3827 -13.5 0
    endloop
  endfacet
  facet normal 0 0 -1
    outer loop
      vertex -23.3827 -13.5 0
      vertex -17.1801 -14.8915 0
      vertex -17.2679 -14.9544 0
    endloop
  endfacet
  facet normal 0 0 -1
    outer loop
      vertex -23.3827 -13.5 0
      vertex -17.2679 -14.9544 0
      vertex -17.3514 -15.0229 0
    endloop
  endfacet
  facet normal 0 0 -1
    outer loop
      vertex -24.9447 -10.3325 0
      vertex -16.6298 -6.8883 0
      vertex -24.2156 -11.9418 0
    endloop
  endfacet
  facet normal 0 0 -1
    outer loop
      vertex -23.3827 -13.5 0
      vertex -17.3514 -15.0229 0
      vertex -17.4302 -15.0967 0
    endloop
  endfacet
  facet normal 0 0 -1
    outer loop
      vertex -22.4497 -15.0004 0
      vertex -17.4302 -15.0967 0
      vertex -17.504 -15.1755 0
    endloop
  endfacet
  facet normal 0 0 -1
    outer loop
      vertex -22.4497 -15.0004 0
      vertex -17.504 -15.1755 0
      vertex -17.5725 -15.259 0
    endloop
  endfacet
  facet normal 0 0 -1
    outer loop
      vertex -22.4497 -15.0004 0
      vertex -17.5725 -15.259 0
      vertex -17.6354 -15.3468 0
    endloop
  endfacet
  facet normal -0 0 -1
    outer loop
      vertex -16.6298 -6.8883 0
      vertex -24.9447 -10.3325 0
      vertex -17.0447 -5.78591 0
    endloop
  endfacet
  facet normal 0 0 -1
    outer loop
      vertex -22.4497 -15.0004 0
      vertex -17.6354 -15.3468 0
      vertex -17.6924 -15.4385 0
    endloop
  endfacet
  facet normal 0 0 -1
    outer loop
      vertex -22.4497 -15.0004 0
      vertex -17.6924 -15.4385 0
      vertex -17.7433 -15.5337 0
    endloop
  endfacet
  facet normal 0 0 -1
    outer loop
      vertex -21.4205 -16.4366 0
      vertex -17.7433 -15.5337 0
      vertex -17.7879 -15.632 0
    endloop
  endfacet
  facet normal 0 0 -1
    outer loop
      vertex -21.4205 -16.4366 0
      vertex -17.7879 -15.632 0
      vertex -17.8259 -15.7331 0
    endloop
  endfacet
  facet normal 0 0 -1
    outer loop
      vertex -25.5671 -8.67887 0
      vertex -17.0447 -5.78591 0
      vertex -24.9447 -10.3325 0
    endloop
  endfacet
  facet normal 0 0 -1
    outer loop
      vertex -21.4205 -16.4366 0
      vertex -17.8259 -15.7331 0
      vertex -17.8572 -15.8364 0
    endloop
  endfacet
  facet normal 0 0 -1
    outer loop
      vertex -21.4205 -16.4366 0
      vertex -17.8572 -15.8364 0
      vertex -17.8818 -15.9416 0
    endloop
  endfacet
  facet normal 0 0 -1
    outer loop
      vertex -21.4205 -16.4366 0
      vertex -17.8818 -15.9416 0
      vertex -17.8993 -16.0481 0
    endloop
  endfacet
  facet normal 0 0 -1
    outer loop
      vertex -21.4205 -16.4366 0
      vertex -17.8993 -16.0481 0
      vertex -17.9099 -16.1555 0
    endloop
  endfacet
  facet normal 0 0 -1
    outer loop
      vertex -21.4205 -16.4366 0
      vertex -17.9099 -16.1555 0
      vertex -17.9135 -16.2635 0
    endloop
  endfacet
  facet normal -0 0 -1
    outer loop
      vertex -17.0447 -5.78591 0
      vertex -25.5671 -8.67887 0
      vertex -17.3867 -4.65874 0
    endloop
  endfacet
  facet normal 0 0 -1
    outer loop
      vertex 21.4205 16.4366 0
      vertex 17.9099 16.1555 0
      vertex 17.9135 16.2635 0
    endloop
  endfacet
  facet normal 0 0 -1
    outer loop
      vertex 24.2156 11.9418 0
      vertex 17.8993 16.0481 0
      vertex 17.9099 16.1555 0
    endloop
  endfacet
  facet normal 0 0 -1
    outer loop
      vertex 17.0447 5.78591 0
      vertex 25.5671 8.67887 0
      vertex 17.3867 4.65874 0
    endloop
  endfacet
  facet normal 0 0 -1
    outer loop
      vertex 24.2156 11.9418 0
      vertex 17.8818 15.9416 0
      vertex 17.8993 16.0481 0
    endloop
  endfacet
  facet normal -0 0 -1
    outer loop
      vertex 25.5671 8.67887 0
      vertex 17.0447 5.78591 0
      vertex 24.9447 10.3325 0
    endloop
  endfacet
  facet normal 0 0 -1
    outer loop
      vertex 24.2156 11.9418 0
      vertex 17.8572 15.8364 0
      vertex 17.8818 15.9416 0
    endloop
  endfacet
  facet normal 0 0 -1
    outer loop
      vertex 24.2156 11.9418 0
      vertex 17.8259 15.7331 0
      vertex 17.8572 15.8364 0
    endloop
  endfacet
  facet normal 0 0 -1
    outer loop
      vertex 16.6298 6.8883 0
      vertex 24.9447 10.3325 0
      vertex 17.0447 5.78591 0
    endloop
  endfacet
  facet normal 0 0 -1
    outer loop
      vertex 24.2156 11.9418 0
      vertex 17.7879 15.632 0
      vertex 17.8259 15.7331 0
    endloop
  endfacet
  facet normal -0 0 -1
    outer loop
      vertex 24.9447 10.3325 0
      vertex 16.6298 6.8883 0
      vertex 24.2156 11.9418 0
    endloop
  endfacet
  facet normal 0 0 -1
    outer loop
      vertex 24.2156 11.9418 0
      vertex 17.7433 15.5337 0
      vertex 17.7879 15.632 0
    endloop
  endfacet
  facet normal 0 0 -1
    outer loop
      vertex 24.2156 11.9418 0
      vertex 17.6924 15.4385 0
      vertex 17.7433 15.5337 0
    endloop
  endfacet
  facet normal 0 0 -1
    outer loop
      vertex 16.1437 7.9612 0
      vertex 24.2156 11.9418 0
      vertex 16.6298 6.8883 0
    endloop
  endfacet
  facet normal 0 0 -1
    outer loop
      vertex 24.2156 11.9418 0
      vertex 17.6354 15.3468 0
      vertex 17.6924 15.4385 0
    endloop
  endfacet
  facet normal 0 0 -1
    outer loop
      vertex 24.2156 11.9418 0
      vertex 17.5725 15.259 0
      vertex 17.6354 15.3468 0
    endloop
  endfacet
  facet normal 0 0 -1
    outer loop
      vertex 24.2156 11.9418 0
      vertex 17.504 15.1755 0
      vertex 17.5725 15.259 0
    endloop
  endfacet
  facet normal 0 0 -1
    outer loop
      vertex 15.5885 9 0
      vertex 24.2156 11.9418 0
      vertex 16.1437 7.9612 0
    endloop
  endfacet
  facet normal 0 0 -1
    outer loop
      vertex 24.2156 11.9418 0
      vertex 17.4302 15.0967 0
      vertex 17.504 15.1755 0
    endloop
  endfacet
  facet normal 0 0 -1
    outer loop
      vertex 24.2156 11.9418 0
      vertex 17.3514 15.0229 0
      vertex 17.4302 15.0967 0
    endloop
  endfacet
  facet normal 0 0 -1
    outer loop
      vertex 24.2156 11.9418 0
      vertex 17.2679 14.9544 0
      vertex 17.3514 15.0229 0
    endloop
  endfacet
  facet normal 0 -0 -1
    outer loop
      vertex 17.1801 14.8915 0
      vertex 24.2156 11.9418 0
      vertex 15.5885 9 0
    endloop
  endfacet
  facet normal 0 0 -1
    outer loop
      vertex 24.2156 11.9418 0
      vertex 17.1801 14.8915 0
      vertex 17.2679 14.9544 0
    endloop
  endfacet
  facet normal 0 0 -1
    outer loop
      vertex 17.1801 14.8915 0
      vertex 15.5885 9 0
      vertex 17.0885 14.8345 0
    endloop
  endfacet
  facet normal 0 0 -1
    outer loop
      vertex 17.0885 14.8345 0
      vertex 15.5885 9 0
      vertex 16.9932 14.7836 0
    endloop
  endfacet
  facet normal 0 0 -1
    outer loop
      vertex 16.9932 14.7836 0
      vertex 15.5885 9 0
      vertex 16.8949 14.7391 0
    endloop
  endfacet
  facet normal 0 0 -1
    outer loop
      vertex 14.9665 10.0003 0
      vertex 16.8949 14.7391 0
      vertex 15.5885 9 0
    endloop
  endfacet
  facet normal 0 0 -1
    outer loop
      vertex 16.8949 14.7391 0
      vertex 14.9665 10.0003 0
      vertex 16.7938 14.701 0
    endloop
  endfacet
  facet normal 0 0 -1
    outer loop
      vertex 16.7938 14.701 0
      vertex 14.9665 10.0003 0
      vertex 16.6905 14.6697 0
    endloop
  endfacet
  facet normal 0 0 -1
    outer loop
      vertex 16.6905 14.6697 0
      vertex 14.9665 10.0003 0
      vertex 16.5854 14.6452 0
    endloop
  endfacet
  facet normal 0 0 -1
    outer loop
      vertex 16.5854 14.6452 0
      vertex 14.9665 10.0003 0
      vertex 16.4788 14.6276 0
    endloop
  endfacet
  facet normal 0 0 -1
    outer loop
      vertex 14.2804 10.9577 0
      vertex 16.4788 14.6276 0
      vertex 14.9665 10.0003 0
    endloop
  endfacet
  facet normal 0 0 -1
    outer loop
      vertex 16.4788 14.6276 0
      vertex 14.2804 10.9577 0
      vertex 16.3714 14.617 0
    endloop
  endfacet
  facet normal 0 0 -1
    outer loop
      vertex 16.3714 14.617 0
      vertex 14.2804 10.9577 0
      vertex 16.2635 14.6135 0
    endloop
  endfacet
  facet normal -0 0 -1
    outer loop
      vertex 16.2635 14.6135 0
      vertex 14.2804 10.9577 0
      vertex 16.1555 14.617 0
    endloop
  endfacet
  facet normal -0 0 -1
    outer loop
      vertex 16.1555 14.617 0
      vertex 14.2804 10.9577 0
      vertex 16.0481 14.6276 0
    endloop
  endfacet
  facet normal -0 0 -1
    outer loop
      vertex 16.0481 14.6276 0
      vertex 14.2804 10.9577 0
      vertex 15.9416 14.6452 0
    endloop
  endfacet
  facet normal -0 0 -1
    outer loop
      vertex 15.9416 14.6452 0
      vertex 14.2804 10.9577 0
      vertex 15.8364 14.6697 0
    endloop
  endfacet
  facet normal 0 0 -1
    outer loop
      vertex 13.5331 11.8682 0
      vertex 15.8364 14.6697 0
      vertex 14.2804 10.9577 0
    endloop
  endfacet
  facet normal -0 0 -1
    outer loop
      vertex 15.8364 14.6697 0
      vertex 13.5331 11.8682 0
      vertex 15.7331 14.701 0
    endloop
  endfacet
  facet normal -0 0 -1
    outer loop
      vertex 15.7331 14.701 0
      vertex 13.5331 11.8682 0
      vertex 15.632 14.7391 0
    endloop
  endfacet
  facet normal -0 0 -1
    outer loop
      vertex 15.632 14.7391 0
      vertex 13.5331 11.8682 0
      vertex 15.5337 14.7836 0
    endloop
  endfacet
  facet normal -0 0 -1
    outer loop
      vertex 15.5337 14.7836 0
      vertex 13.5331 11.8682 0
      vertex 15.4385 14.8345 0
    endloop
  endfacet
  facet normal -0 0 -1
    outer loop
      vertex 15.4385 14.8345 0
      vertex 13.5331 11.8682 0
      vertex 15.3468 14.8915 0
    endloop
  endfacet
  facet normal 0 0 -1
    outer loop
      vertex 12.7279 12.7279 0
      vertex 15.3468 14.8915 0
      vertex 13.5331 11.8682 0
    endloop
  endfacet
  facet normal -0 0 -1
    outer loop
      vertex 15.3468 14.8915 0
      vertex 12.7279 12.7279 0
      vertex 15.259 14.9544 0
    endloop
  endfacet
  facet normal -0 0 -1
    outer loop
      vertex 15.259 14.9544 0
      vertex 12.7279 12.7279 0
      vertex 15.1755 15.0229 0
    endloop
  endfacet
  facet normal -0 0 -1
    outer loop
      vertex 15.1755 15.0229 0
      vertex 12.7279 12.7279 0
      vertex 15.0967 15.0967 0
    endloop
  endfacet
  facet normal -0 0 -1
    outer loop
      vertex 15.0967 15.0967 0
      vertex 12.7279 12.7279 0
      vertex 15.0229 15.1755 0
    endloop
  endfacet
  facet normal -0 0 -1
    outer loop
      vertex 15.0229 15.1755 0
      vertex 12.7279 12.7279 0
      vertex 14.9544 15.259 0
    endloop
  endfacet
  facet normal -0 0 -1
    outer loop
      vertex 14.9544 15.259 0
      vertex 12.7279 12.7279 0
      vertex 14.8915 15.3468 0
    endloop
  endfacet
  facet normal 0 0 -1
    outer loop
      vertex 11.8682 13.5331 0
      vertex 14.8915 15.3468 0
      vertex 12.7279 12.7279 0
    endloop
  endfacet
  facet normal -0 0 -1
    outer loop
      vertex 14.8915 15.3468 0
      vertex 11.8682 13.5331 0
      vertex 14.8345 15.4385 0
    endloop
  endfacet
  facet normal -0 0 -1
    outer loop
      vertex 14.8345 15.4385 0
      vertex 11.8682 13.5331 0
      vertex 14.7836 15.5337 0
    endloop
  endfacet
  facet normal -0 0 -1
    outer loop
      vertex 14.7836 15.5337 0
      vertex 11.8682 13.5331 0
      vertex 14.7391 15.632 0
    endloop
  endfacet
  facet normal -0 0 -1
    outer loop
      vertex 14.7391 15.632 0
      vertex 11.8682 13.5331 0
      vertex 14.701 15.7331 0
    endloop
  endfacet
  facet normal -0 0 -1
    outer loop
      vertex 14.6697 15.8364 0
      vertex 11.8682 13.5331 0
      vertex 14.6452 15.9416 0
    endloop
  endfacet
  facet normal -0 0 -1
    outer loop
      vertex 14.701 15.7331 0
      vertex 11.8682 13.5331 0
      vertex 14.6697 15.8364 0
    endloop
  endfacet
  facet normal 0 0 -1
    outer loop
      vertex 18 0 0
      vertex 27 0 0
      vertex 26.9422 -1.76588 0
    endloop
  endfacet
  facet normal 0 0 -1
    outer loop
      vertex 17.9615 -1.17726 0
      vertex 26.9422 -1.76588 0
      vertex 26.769 -3.52421 0
    endloop
  endfacet
  facet normal 0 0 -1
    outer loop
      vertex 27 0 0
      vertex 18 0 0
      vertex 26.9422 1.76588 0
    endloop
  endfacet
  facet normal 0 0 -1
    outer loop
      vertex 17.846 -2.34947 0
      vertex 26.769 -3.52421 0
      vertex 26.4812 -5.26744 0
    endloop
  endfacet
  facet normal 0 0 -1
    outer loop
      vertex 17.9615 1.17726 0
      vertex 26.9422 1.76588 0
      vertex 18 0 0
    endloop
  endfacet
  facet normal 0 0 -1
    outer loop
      vertex 17.6541 -3.51163 0
      vertex 26.4812 -5.26744 0
      vertex 26.08 -6.98811 0
    endloop
  endfacet
  facet normal -0 0 -1
    outer loop
      vertex 26.9422 1.76588 0
      vertex 17.9615 1.17726 0
      vertex 26.769 3.52421 0
    endloop
  endfacet
  facet normal 0 0 -1
    outer loop
      vertex 17.3867 -4.65874 0
      vertex 26.08 -6.98811 0
      vertex 25.5671 -8.67887 0
    endloop
  endfacet
  facet normal 0 0 -1
    outer loop
      vertex 17.846 2.34947 0
      vertex 26.769 3.52421 0
      vertex 17.9615 1.17726 0
    endloop
  endfacet
  facet normal 0 0 -1
    outer loop
      vertex 17.0447 -5.78591 0
      vertex 25.5671 -8.67887 0
      vertex 24.9447 -10.3325 0
    endloop
  endfacet
  facet normal -0 0 -1
    outer loop
      vertex 26.769 3.52421 0
      vertex 17.846 2.34947 0
      vertex 26.4812 5.26744 0
    endloop
  endfacet
  facet normal 0 0 -1
    outer loop
      vertex 16.6298 -6.8883 0
      vertex 24.9447 -10.3325 0
      vertex 24.2156 -11.9418 0
    endloop
  endfacet
  facet normal 0 0 -1
    outer loop
      vertex 17.6541 3.51163 0
      vertex 26.4812 5.26744 0
      vertex 17.846 2.34947 0
    endloop
  endfacet
  facet normal 0 0 -1
    outer loop
      vertex 16.1437 -7.9612 0
      vertex 24.2156 -11.9418 0
      vertex 23.3827 -13.5 0
    endloop
  endfacet
  facet normal -0 0 -1
    outer loop
      vertex 26.4812 5.26744 0
      vertex 17.6541 3.51163 0
      vertex 26.08 6.98811 0
    endloop
  endfacet
  facet normal 0 0 -1
    outer loop
      vertex 17.3514 -15.0229 0
      vertex 23.3827 -13.5 0
      vertex 22.4497 -15.0004 0
    endloop
  endfacet
  facet normal 0 0 -1
    outer loop
      vertex 17.3867 4.65874 0
      vertex 26.08 6.98811 0
      vertex 17.6541 3.51163 0
    endloop
  endfacet
  facet normal 0 0 -1
    outer loop
      vertex 17.7433 -15.5337 0
      vertex 22.4497 -15.0004 0
      vertex 21.4205 -16.4366 0
    endloop
  endfacet
  facet normal -0 0 -1
    outer loop
      vertex 26.08 6.98811 0
      vertex 17.3867 4.65874 0
      vertex 25.5671 8.67887 0
    endloop
  endfacet
  facet normal 0 0 -1
    outer loop
      vertex 17.9099 -16.1555 0
      vertex 21.4205 -16.4366 0
      vertex 20.2997 -17.8023 0
    endloop
  endfacet
  facet normal 0 0 -1
    outer loop
      vertex 17.9099 16.1555 0
      vertex 23.3827 13.5 0
      vertex 24.2156 11.9418 0
    endloop
  endfacet
  facet normal 0 0 -1
    outer loop
      vertex 17.6924 -17.0885 0
      vertex 20.2997 -17.8023 0
      vertex 19.0919 -19.0919 0
    endloop
  endfacet
  facet normal 0 0 -1
    outer loop
      vertex 17.9099 16.1555 0
      vertex 22.4497 15.0004 0
      vertex 23.3827 13.5 0
    endloop
  endfacet
  facet normal 0 0 -1
    outer loop
      vertex 17.9099 16.1555 0
      vertex 21.4205 16.4366 0
      vertex 22.4497 15.0004 0
    endloop
  endfacet
  facet normal 0 0 -1
    outer loop
      vertex 26.9422 -1.76588 0
      vertex 17.9615 -1.17726 0
      vertex 18 0 0
    endloop
  endfacet
  facet normal 0 0 -1
    outer loop
      vertex 20.2997 -17.8023 0
      vertex 17.9135 -16.2635 0
      vertex 17.9099 -16.1555 0
    endloop
  endfacet
  facet normal 0 0 -1
    outer loop
      vertex 20.2997 -17.8023 0
      vertex 17.9099 -16.3714 0
      vertex 17.9135 -16.2635 0
    endloop
  endfacet
  facet normal 0 0 -1
    outer loop
      vertex 20.2997 -17.8023 0
      vertex 17.8993 -16.4788 0
      vertex 17.9099 -16.3714 0
    endloop
  endfacet
  facet normal 0 0 -1
    outer loop
      vertex 20.2997 -17.8023 0
      vertex 17.8818 -16.5854 0
      vertex 17.8993 -16.4788 0
    endloop
  endfacet
  facet normal 0 0 -1
    outer loop
      vertex 20.2997 -17.8023 0
      vertex 17.8572 -16.6905 0
      vertex 17.8818 -16.5854 0
    endloop
  endfacet
  facet normal 0 0 -1
    outer loop
      vertex 20.2997 -17.8023 0
      vertex 17.8259 -16.7938 0
      vertex 17.8572 -16.6905 0
    endloop
  endfacet
  facet normal 0 0 -1
    outer loop
      vertex 17.0885 -17.6924 0
      vertex 19.0919 -19.0919 0
      vertex 17.8023 -20.2997 0
    endloop
  endfacet
  facet normal 0 0 -1
    outer loop
      vertex 20.2997 -17.8023 0
      vertex 17.7879 -16.8949 0
      vertex 17.8259 -16.7938 0
    endloop
  endfacet
  facet normal 0 0 -1
    outer loop
      vertex 20.2997 -17.8023 0
      vertex 17.7433 -16.9932 0
      vertex 17.7879 -16.8949 0
    endloop
  endfacet
  facet normal 0 0 -1
    outer loop
      vertex 20.2997 -17.8023 0
      vertex 17.6924 -17.0885 0
      vertex 17.7433 -16.9932 0
    endloop
  endfacet
  facet normal 0 0 -1
    outer loop
      vertex 19.0919 -19.0919 0
      vertex 17.6354 -17.1801 0
      vertex 17.6924 -17.0885 0
    endloop
  endfacet
  facet normal 0 0 -1
    outer loop
      vertex 19.0919 -19.0919 0
      vertex 17.5725 -17.2679 0
      vertex 17.6354 -17.1801 0
    endloop
  endfacet
  facet normal 0 0 -1
    outer loop
      vertex 19.0919 -19.0919 0
      vertex 17.504 -17.3514 0
      vertex 17.5725 -17.2679 0
    endloop
  endfacet
  facet normal 0 0 -1
    outer loop
      vertex 19.0919 -19.0919 0
      vertex 17.4302 -17.4302 0
      vertex 17.504 -17.3514 0
    endloop
  endfacet
  facet normal 0 0 -1
    outer loop
      vertex 19.0919 -19.0919 0
      vertex 17.3514 -17.504 0
      vertex 17.4302 -17.4302 0
    endloop
  endfacet
  facet normal 0 0 -1
    outer loop
      vertex 19.0919 -19.0919 0
      vertex 17.2679 -17.5725 0
      vertex 17.3514 -17.504 0
    endloop
  endfacet
  facet normal 0 0 -1
    outer loop
      vertex 19.0919 -19.0919 0
      vertex 17.1801 -17.6354 0
      vertex 17.2679 -17.5725 0
    endloop
  endfacet
  facet normal 0 0 -1
    outer loop
      vertex 19.0919 -19.0919 0
      vertex 17.0885 -17.6924 0
      vertex 17.1801 -17.6354 0
    endloop
  endfacet
  facet normal 0 0 -1
    outer loop
      vertex 17.8023 -20.2997 0
      vertex 16.9932 -17.7433 0
      vertex 17.0885 -17.6924 0
    endloop
  endfacet
  facet normal 0 0 -1
    outer loop
      vertex 17.8023 -20.2997 0
      vertex 16.8949 -17.7879 0
      vertex 16.9932 -17.7433 0
    endloop
  endfacet
  facet normal 0 0 -1
    outer loop
      vertex 17.8023 -20.2997 0
      vertex 16.7938 -17.8259 0
      vertex 16.8949 -17.7879 0
    endloop
  endfacet
  facet normal 0 0 -1
    outer loop
      vertex 17.8023 -20.2997 0
      vertex 16.6905 -17.8572 0
      vertex 16.7938 -17.8259 0
    endloop
  endfacet
  facet normal 0 0 -1
    outer loop
      vertex 17.8023 -20.2997 0
      vertex 16.5854 -17.8818 0
      vertex 16.6905 -17.8572 0
    endloop
  endfacet
  facet normal 0 0 -1
    outer loop
      vertex 17.8023 -20.2997 0
      vertex 16.4788 -17.8993 0
      vertex 16.5854 -17.8818 0
    endloop
  endfacet
  facet normal 0 0 -1
    outer loop
      vertex 16.2635 -17.9135 0
      vertex 17.8023 -20.2997 0
      vertex 16.4366 -21.4205 0
    endloop
  endfacet
  facet normal 0 0 -1
    outer loop
      vertex 17.8023 -20.2997 0
      vertex 16.3714 -17.9099 0
      vertex 16.4788 -17.8993 0
    endloop
  endfacet
  facet normal 0 0 -1
    outer loop
      vertex 17.8023 -20.2997 0
      vertex 16.2635 -17.9135 0
      vertex 16.3714 -17.9099 0
    endloop
  endfacet
  facet normal 0 0 -1
    outer loop
      vertex 16.4366 -21.4205 0
      vertex 16.1555 -17.9099 0
      vertex 16.2635 -17.9135 0
    endloop
  endfacet
  facet normal 0 0 -1
    outer loop
      vertex 16.4366 -21.4205 0
      vertex 16.0481 -17.8993 0
      vertex 16.1555 -17.9099 0
    endloop
  endfacet
  facet normal 0 0 -1
    outer loop
      vertex 16.4366 -21.4205 0
      vertex 15.9416 -17.8818 0
      vertex 16.0481 -17.8993 0
    endloop
  endfacet
  facet normal 0 0 -1
    outer loop
      vertex 16.4366 -21.4205 0
      vertex 15.8364 -17.8572 0
      vertex 15.9416 -17.8818 0
    endloop
  endfacet
  facet normal 0 0 -1
    outer loop
      vertex 16.4366 -21.4205 0
      vertex 15.7331 -17.8259 0
      vertex 15.8364 -17.8572 0
    endloop
  endfacet
  facet normal 0 0 -1
    outer loop
      vertex 16.4366 -21.4205 0
      vertex 15.632 -17.7879 0
      vertex 15.7331 -17.8259 0
    endloop
  endfacet
  facet normal 0 0 -1
    outer loop
      vertex 16.4366 -21.4205 0
      vertex 15.5337 -17.7433 0
      vertex 15.632 -17.7879 0
    endloop
  endfacet
  facet normal 0 0 -1
    outer loop
      vertex 15.0004 -22.4497 0
      vertex 15.5337 -17.7433 0
      vertex 16.4366 -21.4205 0
    endloop
  endfacet
  facet normal -0 0 -1
    outer loop
      vertex 15.5337 -17.7433 0
      vertex 15.0004 -22.4497 0
      vertex 15.4385 -17.6924 0
    endloop
  endfacet
  facet normal -0 0 -1
    outer loop
      vertex 15.4385 -17.6924 0
      vertex 15.0004 -22.4497 0
      vertex 15.3468 -17.6354 0
    endloop
  endfacet
  facet normal -0 0 -1
    outer loop
      vertex 15.3468 -17.6354 0
      vertex 15.0004 -22.4497 0
      vertex 15.259 -17.5725 0
    endloop
  endfacet
  facet normal -0 0 -1
    outer loop
      vertex 15.259 -17.5725 0
      vertex 15.0004 -22.4497 0
      vertex 15.1755 -17.504 0
    endloop
  endfacet
  facet normal -0 0 -1
    outer loop
      vertex 15.1755 -17.504 0
      vertex 15.0004 -22.4497 0
      vertex 15.0967 -17.4302 0
    endloop
  endfacet
  facet normal -0 0 -1
    outer loop
      vertex 15.0967 -17.4302 0
      vertex 15.0004 -22.4497 0
      vertex 15.0229 -17.3514 0
    endloop
  endfacet
  facet normal 0 0 -1
    outer loop
      vertex 13.5 -23.3827 0
      vertex 15.0229 -17.3514 0
      vertex 15.0004 -22.4497 0
    endloop
  endfacet
  facet normal -0 0 -1
    outer loop
      vertex 15.0229 -17.3514 0
      vertex 13.5 -23.3827 0
      vertex 14.9544 -17.2679 0
    endloop
  endfacet
  facet normal -0 0 -1
    outer loop
      vertex 14.9544 -17.2679 0
      vertex 13.5 -23.3827 0
      vertex 14.8915 -17.1801 0
    endloop
  endfacet
  facet normal 0 0 -1
    outer loop
      vertex 9 -15.5885 0
      vertex 14.8915 -17.1801 0
      vertex 13.5 -23.3827 0
    endloop
  endfacet
  facet normal 0 0 -1
    outer loop
      vertex 14.8915 -17.1801 0
      vertex 9 -15.5885 0
      vertex 14.8345 -17.0885 0
    endloop
  endfacet
  facet normal 0 0 -1
    outer loop
      vertex 14.8345 -17.0885 0
      vertex 9 -15.5885 0
      vertex 14.7836 -16.9932 0
    endloop
  endfacet
  facet normal 0 0 -1
    outer loop
      vertex 14.7836 -16.9932 0
      vertex 9 -15.5885 0
      vertex 14.7391 -16.8949 0
    endloop
  endfacet
  facet normal 0 -0 -1
    outer loop
      vertex 10.0003 -14.9665 0
      vertex 14.7391 -16.8949 0
      vertex 9 -15.5885 0
    endloop
  endfacet
  facet normal 0 0 -1
    outer loop
      vertex 14.7391 -16.8949 0
      vertex 10.0003 -14.9665 0
      vertex 14.701 -16.7938 0
    endloop
  endfacet
  facet normal 0 0 -1
    outer loop
      vertex 14.701 -16.7938 0
      vertex 10.0003 -14.9665 0
      vertex 14.6697 -16.6905 0
    endloop
  endfacet
  facet normal 0 0 -1
    outer loop
      vertex 10.9577 -14.2804 0
      vertex 14.6135 -16.2635 0
      vertex 14.617 -16.3714 0
    endloop
  endfacet
  facet normal 0 0 -1
    outer loop
      vertex 14.6135 -16.2635 0
      vertex 13.5331 -11.8682 0
      vertex 14.2804 -10.9577 0
    endloop
  endfacet
  facet normal 0 0 -1
    outer loop
      vertex 14.6697 -16.6905 0
      vertex 10.0003 -14.9665 0
      vertex 14.6452 -16.5854 0
    endloop
  endfacet
  facet normal 0 0 -1
    outer loop
      vertex 14.6452 -16.5854 0
      vertex 10.0003 -14.9665 0
      vertex 14.6276 -16.4788 0
    endloop
  endfacet
  facet normal 0 0 -1
    outer loop
      vertex 14.6135 -16.2635 0
      vertex 12.7279 -12.7279 0
      vertex 13.5331 -11.8682 0
    endloop
  endfacet
  facet normal 0 0 -1
    outer loop
      vertex 9 -15.5885 0
      vertex 13.5 -23.3827 0
      vertex 11.9418 -24.2156 0
    endloop
  endfacet
  facet normal 0 0 -1
    outer loop
      vertex 14.6135 -16.2635 0
      vertex 11.8682 -13.5331 0
      vertex 12.7279 -12.7279 0
    endloop
  endfacet
  facet normal 0 0 -1
    outer loop
      vertex 14.6135 -16.2635 0
      vertex 10.9577 -14.2804 0
      vertex 11.8682 -13.5331 0
    endloop
  endfacet
  facet normal 0 0 -1
    outer loop
      vertex 7.9612 -16.1437 0
      vertex 11.9418 -24.2156 0
      vertex 10.3325 -24.9447 0
    endloop
  endfacet
  facet normal 0 0 -1
    outer loop
      vertex 14.6276 -16.4788 0
      vertex 10.9577 -14.2804 0
      vertex 14.617 -16.3714 0
    endloop
  endfacet
  facet normal 0 -0 -1
    outer loop
      vertex 10.9577 -14.2804 0
      vertex 14.6276 -16.4788 0
      vertex 10.0003 -14.9665 0
    endloop
  endfacet
  facet normal 0 0 -1
    outer loop
      vertex 6.8883 -16.6298 0
      vertex 10.3325 -24.9447 0
      vertex 8.67887 -25.5671 0
    endloop
  endfacet
  facet normal 0 0 -1
    outer loop
      vertex 11.9418 -24.2156 0
      vertex 7.9612 -16.1437 0
      vertex 9 -15.5885 0
    endloop
  endfacet
  facet normal 0 0 -1
    outer loop
      vertex 5.78591 -17.0447 0
      vertex 8.67887 -25.5671 0
      vertex 6.98811 -26.08 0
    endloop
  endfacet
  facet normal 0 0 -1
    outer loop
      vertex 10.3325 -24.9447 0
      vertex 6.8883 -16.6298 0
      vertex 7.9612 -16.1437 0
    endloop
  endfacet
  facet normal 0 0 -1
    outer loop
      vertex 8.67887 -25.5671 0
      vertex 5.78591 -17.0447 0
      vertex 6.8883 -16.6298 0
    endloop
  endfacet
  facet normal 0 0 -1
    outer loop
      vertex 4.65874 -17.3867 0
      vertex 6.98811 -26.08 0
      vertex 5.26744 -26.4812 0
    endloop
  endfacet
  facet normal 0 0 -1
    outer loop
      vertex 6.98811 -26.08 0
      vertex 4.65874 -17.3867 0
      vertex 5.78591 -17.0447 0
    endloop
  endfacet
  facet normal 0 0 -1
    outer loop
      vertex 3.51163 -17.6541 0
      vertex 5.26744 -26.4812 0
      vertex 3.52421 -26.769 0
    endloop
  endfacet
  facet normal 0 0 -1
    outer loop
      vertex 5.26744 -26.4812 0
      vertex 3.51163 -17.6541 0
      vertex 4.65874 -17.3867 0
    endloop
  endfacet
  facet normal 0 0 -1
    outer loop
      vertex 3.52421 -26.769 0
      vertex 2.34947 -17.846 0
      vertex 3.51163 -17.6541 0
    endloop
  endfacet
  facet normal 0 0 -1
    outer loop
      vertex 1.76588 -26.9422 0
      vertex 2.34947 -17.846 0
      vertex 3.52421 -26.769 0
    endloop
  endfacet
  facet normal 0 0 -1
    outer loop
      vertex 1.76588 -26.9422 0
      vertex 1.17726 -17.9615 0
      vertex 2.34947 -17.846 0
    endloop
  endfacet
  facet normal 0 0 -1
    outer loop
      vertex 0 -27 0
      vertex 1.17726 -17.9615 0
      vertex 1.76588 -26.9422 0
    endloop
  endfacet
  facet normal 0 0 -1
    outer loop
      vertex 0 -27 0
      vertex 0 -18 0
      vertex 1.17726 -17.9615 0
    endloop
  endfacet
  facet normal 0 0 -1
    outer loop
      vertex 0 -27 0
      vertex -1.17726 -17.9615 0
      vertex 0 -18 0
    endloop
  endfacet
  facet normal 0 0 -1
    outer loop
      vertex -1.76588 -26.9422 0
      vertex -1.17726 -17.9615 0
      vertex 0 -27 0
    endloop
  endfacet
  facet normal 0 0 -1
    outer loop
      vertex -1.76588 -26.9422 0
      vertex -2.34947 -17.846 0
      vertex -1.17726 -17.9615 0
    endloop
  endfacet
  facet normal 0 0 -1
    outer loop
      vertex -3.52421 -26.769 0
      vertex -2.34947 -17.846 0
      vertex -1.76588 -26.9422 0
    endloop
  endfacet
  facet normal -0 0 -1
    outer loop
      vertex -2.34947 -17.846 0
      vertex -3.52421 -26.769 0
      vertex -3.51163 -17.6541 0
    endloop
  endfacet
  facet normal 0 0 -1
    outer loop
      vertex -5.26744 -26.4812 0
      vertex -3.51163 -17.6541 0
      vertex -3.52421 -26.769 0
    endloop
  endfacet
  facet normal -0 0 -1
    outer loop
      vertex -3.51163 -17.6541 0
      vertex -5.26744 -26.4812 0
      vertex -4.65874 -17.3867 0
    endloop
  endfacet
  facet normal 0 0 -1
    outer loop
      vertex -6.98811 -26.08 0
      vertex -4.65874 -17.3867 0
      vertex -5.26744 -26.4812 0
    endloop
  endfacet
  facet normal -0 0 -1
    outer loop
      vertex -4.65874 -17.3867 0
      vertex -6.98811 -26.08 0
      vertex -5.78591 -17.0447 0
    endloop
  endfacet
  facet normal 0 0 -1
    outer loop
      vertex -8.67887 -25.5671 0
      vertex -5.78591 -17.0447 0
      vertex -6.98811 -26.08 0
    endloop
  endfacet
  facet normal -0 0 -1
    outer loop
      vertex -5.78591 -17.0447 0
      vertex -8.67887 -25.5671 0
      vertex -6.8883 -16.6298 0
    endloop
  endfacet
  facet normal 0 0 -1
    outer loop
      vertex -10.3325 -24.9447 0
      vertex -6.8883 -16.6298 0
      vertex -8.67887 -25.5671 0
    endloop
  endfacet
  facet normal -0 0 -1
    outer loop
      vertex -6.8883 -16.6298 0
      vertex -10.3325 -24.9447 0
      vertex -7.9612 -16.1437 0
    endloop
  endfacet
  facet normal 0 0 -1
    outer loop
      vertex -11.9418 -24.2156 0
      vertex -7.9612 -16.1437 0
      vertex -10.3325 -24.9447 0
    endloop
  endfacet
  facet normal -0 0 -1
    outer loop
      vertex -7.9612 -16.1437 0
      vertex -11.9418 -24.2156 0
      vertex -9 -15.5885 0
    endloop
  endfacet
  facet normal 0 0 -1
    outer loop
      vertex -13.5 -23.3827 0
      vertex -9 -15.5885 0
      vertex -11.9418 -24.2156 0
    endloop
  endfacet
  facet normal 0 0 -1
    outer loop
      vertex -14.8915 -17.1801 0
      vertex -9 -15.5885 0
      vertex -13.5 -23.3827 0
    endloop
  endfacet
  facet normal -0 0 -1
    outer loop
      vertex -9 -15.5885 0
      vertex -14.7391 -16.8949 0
      vertex -10.0003 -14.9665 0
    endloop
  endfacet
  facet normal 0 -0 -1
    outer loop
      vertex -14.6452 -16.5854 0
      vertex -10.0003 -14.9665 0
      vertex -14.6697 -16.6905 0
    endloop
  endfacet
  facet normal 0 -0 -1
    outer loop
      vertex -14.7836 -16.9932 0
      vertex -9 -15.5885 0
      vertex -14.8345 -17.0885 0
    endloop
  endfacet
  facet normal 0 -0 -1
    outer loop
      vertex -14.617 -16.3714 0
      vertex -10.9577 -14.2804 0
      vertex -14.6276 -16.4788 0
    endloop
  endfacet
  facet normal 0 0 -1
    outer loop
      vertex -14.6276 -16.0481 0
      vertex -10.9577 -14.2804 0
      vertex -14.617 -16.1555 0
    endloop
  endfacet
  facet normal -0 0 -1
    outer loop
      vertex -10.9577 -14.2804 0
      vertex -14.6452 -15.9416 0
      vertex -11.8682 -13.5331 0
    endloop
  endfacet
  facet normal 0 0 -1
    outer loop
      vertex -14.6452 -15.9416 0
      vertex -10.9577 -14.2804 0
      vertex -14.6276 -16.0481 0
    endloop
  endfacet
  facet normal 0 0 -1
    outer loop
      vertex -14.617 -16.1555 0
      vertex -10.9577 -14.2804 0
      vertex -14.6135 -16.2635 0
    endloop
  endfacet
  facet normal 0 -0 -1
    outer loop
      vertex -14.6135 -16.2635 0
      vertex -10.9577 -14.2804 0
      vertex -14.617 -16.3714 0
    endloop
  endfacet
  facet normal -0 0 -1
    outer loop
      vertex -10.0003 -14.9665 0
      vertex -14.6276 -16.4788 0
      vertex -10.9577 -14.2804 0
    endloop
  endfacet
  facet normal 0 -0 -1
    outer loop
      vertex -14.6276 -16.4788 0
      vertex -10.0003 -14.9665 0
      vertex -14.6452 -16.5854 0
    endloop
  endfacet
  facet normal 0 -0 -1
    outer loop
      vertex -14.6697 -16.6905 0
      vertex -10.0003 -14.9665 0
      vertex -14.701 -16.7938 0
    endloop
  endfacet
  facet normal 0 -0 -1
    outer loop
      vertex -14.701 -16.7938 0
      vertex -10.0003 -14.9665 0
      vertex -14.7391 -16.8949 0
    endloop
  endfacet
  facet normal 0 -0 -1
    outer loop
      vertex -14.7391 -16.8949 0
      vertex -9 -15.5885 0
      vertex -14.7836 -16.9932 0
    endloop
  endfacet
  facet normal 0 0 -1
    outer loop
      vertex -9 -15.5885 0
      vertex -14.8915 -17.1801 0
      vertex -14.8345 -17.0885 0
    endloop
  endfacet
  facet normal 0 0 -1
    outer loop
      vertex -13.5 -23.3827 0
      vertex -14.9544 -17.2679 0
      vertex -14.8915 -17.1801 0
    endloop
  endfacet
  facet normal 0 0 -1
    outer loop
      vertex -15.0229 -17.3514 0
      vertex -13.5 -23.3827 0
      vertex -15.0004 -22.4497 0
    endloop
  endfacet
  facet normal 0 0 -1
    outer loop
      vertex -13.5 -23.3827 0
      vertex -15.0229 -17.3514 0
      vertex -14.9544 -17.2679 0
    endloop
  endfacet
  facet normal 0 0 -1
    outer loop
      vertex -15.0004 -22.4497 0
      vertex -15.0967 -17.4302 0
      vertex -15.0229 -17.3514 0
    endloop
  endfacet
  facet normal 0 0 -1
    outer loop
      vertex -15.0004 -22.4497 0
      vertex -15.1755 -17.504 0
      vertex -15.0967 -17.4302 0
    endloop
  endfacet
  facet normal 0 0 -1
    outer loop
      vertex -15.0004 -22.4497 0
      vertex -15.259 -17.5725 0
      vertex -15.1755 -17.504 0
    endloop
  endfacet
  facet normal 0 0 -1
    outer loop
      vertex -15.0004 -22.4497 0
      vertex -15.3468 -17.6354 0
      vertex -15.259 -17.5725 0
    endloop
  endfacet
  facet normal 0 0 -1
    outer loop
      vertex -15.0004 -22.4497 0
      vertex -15.4385 -17.6924 0
      vertex -15.3468 -17.6354 0
    endloop
  endfacet
  facet normal 0 0 -1
    outer loop
      vertex -15.0004 -22.4497 0
      vertex -15.5337 -17.7433 0
      vertex -15.4385 -17.6924 0
    endloop
  endfacet
  facet normal 0 0 -1
    outer loop
      vertex -16.4366 -21.4205 0
      vertex -15.5337 -17.7433 0
      vertex -15.0004 -22.4497 0
    endloop
  endfacet
  facet normal 0 0 -1
    outer loop
      vertex -15.5337 -17.7433 0
      vertex -16.4366 -21.4205 0
      vertex -15.632 -17.7879 0
    endloop
  endfacet
  facet normal 0 0 -1
    outer loop
      vertex -15.632 -17.7879 0
      vertex -16.4366 -21.4205 0
      vertex -15.7331 -17.8259 0
    endloop
  endfacet
  facet normal 0 0 -1
    outer loop
      vertex -15.7331 -17.8259 0
      vertex -16.4366 -21.4205 0
      vertex -15.8364 -17.8572 0
    endloop
  endfacet
  facet normal 0 0 -1
    outer loop
      vertex -15.8364 -17.8572 0
      vertex -16.4366 -21.4205 0
      vertex -15.9416 -17.8818 0
    endloop
  endfacet
  facet normal 0 0 -1
    outer loop
      vertex -15.9416 -17.8818 0
      vertex -16.4366 -21.4205 0
      vertex -16.0481 -17.8993 0
    endloop
  endfacet
  facet normal 0 0 -1
    outer loop
      vertex -16.0481 -17.8993 0
      vertex -16.4366 -21.4205 0
      vertex -16.1555 -17.9099 0
    endloop
  endfacet
  facet normal 0 0 -1
    outer loop
      vertex -16.1555 -17.9099 0
      vertex -16.4366 -21.4205 0
      vertex -16.2635 -17.9135 0
    endloop
  endfacet
  facet normal 0 0 -1
    outer loop
      vertex -17.8023 -20.2997 0
      vertex -16.2635 -17.9135 0
      vertex -16.4366 -21.4205 0
    endloop
  endfacet
  facet normal -0 0 -1
    outer loop
      vertex -16.2635 -17.9135 0
      vertex -17.8023 -20.2997 0
      vertex -16.3714 -17.9099 0
    endloop
  endfacet
  facet normal -0 0 -1
    outer loop
      vertex -16.3714 -17.9099 0
      vertex -17.8023 -20.2997 0
      vertex -16.4788 -17.8993 0
    endloop
  endfacet
  facet normal -0 0 -1
    outer loop
      vertex -16.4788 -17.8993 0
      vertex -17.8023 -20.2997 0
      vertex -16.5854 -17.8818 0
    endloop
  endfacet
  facet normal -0 0 -1
    outer loop
      vertex -16.5854 -17.8818 0
      vertex -17.8023 -20.2997 0
      vertex -16.6905 -17.8572 0
    endloop
  endfacet
  facet normal -0 0 -1
    outer loop
      vertex -16.6905 -17.8572 0
      vertex -17.8023 -20.2997 0
      vertex -16.7938 -17.8259 0
    endloop
  endfacet
  facet normal -0 0 -1
    outer loop
      vertex -16.7938 -17.8259 0
      vertex -17.8023 -20.2997 0
      vertex -16.8949 -17.7879 0
    endloop
  endfacet
  facet normal -0 0 -1
    outer loop
      vertex -16.8949 -17.7879 0
      vertex -17.8023 -20.2997 0
      vertex -16.9932 -17.7433 0
    endloop
  endfacet
  facet normal -0 0 -1
    outer loop
      vertex -16.9932 -17.7433 0
      vertex -17.8023 -20.2997 0
      vertex -17.0885 -17.6924 0
    endloop
  endfacet
  facet normal 0 0 -1
    outer loop
      vertex -19.0919 -19.0919 0
      vertex -17.0885 -17.6924 0
      vertex -17.8023 -20.2997 0
    endloop
  endfacet
  facet normal -0 0 -1
    outer loop
      vertex -17.0885 -17.6924 0
      vertex -19.0919 -19.0919 0
      vertex -17.1801 -17.6354 0
    endloop
  endfacet
  facet normal -0 0 -1
    outer loop
      vertex -17.1801 -17.6354 0
      vertex -19.0919 -19.0919 0
      vertex -17.2679 -17.5725 0
    endloop
  endfacet
  facet normal -0 0 -1
    outer loop
      vertex -17.2679 -17.5725 0
      vertex -19.0919 -19.0919 0
      vertex -17.3514 -17.504 0
    endloop
  endfacet
  facet normal -0 0 -1
    outer loop
      vertex -17.3514 -17.504 0
      vertex -19.0919 -19.0919 0
      vertex -17.4302 -17.4302 0
    endloop
  endfacet
  facet normal -0 0 -1
    outer loop
      vertex -17.4302 -17.4302 0
      vertex -19.0919 -19.0919 0
      vertex -17.504 -17.3514 0
    endloop
  endfacet
  facet normal -0 0 -1
    outer loop
      vertex -17.504 -17.3514 0
      vertex -19.0919 -19.0919 0
      vertex -17.5725 -17.2679 0
    endloop
  endfacet
  facet normal -0 0 -1
    outer loop
      vertex -17.5725 -17.2679 0
      vertex -19.0919 -19.0919 0
      vertex -17.6354 -17.1801 0
    endloop
  endfacet
  facet normal -0 0 -1
    outer loop
      vertex -17.6354 -17.1801 0
      vertex -19.0919 -19.0919 0
      vertex -17.6924 -17.0885 0
    endloop
  endfacet
  facet normal 0 0 -1
    outer loop
      vertex -20.2997 -17.8023 0
      vertex -17.6924 -17.0885 0
      vertex -19.0919 -19.0919 0
    endloop
  endfacet
  facet normal -0 0 -1
    outer loop
      vertex -17.6924 -17.0885 0
      vertex -20.2997 -17.8023 0
      vertex -17.7433 -16.9932 0
    endloop
  endfacet
  facet normal -0 0 -1
    outer loop
      vertex -17.7433 -16.9932 0
      vertex -20.2997 -17.8023 0
      vertex -17.7879 -16.8949 0
    endloop
  endfacet
  facet normal -0 0 -1
    outer loop
      vertex -17.7879 -16.8949 0
      vertex -20.2997 -17.8023 0
      vertex -17.8259 -16.7938 0
    endloop
  endfacet
  facet normal -0 0 -1
    outer loop
      vertex -17.8259 -16.7938 0
      vertex -20.2997 -17.8023 0
      vertex -17.8572 -16.6905 0
    endloop
  endfacet
  facet normal -0 0 -1
    outer loop
      vertex -17.8572 -16.6905 0
      vertex -20.2997 -17.8023 0
      vertex -17.8818 -16.5854 0
    endloop
  endfacet
  facet normal -0 0 -1
    outer loop
      vertex -17.8818 -16.5854 0
      vertex -20.2997 -17.8023 0
      vertex -17.8993 -16.4788 0
    endloop
  endfacet
  facet normal 0 0 -1
    outer loop
      vertex -26.08 -6.98811 0
      vertex -17.3867 -4.65874 0
      vertex -25.5671 -8.67887 0
    endloop
  endfacet
  facet normal -0 0 -1
    outer loop
      vertex -17.9099 -16.3714 0
      vertex -20.2997 -17.8023 0
      vertex -17.9135 -16.2635 0
    endloop
  endfacet
  facet normal -0 0 -1
    outer loop
      vertex -17.8993 -16.4788 0
      vertex -20.2997 -17.8023 0
      vertex -17.9099 -16.3714 0
    endloop
  endfacet
  facet normal -0 0 -1
    outer loop
      vertex 21.4205 16.4366 0
      vertex 17.9135 16.2635 0
      vertex 20.2997 17.8023 0
    endloop
  endfacet
  facet normal 0 0 -1
    outer loop
      vertex 17.9099 16.3714 0
      vertex 20.2997 17.8023 0
      vertex 17.9135 16.2635 0
    endloop
  endfacet
  facet normal 0 0 -1
    outer loop
      vertex 17.8993 16.4788 0
      vertex 20.2997 17.8023 0
      vertex 17.9099 16.3714 0
    endloop
  endfacet
  facet normal 0 0 -1
    outer loop
      vertex 17.8818 16.5854 0
      vertex 20.2997 17.8023 0
      vertex 17.8993 16.4788 0
    endloop
  endfacet
  facet normal 0 0 -1
    outer loop
      vertex 17.8572 16.6905 0
      vertex 20.2997 17.8023 0
      vertex 17.8818 16.5854 0
    endloop
  endfacet
  facet normal 0 0 -1
    outer loop
      vertex 17.8259 16.7938 0
      vertex 20.2997 17.8023 0
      vertex 17.8572 16.6905 0
    endloop
  endfacet
  facet normal 0 0 -1
    outer loop
      vertex 17.7879 16.8949 0
      vertex 20.2997 17.8023 0
      vertex 17.8259 16.7938 0
    endloop
  endfacet
  facet normal 0 0 -1
    outer loop
      vertex 17.7433 16.9932 0
      vertex 20.2997 17.8023 0
      vertex 17.7879 16.8949 0
    endloop
  endfacet
  facet normal 0 0 -1
    outer loop
      vertex 17.6924 17.0885 0
      vertex 20.2997 17.8023 0
      vertex 17.7433 16.9932 0
    endloop
  endfacet
  facet normal -0 0 -1
    outer loop
      vertex 20.2997 17.8023 0
      vertex 17.6924 17.0885 0
      vertex 19.0919 19.0919 0
    endloop
  endfacet
  facet normal 0 0 -1
    outer loop
      vertex 17.6354 17.1801 0
      vertex 19.0919 19.0919 0
      vertex 17.6924 17.0885 0
    endloop
  endfacet
  facet normal 0 0 -1
    outer loop
      vertex 17.5725 17.2679 0
      vertex 19.0919 19.0919 0
      vertex 17.6354 17.1801 0
    endloop
  endfacet
  facet normal 0 0 -1
    outer loop
      vertex 17.504 17.3514 0
      vertex 19.0919 19.0919 0
      vertex 17.5725 17.2679 0
    endloop
  endfacet
  facet normal 0 0 -1
    outer loop
      vertex 17.4302 17.4302 0
      vertex 19.0919 19.0919 0
      vertex 17.504 17.3514 0
    endloop
  endfacet
  facet normal 0 0 -1
    outer loop
      vertex 17.3514 17.504 0
      vertex 19.0919 19.0919 0
      vertex 17.4302 17.4302 0
    endloop
  endfacet
  facet normal 0 0 -1
    outer loop
      vertex 17.2679 17.5725 0
      vertex 19.0919 19.0919 0
      vertex 17.3514 17.504 0
    endloop
  endfacet
  facet normal 0 0 -1
    outer loop
      vertex 17.1801 17.6354 0
      vertex 19.0919 19.0919 0
      vertex 17.2679 17.5725 0
    endloop
  endfacet
  facet normal 0 0 -1
    outer loop
      vertex 17.0885 17.6924 0
      vertex 19.0919 19.0919 0
      vertex 17.1801 17.6354 0
    endloop
  endfacet
  facet normal -0 0 -1
    outer loop
      vertex 19.0919 19.0919 0
      vertex 17.0885 17.6924 0
      vertex 17.8023 20.2997 0
    endloop
  endfacet
  facet normal 0 0 -1
    outer loop
      vertex 16.9932 17.7433 0
      vertex 17.8023 20.2997 0
      vertex 17.0885 17.6924 0
    endloop
  endfacet
  facet normal 0 0 -1
    outer loop
      vertex 16.8949 17.7879 0
      vertex 17.8023 20.2997 0
      vertex 16.9932 17.7433 0
    endloop
  endfacet
  facet normal 0 0 -1
    outer loop
      vertex 16.7938 17.8259 0
      vertex 17.8023 20.2997 0
      vertex 16.8949 17.7879 0
    endloop
  endfacet
  facet normal 0 0 -1
    outer loop
      vertex 16.6905 17.8572 0
      vertex 17.8023 20.2997 0
      vertex 16.7938 17.8259 0
    endloop
  endfacet
  facet normal 0 0 -1
    outer loop
      vertex 16.5854 17.8818 0
      vertex 17.8023 20.2997 0
      vertex 16.6905 17.8572 0
    endloop
  endfacet
  facet normal 0 0 -1
    outer loop
      vertex 16.4788 17.8993 0
      vertex 17.8023 20.2997 0
      vertex 16.5854 17.8818 0
    endloop
  endfacet
  facet normal 0 0 -1
    outer loop
      vertex 16.3714 17.9099 0
      vertex 17.8023 20.2997 0
      vertex 16.4788 17.8993 0
    endloop
  endfacet
  facet normal 0 0 -1
    outer loop
      vertex 16.2635 17.9135 0
      vertex 17.8023 20.2997 0
      vertex 16.3714 17.9099 0
    endloop
  endfacet
  facet normal -0 0 -1
    outer loop
      vertex 17.8023 20.2997 0
      vertex 16.2635 17.9135 0
      vertex 16.4366 21.4205 0
    endloop
  endfacet
  facet normal 0 0 -1
    outer loop
      vertex 16.1555 17.9099 0
      vertex 16.4366 21.4205 0
      vertex 16.2635 17.9135 0
    endloop
  endfacet
  facet normal 0 0 -1
    outer loop
      vertex 16.0481 17.8993 0
      vertex 16.4366 21.4205 0
      vertex 16.1555 17.9099 0
    endloop
  endfacet
  facet normal 0 0 -1
    outer loop
      vertex 15.9416 17.8818 0
      vertex 16.4366 21.4205 0
      vertex 16.0481 17.8993 0
    endloop
  endfacet
  facet normal 0 0 -1
    outer loop
      vertex 15.8364 17.8572 0
      vertex 16.4366 21.4205 0
      vertex 15.9416 17.8818 0
    endloop
  endfacet
  facet normal 0 0 -1
    outer loop
      vertex 15.7331 17.8259 0
      vertex 16.4366 21.4205 0
      vertex 15.8364 17.8572 0
    endloop
  endfacet
  facet normal 0 0 -1
    outer loop
      vertex 15.632 17.7879 0
      vertex 16.4366 21.4205 0
      vertex 15.7331 17.8259 0
    endloop
  endfacet
  facet normal 0 0 -1
    outer loop
      vertex 15.5337 17.7433 0
      vertex 16.4366 21.4205 0
      vertex 15.632 17.7879 0
    endloop
  endfacet
  facet normal 0 0 -1
    outer loop
      vertex 15.0004 22.4497 0
      vertex 15.5337 17.7433 0
      vertex 15.4385 17.6924 0
    endloop
  endfacet
  facet normal 0 0 -1
    outer loop
      vertex 15.0004 22.4497 0
      vertex 15.4385 17.6924 0
      vertex 15.3468 17.6354 0
    endloop
  endfacet
  facet normal 0 0 -1
    outer loop
      vertex 15.0004 22.4497 0
      vertex 15.3468 17.6354 0
      vertex 15.259 17.5725 0
    endloop
  endfacet
  facet normal 0 0 -1
    outer loop
      vertex 15.0004 22.4497 0
      vertex 15.259 17.5725 0
      vertex 15.1755 17.504 0
    endloop
  endfacet
  facet normal 0 0 -1
    outer loop
      vertex 15.0004 22.4497 0
      vertex 15.1755 17.504 0
      vertex 15.0967 17.4302 0
    endloop
  endfacet
  facet normal 0 0 -1
    outer loop
      vertex 15.0004 22.4497 0
      vertex 15.0967 17.4302 0
      vertex 15.0229 17.3514 0
    endloop
  endfacet
  facet normal 0 0 -1
    outer loop
      vertex 15.5337 17.7433 0
      vertex 15.0004 22.4497 0
      vertex 16.4366 21.4205 0
    endloop
  endfacet
  facet normal 0 0 -1
    outer loop
      vertex 13.5 23.3827 0
      vertex 15.0229 17.3514 0
      vertex 14.9544 17.2679 0
    endloop
  endfacet
  facet normal 0 0 -1
    outer loop
      vertex 13.5 23.3827 0
      vertex 14.9544 17.2679 0
      vertex 14.8915 17.1801 0
    endloop
  endfacet
  facet normal 0 0 -1
    outer loop
      vertex 9 15.5885 0
      vertex 14.8915 17.1801 0
      vertex 14.8345 17.0885 0
    endloop
  endfacet
  facet normal 0 0 -1
    outer loop
      vertex 9 15.5885 0
      vertex 14.8345 17.0885 0
      vertex 14.7836 16.9932 0
    endloop
  endfacet
  facet normal 0 0 -1
    outer loop
      vertex 9 15.5885 0
      vertex 14.7836 16.9932 0
      vertex 14.7391 16.8949 0
    endloop
  endfacet
  facet normal 0 0 -1
    outer loop
      vertex 10.0003 14.9665 0
      vertex 14.7391 16.8949 0
      vertex 14.701 16.7938 0
    endloop
  endfacet
  facet normal 0 0 -1
    outer loop
      vertex 10.0003 14.9665 0
      vertex 14.701 16.7938 0
      vertex 14.6697 16.6905 0
    endloop
  endfacet
  facet normal 0 0 -1
    outer loop
      vertex 10.0003 14.9665 0
      vertex 14.6697 16.6905 0
      vertex 14.6452 16.5854 0
    endloop
  endfacet
  facet normal 0 0 -1
    outer loop
      vertex 10.0003 14.9665 0
      vertex 14.6452 16.5854 0
      vertex 14.6276 16.4788 0
    endloop
  endfacet
  facet normal 0 0 -1
    outer loop
      vertex 10.9577 14.2804 0
      vertex 14.6276 16.4788 0
      vertex 14.617 16.3714 0
    endloop
  endfacet
  facet normal 0 0 -1
    outer loop
      vertex 10.9577 14.2804 0
      vertex 14.6452 15.9416 0
      vertex 11.8682 13.5331 0
    endloop
  endfacet
  facet normal -0 0 -1
    outer loop
      vertex 14.6452 15.9416 0
      vertex 10.9577 14.2804 0
      vertex 14.6276 16.0481 0
    endloop
  endfacet
  facet normal -0 0 -1
    outer loop
      vertex 14.6276 16.0481 0
      vertex 10.9577 14.2804 0
      vertex 14.617 16.1555 0
    endloop
  endfacet
  facet normal -0 0 -1
    outer loop
      vertex 14.617 16.1555 0
      vertex 10.9577 14.2804 0
      vertex 14.6135 16.2635 0
    endloop
  endfacet
  facet normal -0 0 -1
    outer loop
      vertex 14.6135 16.2635 0
      vertex 10.9577 14.2804 0
      vertex 14.617 16.3714 0
    endloop
  endfacet
  facet normal 0 0 -1
    outer loop
      vertex 14.6276 16.4788 0
      vertex 10.9577 14.2804 0
      vertex 10.0003 14.9665 0
    endloop
  endfacet
  facet normal 0 0 -1
    outer loop
      vertex 14.7391 16.8949 0
      vertex 10.0003 14.9665 0
      vertex 9 15.5885 0
    endloop
  endfacet
  facet normal 0 0 -1
    outer loop
      vertex 15.0229 17.3514 0
      vertex 13.5 23.3827 0
      vertex 15.0004 22.4497 0
    endloop
  endfacet
  facet normal -0 0 -1
    outer loop
      vertex 14.8915 17.1801 0
      vertex 9 15.5885 0
      vertex 13.5 23.3827 0
    endloop
  endfacet
  facet normal -0 0 -1
    outer loop
      vertex 13.5 23.3827 0
      vertex 9 15.5885 0
      vertex 11.9418 24.2156 0
    endloop
  endfacet
  facet normal 0 0 -1
    outer loop
      vertex 7.9612 16.1437 0
      vertex 11.9418 24.2156 0
      vertex 9 15.5885 0
    endloop
  endfacet
  facet normal -0 0 -1
    outer loop
      vertex 11.9418 24.2156 0
      vertex 7.9612 16.1437 0
      vertex 10.3325 24.9447 0
    endloop
  endfacet
  facet normal 0 0 -1
    outer loop
      vertex 6.8883 16.6298 0
      vertex 10.3325 24.9447 0
      vertex 7.9612 16.1437 0
    endloop
  endfacet
  facet normal -0 0 -1
    outer loop
      vertex 10.3325 24.9447 0
      vertex 6.8883 16.6298 0
      vertex 8.67887 25.5671 0
    endloop
  endfacet
  facet normal 0 0 -1
    outer loop
      vertex 5.78591 17.0447 0
      vertex 8.67887 25.5671 0
      vertex 6.8883 16.6298 0
    endloop
  endfacet
  facet normal -0 0 -1
    outer loop
      vertex 8.67887 25.5671 0
      vertex 5.78591 17.0447 0
      vertex 6.98811 26.08 0
    endloop
  endfacet
  facet normal 0 0 -1
    outer loop
      vertex 4.65874 17.3867 0
      vertex 6.98811 26.08 0
      vertex 5.78591 17.0447 0
    endloop
  endfacet
  facet normal -0 0 -1
    outer loop
      vertex 6.98811 26.08 0
      vertex 4.65874 17.3867 0
      vertex 5.26744 26.4812 0
    endloop
  endfacet
  facet normal 0 0 -1
    outer loop
      vertex 3.51163 17.6541 0
      vertex 5.26744 26.4812 0
      vertex 4.65874 17.3867 0
    endloop
  endfacet
  facet normal -0 0 -1
    outer loop
      vertex 5.26744 26.4812 0
      vertex 3.51163 17.6541 0
      vertex 3.52421 26.769 0
    endloop
  endfacet
  facet normal 0 0 -1
    outer loop
      vertex 2.34947 17.846 0
      vertex 3.52421 26.769 0
      vertex 3.51163 17.6541 0
    endloop
  endfacet
  facet normal 0 0 -1
    outer loop
      vertex 2.34947 17.846 0
      vertex 1.76588 26.9422 0
      vertex 3.52421 26.769 0
    endloop
  endfacet
  facet normal 0 0 -1
    outer loop
      vertex 1.17726 17.9615 0
      vertex 1.76588 26.9422 0
      vertex 2.34947 17.846 0
    endloop
  endfacet
  facet normal 0 0 -1
    outer loop
      vertex 0 18 0
      vertex 1.76588 26.9422 0
      vertex 1.17726 17.9615 0
    endloop
  endfacet
  facet normal 0 0 -1
    outer loop
      vertex 0 18 0
      vertex 0 27 0
      vertex 1.76588 26.9422 0
    endloop
  endfacet
  facet normal 0 0 -1
    outer loop
      vertex -1.17726 17.9615 0
      vertex 0 27 0
      vertex 0 18 0
    endloop
  endfacet
  facet normal 0 0 -1
    outer loop
      vertex -1.17726 17.9615 0
      vertex -1.76588 26.9422 0
      vertex 0 27 0
    endloop
  endfacet
  facet normal 0 0 -1
    outer loop
      vertex -2.34947 17.846 0
      vertex -1.76588 26.9422 0
      vertex -1.17726 17.9615 0
    endloop
  endfacet
  facet normal 0 0 -1
    outer loop
      vertex -3.52421 26.769 0
      vertex -2.34947 17.846 0
      vertex -3.51163 17.6541 0
    endloop
  endfacet
  facet normal 0 0 -1
    outer loop
      vertex -2.34947 17.846 0
      vertex -3.52421 26.769 0
      vertex -1.76588 26.9422 0
    endloop
  endfacet
  facet normal 0 0 -1
    outer loop
      vertex -5.26744 26.4812 0
      vertex -3.51163 17.6541 0
      vertex -4.65874 17.3867 0
    endloop
  endfacet
  facet normal 0 0 -1
    outer loop
      vertex -3.51163 17.6541 0
      vertex -5.26744 26.4812 0
      vertex -3.52421 26.769 0
    endloop
  endfacet
  facet normal 0 0 -1
    outer loop
      vertex -6.98811 26.08 0
      vertex -4.65874 17.3867 0
      vertex -5.78591 17.0447 0
    endloop
  endfacet
  facet normal 0 0 -1
    outer loop
      vertex -8.67887 25.5671 0
      vertex -5.78591 17.0447 0
      vertex -6.8883 16.6298 0
    endloop
  endfacet
  facet normal 0 0 -1
    outer loop
      vertex -4.65874 17.3867 0
      vertex -6.98811 26.08 0
      vertex -5.26744 26.4812 0
    endloop
  endfacet
  facet normal 0 0 -1
    outer loop
      vertex -10.3325 24.9447 0
      vertex -6.8883 16.6298 0
      vertex -7.9612 16.1437 0
    endloop
  endfacet
  facet normal 0 0 -1
    outer loop
      vertex -5.78591 17.0447 0
      vertex -8.67887 25.5671 0
      vertex -6.98811 26.08 0
    endloop
  endfacet
  facet normal 0 0 -1
    outer loop
      vertex -11.9418 24.2156 0
      vertex -7.9612 16.1437 0
      vertex -9 15.5885 0
    endloop
  endfacet
  facet normal 0 0 -1
    outer loop
      vertex -14.7391 16.8949 0
      vertex -9 15.5885 0
      vertex -10.0003 14.9665 0
    endloop
  endfacet
  facet normal 0 0 -1
    outer loop
      vertex -6.8883 16.6298 0
      vertex -10.3325 24.9447 0
      vertex -8.67887 25.5671 0
    endloop
  endfacet
  facet normal 0 0 -1
    outer loop
      vertex -14.6276 16.4788 0
      vertex -10.0003 14.9665 0
      vertex -10.9577 14.2804 0
    endloop
  endfacet
  facet normal 0 0 -1
    outer loop
      vertex -14.617 16.1555 0
      vertex -10.9577 14.2804 0
      vertex -11.8682 13.5331 0
    endloop
  endfacet
  facet normal 0 0 -1
    outer loop
      vertex -7.9612 16.1437 0
      vertex -11.9418 24.2156 0
      vertex -10.3325 24.9447 0
    endloop
  endfacet
  facet normal 0 0 -1
    outer loop
      vertex -14.617 16.1555 0
      vertex -11.8682 13.5331 0
      vertex -12.7279 12.7279 0
    endloop
  endfacet
  facet normal 0 0 -1
    outer loop
      vertex -10.0003 14.9665 0
      vertex -14.6452 16.5854 0
      vertex -14.6697 16.6905 0
    endloop
  endfacet
  facet normal 0 0 -1
    outer loop
      vertex -14.617 16.1555 0
      vertex -12.7279 12.7279 0
      vertex -13.5331 11.8682 0
    endloop
  endfacet
  facet normal 0 0 -1
    outer loop
      vertex -15.8364 14.6697 0
      vertex -13.5331 11.8682 0
      vertex -14.2804 10.9577 0
    endloop
  endfacet
  facet normal 0 0 -1
    outer loop
      vertex -10.9577 14.2804 0
      vertex -14.6135 16.2635 0
      vertex -14.617 16.3714 0
    endloop
  endfacet
  facet normal 0 0 -1
    outer loop
      vertex -10.9577 14.2804 0
      vertex -14.617 16.3714 0
      vertex -14.6276 16.4788 0
    endloop
  endfacet
  facet normal 0 0 -1
    outer loop
      vertex -10.0003 14.9665 0
      vertex -14.6276 16.4788 0
      vertex -14.6452 16.5854 0
    endloop
  endfacet
  facet normal 0 0 -1
    outer loop
      vertex -10.0003 14.9665 0
      vertex -14.6697 16.6905 0
      vertex -14.701 16.7938 0
    endloop
  endfacet
  facet normal 0 0 -1
    outer loop
      vertex -10.0003 14.9665 0
      vertex -14.701 16.7938 0
      vertex -14.7391 16.8949 0
    endloop
  endfacet
  facet normal 0 0 -1
    outer loop
      vertex -9 15.5885 0
      vertex -14.7391 16.8949 0
      vertex -14.7836 16.9932 0
    endloop
  endfacet
  facet normal 0 0 -1
    outer loop
      vertex -9 15.5885 0
      vertex -14.7836 16.9932 0
      vertex -14.8345 17.0885 0
    endloop
  endfacet
  facet normal 0 0 -1
    outer loop
      vertex -9 15.5885 0
      vertex -13.5 23.3827 0
      vertex -11.9418 24.2156 0
    endloop
  endfacet
  facet normal 0 0 -1
    outer loop
      vertex -14.8915 17.1801 0
      vertex -9 15.5885 0
      vertex -14.8345 17.0885 0
    endloop
  endfacet
  facet normal 0 0 -1
    outer loop
      vertex -9 15.5885 0
      vertex -14.8915 17.1801 0
      vertex -13.5 23.3827 0
    endloop
  endfacet
  facet normal 0 0 -1
    outer loop
      vertex -14.9544 17.2679 0
      vertex -13.5 23.3827 0
      vertex -14.8915 17.1801 0
    endloop
  endfacet
  facet normal 0 0 -1
    outer loop
      vertex -15.0229 17.3514 0
      vertex -13.5 23.3827 0
      vertex -14.9544 17.2679 0
    endloop
  endfacet
  facet normal 0 0 -1
    outer loop
      vertex -13.5 23.3827 0
      vertex -15.0229 17.3514 0
      vertex -15.0004 22.4497 0
    endloop
  endfacet
  facet normal 0 0 -1
    outer loop
      vertex -15.0967 17.4302 0
      vertex -15.0004 22.4497 0
      vertex -15.0229 17.3514 0
    endloop
  endfacet
  facet normal 0 0 -1
    outer loop
      vertex -15.1755 17.504 0
      vertex -15.0004 22.4497 0
      vertex -15.0967 17.4302 0
    endloop
  endfacet
  facet normal 0 0 -1
    outer loop
      vertex -15.259 17.5725 0
      vertex -15.0004 22.4497 0
      vertex -15.1755 17.504 0
    endloop
  endfacet
  facet normal 0 0 -1
    outer loop
      vertex -15.3468 17.6354 0
      vertex -15.0004 22.4497 0
      vertex -15.259 17.5725 0
    endloop
  endfacet
  facet normal 0 0 -1
    outer loop
      vertex -15.4385 17.6924 0
      vertex -15.0004 22.4497 0
      vertex -15.3468 17.6354 0
    endloop
  endfacet
  facet normal 0 0 -1
    outer loop
      vertex -15.5337 17.7433 0
      vertex -15.0004 22.4497 0
      vertex -15.4385 17.6924 0
    endloop
  endfacet
  facet normal 0 0 -1
    outer loop
      vertex -16.4366 21.4205 0
      vertex -15.5337 17.7433 0
      vertex -15.632 17.7879 0
    endloop
  endfacet
  facet normal 0 0 -1
    outer loop
      vertex -16.4366 21.4205 0
      vertex -15.632 17.7879 0
      vertex -15.7331 17.8259 0
    endloop
  endfacet
  facet normal 0 0 -1
    outer loop
      vertex -16.4366 21.4205 0
      vertex -15.7331 17.8259 0
      vertex -15.8364 17.8572 0
    endloop
  endfacet
  facet normal 0 0 -1
    outer loop
      vertex -16.4366 21.4205 0
      vertex -15.8364 17.8572 0
      vertex -15.9416 17.8818 0
    endloop
  endfacet
  facet normal 0 0 -1
    outer loop
      vertex -16.4366 21.4205 0
      vertex -15.9416 17.8818 0
      vertex -16.0481 17.8993 0
    endloop
  endfacet
  facet normal 0 0 -1
    outer loop
      vertex -16.4366 21.4205 0
      vertex -16.0481 17.8993 0
      vertex -16.1555 17.9099 0
    endloop
  endfacet
  facet normal 0 0 -1
    outer loop
      vertex -16.4366 21.4205 0
      vertex -16.1555 17.9099 0
      vertex -16.2635 17.9135 0
    endloop
  endfacet
  facet normal 0 0 -1
    outer loop
      vertex -17.8023 20.2997 0
      vertex -16.2635 17.9135 0
      vertex -16.3714 17.9099 0
    endloop
  endfacet
  facet normal 0 0 -1
    outer loop
      vertex -15.5337 17.7433 0
      vertex -16.4366 21.4205 0
      vertex -15.0004 22.4497 0
    endloop
  endfacet
  facet normal 0 0 -1
    outer loop
      vertex -17.8023 20.2997 0
      vertex -16.3714 17.9099 0
      vertex -16.4788 17.8993 0
    endloop
  endfacet
  facet normal 0 0 -1
    outer loop
      vertex -17.8023 20.2997 0
      vertex -16.4788 17.8993 0
      vertex -16.5854 17.8818 0
    endloop
  endfacet
  facet normal 0 0 -1
    outer loop
      vertex -17.8023 20.2997 0
      vertex -16.5854 17.8818 0
      vertex -16.6905 17.8572 0
    endloop
  endfacet
  facet normal 0 0 -1
    outer loop
      vertex -17.8023 20.2997 0
      vertex -16.6905 17.8572 0
      vertex -16.7938 17.8259 0
    endloop
  endfacet
  facet normal 0 0 -1
    outer loop
      vertex -17.8023 20.2997 0
      vertex -16.7938 17.8259 0
      vertex -16.8949 17.7879 0
    endloop
  endfacet
  facet normal 0 0 -1
    outer loop
      vertex -17.8023 20.2997 0
      vertex -16.8949 17.7879 0
      vertex -16.9932 17.7433 0
    endloop
  endfacet
  facet normal 0 0 -1
    outer loop
      vertex -17.8023 20.2997 0
      vertex -16.9932 17.7433 0
      vertex -17.0885 17.6924 0
    endloop
  endfacet
  facet normal 0 0 -1
    outer loop
      vertex -19.0919 19.0919 0
      vertex -17.0885 17.6924 0
      vertex -17.1801 17.6354 0
    endloop
  endfacet
  facet normal 0 0 -1
    outer loop
      vertex -19.0919 19.0919 0
      vertex -17.1801 17.6354 0
      vertex -17.2679 17.5725 0
    endloop
  endfacet
  facet normal 0 0 -1
    outer loop
      vertex -19.0919 19.0919 0
      vertex -17.2679 17.5725 0
      vertex -17.3514 17.504 0
    endloop
  endfacet
  facet normal 0 0 -1
    outer loop
      vertex -19.0919 19.0919 0
      vertex -17.3514 17.504 0
      vertex -17.4302 17.4302 0
    endloop
  endfacet
  facet normal 0 0 -1
    outer loop
      vertex -19.0919 19.0919 0
      vertex -17.4302 17.4302 0
      vertex -17.504 17.3514 0
    endloop
  endfacet
  facet normal 0 0 -1
    outer loop
      vertex -19.0919 19.0919 0
      vertex -17.504 17.3514 0
      vertex -17.5725 17.2679 0
    endloop
  endfacet
  facet normal 0 0 -1
    outer loop
      vertex -19.0919 19.0919 0
      vertex -17.5725 17.2679 0
      vertex -17.6354 17.1801 0
    endloop
  endfacet
  facet normal 0 0 -1
    outer loop
      vertex -19.0919 19.0919 0
      vertex -17.6354 17.1801 0
      vertex -17.6924 17.0885 0
    endloop
  endfacet
  facet normal 0 0 -1
    outer loop
      vertex -20.2997 17.8023 0
      vertex -17.6924 17.0885 0
      vertex -17.7433 16.9932 0
    endloop
  endfacet
  facet normal 0 0 -1
    outer loop
      vertex -20.2997 17.8023 0
      vertex -17.7433 16.9932 0
      vertex -17.7879 16.8949 0
    endloop
  endfacet
  facet normal 0 0 -1
    outer loop
      vertex -16.2635 17.9135 0
      vertex -17.8023 20.2997 0
      vertex -16.4366 21.4205 0
    endloop
  endfacet
  facet normal 0 0 -1
    outer loop
      vertex -20.2997 17.8023 0
      vertex -17.7879 16.8949 0
      vertex -17.8259 16.7938 0
    endloop
  endfacet
  facet normal 0 0 -1
    outer loop
      vertex -20.2997 17.8023 0
      vertex -17.8259 16.7938 0
      vertex -17.8572 16.6905 0
    endloop
  endfacet
  facet normal 0 0 -1
    outer loop
      vertex -20.2997 17.8023 0
      vertex -17.8572 16.6905 0
      vertex -17.8818 16.5854 0
    endloop
  endfacet
  facet normal 0 0 -1
    outer loop
      vertex -20.2997 17.8023 0
      vertex -17.8818 16.5854 0
      vertex -17.8993 16.4788 0
    endloop
  endfacet
  facet normal 0 0 -1
    outer loop
      vertex -20.2997 17.8023 0
      vertex -17.8993 16.4788 0
      vertex -17.9099 16.3714 0
    endloop
  endfacet
  facet normal 0 0 -1
    outer loop
      vertex -20.2997 17.8023 0
      vertex -17.9099 16.3714 0
      vertex -17.9135 16.2635 0
    endloop
  endfacet
  facet normal 0 0 -1
    outer loop
      vertex -26.9422 1.76588 0
      vertex -17.9615 1.17726 0
      vertex -18 0 0
    endloop
  endfacet
  facet normal 0 0 -1
    outer loop
      vertex -21.4205 -16.4366 0
      vertex -17.9135 -16.2635 0
      vertex -20.2997 -17.8023 0
    endloop
  endfacet
  facet normal -0 0 -1
    outer loop
      vertex -17.7433 -15.5337 0
      vertex -21.4205 -16.4366 0
      vertex -22.4497 -15.0004 0
    endloop
  endfacet
  facet normal 0 0 -1
    outer loop
      vertex -17.0885 17.6924 0
      vertex -19.0919 19.0919 0
      vertex -17.8023 20.2997 0
    endloop
  endfacet
  facet normal 0 0 -1
    outer loop
      vertex -17.4302 -15.0967 0
      vertex -22.4497 -15.0004 0
      vertex -23.3827 -13.5 0
    endloop
  endfacet
  facet normal 0 0 -1
    outer loop
      vertex -17.6924 17.0885 0
      vertex -20.2997 17.8023 0
      vertex -19.0919 19.0919 0
    endloop
  endfacet
  facet normal -0 0 -1
    outer loop
      vertex -16.1437 -7.9612 0
      vertex -24.2156 -11.9418 0
      vertex -16.6298 -6.8883 0
    endloop
  endfacet
  facet normal 0 0 -1
    outer loop
      vertex -17.9135 16.2635 0
      vertex -21.4205 16.4366 0
      vertex -20.2997 17.8023 0
    endloop
  endfacet
  facet normal -0 0 -1
    outer loop
      vertex -17.3867 -4.65874 0
      vertex -26.08 -6.98811 0
      vertex -17.6541 -3.51163 0
    endloop
  endfacet
  facet normal 0 0 -1
    outer loop
      vertex -17.9099 16.1555 0
      vertex -21.4205 16.4366 0
      vertex -17.9135 16.2635 0
    endloop
  endfacet
  facet normal 0 0 -1
    outer loop
      vertex -26.4812 -5.26744 0
      vertex -17.6541 -3.51163 0
      vertex -26.08 -6.98811 0
    endloop
  endfacet
  facet normal 0 0 -1
    outer loop
      vertex -17.8993 16.0481 0
      vertex -21.4205 16.4366 0
      vertex -17.9099 16.1555 0
    endloop
  endfacet
  facet normal -0 0 -1
    outer loop
      vertex -17.6541 -3.51163 0
      vertex -26.4812 -5.26744 0
      vertex -17.846 -2.34947 0
    endloop
  endfacet
  facet normal 0 0 -1
    outer loop
      vertex -17.8818 15.9416 0
      vertex -21.4205 16.4366 0
      vertex -17.8993 16.0481 0
    endloop
  endfacet
  facet normal 0 0 -1
    outer loop
      vertex -26.769 -3.52421 0
      vertex -17.846 -2.34947 0
      vertex -26.4812 -5.26744 0
    endloop
  endfacet
  facet normal 0 0 -1
    outer loop
      vertex -17.8572 15.8364 0
      vertex -21.4205 16.4366 0
      vertex -17.8818 15.9416 0
    endloop
  endfacet
  facet normal -0 0 -1
    outer loop
      vertex -17.846 -2.34947 0
      vertex -26.769 -3.52421 0
      vertex -17.9615 -1.17726 0
    endloop
  endfacet
  facet normal 0 0 -1
    outer loop
      vertex -16.6298 6.8883 0
      vertex -24.9447 10.3325 0
      vertex -24.2156 11.9418 0
    endloop
  endfacet
  facet normal 0 0 -1
    outer loop
      vertex -26.9422 -1.76588 0
      vertex -17.9615 -1.17726 0
      vertex -26.769 -3.52421 0
    endloop
  endfacet
  facet normal 0 0 -1
    outer loop
      vertex -17.0447 5.78591 0
      vertex -25.5671 8.67887 0
      vertex -24.9447 10.3325 0
    endloop
  endfacet
  facet normal -0 0 -1
    outer loop
      vertex -17.9615 -1.17726 0
      vertex -26.9422 -1.76588 0
      vertex -18 0 0
    endloop
  endfacet
  facet normal 0 0 -1
    outer loop
      vertex -17.3867 4.65874 0
      vertex -26.08 6.98811 0
      vertex -25.5671 8.67887 0
    endloop
  endfacet
  facet normal 0 0 -1
    outer loop
      vertex -27 0 0
      vertex -18 0 0
      vertex -26.9422 -1.76588 0
    endloop
  endfacet
  facet normal 0 0 -1
    outer loop
      vertex -17.6541 3.51163 0
      vertex -26.4812 5.26744 0
      vertex -26.08 6.98811 0
    endloop
  endfacet
  facet normal 0 -0 -1
    outer loop
      vertex -26.9422 1.76588 0
      vertex -18 0 0
      vertex -27 0 0
    endloop
  endfacet
  facet normal 0 0 -1
    outer loop
      vertex -17.846 2.34947 0
      vertex -26.769 3.52421 0
      vertex -26.4812 5.26744 0
    endloop
  endfacet
  facet normal 0 0 -1
    outer loop
      vertex -17.9615 1.17726 0
      vertex -26.9422 1.76588 0
      vertex -26.769 3.52421 0
    endloop
  endfacet
  facet normal 0 0 -1
    outer loop
      vertex 21.4205 -16.4366 0
      vertex 17.9099 -16.1555 0
      vertex 17.8993 -16.0481 0
    endloop
  endfacet
  facet normal 0 0 -1
    outer loop
      vertex 21.4205 -16.4366 0
      vertex 17.8993 -16.0481 0
      vertex 17.8818 -15.9416 0
    endloop
  endfacet
  facet normal 0 0 -1
    outer loop
      vertex 21.4205 -16.4366 0
      vertex 17.8818 -15.9416 0
      vertex 17.8572 -15.8364 0
    endloop
  endfacet
  facet normal 0 0 -1
    outer loop
      vertex 21.4205 -16.4366 0
      vertex 17.8572 -15.8364 0
      vertex 17.8259 -15.7331 0
    endloop
  endfacet
  facet normal 0 0 -1
    outer loop
      vertex 26.769 -3.52421 0
      vertex 17.846 -2.34947 0
      vertex 17.9615 -1.17726 0
    endloop
  endfacet
  facet normal 0 0 -1
    outer loop
      vertex 21.4205 -16.4366 0
      vertex 17.8259 -15.7331 0
      vertex 17.7879 -15.632 0
    endloop
  endfacet
  facet normal 0 0 -1
    outer loop
      vertex 21.4205 -16.4366 0
      vertex 17.7879 -15.632 0
      vertex 17.7433 -15.5337 0
    endloop
  endfacet
  facet normal 0 0 -1
    outer loop
      vertex 22.4497 -15.0004 0
      vertex 17.7433 -15.5337 0
      vertex 17.6924 -15.4385 0
    endloop
  endfacet
  facet normal 0 0 -1
    outer loop
      vertex 22.4497 -15.0004 0
      vertex 17.6924 -15.4385 0
      vertex 17.6354 -15.3468 0
    endloop
  endfacet
  facet normal 0 0 -1
    outer loop
      vertex 26.4812 -5.26744 0
      vertex 17.6541 -3.51163 0
      vertex 17.846 -2.34947 0
    endloop
  endfacet
  facet normal 0 0 -1
    outer loop
      vertex 22.4497 -15.0004 0
      vertex 17.6354 -15.3468 0
      vertex 17.5725 -15.259 0
    endloop
  endfacet
  facet normal 0 0 -1
    outer loop
      vertex 22.4497 -15.0004 0
      vertex 17.5725 -15.259 0
      vertex 17.504 -15.1755 0
    endloop
  endfacet
  facet normal 0 0 -1
    outer loop
      vertex 22.4497 -15.0004 0
      vertex 17.504 -15.1755 0
      vertex 17.4302 -15.0967 0
    endloop
  endfacet
  facet normal 0 0 -1
    outer loop
      vertex 22.4497 -15.0004 0
      vertex 17.4302 -15.0967 0
      vertex 17.3514 -15.0229 0
    endloop
  endfacet
  facet normal 0 0 -1
    outer loop
      vertex 26.08 -6.98811 0
      vertex 17.3867 -4.65874 0
      vertex 17.6541 -3.51163 0
    endloop
  endfacet
  facet normal 0 0 -1
    outer loop
      vertex 23.3827 -13.5 0
      vertex 17.3514 -15.0229 0
      vertex 17.2679 -14.9544 0
    endloop
  endfacet
  facet normal 0 0 -1
    outer loop
      vertex 23.3827 -13.5 0
      vertex 17.2679 -14.9544 0
      vertex 17.1801 -14.8915 0
    endloop
  endfacet
  facet normal -0 0 -1
    outer loop
      vertex 23.3827 -13.5 0
      vertex 17.1801 -14.8915 0
      vertex 15.5885 -9 0
    endloop
  endfacet
  facet normal 0 0 -1
    outer loop
      vertex 15.5885 -9 0
      vertex 17.1801 -14.8915 0
      vertex 17.0885 -14.8345 0
    endloop
  endfacet
  facet normal 0 0 -1
    outer loop
      vertex 25.5671 -8.67887 0
      vertex 17.0447 -5.78591 0
      vertex 17.3867 -4.65874 0
    endloop
  endfacet
  facet normal 0 0 -1
    outer loop
      vertex 15.5885 -9 0
      vertex 17.0885 -14.8345 0
      vertex 16.9932 -14.7836 0
    endloop
  endfacet
  facet normal 0 0 -1
    outer loop
      vertex 15.5885 -9 0
      vertex 16.9932 -14.7836 0
      vertex 16.8949 -14.7391 0
    endloop
  endfacet
  facet normal 0 0 -1
    outer loop
      vertex 14.9665 -10.0003 0
      vertex 16.8949 -14.7391 0
      vertex 16.7938 -14.701 0
    endloop
  endfacet
  facet normal 0 0 -1
    outer loop
      vertex 14.9665 -10.0003 0
      vertex 16.7938 -14.701 0
      vertex 16.6905 -14.6697 0
    endloop
  endfacet
  facet normal 0 0 -1
    outer loop
      vertex 24.9447 -10.3325 0
      vertex 16.6298 -6.8883 0
      vertex 17.0447 -5.78591 0
    endloop
  endfacet
  facet normal 0 0 -1
    outer loop
      vertex 14.9665 -10.0003 0
      vertex 16.6905 -14.6697 0
      vertex 16.5854 -14.6452 0
    endloop
  endfacet
  facet normal 0 0 -1
    outer loop
      vertex 14.9665 -10.0003 0
      vertex 16.5854 -14.6452 0
      vertex 16.4788 -14.6276 0
    endloop
  endfacet
  facet normal 0 0 -1
    outer loop
      vertex 14.2804 -10.9577 0
      vertex 16.4788 -14.6276 0
      vertex 16.3714 -14.617 0
    endloop
  endfacet
  facet normal 0 0 -1
    outer loop
      vertex 14.2804 -10.9577 0
      vertex 16.3714 -14.617 0
      vertex 16.2635 -14.6135 0
    endloop
  endfacet
  facet normal 0 0 -1
    outer loop
      vertex 14.2804 -10.9577 0
      vertex 16.2635 -14.6135 0
      vertex 16.1555 -14.617 0
    endloop
  endfacet
  facet normal 0 0 -1
    outer loop
      vertex 24.2156 -11.9418 0
      vertex 16.1437 -7.9612 0
      vertex 16.6298 -6.8883 0
    endloop
  endfacet
  facet normal 0 0 -1
    outer loop
      vertex 14.2804 -10.9577 0
      vertex 16.1555 -14.617 0
      vertex 16.0481 -14.6276 0
    endloop
  endfacet
  facet normal 0 0 -1
    outer loop
      vertex 14.2804 -10.9577 0
      vertex 16.0481 -14.6276 0
      vertex 15.9416 -14.6452 0
    endloop
  endfacet
  facet normal 0 0 -1
    outer loop
      vertex 14.2804 -10.9577 0
      vertex 15.9416 -14.6452 0
      vertex 15.8364 -14.6697 0
    endloop
  endfacet
  facet normal 0 0 -1
    outer loop
      vertex 14.2804 -10.9577 0
      vertex 15.8364 -14.6697 0
      vertex 15.7331 -14.701 0
    endloop
  endfacet
  facet normal 0 0 -1
    outer loop
      vertex 14.2804 -10.9577 0
      vertex 15.7331 -14.701 0
      vertex 15.632 -14.7391 0
    endloop
  endfacet
  facet normal 0 0 -1
    outer loop
      vertex 23.3827 -13.5 0
      vertex 15.5885 -9 0
      vertex 16.1437 -7.9612 0
    endloop
  endfacet
  facet normal 0 0 -1
    outer loop
      vertex 14.2804 -10.9577 0
      vertex 15.632 -14.7391 0
      vertex 15.5337 -14.7836 0
    endloop
  endfacet
  facet normal 0 0 -1
    outer loop
      vertex 14.2804 -10.9577 0
      vertex 15.5337 -14.7836 0
      vertex 15.4385 -14.8345 0
    endloop
  endfacet
  facet normal 0 0 -1
    outer loop
      vertex 14.2804 -10.9577 0
      vertex 15.4385 -14.8345 0
      vertex 15.3468 -14.8915 0
    endloop
  endfacet
  facet normal 0 0 -1
    outer loop
      vertex 14.2804 -10.9577 0
      vertex 15.3468 -14.8915 0
      vertex 15.259 -14.9544 0
    endloop
  endfacet
  facet normal 0 0 -1
    outer loop
      vertex 14.2804 -10.9577 0
      vertex 15.259 -14.9544 0
      vertex 15.1755 -15.0229 0
    endloop
  endfacet
  facet normal 0 0 -1
    outer loop
      vertex 14.2804 -10.9577 0
      vertex 15.1755 -15.0229 0
      vertex 15.0967 -15.0967 0
    endloop
  endfacet
  facet normal 0 0 -1
    outer loop
      vertex 14.2804 -10.9577 0
      vertex 15.0967 -15.0967 0
      vertex 15.0229 -15.1755 0
    endloop
  endfacet
  facet normal 0 0 -1
    outer loop
      vertex 16.8949 -14.7391 0
      vertex 14.9665 -10.0003 0
      vertex 15.5885 -9 0
    endloop
  endfacet
  facet normal 0 0 -1
    outer loop
      vertex 14.2804 -10.9577 0
      vertex 15.0229 -15.1755 0
      vertex 14.9544 -15.259 0
    endloop
  endfacet
  facet normal 0 0 -1
    outer loop
      vertex 14.2804 -10.9577 0
      vertex 14.9544 -15.259 0
      vertex 14.8915 -15.3468 0
    endloop
  endfacet
  facet normal 0 0 -1
    outer loop
      vertex 14.2804 -10.9577 0
      vertex 14.8915 -15.3468 0
      vertex 14.8345 -15.4385 0
    endloop
  endfacet
  facet normal 0 0 -1
    outer loop
      vertex 14.2804 -10.9577 0
      vertex 14.8345 -15.4385 0
      vertex 14.7836 -15.5337 0
    endloop
  endfacet
  facet normal 0 0 -1
    outer loop
      vertex 14.2804 -10.9577 0
      vertex 14.7836 -15.5337 0
      vertex 14.7391 -15.632 0
    endloop
  endfacet
  facet normal 0 0 -1
    outer loop
      vertex 14.2804 -10.9577 0
      vertex 14.7391 -15.632 0
      vertex 14.701 -15.7331 0
    endloop
  endfacet
  facet normal 0 0 -1
    outer loop
      vertex 14.2804 -10.9577 0
      vertex 14.701 -15.7331 0
      vertex 14.6697 -15.8364 0
    endloop
  endfacet
  facet normal 0 0 -1
    outer loop
      vertex 14.2804 -10.9577 0
      vertex 14.6697 -15.8364 0
      vertex 14.6452 -15.9416 0
    endloop
  endfacet
  facet normal 0 0 -1
    outer loop
      vertex 14.2804 -10.9577 0
      vertex 14.6452 -15.9416 0
      vertex 14.6276 -16.0481 0
    endloop
  endfacet
  facet normal 0 0 -1
    outer loop
      vertex 14.2804 -10.9577 0
      vertex 14.6276 -16.0481 0
      vertex 14.617 -16.1555 0
    endloop
  endfacet
  facet normal 0 0 -1
    outer loop
      vertex 16.4788 -14.6276 0
      vertex 14.2804 -10.9577 0
      vertex 14.9665 -10.0003 0
    endloop
  endfacet
  facet normal 0 0 -1
    outer loop
      vertex 14.2804 -10.9577 0
      vertex 14.617 -16.1555 0
      vertex 14.6135 -16.2635 0
    endloop
  endfacet
  facet normal -0.683594 0.729863 0
    outer loop
      vertex 12.7279 -12.7279 0
      vertex 11.8682 -13.5331 1.6
      vertex 12.7279 -12.7279 1.6
    endloop
  endfacet
  facet normal -0.683594 0.729863 0
    outer loop
      vertex 11.8682 -13.5331 1.6
      vertex 12.7279 -12.7279 0
      vertex 11.8682 -13.5331 0
    endloop
  endfacet
  facet normal -0.995181 -0.098057 0
    outer loop
      vertex 17.9615 1.17726 0
      vertex 17.846 2.34947 1.6
      vertex 17.846 2.34947 0
    endloop
  endfacet
  facet normal -0.995181 -0.098057 0
    outer loop
      vertex 17.846 2.34947 1.6
      vertex 17.9615 1.17726 0
      vertex 17.9615 1.17726 1.6
    endloop
  endfacet
  facet normal -0.999466 -0.0326856 0
    outer loop
      vertex 18 0 0
      vertex 17.9615 1.17726 1.6
      vertex 17.9615 1.17726 0
    endloop
  endfacet
  facet normal -0.999466 -0.0326856 0
    outer loop
      vertex 17.9615 1.17726 1.6
      vertex 18 0 0
      vertex 18 0 1.6
    endloop
  endfacet
  facet normal -0.849212 -0.528052 0
    outer loop
      vertex 15.5885 9 0
      vertex 14.9665 10.0003 1.6
      vertex 14.9665 10.0003 0
    endloop
  endfacet
  facet normal -0.849212 -0.528052 0
    outer loop
      vertex 14.9665 10.0003 1.6
      vertex 15.5885 9 0
      vertex 15.5885 9 1.6
    endloop
  endfacet
  facet normal -0.471364 0.881939 0
    outer loop
      vertex 9 -15.5885 0
      vertex 7.9612 -16.1437 1.6
      vertex 9 -15.5885 1.6
    endloop
  endfacet
  facet normal -0.471364 0.881939 0
    outer loop
      vertex 7.9612 -16.1437 1.6
      vertex 9 -15.5885 0
      vertex 7.9612 -16.1437 0
    endloop
  endfacet
  facet normal -0.227021 -0.97389 0
    outer loop
      vertex 3.51163 17.6541 0
      vertex 4.65874 17.3867 1.6
      vertex 3.51163 17.6541 1.6
    endloop
  endfacet
  facet normal -0.227021 -0.97389 -0
    outer loop
      vertex 4.65874 17.3867 1.6
      vertex 3.51163 17.6541 0
      vertex 4.65874 17.3867 0
    endloop
  endfacet
  facet normal 0.63443 -0.77298 0
    outer loop
      vertex -11.8682 13.5331 0
      vertex -10.9577 14.2804 1.6
      vertex -11.8682 13.5331 1.6
    endloop
  endfacet
  facet normal 0.63443 -0.77298 0
    outer loop
      vertex -10.9577 14.2804 1.6
      vertex -11.8682 13.5331 0
      vertex -10.9577 14.2804 0
    endloop
  endfacet
  facet normal -0.352242 0.935909 0
    outer loop
      vertex 6.8883 -16.6298 0
      vertex 5.78591 -17.0447 1.6
      vertex 6.8883 -16.6298 1.6
    endloop
  endfacet
  facet normal -0.352242 0.935909 0
    outer loop
      vertex 5.78591 -17.0447 1.6
      vertex 6.8883 -16.6298 0
      vertex 5.78591 -17.0447 0
    endloop
  endfacet
  facet normal -0.41269 -0.910872 0
    outer loop
      vertex 6.8883 16.6298 0
      vertex 7.9612 16.1437 1.6
      vertex 6.8883 16.6298 1.6
    endloop
  endfacet
  facet normal -0.41269 -0.910872 -0
    outer loop
      vertex 7.9612 16.1437 1.6
      vertex 6.8883 16.6298 0
      vertex 7.9612 16.1437 0
    endloop
  endfacet
  facet normal -0.098057 -0.995181 0
    outer loop
      vertex 1.17726 17.9615 0
      vertex 2.34947 17.846 1.6
      vertex 1.17726 17.9615 1.6
    endloop
  endfacet
  facet normal -0.098057 -0.995181 -0
    outer loop
      vertex 2.34947 17.846 1.6
      vertex 1.17726 17.9615 0
      vertex 2.34947 17.846 0
    endloop
  endfacet
  facet normal 0.935909 0.352242 0
    outer loop
      vertex -16.6298 -6.8883 1.6
      vertex -17.0447 -5.78591 0
      vertex -17.0447 -5.78591 1.6
    endloop
  endfacet
  facet normal 0.935909 0.352242 0
    outer loop
      vertex -17.0447 -5.78591 0
      vertex -16.6298 -6.8883 1.6
      vertex -16.6298 -6.8883 0
    endloop
  endfacet
  facet normal 0.995181 -0.098057 0
    outer loop
      vertex -17.9615 1.17726 1.6
      vertex -17.846 2.34947 0
      vertex -17.846 2.34947 1.6
    endloop
  endfacet
  facet normal 0.995181 -0.098057 0
    outer loop
      vertex -17.846 2.34947 0
      vertex -17.9615 1.17726 1.6
      vertex -17.9615 1.17726 0
    endloop
  endfacet
  facet normal 0.683594 -0.729863 0
    outer loop
      vertex -12.7279 12.7279 0
      vertex -11.8682 13.5331 1.6
      vertex -12.7279 12.7279 1.6
    endloop
  endfacet
  facet normal 0.683594 -0.729863 0
    outer loop
      vertex -11.8682 13.5331 1.6
      vertex -12.7279 12.7279 0
      vertex -11.8682 13.5331 0
    endloop
  endfacet
  facet normal -0.956922 -0.290344 0
    outer loop
      vertex 17.3867 4.65874 0
      vertex 17.0447 5.78591 1.6
      vertex 17.0447 5.78591 0
    endloop
  endfacet
  facet normal -0.956922 -0.290344 0
    outer loop
      vertex 17.0447 5.78591 1.6
      vertex 17.3867 4.65874 0
      vertex 17.3867 4.65874 1.6
    endloop
  endfacet
  facet normal -0.77298 0.63443 0
    outer loop
      vertex 13.5331 -11.8682 0
      vertex 14.2804 -10.9577 1.6
      vertex 14.2804 -10.9577 0
    endloop
  endfacet
  facet normal -0.77298 0.63443 0
    outer loop
      vertex 14.2804 -10.9577 1.6
      vertex 13.5331 -11.8682 0
      vertex 13.5331 -11.8682 1.6
    endloop
  endfacet
  facet normal 0.935909 -0.352242 0
    outer loop
      vertex -17.0447 5.78591 1.6
      vertex -16.6298 6.8883 0
      vertex -16.6298 6.8883 1.6
    endloop
  endfacet
  facet normal 0.935909 -0.352242 0
    outer loop
      vertex -16.6298 6.8883 0
      vertex -17.0447 5.78591 1.6
      vertex -17.0447 5.78591 0
    endloop
  endfacet
  facet normal 0.729863 0.683594 0
    outer loop
      vertex -12.7279 -12.7279 1.6
      vertex -13.5331 -11.8682 0
      vertex -13.5331 -11.8682 1.6
    endloop
  endfacet
  facet normal 0.729863 0.683594 0
    outer loop
      vertex -13.5331 -11.8682 0
      vertex -12.7279 -12.7279 1.6
      vertex -12.7279 -12.7279 0
    endloop
  endfacet
  facet normal -0.290344 -0.956922 0
    outer loop
      vertex 4.65874 17.3867 0
      vertex 5.78591 17.0447 1.6
      vertex 4.65874 17.3867 1.6
    endloop
  endfacet
  facet normal -0.290344 -0.956922 -0
    outer loop
      vertex 5.78591 17.0447 1.6
      vertex 4.65874 17.3867 0
      vertex 5.78591 17.0447 0
    endloop
  endfacet
  facet normal 0.812832 -0.582498 0
    outer loop
      vertex -14.9665 10.0003 1.6
      vertex -14.2804 10.9577 0
      vertex -14.2804 10.9577 1.6
    endloop
  endfacet
  facet normal 0.812832 -0.582498 0
    outer loop
      vertex -14.2804 10.9577 0
      vertex -14.9665 10.0003 1.6
      vertex -14.9665 10.0003 0
    endloop
  endfacet
  facet normal -0.162917 -0.98664 0
    outer loop
      vertex 2.34947 17.846 0
      vertex 3.51163 17.6541 1.6
      vertex 2.34947 17.846 1.6
    endloop
  endfacet
  facet normal -0.162917 -0.98664 -0
    outer loop
      vertex 3.51163 17.6541 1.6
      vertex 2.34947 17.846 0
      vertex 3.51163 17.6541 0
    endloop
  endfacet
  facet normal -0.812832 -0.582498 0
    outer loop
      vertex 14.9665 10.0003 0
      vertex 14.2804 10.9577 1.6
      vertex 14.2804 10.9577 0
    endloop
  endfacet
  facet normal -0.812832 -0.582498 0
    outer loop
      vertex 14.2804 10.9577 1.6
      vertex 14.9665 10.0003 0
      vertex 14.9665 10.0003 1.6
    endloop
  endfacet
  facet normal 0.812832 0.582498 0
    outer loop
      vertex -14.2804 -10.9577 1.6
      vertex -14.9665 -10.0003 0
      vertex -14.9665 -10.0003 1.6
    endloop
  endfacet
  facet normal 0.812832 0.582498 0
    outer loop
      vertex -14.9665 -10.0003 0
      vertex -14.2804 -10.9577 1.6
      vertex -14.2804 -10.9577 0
    endloop
  endfacet
  facet normal -0.582498 -0.812832 0
    outer loop
      vertex 10.0003 14.9665 0
      vertex 10.9577 14.2804 1.6
      vertex 10.0003 14.9665 1.6
    endloop
  endfacet
  facet normal -0.582498 -0.812832 -0
    outer loop
      vertex 10.9577 14.2804 1.6
      vertex 10.0003 14.9665 0
      vertex 10.9577 14.2804 0
    endloop
  endfacet
  facet normal 0.582498 -0.812832 0
    outer loop
      vertex -10.9577 14.2804 0
      vertex -10.0003 14.9665 1.6
      vertex -10.9577 14.2804 1.6
    endloop
  endfacet
  facet normal 0.582498 -0.812832 0
    outer loop
      vertex -10.0003 14.9665 1.6
      vertex -10.9577 14.2804 0
      vertex -10.0003 14.9665 0
    endloop
  endfacet
  facet normal -0.63443 0.77298 0
    outer loop
      vertex 11.8682 -13.5331 0
      vertex 10.9577 -14.2804 1.6
      vertex 11.8682 -13.5331 1.6
    endloop
  endfacet
  facet normal -0.63443 0.77298 0
    outer loop
      vertex 10.9577 -14.2804 1.6
      vertex 11.8682 -13.5331 0
      vertex 10.9577 -14.2804 0
    endloop
  endfacet
  facet normal -0.227021 0.97389 0
    outer loop
      vertex 4.65874 -17.3867 0
      vertex 3.51163 -17.6541 1.6
      vertex 4.65874 -17.3867 1.6
    endloop
  endfacet
  facet normal -0.227021 0.97389 0
    outer loop
      vertex 3.51163 -17.6541 1.6
      vertex 4.65874 -17.3867 0
      vertex 3.51163 -17.6541 0
    endloop
  endfacet
  facet normal -0.528052 -0.849212 0
    outer loop
      vertex 9 15.5885 0
      vertex 10.0003 14.9665 1.6
      vertex 9 15.5885 1.6
    endloop
  endfacet
  facet normal -0.528052 -0.849212 -0
    outer loop
      vertex 10.0003 14.9665 1.6
      vertex 9 15.5885 0
      vertex 10.0003 14.9665 0
    endloop
  endfacet
  facet normal -0.97389 -0.227021 0
    outer loop
      vertex 17.6541 3.51163 0
      vertex 17.3867 4.65874 1.6
      vertex 17.3867 4.65874 0
    endloop
  endfacet
  facet normal -0.97389 -0.227021 0
    outer loop
      vertex 17.3867 4.65874 1.6
      vertex 17.6541 3.51163 0
      vertex 17.6541 3.51163 1.6
    endloop
  endfacet
  facet normal 0.352242 -0.935909 0
    outer loop
      vertex -6.8883 16.6298 0
      vertex -5.78591 17.0447 1.6
      vertex -6.8883 16.6298 1.6
    endloop
  endfacet
  facet normal 0.352242 -0.935909 0
    outer loop
      vertex -5.78591 17.0447 1.6
      vertex -6.8883 16.6298 0
      vertex -5.78591 17.0447 0
    endloop
  endfacet
  facet normal -0.582498 0.812832 0
    outer loop
      vertex 10.9577 -14.2804 0
      vertex 10.0003 -14.9665 1.6
      vertex 10.9577 -14.2804 1.6
    endloop
  endfacet
  facet normal -0.582498 0.812832 0
    outer loop
      vertex 10.0003 -14.9665 1.6
      vertex 10.9577 -14.2804 0
      vertex 10.0003 -14.9665 0
    endloop
  endfacet
  facet normal -0.162917 0.98664 0
    outer loop
      vertex 3.51163 -17.6541 0
      vertex 2.34947 -17.846 1.6
      vertex 3.51163 -17.6541 1.6
    endloop
  endfacet
  facet normal -0.162917 0.98664 0
    outer loop
      vertex 2.34947 -17.846 1.6
      vertex 3.51163 -17.6541 0
      vertex 2.34947 -17.846 0
    endloop
  endfacet
  facet normal -0.098057 0.995181 0
    outer loop
      vertex 2.34947 -17.846 0
      vertex 1.17726 -17.9615 1.6
      vertex 2.34947 -17.846 1.6
    endloop
  endfacet
  facet normal -0.098057 0.995181 0
    outer loop
      vertex 1.17726 -17.9615 1.6
      vertex 2.34947 -17.846 0
      vertex 1.17726 -17.9615 0
    endloop
  endfacet
  facet normal -0.910872 -0.41269 0
    outer loop
      vertex 16.6298 6.8883 0
      vertex 16.1437 7.9612 1.6
      vertex 16.1437 7.9612 0
    endloop
  endfacet
  facet normal -0.910872 -0.41269 0
    outer loop
      vertex 16.1437 7.9612 1.6
      vertex 16.6298 6.8883 0
      vertex 16.6298 6.8883 1.6
    endloop
  endfacet
  facet normal -0.683594 -0.729863 0
    outer loop
      vertex 11.8682 13.5331 0
      vertex 12.7279 12.7279 1.6
      vertex 11.8682 13.5331 1.6
    endloop
  endfacet
  facet normal -0.683594 -0.729863 -0
    outer loop
      vertex 12.7279 12.7279 1.6
      vertex 11.8682 13.5331 0
      vertex 12.7279 12.7279 0
    endloop
  endfacet
  facet normal 0.162917 -0.98664 0
    outer loop
      vertex -3.51163 17.6541 0
      vertex -2.34947 17.846 1.6
      vertex -3.51163 17.6541 1.6
    endloop
  endfacet
  facet normal 0.162917 -0.98664 0
    outer loop
      vertex -2.34947 17.846 1.6
      vertex -3.51163 17.6541 0
      vertex -2.34947 17.846 0
    endloop
  endfacet
  facet normal 0.77298 -0.63443 0
    outer loop
      vertex -14.2804 10.9577 1.6
      vertex -13.5331 11.8682 0
      vertex -13.5331 11.8682 1.6
    endloop
  endfacet
  facet normal 0.77298 -0.63443 0
    outer loop
      vertex -13.5331 11.8682 0
      vertex -14.2804 10.9577 1.6
      vertex -14.2804 10.9577 0
    endloop
  endfacet
  facet normal -0.41269 0.910872 0
    outer loop
      vertex 7.9612 -16.1437 0
      vertex 6.8883 -16.6298 1.6
      vertex 7.9612 -16.1437 1.6
    endloop
  endfacet
  facet normal -0.41269 0.910872 0
    outer loop
      vertex 6.8883 -16.6298 1.6
      vertex 7.9612 -16.1437 0
      vertex 6.8883 -16.6298 0
    endloop
  endfacet
  facet normal 0.956922 -0.290344 0
    outer loop
      vertex -17.3867 4.65874 1.6
      vertex -17.0447 5.78591 0
      vertex -17.0447 5.78591 1.6
    endloop
  endfacet
  facet normal 0.956922 -0.290344 0
    outer loop
      vertex -17.0447 5.78591 0
      vertex -17.3867 4.65874 1.6
      vertex -17.3867 4.65874 0
    endloop
  endfacet
  facet normal 0.0326856 -0.999466 0
    outer loop
      vertex -1.17726 17.9615 0
      vertex 0 18 1.6
      vertex -1.17726 17.9615 1.6
    endloop
  endfacet
  facet normal 0.0326856 -0.999466 0
    outer loop
      vertex 0 18 1.6
      vertex -1.17726 17.9615 0
      vertex 0 18 0
    endloop
  endfacet
  facet normal 0.162917 0.98664 -0
    outer loop
      vertex -2.34947 -17.846 0
      vertex -3.51163 -17.6541 1.6
      vertex -2.34947 -17.846 1.6
    endloop
  endfacet
  facet normal 0.162917 0.98664 0
    outer loop
      vertex -3.51163 -17.6541 1.6
      vertex -2.34947 -17.846 0
      vertex -3.51163 -17.6541 0
    endloop
  endfacet
  facet normal -0.881939 0.471364 0
    outer loop
      vertex 15.5885 -9 0
      vertex 16.1437 -7.9612 1.6
      vertex 16.1437 -7.9612 0
    endloop
  endfacet
  facet normal -0.881939 0.471364 0
    outer loop
      vertex 16.1437 -7.9612 1.6
      vertex 15.5885 -9 0
      vertex 15.5885 -9 1.6
    endloop
  endfacet
  facet normal -0.352242 -0.935909 0
    outer loop
      vertex 5.78591 17.0447 0
      vertex 6.8883 16.6298 1.6
      vertex 5.78591 17.0447 1.6
    endloop
  endfacet
  facet normal -0.352242 -0.935909 -0
    outer loop
      vertex 6.8883 16.6298 1.6
      vertex 5.78591 17.0447 0
      vertex 6.8883 16.6298 0
    endloop
  endfacet
  facet normal -0.935909 0.352242 0
    outer loop
      vertex 16.6298 -6.8883 0
      vertex 17.0447 -5.78591 1.6
      vertex 17.0447 -5.78591 0
    endloop
  endfacet
  facet normal -0.935909 0.352242 0
    outer loop
      vertex 17.0447 -5.78591 1.6
      vertex 16.6298 -6.8883 0
      vertex 16.6298 -6.8883 1.6
    endloop
  endfacet
  facet normal 0.849212 -0.528052 0
    outer loop
      vertex -15.5885 9 1.6
      vertex -14.9665 10.0003 0
      vertex -14.9665 10.0003 1.6
    endloop
  endfacet
  facet normal 0.849212 -0.528052 0
    outer loop
      vertex -14.9665 10.0003 0
      vertex -15.5885 9 1.6
      vertex -15.5885 9 0
    endloop
  endfacet
  facet normal -0.849212 0.528052 0
    outer loop
      vertex 14.9665 -10.0003 0
      vertex 15.5885 -9 1.6
      vertex 15.5885 -9 0
    endloop
  endfacet
  facet normal -0.849212 0.528052 0
    outer loop
      vertex 15.5885 -9 1.6
      vertex 14.9665 -10.0003 0
      vertex 14.9665 -10.0003 1.6
    endloop
  endfacet
  facet normal -0.471364 -0.881939 0
    outer loop
      vertex 7.9612 16.1437 0
      vertex 9 15.5885 1.6
      vertex 7.9612 16.1437 1.6
    endloop
  endfacet
  facet normal -0.471364 -0.881939 -0
    outer loop
      vertex 9 15.5885 1.6
      vertex 7.9612 16.1437 0
      vertex 9 15.5885 0
    endloop
  endfacet
  facet normal 0.881939 0.471364 0
    outer loop
      vertex -15.5885 -9 1.6
      vertex -16.1437 -7.9612 0
      vertex -16.1437 -7.9612 1.6
    endloop
  endfacet
  facet normal 0.881939 0.471364 0
    outer loop
      vertex -16.1437 -7.9612 0
      vertex -15.5885 -9 1.6
      vertex -15.5885 -9 0
    endloop
  endfacet
  facet normal -0.98664 0.162917 0
    outer loop
      vertex 17.6541 -3.51163 0
      vertex 17.846 -2.34947 1.6
      vertex 17.846 -2.34947 0
    endloop
  endfacet
  facet normal -0.98664 0.162917 0
    outer loop
      vertex 17.846 -2.34947 1.6
      vertex 17.6541 -3.51163 0
      vertex 17.6541 -3.51163 1.6
    endloop
  endfacet
  facet normal 0.227021 0.97389 -0
    outer loop
      vertex -3.51163 -17.6541 0
      vertex -4.65874 -17.3867 1.6
      vertex -3.51163 -17.6541 1.6
    endloop
  endfacet
  facet normal 0.227021 0.97389 0
    outer loop
      vertex -4.65874 -17.3867 1.6
      vertex -3.51163 -17.6541 0
      vertex -4.65874 -17.3867 0
    endloop
  endfacet
  facet normal 0.98664 0.162917 0
    outer loop
      vertex -17.6541 -3.51163 1.6
      vertex -17.846 -2.34947 0
      vertex -17.846 -2.34947 1.6
    endloop
  endfacet
  facet normal 0.98664 0.162917 0
    outer loop
      vertex -17.846 -2.34947 0
      vertex -17.6541 -3.51163 1.6
      vertex -17.6541 -3.51163 0
    endloop
  endfacet
  facet normal -0.881939 -0.471364 0
    outer loop
      vertex 16.1437 7.9612 0
      vertex 15.5885 9 1.6
      vertex 15.5885 9 0
    endloop
  endfacet
  facet normal -0.881939 -0.471364 0
    outer loop
      vertex 15.5885 9 1.6
      vertex 16.1437 7.9612 0
      vertex 16.1437 7.9612 1.6
    endloop
  endfacet
  facet normal -0.729863 -0.683594 0
    outer loop
      vertex 13.5331 11.8682 0
      vertex 12.7279 12.7279 1.6
      vertex 12.7279 12.7279 0
    endloop
  endfacet
  facet normal -0.729863 -0.683594 0
    outer loop
      vertex 12.7279 12.7279 1.6
      vertex 13.5331 11.8682 0
      vertex 13.5331 11.8682 1.6
    endloop
  endfacet
  facet normal -0.0326856 -0.999466 0
    outer loop
      vertex 0 18 0
      vertex 1.17726 17.9615 1.6
      vertex 0 18 1.6
    endloop
  endfacet
  facet normal -0.0326856 -0.999466 -0
    outer loop
      vertex 1.17726 17.9615 1.6
      vertex 0 18 0
      vertex 1.17726 17.9615 0
    endloop
  endfacet
  facet normal 0.849212 0.528052 0
    outer loop
      vertex -14.9665 -10.0003 1.6
      vertex -15.5885 -9 0
      vertex -15.5885 -9 1.6
    endloop
  endfacet
  facet normal 0.849212 0.528052 0
    outer loop
      vertex -15.5885 -9 0
      vertex -14.9665 -10.0003 1.6
      vertex -14.9665 -10.0003 0
    endloop
  endfacet
  facet normal 0.352242 0.935909 -0
    outer loop
      vertex -5.78591 -17.0447 0
      vertex -6.8883 -16.6298 1.6
      vertex -5.78591 -17.0447 1.6
    endloop
  endfacet
  facet normal 0.352242 0.935909 0
    outer loop
      vertex -6.8883 -16.6298 1.6
      vertex -5.78591 -17.0447 0
      vertex -6.8883 -16.6298 0
    endloop
  endfacet
  facet normal 0.471364 -0.881939 0
    outer loop
      vertex -9 15.5885 0
      vertex -7.9612 16.1437 1.6
      vertex -9 15.5885 1.6
    endloop
  endfacet
  facet normal 0.471364 -0.881939 0
    outer loop
      vertex -7.9612 16.1437 1.6
      vertex -9 15.5885 0
      vertex -7.9612 16.1437 0
    endloop
  endfacet
  facet normal 0.098057 -0.995181 0
    outer loop
      vertex -2.34947 17.846 0
      vertex -1.17726 17.9615 1.6
      vertex -2.34947 17.846 1.6
    endloop
  endfacet
  facet normal 0.098057 -0.995181 0
    outer loop
      vertex -1.17726 17.9615 1.6
      vertex -2.34947 17.846 0
      vertex -1.17726 17.9615 0
    endloop
  endfacet
  facet normal 0.582498 0.812832 -0
    outer loop
      vertex -10.0003 -14.9665 0
      vertex -10.9577 -14.2804 1.6
      vertex -10.0003 -14.9665 1.6
    endloop
  endfacet
  facet normal 0.582498 0.812832 0
    outer loop
      vertex -10.9577 -14.2804 1.6
      vertex -10.0003 -14.9665 0
      vertex -10.9577 -14.2804 0
    endloop
  endfacet
  facet normal 0.227021 -0.97389 0
    outer loop
      vertex -4.65874 17.3867 0
      vertex -3.51163 17.6541 1.6
      vertex -4.65874 17.3867 1.6
    endloop
  endfacet
  facet normal 0.227021 -0.97389 0
    outer loop
      vertex -3.51163 17.6541 1.6
      vertex -4.65874 17.3867 0
      vertex -3.51163 17.6541 0
    endloop
  endfacet
  facet normal -0.0326856 0.999466 0
    outer loop
      vertex 1.17726 -17.9615 0
      vertex 0 -18 1.6
      vertex 1.17726 -17.9615 1.6
    endloop
  endfacet
  facet normal -0.0326856 0.999466 0
    outer loop
      vertex 0 -18 1.6
      vertex 1.17726 -17.9615 0
      vertex 0 -18 0
    endloop
  endfacet
  facet normal 0.0326856 0.999466 -0
    outer loop
      vertex 0 -18 0
      vertex -1.17726 -17.9615 1.6
      vertex 0 -18 1.6
    endloop
  endfacet
  facet normal 0.0326856 0.999466 0
    outer loop
      vertex -1.17726 -17.9615 1.6
      vertex 0 -18 0
      vertex -1.17726 -17.9615 0
    endloop
  endfacet
  facet normal -0.77298 -0.63443 0
    outer loop
      vertex 14.2804 10.9577 0
      vertex 13.5331 11.8682 1.6
      vertex 13.5331 11.8682 0
    endloop
  endfacet
  facet normal -0.77298 -0.63443 0
    outer loop
      vertex 13.5331 11.8682 1.6
      vertex 14.2804 10.9577 0
      vertex 14.2804 10.9577 1.6
    endloop
  endfacet
  facet normal -0.812832 0.582498 0
    outer loop
      vertex 14.2804 -10.9577 0
      vertex 14.9665 -10.0003 1.6
      vertex 14.9665 -10.0003 0
    endloop
  endfacet
  facet normal -0.812832 0.582498 0
    outer loop
      vertex 14.9665 -10.0003 1.6
      vertex 14.2804 -10.9577 0
      vertex 14.2804 -10.9577 1.6
    endloop
  endfacet
  facet normal 0.97389 0.227021 0
    outer loop
      vertex -17.3867 -4.65874 1.6
      vertex -17.6541 -3.51163 0
      vertex -17.6541 -3.51163 1.6
    endloop
  endfacet
  facet normal 0.97389 0.227021 0
    outer loop
      vertex -17.6541 -3.51163 0
      vertex -17.3867 -4.65874 1.6
      vertex -17.3867 -4.65874 0
    endloop
  endfacet
  facet normal 0.97389 -0.227021 0
    outer loop
      vertex -17.6541 3.51163 1.6
      vertex -17.3867 4.65874 0
      vertex -17.3867 4.65874 1.6
    endloop
  endfacet
  facet normal 0.97389 -0.227021 0
    outer loop
      vertex -17.3867 4.65874 0
      vertex -17.6541 3.51163 1.6
      vertex -17.6541 3.51163 0
    endloop
  endfacet
  facet normal -0.528052 0.849212 0
    outer loop
      vertex 10.0003 -14.9665 0
      vertex 9 -15.5885 1.6
      vertex 10.0003 -14.9665 1.6
    endloop
  endfacet
  facet normal -0.528052 0.849212 0
    outer loop
      vertex 9 -15.5885 1.6
      vertex 10.0003 -14.9665 0
      vertex 9 -15.5885 0
    endloop
  endfacet
  facet normal 0.77298 0.63443 0
    outer loop
      vertex -13.5331 -11.8682 1.6
      vertex -14.2804 -10.9577 0
      vertex -14.2804 -10.9577 1.6
    endloop
  endfacet
  facet normal 0.77298 0.63443 0
    outer loop
      vertex -14.2804 -10.9577 0
      vertex -13.5331 -11.8682 1.6
      vertex -13.5331 -11.8682 0
    endloop
  endfacet
  facet normal 0.729863 -0.683594 0
    outer loop
      vertex -13.5331 11.8682 1.6
      vertex -12.7279 12.7279 0
      vertex -12.7279 12.7279 1.6
    endloop
  endfacet
  facet normal 0.729863 -0.683594 0
    outer loop
      vertex -12.7279 12.7279 0
      vertex -13.5331 11.8682 1.6
      vertex -13.5331 11.8682 0
    endloop
  endfacet
  facet normal -0.995181 0.098057 0
    outer loop
      vertex 17.846 -2.34947 0
      vertex 17.9615 -1.17726 1.6
      vertex 17.9615 -1.17726 0
    endloop
  endfacet
  facet normal -0.995181 0.098057 0
    outer loop
      vertex 17.9615 -1.17726 1.6
      vertex 17.846 -2.34947 0
      vertex 17.846 -2.34947 1.6
    endloop
  endfacet
  facet normal 0.956922 0.290344 0
    outer loop
      vertex -17.0447 -5.78591 1.6
      vertex -17.3867 -4.65874 0
      vertex -17.3867 -4.65874 1.6
    endloop
  endfacet
  facet normal 0.956922 0.290344 0
    outer loop
      vertex -17.3867 -4.65874 0
      vertex -17.0447 -5.78591 1.6
      vertex -17.0447 -5.78591 0
    endloop
  endfacet
  facet normal 0.290344 -0.956922 0
    outer loop
      vertex -5.78591 17.0447 0
      vertex -4.65874 17.3867 1.6
      vertex -5.78591 17.0447 1.6
    endloop
  endfacet
  facet normal 0.290344 -0.956922 0
    outer loop
      vertex -4.65874 17.3867 1.6
      vertex -5.78591 17.0447 0
      vertex -4.65874 17.3867 0
    endloop
  endfacet
  facet normal 0.528052 -0.849212 0
    outer loop
      vertex -10.0003 14.9665 0
      vertex -9 15.5885 1.6
      vertex -10.0003 14.9665 1.6
    endloop
  endfacet
  facet normal 0.528052 -0.849212 0
    outer loop
      vertex -9 15.5885 1.6
      vertex -10.0003 14.9665 0
      vertex -9 15.5885 0
    endloop
  endfacet
  facet normal 0.41269 -0.910872 0
    outer loop
      vertex -7.9612 16.1437 0
      vertex -6.8883 16.6298 1.6
      vertex -7.9612 16.1437 1.6
    endloop
  endfacet
  facet normal 0.41269 -0.910872 0
    outer loop
      vertex -6.8883 16.6298 1.6
      vertex -7.9612 16.1437 0
      vertex -6.8883 16.6298 0
    endloop
  endfacet
  facet normal 0.63443 0.77298 -0
    outer loop
      vertex -10.9577 -14.2804 0
      vertex -11.8682 -13.5331 1.6
      vertex -10.9577 -14.2804 1.6
    endloop
  endfacet
  facet normal 0.63443 0.77298 0
    outer loop
      vertex -11.8682 -13.5331 1.6
      vertex -10.9577 -14.2804 0
      vertex -11.8682 -13.5331 0
    endloop
  endfacet
  facet normal -0.729863 0.683594 0
    outer loop
      vertex 12.7279 -12.7279 0
      vertex 13.5331 -11.8682 1.6
      vertex 13.5331 -11.8682 0
    endloop
  endfacet
  facet normal -0.729863 0.683594 0
    outer loop
      vertex 13.5331 -11.8682 1.6
      vertex 12.7279 -12.7279 0
      vertex 12.7279 -12.7279 1.6
    endloop
  endfacet
  facet normal -0.97389 0.227021 0
    outer loop
      vertex 17.3867 -4.65874 0
      vertex 17.6541 -3.51163 1.6
      vertex 17.6541 -3.51163 0
    endloop
  endfacet
  facet normal -0.97389 0.227021 0
    outer loop
      vertex 17.6541 -3.51163 1.6
      vertex 17.3867 -4.65874 0
      vertex 17.3867 -4.65874 1.6
    endloop
  endfacet
  facet normal 0.098057 0.995181 -0
    outer loop
      vertex -1.17726 -17.9615 0
      vertex -2.34947 -17.846 1.6
      vertex -1.17726 -17.9615 1.6
    endloop
  endfacet
  facet normal 0.098057 0.995181 0
    outer loop
      vertex -2.34947 -17.846 1.6
      vertex -1.17726 -17.9615 0
      vertex -2.34947 -17.846 0
    endloop
  endfacet
  facet normal -0.63443 -0.77298 0
    outer loop
      vertex 10.9577 14.2804 0
      vertex 11.8682 13.5331 1.6
      vertex 10.9577 14.2804 1.6
    endloop
  endfacet
  facet normal -0.63443 -0.77298 -0
    outer loop
      vertex 11.8682 13.5331 1.6
      vertex 10.9577 14.2804 0
      vertex 11.8682 13.5331 0
    endloop
  endfacet
  facet normal -0.956922 0.290344 0
    outer loop
      vertex 17.0447 -5.78591 0
      vertex 17.3867 -4.65874 1.6
      vertex 17.3867 -4.65874 0
    endloop
  endfacet
  facet normal -0.956922 0.290344 0
    outer loop
      vertex 17.3867 -4.65874 1.6
      vertex 17.0447 -5.78591 0
      vertex 17.0447 -5.78591 1.6
    endloop
  endfacet
  facet normal 0.471364 0.881939 -0
    outer loop
      vertex -7.9612 -16.1437 0
      vertex -9 -15.5885 1.6
      vertex -7.9612 -16.1437 1.6
    endloop
  endfacet
  facet normal 0.471364 0.881939 0
    outer loop
      vertex -9 -15.5885 1.6
      vertex -7.9612 -16.1437 0
      vertex -9 -15.5885 0
    endloop
  endfacet
  facet normal -0.935909 -0.352242 0
    outer loop
      vertex 17.0447 5.78591 0
      vertex 16.6298 6.8883 1.6
      vertex 16.6298 6.8883 0
    endloop
  endfacet
  facet normal -0.935909 -0.352242 0
    outer loop
      vertex 16.6298 6.8883 1.6
      vertex 17.0447 5.78591 0
      vertex 17.0447 5.78591 1.6
    endloop
  endfacet
  facet normal 0.683594 0.729863 -0
    outer loop
      vertex -11.8682 -13.5331 0
      vertex -12.7279 -12.7279 1.6
      vertex -11.8682 -13.5331 1.6
    endloop
  endfacet
  facet normal 0.683594 0.729863 0
    outer loop
      vertex -12.7279 -12.7279 1.6
      vertex -11.8682 -13.5331 0
      vertex -12.7279 -12.7279 0
    endloop
  endfacet
  facet normal -0.98664 -0.162917 0
    outer loop
      vertex 17.846 2.34947 0
      vertex 17.6541 3.51163 1.6
      vertex 17.6541 3.51163 0
    endloop
  endfacet
  facet normal -0.98664 -0.162917 0
    outer loop
      vertex 17.6541 3.51163 1.6
      vertex 17.846 2.34947 0
      vertex 17.846 2.34947 1.6
    endloop
  endfacet
  facet normal 0.881939 -0.471364 0
    outer loop
      vertex -16.1437 7.9612 1.6
      vertex -15.5885 9 0
      vertex -15.5885 9 1.6
    endloop
  endfacet
  facet normal 0.881939 -0.471364 0
    outer loop
      vertex -15.5885 9 0
      vertex -16.1437 7.9612 1.6
      vertex -16.1437 7.9612 0
    endloop
  endfacet
  facet normal 0.995181 0.098057 0
    outer loop
      vertex -17.846 -2.34947 1.6
      vertex -17.9615 -1.17726 0
      vertex -17.9615 -1.17726 1.6
    endloop
  endfacet
  facet normal 0.995181 0.098057 0
    outer loop
      vertex -17.9615 -1.17726 0
      vertex -17.846 -2.34947 1.6
      vertex -17.846 -2.34947 0
    endloop
  endfacet
  facet normal -0.290344 0.956922 0
    outer loop
      vertex 5.78591 -17.0447 0
      vertex 4.65874 -17.3867 1.6
      vertex 5.78591 -17.0447 1.6
    endloop
  endfacet
  facet normal -0.290344 0.956922 0
    outer loop
      vertex 4.65874 -17.3867 1.6
      vertex 5.78591 -17.0447 0
      vertex 4.65874 -17.3867 0
    endloop
  endfacet
  facet normal 0.98664 -0.162917 0
    outer loop
      vertex -17.846 2.34947 1.6
      vertex -17.6541 3.51163 0
      vertex -17.6541 3.51163 1.6
    endloop
  endfacet
  facet normal 0.98664 -0.162917 0
    outer loop
      vertex -17.6541 3.51163 0
      vertex -17.846 2.34947 1.6
      vertex -17.846 2.34947 0
    endloop
  endfacet
  facet normal 0.290344 0.956922 -0
    outer loop
      vertex -4.65874 -17.3867 0
      vertex -5.78591 -17.0447 1.6
      vertex -4.65874 -17.3867 1.6
    endloop
  endfacet
  facet normal 0.290344 0.956922 0
    outer loop
      vertex -5.78591 -17.0447 1.6
      vertex -4.65874 -17.3867 0
      vertex -5.78591 -17.0447 0
    endloop
  endfacet
  facet normal 0.910872 0.41269 0
    outer loop
      vertex -16.1437 -7.9612 1.6
      vertex -16.6298 -6.8883 0
      vertex -16.6298 -6.8883 1.6
    endloop
  endfacet
  facet normal 0.910872 0.41269 0
    outer loop
      vertex -16.6298 -6.8883 0
      vertex -16.1437 -7.9612 1.6
      vertex -16.1437 -7.9612 0
    endloop
  endfacet
  facet normal 0.999466 0.0326856 0
    outer loop
      vertex -17.9615 -1.17726 1.6
      vertex -18 0 0
      vertex -18 0 1.6
    endloop
  endfacet
  facet normal 0.999466 0.0326856 0
    outer loop
      vertex -18 0 0
      vertex -17.9615 -1.17726 1.6
      vertex -17.9615 -1.17726 0
    endloop
  endfacet
  facet normal -0.999466 0.0326856 0
    outer loop
      vertex 17.9615 -1.17726 0
      vertex 18 0 1.6
      vertex 18 0 0
    endloop
  endfacet
  facet normal -0.999466 0.0326856 0
    outer loop
      vertex 18 0 1.6
      vertex 17.9615 -1.17726 0
      vertex 17.9615 -1.17726 1.6
    endloop
  endfacet
  facet normal 0.528052 0.849212 -0
    outer loop
      vertex -9 -15.5885 0
      vertex -10.0003 -14.9665 1.6
      vertex -9 -15.5885 1.6
    endloop
  endfacet
  facet normal 0.528052 0.849212 0
    outer loop
      vertex -10.0003 -14.9665 1.6
      vertex -9 -15.5885 0
      vertex -10.0003 -14.9665 0
    endloop
  endfacet
  facet normal 0.910872 -0.41269 0
    outer loop
      vertex -16.6298 6.8883 1.6
      vertex -16.1437 7.9612 0
      vertex -16.1437 7.9612 1.6
    endloop
  endfacet
  facet normal 0.910872 -0.41269 0
    outer loop
      vertex -16.1437 7.9612 0
      vertex -16.6298 6.8883 1.6
      vertex -16.6298 6.8883 0
    endloop
  endfacet
  facet normal 0.999466 -0.0326856 0
    outer loop
      vertex -18 0 1.6
      vertex -17.9615 1.17726 0
      vertex -17.9615 1.17726 1.6
    endloop
  endfacet
  facet normal 0.999466 -0.0326856 0
    outer loop
      vertex -17.9615 1.17726 0
      vertex -18 0 1.6
      vertex -18 0 0
    endloop
  endfacet
  facet normal -0.910872 0.41269 0
    outer loop
      vertex 16.1437 -7.9612 0
      vertex 16.6298 -6.8883 1.6
      vertex 16.6298 -6.8883 0
    endloop
  endfacet
  facet normal -0.910872 0.41269 0
    outer loop
      vertex 16.6298 -6.8883 1.6
      vertex 16.1437 -7.9612 0
      vertex 16.1437 -7.9612 1.6
    endloop
  endfacet
  facet normal 0.41269 0.910872 -0
    outer loop
      vertex -6.8883 -16.6298 0
      vertex -7.9612 -16.1437 1.6
      vertex -6.8883 -16.6298 1.6
    endloop
  endfacet
  facet normal 0.41269 0.910872 0
    outer loop
      vertex -7.9612 -16.1437 1.6
      vertex -6.8883 -16.6298 0
      vertex -7.9612 -16.1437 0
    endloop
  endfacet
endsolid OpenSCAD_Model
